tele_id,manual_id,n_overlap,med_abs_diff,bias,dist_m,accepted
"t:10.0064,77.6547:t.subbalapuram pz","m:10.0064,77.6547:t.subbalapuram",6,0.648,0.021,2.7,True
"t:10.0064,77.6547:t.subbalapuram pz","m:10.0064,77.6547:t.subbalapuram pz",1,0.095,-0.095,0.0,False
"t:10.0139,78.1147:kulamnagalm pz","m:10.0139,78.1147:kulamangalam",5,0.165,0.165,2.7,False
"t:10.0139,78.1147:kulamnagalm pz","m:10.0139,78.1147:kulamnagalm pz",2,0.095,-0.075,0.0,True
"t:10.0186,78.1011:thandalai pz","m:10.0186,78.1011:thandalai pz",1,0.54,0.54,0.0,False
"t:10.0186,78.1011:thandalai pz","m:10.0186,78.1011:thandalai1",6,0.642,0.267,1.7,True
"t:10.0306,78.3333:melur1","m:10.0306,78.3333:melur1",7,0.405,0.4,6.1,True
"t:10.0328,78.3936:thaniyamangalam pz","m:10.0328,78.3936:thaniyamangalam pz",1,0.91,0.91,0.0,False
"t:10.0328,78.3936:thaniyamangalam pz","m:10.0328,78.3939:thariyamangalam",6,0.845,-0.215,31.7,True
"t:10.0458,78.2000:kallandri1","m:10.0458,78.2000:kallandri1",7,0.898,0.898,3.7,True
"t:10.0500,78.0967:alanganallur","m:10.0500,78.0967:alanganallur",6,0.648,-0.648,3.6,True
"t:10.0517,78.1656:m.chathirapatti pz","m:10.0517,78.1656:m.chathirapatti pz",1,0.52,0.52,0.0,False
"t:10.0517,78.1656:m.chathirapatti pz","m:10.0517,78.1656:m.chatrapatti",6,1.25,1.25,6.1,True
"t:10.0597,78.2708:vellalapatti pz melur madurai tamil nadu","m:10.0597,78.2708:vellalapatti",6,3.229,-0.085,4.4,False
"t:10.0678,79.0228:thirunaloor north ow","m:10.0678,79.0228:thirunaloor north ow",1,92.495,-92.495,0.0,False
"t:10.0814,77.9669:vadipatti pz","m:10.0814,77.9669:vadipatti dw",6,4.299,-4.299,4.5,False
"t:10.0814,77.9669:vadipatti pz","m:10.0814,77.9669:vadipatti pz",1,0.476,-0.476,0.0,False
"t:10.0858,78.3747:thumbaipatti pz","m:10.0858,78.3747:thumbaipatti pz",1,0.165,0.165,0.0,False
"t:10.0858,78.3747:thumbaipatti pz","m:10.0858,78.3747:thumbaipatti1",6,1.24,0.422,4.4,True
"t:10.0958,77.6881:a.vadipatti pz","m:10.0958,77.6881:a.vadipatti",6,6.618,2.653,6.1,False
"t:10.0958,77.6881:a.vadipatti pz","m:10.0958,77.6881:a.vadipatti pz",1,3.555,3.555,0.0,False
"t:10.0958,78.8583:sakottai sakkottai sivaganga tamil nadu","m:10.0958,78.8583:sakottai",6,0.839,-0.348,5.2,True
"t:10.1228,77.5367:periyakulam ow","m:10.1228,77.5367:periyakulam ow",1,1.585,1.585,0.0,False
"t:10.1350,77.9158:pallapatti ow","m:10.1350,77.9158:pallapatti ow",1,0.55,0.55,0.0,False
"t:10.1517,79.1056:nagudi","m:10.1517,79.1056:nagudi",3,0.13,-0.1,0.0,True
"t:10.1583,78.5750:kalingapatti kuruvikulam tenkasi tamil nadu","m:10.1583,78.5750:tirupathur1",6,2.225,-2.225,3.7,False
"t:10.1583,78.5750:kalingapatti kuruvikulam tenkasi tamil nadu","m:10.1583,78.5750:tirupathur2",1,0.57,-0.57,3.3,False
"t:10.1583,78.5750:tirupathur1 (sengadu)","m:10.1583,78.5750:tirupathur1",7,4.4,-4.4,3.7,False
"t:10.1583,78.5750:tirupathur1 (sengadu)","m:10.1583,78.5750:tirupathur2",1,0.65,-0.65,3.3,False
"t:10.1669,77.6944:ganguvarpatti pz","m:10.1669,77.6944:ganguvarpatti",6,0.88,0.75,6.9,True
"t:10.1669,77.6944:ganguvarpatti pz","m:10.1669,77.6944:ganguvarpatti pz",1,0.34,0.34,0.0,False
"t:10.1982,79.2323:vilankulam","m:10.1982,79.2323:vilankulam",3,3.71,3.71,0.0,False
"t:10.2083,78.4911:thirukkalambur","m:10.2083,78.4911:thirukkalambur",2,2.21,-2.21,0.0,False
"t:10.2219,78.3772:kottampatti pz","m:10.2219,78.3772:kottampatti pz",2,1.345,1.345,0.0,False
"t:10.2219,78.3772:kottampatti pz","m:10.2219,78.3772:kottampatti1",4,0.975,0.975,5.5,True
"t:10.2328,78.2333:nattam","m:10.2328,78.2333:nattam",5,0.89,0.89,4.4,True
"t:10.2333,78.7458:thirumayam1(tllalur)","m:10.2333,78.7458:thirumayam1",7,1.74,1.74,5.2,False
"t:10.2378,77.7708:chitterivu pz","m:10.2378,77.7708:chitterivu pz",5,12.156,-12.156,4.0,False
"t:10.2408,78.7339:melur","m:10.2408,78.7339:melur",1,0.52,0.52,0.0,False
"t:10.2583,78.1000:sanarpatti","m:10.2583,78.1000:sanarpatti",7,0.358,-0.255,3.7,True
"t:10.2597,78.3586:thonthilingapuram pz","m:10.2597,78.3586:thonthilingapuram",6,0.719,0.706,2.8,True
"t:10.2597,78.3586:thonthilingapuram pz","m:10.2597,78.3586:thonthilingapuram pz",1,0.62,-0.62,0.0,False
"t:10.2725,77.8356:siddayamkottai","m:10.2725,77.8356:siddayamkottai",5,0.75,-0.34,0.0,True
"t:10.2756,78.5619:vegupatti","m:10.2756,78.5619:vegupatti",2,0.393,0.393,0.0,True
"t:10.3077,79.3014:alaginayagipuram","m:10.3077,79.3014:alaginayagipuram",1,8.15,-8.15,0.0,False
"t:10.3178,78.5461:alavayal","m:10.3178,78.5461:alavayal",2,0.268,0.047,0.0,True
"t:10.3278,77.9333:pittalaipatti","m:10.3278,77.9333:pittalaipatti",6,2.625,-1.358,4.4,False
"t:10.3417,77.9917:kullanampatti","m:10.3417,77.9917:kullanampatti",6,2.562,-2.562,5.2,False
"t:10.3441,79.3879:adiramapattinam","m:10.3441,79.3879:adiramapattinam",2,0.147,-0.117,0.0,True
"t:10.3589,78.7069:sundarapatti","m:10.3589,78.7069:sundarapatti",5,25.9,25.9,0.0,False
"t:10.3685,79.4123:manjavayal","m:10.3685,79.4123:manjavayal",2,0.035,0.015,0.0,True
"t:10.3861,78.8042:pudukkottai","m:10.3861,78.8042:pudukkottai",9,0.93,0.93,3.8,True
"t:10.3894,78.5508:sadayampatti","m:10.3894,78.5508:sadayampatti",1,9.615,9.615,0.0,False
"t:10.3972,78.6919:vayalogam","m:10.3972,78.6919:vayalogam",5,0.75,0.35,0.0,True
"t:10.4083,77.9667:dindigul1","m:10.4083,77.9667:dindigul1",4,1.135,0.438,5.2,True
"t:10.4183,78.5294:oliyamangalam","m:10.4183,78.5294:oliyamangalam",5,0.555,0.555,0.0,True
"t:10.4358,78.4106:marungapuri","m:10.4358,78.4106:marungapuri",2,8.565,1.735,0.0,False
"t:10.4500,78.7028:annavasal","m:10.4500,78.7028:annavasal",7,1.73,0.185,2.4,False
"t:10.4792,78.1833:ayyalur","m:10.4792,78.1833:ayyalur",4,3.278,-3.278,5.2,False
"t:10.4833,77.3667:kumaralingam1","m:10.4833,77.3667:kumaralingam1",4,1.179,1.179,5.2,True
"t:10.4839,78.6803:vadhiripatti (vellanjar)","m:10.4839,78.6803:vadhiripatti (vellanjar)",3,0.505,0.24,0.0,True
"t:10.4889,78.4283:karvadi ew","m:10.4889,78.4283:karvadi ew",1,0.39,-0.39,0.0,False
"t:10.4908,77.7528:oddanchatram1","m:10.4908,77.7528:oddanchatram1",6,7.06,-7.06,4.4,False
"t:10.5250,76.9994:angalakurichi","m:10.5250,76.9994:angalakurichi",7,5.76,-5.76,4.9,False
"t:10.5256,77.2181:pallapalayam pz","m:10.5256,77.2181:pallapalayam pz",5,16.585,-16.585,6.2,False
"t:10.5597,78.7264:lekkanapatti","m:10.5597,78.7264:lekkanapatti",2,0.635,-0.635,0.0,True
"t:10.5719,78.8325:mangathevanpatti","m:10.5719,78.8325:mangathevanpatti",2,6.32,-4.07,0.0,False
"t:10.5833,77.6944:kallimandiam","m:10.5833,77.6944:kallimandiam",3,0.6,0.6,6.1,True
"t:10.5875,78.1944:kadavur colony (d. edayapatti east","m:10.5875,78.1944:kadavur colony (d. edayapatti east",1,5.375,5.375,0.0,False
"t:10.5917,78.0861:kovilur (ramanathapuram)","m:10.5917,78.0861:kovilur (ramanathapuram)",7,5.885,5.885,3.9,False
"t:10.6022,77.0092:samathoor hss","m:10.6022,77.0092:samathoor hss",3,6.9,6.9,4.0,False
"t:10.6083,78.7750:thondaimanallur","m:10.6083,78.7750:thondaimanallur",8,0.55,0.107,3.7,True
"t:10.6131,78.0506:r. pudukottai ow","m:10.6131,78.0506:r. pudukottai ow",1,0.505,0.505,0.0,False
"t:10.6144,78.4253:manaparai pz","m:10.6144,78.4253:manaparai",7,1.7,-1.7,5.5,False
"t:10.6144,78.4253:manaparai pz","m:10.6147,78.4256:manaparai ii",6,6.756,-6.756,45.4,False
"t:10.6167,78.6450:perambur","m:10.6167,78.6450:perambur",2,0.655,-0.035,0.0,True
"t:10.6236,77.3750:karattoluvu","m:10.6236,77.3750:karattoluvu",4,5.915,5.915,0.0,False
"t:10.6269,76.7794:nellikattiri pz","m:10.6269,76.7794:athikode",1,15.34,15.34,6.9,False
"t:10.6269,76.7794:panayur(athikodu) pz","m:10.6269,76.7794:athikode",1,0.65,-0.65,6.9,False
"t:10.6283,76.8753:thivansapudur","m:10.6283,76.8753:thivansapudur",4,6.257,-3.482,4.0,False
"t:10.6372,79.5387:adichapuram","m:10.6372,79.5387:adichapuram",3,0.58,0.58,0.0,True
"t:10.6431,77.7342:nilangelvalasu pz","m:10.6431,77.7342:nilangelvalasu pz",1,0.42,0.42,0.0,False
"t:10.6583,77.4958:alangiyam","m:10.6583,77.4958:alangiyam",6,0.436,0.28,5.2,True
"t:10.6781,77.2147:pathampatti pz","m:10.6781,77.2147:pathampatti pz",3,6.4,6.4,5.0,False
"t:10.6797,77.2719:varadharajapuram murungapatti pz","m:10.6797,77.2719:varadharajapuram murungapatti pz",1,0.05,-0.05,0.0,False
"t:10.7042,77.9578:pethachinagar (euruarpatti) ow","m:10.7042,77.9578:pethachinagar (euruarpatti) ow",1,7.97,-7.97,0.0,False
"t:10.7133,77.4225:govindhapuram pz","m:10.7133,77.4225:govindhapuram pz",5,30.39,4.27,0.0,False
"t:10.7153,79.8172:vadavoor(tholur)","m:10.7153,79.8172:vadavoor(tholur)",1,0.417,0.417,0.0,False
"t:10.7333,77.5333:dharapuram1","m:10.7333,77.5333:dharapuram1",7,0.69,0.69,0.0,True
"t:10.7472,78.0917:servaikaranpatti","m:10.7472,78.0917:servaikaranpatti",7,0.425,0.22,4.4,True
"t:10.7539,76.6389:koduvayur","m:10.7539,76.6389:koduvayur",1,0.63,0.63,1.7,False
"t:10.7597,78.8336:valavanthankottai ow","m:10.7597,78.8336:valavanthankottai ow",5,0.5,0.43,0.0,True
"t:10.7603,77.8289:kovilur","m:10.7603,77.8289:kovilur",4,5.087,5.087,2.5,False
"t:10.7639,77.5831:karivalavandhanallur sankarankovil tenkasi tamil nadu","m:10.7639,77.5831:kolathupalayam pz",3,1.845,-0.657,4.5,False
"t:10.7728,79.8025:sangamangalam (manjamalli a/b) ow","m:10.7728,79.8025:sangamangalam (manjamalli a/b) ow",2,0.599,0.599,0.0,True
"t:10.7972,77.7222:mulanur1","m:10.7972,77.7222:mulanur1",7,1.4,0.35,0.0,True
"t:10.8053,77.1425:kattampatty pz","m:10.8053,77.1425:kattampatty pz",4,9.705,-9.705,0.0,False
"t:10.8167,77.0167:kinathukadavu pz","m:10.8167,77.0167:kinathukadavu pz",1,3.025,3.025,0.0,False
"t:10.8167,77.0167:kinathukadavu pz","m:10.8167,77.0167:kinathukadavu1",6,6.718,6.718,5.2,False
"t:10.8306,77.5864:sangarandampalayam pz","m:10.8306,77.5864:sangarandampalayam pz",2,11.002,-11.002,0.0,False
"t:10.8361,76.5806:mundur pz","m:10.8361,76.5806:mundur",1,31.78,31.78,5.0,False
"t:10.8500,78.4917:enungur pz","m:10.8500,78.4917:enungur pz",5,3.64,-3.64,3.3,False
"t:10.8542,78.7083:thiruchirapalli","m:10.8542,78.7083:thiruchirapalli",5,6.515,-6.515,5.2,False
"t:10.8572,76.5156:kongad","m:10.8572,76.5156:kootanad",1,2.87,-2.87,5.4,False
"t:10.8572,76.5156:kongad","m:10.8572,76.5156:kumaranallur",1,3.07,-3.07,5.4,False
"t:10.8572,76.5156:kongad","m:10.8572,76.5156:mattumanda",1,2.83,2.83,5.4,False
"t:10.8572,76.5156:kongad","m:10.8572,76.5156:peringode",1,2.72,-2.72,5.4,False
"t:10.8586,78.4228:echampatti pz thogamalai karur tamil nadu","m:10.8589,78.4228:echampatti pz",4,0.553,0.204,31.0,True
"t:10.8656,79.8117:agarakondagai (komal-west)","m:10.8656,79.8117:agarakondagai (komal-west)",2,0.835,-0.835,0.0,True
"t:10.8750,76.9000:pichanur","m:10.8750,76.9000:pichanur",7,1.02,0.624,0.0,True
"t:10.8792,78.4917:ayyarmalai pz","m:10.8792,78.4917:ayyarmalai pz",5,1.315,1.315,4.7,True
"t:10.9083,76.9667:madukkarai-pz","m:10.9083,76.9667:madukkarai",7,1.095,0.945,5.2,True
"t:10.9153,77.2611:kettanur","m:10.9153,77.2611:kettanur",4,2.282,2.282,2.8,False
"t:10.9294,79.7838:thenoor","m:10.9294,79.7838:thenoor",3,1.42,1.42,0.0,True
"t:10.9453,76.8350:chennanur pz","m:10.9453,76.8350:chennanur pz",6,0.095,0.055,2.2,True
"t:10.9542,78.2389:mayanur ow pz","m:10.9542,78.2389:mayanur ow pz",5,3.82,-2.35,0.0,False
"t:10.9583,77.6833:olapalayam pz","m:10.9583,77.6833:olapalayam",7,0.61,0.61,5.2,True
"t:10.9586,77.7225:puduppai pz","m:10.9586,77.7225:puduppai pz",6,0.915,0.915,0.0,True
"t:10.9597,78.4397:musiri ow","m:10.9597,78.4397:musiri ow",5,1.685,-1.18,0.0,False
"t:10.9625,76.8008:alandurai pz","m:10.9625,76.8008:alandurai pz",6,0.805,0.805,3.3,True
"t:10.9667,76.9167:kuniyamuthur","m:10.9667,76.9167:kuniyamuthur",7,3.09,3.09,0.0,False
"t:10.9824,79.8207:karai kovilpathu","m:10.9824,79.8207:karai kovilpathu",2,0.18,-0.18,0.0,True
"t:10.9833,76.8333:thondamuthur","m:10.9833,76.8333:thondamuthur",7,2.575,-2.575,5.2,False
"t:10.9833,76.9228:telngupalayam","m:10.9833,76.9228:telngupalayam",4,3.478,3.478,4.0,False
"t:10.9850,78.7656:manachanallur","m:10.9850,78.7656:manachanallur",1,0.4,0.4,0.0,False
"t:10.9914,79.5667:paramasivapuram iii","m:10.9914,79.5667:paramasivapuram iii",4,0.675,0.675,3.8,True
"t:10.9917,77.5583:kangayam1","m:10.9917,77.5583:kangayam1",7,0.66,0.66,0.0,True
"t:10.9917,78.3353:thottiyam","m:10.9917,78.3353:tottiyam",3,1.02,-0.69,4.4,True
"t:10.9917,79.5681:santhur pochampalli  dharmapuri  tamil nadu","m:10.9917,79.5681:paramasivapuram ii",6,5.83,-5.83,6.1,False
"t:10.9931,79.8411:thirvettakudy","m:10.9931,79.8411:thirvettakudy",3,15.8,15.8,0.0,False
"t:10.9934,79.8433:thirvettakudy","m:10.9934,79.8433:thirvettakudy",2,9.03,9.03,0.0,False
"t:10.9942,79.8515:thirvettakudy","m:10.9942,79.8515:thirvettakudy",2,12.52,-12.52,0.0,False
"t:10.9964,77.0050:cbe stock exchange pz","m:10.9964,77.0050:cbe stock exchange pz",5,0.832,0.21,0.0,True
"t:11.0008,76.9511:oht campus pz","m:11.0008,76.9511:oht campus pz",6,5.237,5.237,3.5,False
"t:11.0017,76.9711:coimbatore taluk office","m:11.0017,76.9711:coimbatore taluk office",5,1.035,1.035,3.5,True
"t:11.0050,77.4039:andipalayam","m:11.0050,77.4039:andipalayam",7,3.105,-3.105,1.1,False
"t:11.0097,76.9186:sugarcane institute pz","m:11.0097,76.9186:sugarcane institute pz",1,0.48,0.48,0.0,False
"t:11.0181,77.1236:sulur pz","m:11.0181,77.1236:sulur pz",1,0.104,0.104,0.0,False
"t:11.0181,77.1236:sulur pz","m:11.0181,77.1236:sulur1",7,0.626,0.626,5.1,True
"t:11.0217,77.0025:p.s.g. college","m:11.0217,77.0025:p.s.g. college",6,0.468,-0.075,3.3,True
"t:11.0303,77.2833:kallampalayam","m:11.0303,77.2833:kallampalayam",6,0.8,0.8,4.0,True
"t:11.0414,77.0006:cwc campus pz","m:11.0414,77.0006:cwc campus pz",1,0.418,-0.418,0.0,False
"t:11.0417,76.8875:kalviramapalayam","m:11.0417,76.8875:kalviramapalayam",7,26.22,-26.22,3.7,False
"t:11.0419,76.9419:ghs ganapathi pz","m:11.0419,76.9419:ghs ganapathi pz",6,0.91,0.91,6.2,True
"t:11.0456,77.3272:kunnakalpalayam pz","m:11.0456,77.3272:kunnakalpalayam pz",6,0.793,0.793,5.0,True
"t:11.0458,78.9583:pullambadi","m:11.0458,78.9583:pullambadi",7,0.16,0.15,5.2,True
"t:11.0467,77.3814:peruntholavu pz","m:11.0467,77.3814:peruntholavu pz",6,2.644,-0.98,3.5,False
"t:11.0500,77.7500:muttur","m:11.0500,77.7500:muttur",6,1.283,1.283,0.0,True
"t:11.0639,77.4922:padiyur pz","m:11.0639,77.4922:padiyur",5,0.85,-0.85,2.4,True
"t:11.0639,77.4922:padiyur pz","m:11.0639,77.4922:padiyur pz",1,0.37,0.37,0.0,False
"t:11.0671,79.8106:thirukadaiyur","m:11.0671,79.8106:thirukadaiyur",1,13.05,13.05,0.0,False
"t:11.0689,77.3519:palavanchipalayam pz","m:11.0689,77.3519:palavanchipalayam pz",3,0.55,0.55,4.5,True
"t:11.0697,77.3844:rengagoundanpalayam pz","m:11.0697,77.3844:rengagoundanpalayam pz",4,0.344,0.344,4.9,True
"t:11.0708,78.4719:paithambarai ow","m:11.0708,78.4719:paithambarai ow",1,0.07,-0.07,0.0,False
"t:11.0733,76.9528:vellakinaru pz","m:11.0733,76.9528:vellakinaru pz",1,15.75,-15.75,0.0,False
"t:11.0750,77.0014:saravanampatti1","m:11.0750,77.0014:saravanampatti1",7,0.53,0.386,1.2,True
"t:11.0806,77.4528:nachipalayam1","m:11.0806,77.4528:nachipalayam1",4,1.32,0.485,5.5,True
"t:11.0819,77.8853:kodumudi pz","m:11.0819,77.8853:kodumudi pz",1,1.45,1.45,0.0,False
"t:11.0875,77.1792:samalapuram","m:11.0875,77.1792:samalapuram",6,0.74,-0.655,3.6,True
"t:11.0897,77.4008:vijayapuram pz","m:11.0897,77.4008:vijayapuram pz",3,1.44,-0.08,4.0,True
"t:11.0961,78.8253:padalur pz","m:11.0958,78.8250:padalur",6,37.998,37.998,44.2,False
"t:11.0961,78.8253:padalur pz","m:11.0961,78.8253:padalur pz",1,37.43,37.43,0.0,False
"t:11.0972,77.3528:tirupur","m:11.0972,77.3528:tirupur",5,0.83,0.83,0.0,True
"t:11.0975,78.4792:valaiyeduppu (vadakkuveli)","m:11.0975,78.4792:valaiyeduppu (vadakkuveli)",2,0.255,0.255,0.0,True
"t:11.1000,76.6500:agali","m:11.1000,76.6500:agali",1,2.36,2.36,0.0,False
"t:11.1092,77.4356:ganganaickenpalayam pz","m:11.1092,77.4356:ganganaickenpalayam pz",6,0.285,0.23,5.5,True
"t:11.1103,76.2847:thuvur","m:11.1103,76.2847:thuvur dw",1,0.38,-0.38,3.5,False
"t:11.1131,76.7508:anaikatti pz","m:11.1131,76.7508:anaikatti pz",4,0.847,0.847,0.0,True
"t:11.1333,77.0333:sarkar samakulam pz","m:11.1333,77.0333:sarkar samakulam",6,1.264,0.434,5.2,True
"t:11.1347,77.3519:boyampalayam pz","m:11.1347,77.3519:boyampalayam pz",6,0.414,-0.256,4.9,True
"t:11.1381,77.6053:basuvapatti pz","m:11.1381,77.6053:basuvapatti pz",2,0.252,-0.017,0.0,True
"t:11.1447,77.3094:velampalayam","m:11.1447,77.3094:velampalayam",5,1.56,-1.44,4.9,False
"t:11.1500,78.6000:thuraiyur","m:11.1500,78.6000:thuraiyur",7,1.3,0.05,0.0,True
"t:11.1542,78.0208:paramarthi","m:11.1542,78.0208:paramarthi",7,0.7,0.7,0.0,True
"t:11.1556,76.6681:chavadiyur","m:11.1556,76.6681:chavadiyur",1,9.04,9.04,6.9,False
"t:11.1578,77.4444:karumancheri pz","m:11.1578,77.4444:karumancheri pz",5,1.12,1.12,0.0,True
"t:11.1583,77.5917:chennimalai1","m:11.1583,77.5917:chennimalai1",6,5.688,-5.688,0.0,False
"t:11.1667,77.7000:arachchalur","m:11.1667,77.7000:arachchalur",7,2.34,0.376,0.0,False
"t:11.1697,77.6806:e.vellampalayam pz","m:11.1697,77.6806:e.vellampalayam pz",6,1.655,0.175,0.0,False
"t:11.1744,77.4472:uthukuli pz","m:11.1744,77.4472:uthukuli pz",5,1.005,1.005,0.0,True
"t:11.1744,77.8567:priyakolanalli pz","m:11.1744,77.8567:priyakolanalli pz",3,0.38,-0.03,0.0,True
"t:11.1756,79.1094:v.ramanapuram ow","m:11.1756,79.1094:v.ramanapuram ow",7,2.505,-2.505,6.2,False
"t:11.1756,79.1094:v.ramanapuram ow","m:11.1756,79.1094:v.ramanapuram pz",5,3.34,-3.34,6.2,False
"t:11.1756,79.1094:v.ramanapuram pz","m:11.1756,79.1094:v.ramanapuram ow",8,5.96,-5.96,6.2,False
"t:11.1756,79.1094:v.ramanapuram pz","m:11.1756,79.1094:v.ramanapuram pz",6,5.44,-5.44,6.2,False
"t:11.1792,76.7583:seeliyur","m:11.1792,76.7583:seeliyur",7,1.415,1.38,5.2,True
"t:11.1914,77.0900:pillaimpalayam pz","m:11.1914,77.0900:pillaimpalayam pz",6,0.53,0.45,1.1,True
"t:11.1964,79.7139:vaitheeswarankoil","m:11.1964,79.7139:vaitheeswarankoil",2,0.17,-0.08,0.0,True
"t:11.2081,79.4475:g.k.cholapuram -ew","m:11.2081,79.4475:g.k.cholapuram -ew",5,11.185,-11.185,4.4,False
"t:11.2081,79.4475:g.k.cholapuram -ew","m:11.2081,79.4475:g.k.cholapuram -ow-1-pz",5,10.84,-10.84,4.4,False
"t:11.2081,79.4475:g.k.cholapuram -ew","m:11.2081,79.4475:g.k.cholapuram -ow-2",5,10.083,-10.083,4.4,False
"t:11.2081,79.4475:g.k.cholapuram -ow-1-pz","m:11.2081,79.4475:g.k.cholapuram -ew",5,10.65,-10.65,4.4,False
"t:11.2081,79.4475:g.k.cholapuram -ow-1-pz","m:11.2081,79.4475:g.k.cholapuram -ow-1-pz",5,10.045,-10.045,4.4,False
"t:11.2081,79.4475:g.k.cholapuram -ow-1-pz","m:11.2081,79.4475:g.k.cholapuram -ow-2",5,0.925,-0.925,4.4,True
"t:11.2081,79.4475:g.k.cholapuram -ow-2","m:11.2081,79.4475:g.k.cholapuram -ew",5,11.135,9.518,4.4,False
"t:11.2081,79.4475:g.k.cholapuram -ow-2","m:11.2081,79.4475:g.k.cholapuram -ow-1-pz",5,2.015,-2.015,4.4,False
"t:11.2081,79.4475:g.k.cholapuram -ow-2","m:11.2081,79.4475:g.k.cholapuram -ow-2",5,7.79,7.018,4.4,False
"t:11.2167,78.1722:namakkal2","m:11.2167,78.1722:namakkal2",7,2.91,2.91,4.4,False
"t:11.2250,77.1083:annur pz","m:11.2250,77.1083:annur2",7,0.61,0.61,3.6,True
"t:11.2250,77.4436:chengapalli","m:11.2250,77.4436:chengapalli",6,0.905,0.905,0.0,True
"t:11.2261,77.5817:ingur pz","m:11.2258,77.5814:ingur new",5,1.38,-1.07,45.2,False
"t:11.2261,77.5817:ingur pz","m:11.2261,77.5817:ingur pz",5,1.35,-1.16,0.0,True
"t:11.2314,77.5253:kambaliyampatti pz","m:11.2314,77.5253:kambaliyampatti pz",6,1.996,1.996,0.0,False
"t:11.2333,79.3150:vadalur ow1 kurinjipadi cuddalore  tamil nadu","m:11.2333,79.3150:elaiyur",6,75.066,75.066,3.3,False
"t:11.2333,79.3150:vadalur ow1 kurinjipadi cuddalore  tamil nadu","m:11.2333,79.3150:elaiyur pz",1,9.359,9.359,3.3,False
"t:11.2342,78.8911:perambalur1","m:11.2342,78.8911:perambalur1",10,1.513,0.128,3.9,False
"t:11.2500,77.9083:solasiramani","m:11.2500,77.9083:solasiramani",7,1.02,-0.385,3.6,True
"t:11.2558,76.9347:thekkampatti pz","m:11.2558,76.9347:thekkampatti pz",1,5.38,-5.38,0.0,False
"t:11.2583,78.9417:ranjankudi","m:11.2583,78.9417:ranjankudi",10,0.493,0.493,5.2,True
"t:11.2667,77.9750:nallurgaundanpalayam","m:11.2667,77.9750:nallurgaundanpalayam",7,0.755,0.755,0.0,True
"t:11.2792,77.4125:kunnathur","m:11.2792,77.4125:kunnathur",5,1.04,1.04,0.0,True
"t:11.2836,79.2839:anchetty thali dharmapuri  tamil nadu","m:11.2836,79.2839:kuvagam ow",5,60.415,-60.415,1.6,False
"t:11.2894,77.1692:karavallurpz","m:11.2894,77.1692:karavallurpz",4,1.58,1.007,6.1,False
"t:11.2903,77.3306:malaiyapalayam pz","m:11.2903,77.3306:malaiyapalayam",6,0.633,0.633,5.4,True
"t:11.2903,77.3306:malaiyapalayam pz","m:11.2903,77.3306:malaiyapalayam pz",1,1.155,1.155,0.0,False
"t:11.3000,76.9472:mettupalayam pz","m:11.3000,76.9472:mettupalayam2",7,1.465,1.035,2.4,True
"t:11.3000,77.1894:alathur pz","m:11.3000,77.1894:alathur pz",6,3.784,-3.64,4.4,False
"t:11.3067,77.2789:thathanur aanaikalpalayam pz","m:11.3067,77.2789:thathanur aanaikalpalayam pz",5,2.585,-1.505,3.5,False
"t:11.3164,78.1864:minnampalli ow","m:11.3164,78.1864:minnampalli ow",2,2.295,-2.295,0.0,False
"t:11.3200,79.6000:vilathur (budangudi) ow","m:11.3200,79.6000:vilathur (budangudi) ow",1,2.146,-2.146,0.0,False
"t:11.3300,79.7753:nallur","m:11.3300,79.7753:nallur",3,6.94,6.94,2.2,False
"t:11.3333,77.5417:nallampatti pz","m:11.3333,77.5417:nallampatti",2,0.998,-0.998,5.2,True
"t:11.3333,77.5417:nallampatti pz","m:11.3333,77.5417:nallampatti pz",1,0.665,0.665,0.0,False
"t:11.3369,78.6853:annukkur","m:11.3369,78.6853:annukkur",10,0.728,0.728,5.5,True
"t:11.3417,79.0625:veppur1","m:11.3417,79.0625:veppur1",9,2.331,-2.331,3.7,False
"t:11.3478,79.3842:keelkavarapalayam- ow-1","m:11.3478,79.3842:keelkavarapalayam-  ow-1",5,77.599,-77.599,4.0,False
"t:11.3478,79.3842:keelkavarapalayam- ow-1","m:11.3478,79.3842:keelkavarapalayam-  ow-2",7,64.166,-64.166,4.0,False
"t:11.3478,79.3842:keelkavarapalayam- ow-1","m:11.3478,79.3842:keelkavarapalayam- ow-1",1,62.581,-62.581,0.0,False
"t:11.3478,79.3842:keelkavarapalayam- ow-1","m:11.3478,79.3842:mahimapuram ow-1",5,26.409,-26.409,4.0,False
"t:11.3478,79.3842:keelkavarapalayam- ow-1","m:11.3478,79.3842:mahimapuram ow-2",7,51.073,-51.073,4.0,False
"t:11.3478,79.3842:keelkavarapalayam- ow-2","m:11.3478,79.3842:keelkavarapalayam-  ow-1",6,88.02,-88.02,4.0,False
"t:11.3478,79.3842:keelkavarapalayam- ow-2","m:11.3478,79.3842:keelkavarapalayam-  ow-2",7,79.425,-79.425,4.0,False
"t:11.3478,79.3842:keelkavarapalayam- ow-2","m:11.3478,79.3842:mahimapuram ow-1",5,37.681,-37.681,4.0,False
"t:11.3478,79.3842:keelkavarapalayam- ow-2","m:11.3478,79.3842:mahimapuram ow-2",7,66.992,-66.992,4.0,False
"t:11.3478,79.3842:mahimapuram ow- 1 (ew) andimadam ariyalur tamil nadu","m:11.3478,79.3842:keelkavarapalayam-  ow-1",6,52.872,-52.872,4.0,False
"t:11.3478,79.3842:mahimapuram ow- 1 (ew) andimadam ariyalur tamil nadu","m:11.3478,79.3842:keelkavarapalayam-  ow-2",7,41.635,-41.635,4.0,False
"t:11.3478,79.3842:mahimapuram ow- 1 (ew) andimadam ariyalur tamil nadu","m:11.3478,79.3842:mahimapuram ow-1",5,5.465,-0.438,4.0,False
"t:11.3478,79.3842:mahimapuram ow- 1 (ew) andimadam ariyalur tamil nadu","m:11.3478,79.3842:mahimapuram ow-2",7,22.709,-22.709,4.0,False
"t:11.3478,79.3842:mahimapuram ow-2","m:11.3478,79.3842:keelkavarapalayam-  ow-1",5,90.165,-90.165,4.0,False
"t:11.3478,79.3842:mahimapuram ow-2","m:11.3478,79.3842:keelkavarapalayam-  ow-2",6,77.325,-77.325,4.0,False
"t:11.3478,79.3842:mahimapuram ow-2","m:11.3478,79.3842:mahimapuram ow-1",4,36.102,-36.102,4.0,False
"t:11.3478,79.3842:mahimapuram ow-2","m:11.3478,79.3842:mahimapuram ow-2",6,67.542,-67.542,4.0,False
"t:11.3500,77.1667:pungaipuliampatti","m:11.3500,77.1667:pungaipuliampatti",6,2.102,0.908,3.6,False
"t:11.3619,79.4669:palaiyamkottai ew","m:11.3619,79.4669:palaiyamkottai ew",4,61.52,-61.52,6.2,False
"t:11.3619,79.4669:palaiyamkottai ew","m:11.3619,79.4669:palaiyamkottai ow -1",4,60.988,-60.988,6.2,False
"t:11.3619,79.4669:palaiyamkottai ew","m:11.3619,79.4669:palaiyamkottai ow -2",4,46.48,-46.48,6.2,False
"t:11.3619,79.4669:palaiyamkottai ow -1 kumaratchi cuddalore tamil nadu","m:11.3619,79.4669:palaiyamkottai ew",3,2.981,-0.432,6.2,False
"t:11.3619,79.4669:palaiyamkottai ow -1 kumaratchi cuddalore tamil nadu","m:11.3619,79.4669:palaiyamkottai ow -1",4,2.286,-1.671,6.2,False
"t:11.3619,79.4669:palaiyamkottai ow -1 kumaratchi cuddalore tamil nadu","m:11.3619,79.4669:palaiyamkottai ow -2",4,13.005,13.005,6.2,False
"t:11.3619,79.4669:palaiyamkottai ow-2 kumaratchi cuddalore tamil nadu","m:11.3619,79.4669:palaiyamkottai ew",3,24.117,-24.117,6.2,False
"t:11.3619,79.4669:palaiyamkottai ow-2 kumaratchi cuddalore tamil nadu","m:11.3619,79.4669:palaiyamkottai ow -1",4,23.894,-23.894,6.2,False
"t:11.3619,79.4669:palaiyamkottai ow-2 kumaratchi cuddalore tamil nadu","m:11.3619,79.4669:palaiyamkottai ow -2",4,9.125,-8.793,6.2,False
"t:11.3658,78.1192:soolakarai mathur dharmapuri  tamil nadu","m:11.3658,78.1192:ezhur-olapalayam d",5,1.366,1.366,4.7,True
"t:11.3658,78.1192:soolakarai mathur dharmapuri  tamil nadu","m:11.3658,78.1192:ezhur-olapalayam s",5,2.536,2.536,4.7,False
"t:11.3658,78.1192:upparapatty uthankarai dharmapuri  tamil nadu","m:11.3658,78.1192:ezhur-olapalayam d",5,6.56,-6.56,4.7,False
"t:11.3658,78.1192:upparapatty uthankarai dharmapuri  tamil nadu","m:11.3658,78.1192:ezhur-olapalayam s",5,6.159,-6.159,4.7,False
"t:11.3661,77.7169:erode pz","m:11.3661,77.7169:erode pz",2,0.375,-0.375,0.0,True
"t:11.3711,77.3578:kosanam pz","m:11.3711,77.3578:kosanam pz",1,14.66,14.66,0.0,False
"t:11.3792,77.2278:kavilipalayam pz","m:11.3792,77.2278:kavilipalayam pz",6,1.023,1.023,0.0,True
"t:11.3919,79.7072:chidhambaram annamalainagar","m:11.3919,79.7072:chidhambaram annamalainagar",1,0.156,-0.156,0.0,False
"t:11.3992,79.3208:oliyur ew","m:11.3992,79.3208:oliyur ew",7,36.88,-36.88,4.7,False
"t:11.3992,79.3208:oliyur ew","m:11.3992,79.3208:oliyur ow 1",7,37.04,-37.04,4.7,False
"t:11.3992,79.3208:oliyur ew","m:11.3992,79.3208:oliyur ow 2",6,41.722,-41.722,4.7,False
"t:11.3992,79.3208:oliyur ow 1","m:11.3992,79.3208:oliyur ew",7,46.405,-46.405,4.7,False
"t:11.3992,79.3208:oliyur ow 1","m:11.3992,79.3208:oliyur ow 1",7,46.12,-46.12,4.7,False
"t:11.3992,79.3208:oliyur ow 1","m:11.3992,79.3208:oliyur ow 2",6,45.712,-45.712,4.7,False
"t:11.3992,79.3208:oliyur ow 2","m:11.3992,79.3208:oliyur ew",7,46.255,-46.255,4.7,False
"t:11.3992,79.3208:oliyur ow 2","m:11.3992,79.3208:oliyur ow 1",7,45.655,-45.655,4.7,False
"t:11.3992,79.3208:oliyur ow 2","m:11.3992,79.3208:oliyur ow 2",6,48.765,-48.765,4.7,False
"t:11.4050,79.3983:srimushanam pz","m:11.4050,79.3983:srimushanam pz",2,46.0,-46.0,0.0,False
"t:11.4083,77.9583:tiruchengodu","m:11.4083,77.9583:tiruchengodu",7,2.075,2.075,0.0,False
"t:11.4161,79.5722:parudur pz-1","m:11.4161,79.5722:parudur pz-1",5,10.411,-10.411,2.4,False
"t:11.4161,79.5722:parudur pz-1","m:11.4161,79.5722:parudur pz-2",4,9.27,-9.27,2.4,False
"t:11.4161,79.5722:parudur pz-1","m:11.4161,79.5722:parudur pz-3",4,13.702,-13.702,2.4,False
"t:11.4161,79.5722:parudur pz-2","m:11.4161,79.5722:parudur pz-1",5,42.438,-42.438,2.4,False
"t:11.4161,79.5722:parudur pz-2","m:11.4161,79.5722:parudur pz-2",4,41.418,-41.418,2.4,False
"t:11.4161,79.5722:parudur pz-2","m:11.4161,79.5722:parudur pz-3",4,47.343,-47.343,2.4,False
"t:11.4256,77.2411:kathampalayam pz","m:11.4256,77.2411:kathampalayam pz",1,0.25,-0.25,0.0,False
"t:11.4283,77.6492:periyapuliyur pz","m:11.4283,77.6492:periyapuliyur pz",1,1.395,-1.395,0.0,False
"t:11.4328,77.2022:vinnampalli","m:11.4328,77.2022:vinnampalli",5,44.504,-44.504,0.0,False
"t:11.4333,77.5583:kavundappadi","m:11.4333,77.5583:kavundappadi",6,2.275,-2.275,5.2,False
"t:11.4375,78.5000:sendarpatti gangavalli salem tamil nadu","m:11.4375,78.5000:sendarpatti",5,0.159,0.092,0.0,True
"t:11.4403,78.0092:ramapuram","m:11.4403,78.0092:ramapuram",6,3.205,3.205,0.0,False
"t:11.4481,77.3578:alukuli pz","m:11.4481,77.3578:alukuli pz",3,2.3,2.3,0.0,False
"t:11.4500,77.4500:gobichettipalayam","m:11.4500,77.4500:gobichettipalayam",6,0.695,0.54,0.0,True
"t:11.4544,77.3344:kasipalayam pz","m:11.4544,77.3344:kasipalayam pz",5,0.505,0.505,0.0,True
"t:11.4569,79.3739:c.keeranur ew kammapuram cuddalore tamil nadu","m:11.4569,79.3739:c.keeranur ew",3,9.461,-9.461,4.6,False
"t:11.4569,79.3739:c.keeranur ew kammapuram cuddalore tamil nadu","m:11.4569,79.3739:c.keeranur ow-1",5,1.536,-1.536,4.6,False
"t:11.4569,79.3739:c.keeranur ew kammapuram cuddalore tamil nadu","m:11.4569,79.3739:c.keeranur ow-2",5,8.046,-8.046,4.6,False
"t:11.4569,79.3739:c.keeranur ow-2","m:11.4569,79.3739:c.keeranur ew",4,41.248,-41.248,4.6,False
"t:11.4569,79.3739:c.keeranur ow-2","m:11.4569,79.3739:c.keeranur ow-1",6,39.875,-39.875,4.6,False
"t:11.4569,79.3739:c.keeranur ow-2","m:11.4569,79.3739:c.keeranur ow-2",5,46.73,-46.73,4.6,False
"t:11.4569,79.3739:c.keeranur ow-2 kammapuram cuddalore tamil nadu","m:11.4569,79.3739:c.keeranur ew",3,8.241,2.93,4.6,False
"t:11.4569,79.3739:c.keeranur ow-2 kammapuram cuddalore tamil nadu","m:11.4569,79.3739:c.keeranur ow-1",5,6.341,6.341,4.6,False
"t:11.4569,79.3739:c.keeranur ow-2 kammapuram cuddalore tamil nadu","m:11.4569,79.3739:c.keeranur ow-2",5,0.281,-0.22,4.6,True
"t:11.4583,77.1333:kottamangalam","m:11.4583,77.1333:kottamangalam",7,14.915,14.915,0.0,False
"t:11.4750,78.7375:veraganur","m:11.4750,78.7375:veraganur",5,0.365,0.365,0.0,True
"t:11.4756,77.2542:ariyappanpalayam pz","m:11.4756,77.2542:ariyappanpalayam pz",6,0.505,0.385,0.0,True
"t:11.4847,77.6917:urachikottai","m:11.4847,77.6917:urachikottai",2,9.581,-9.581,0.0,False
"t:11.4886,77.1564:velliyampalayamputhur pz","m:11.4886,77.1564:velliyampalayamputhur pz",4,0.565,0.387,0.0,True
"t:11.4922,79.6028:maruthur ew","m:11.4922,79.6028:maruthur ew",1,42.08,42.08,0.0,False
"t:11.4922,79.6028:maruthur ew","m:11.4922,79.6028:maruthur ii",2,25.555,25.555,0.0,False
"t:11.4922,79.6028:maruthur ew","m:11.4922,79.6028:maruthur iv",3,1.58,-1.05,0.0,False
"t:11.4922,79.6028:maruthur ew","m:11.4922,79.6028:maruthur1",2,26.3,26.3,3.5,False
"t:11.4922,79.6028:maruthur ew","m:11.4922,79.6028:maruthur2",4,39.295,39.295,3.5,False
"t:11.4922,79.6028:maruthur ii","m:11.4922,79.6028:maruthur ew",1,45.735,45.735,0.0,False
"t:11.4922,79.6028:maruthur ii","m:11.4922,79.6028:maruthur ii",2,29.55,29.55,0.0,False
"t:11.4922,79.6028:maruthur ii","m:11.4922,79.6028:maruthur iv",3,3.285,3.285,0.0,False
"t:11.4922,79.6028:maruthur ii","m:11.4922,79.6028:maruthur1",2,26.184,26.184,3.5,False
"t:11.4922,79.6028:maruthur ii","m:11.4922,79.6028:maruthur2",4,40.078,40.078,3.5,False
"t:11.4922,79.6028:maruthur iv","m:11.4922,79.6028:maruthur ew",1,6.775,6.775,0.0,False
"t:11.4922,79.6028:maruthur iv","m:11.4922,79.6028:maruthur ii",2,16.735,-8.4,0.0,False
"t:11.4922,79.6028:maruthur iv","m:11.4922,79.6028:maruthur iv",3,33.655,-33.655,0.0,False
"t:11.4922,79.6028:maruthur iv","m:11.4922,79.6028:maruthur1",2,15.163,-12.318,3.5,False
"t:11.4922,79.6028:maruthur iv","m:11.4922,79.6028:maruthur2",4,3.435,0.93,3.5,False
"t:11.4997,76.4861:gudalur","m:11.4997,76.4861:gudalur",3,34.84,34.84,0.0,False
"t:11.5036,79.6325:kattiyankuppam pz- 2 kurinjipadi cuddalore tamil nadu","m:11.5036,79.6325:kattiyankuppam pz-1",6,4.64,-4.64,1.1,False
"t:11.5036,79.6325:kattiyankuppam pz- 2 kurinjipadi cuddalore tamil nadu","m:11.5036,79.6325:kattiyankuppam pz-2",6,2.578,-1.894,1.1,False
"t:11.5036,79.6325:kattiyankuppam pz- 2 kurinjipadi cuddalore tamil nadu","m:11.5036,79.6325:kattiyankuppam pz-3",6,4.203,-2.235,1.1,False
"t:11.5036,79.6325:kattiyankuppam pz-1","m:11.5036,79.6325:kattiyankuppam pz-1",6,6.398,3.151,1.1,False
"t:11.5036,79.6325:kattiyankuppam pz-1","m:11.5036,79.6325:kattiyankuppam pz-2",6,7.582,7.582,1.1,False
"t:11.5036,79.6325:kattiyankuppam pz-1","m:11.5036,79.6325:kattiyankuppam pz-3",6,8.848,8.848,1.1,False
"t:11.5036,79.6325:kattiyankuppam pz-2","m:11.5036,79.6325:kattiyankuppam pz-1",6,6.485,0.165,1.1,False
"t:11.5036,79.6325:kattiyankuppam pz-2","m:11.5036,79.6325:kattiyankuppam pz-2",6,3.8,1.625,1.1,False
"t:11.5036,79.6325:kattiyankuppam pz-2","m:11.5036,79.6325:kattiyankuppam pz-3",6,4.59,2.297,1.1,False
"t:11.5072,77.6139:punnam pz","m:11.5072,77.6139:punnam",6,0.842,0.842,2.8,True
"t:11.5072,77.6139:punnam pz","m:11.5072,77.6139:punnam pz",1,0.371,0.371,0.0,False
"t:11.5125,78.1417:mohanur1","m:11.5125,78.1417:mohanur1",7,3.385,3.385,3.6,False
"t:11.5125,79.0111:mangalur","m:11.5125,79.0111:mangalur",8,1.372,1.372,1.2,True
"t:11.5138,79.6453:poovalai","m:11.5138,79.6453:poovalai",2,0.462,-0.312,0.0,True
"t:11.5167,79.3375:virudachalam1","m:11.5167,79.3375:virudachalam",3,1.64,1.64,3.7,False
"t:11.5167,79.3375:virudachalam1","m:11.5167,79.3375:virudachalam1",5,0.63,0.63,3.7,True
"t:11.5200,77.6033:settunampalayam pz","m:11.5200,77.6033:settunampalayam pz",5,20.6,20.6,0.0,False
"t:11.5228,79.6533:kodandaramapuram pz","m:11.5228,79.6533:kodandaramapuram pz",6,3.31,2.908,4.0,False
"t:11.5297,77.2953:kambanaickenpalayam pz","m:11.5297,77.2953:kambanaickenpalayam pz",1,0.375,-0.375,0.0,False
"t:11.5317,76.6967:masinigudi (vazhai thottam)","m:11.5317,76.6967:masinigudi (vazhai thottam)",1,14.78,14.78,0.0,False
"t:11.5322,79.5967:reddipalayam pz","m:11.5322,79.5967:reddipalayam pz",7,6.065,-2.035,4.0,False
"t:11.5386,79.5189:sengalpalayam i pz","m:11.5386,79.5189:sengalpalayam i pz",6,3.63,-2.743,1.6,False
"t:11.5386,79.5189:sengalpalayam i pz","m:11.5386,79.5189:sengalpalayam ii pz",4,2.455,-2.455,1.6,False
"t:11.5386,79.5189:sengalpalayam ii pz kurinjipadi cuddalore tamil nadu","m:11.5386,79.5189:sengalpalayam i pz",6,1.856,-1.841,1.6,False
"t:11.5386,79.5189:sengalpalayam ii pz kurinjipadi cuddalore tamil nadu","m:11.5386,79.5189:sengalpalayam ii pz",4,0.791,-0.791,1.6,True
"t:11.5453,77.5953:kattupalayam pz","m:11.5453,77.5953:kattupalayam pz",5,0.57,0.57,3.1,True
"t:11.5506,79.4522:ammeri - thoppulikuppam","m:11.5506,79.4522:ammeri - thoppulikuppam",1,0.09,-0.09,0.0,False
"t:11.5603,79.5561:vadalur ow-1","m:11.5603,79.5561:vadalur ow-1",2,24.772,-21.758,0.0,False
"t:11.5603,79.5561:vadalur ow-1","m:11.5603,79.5561:vadalur ow-2",3,1.126,-1.126,2.5,True
"t:11.5603,79.5561:vadalur ow-2 (ew) kurinjipadi cuddalore tamil nadu","m:11.5603,79.5561:vadalur ow-1",1,10.638,-10.638,0.0,False
"t:11.5603,79.5561:vadalur ow-2 (ew) kurinjipadi cuddalore tamil nadu","m:11.5603,79.5561:vadalur ow-2",3,5.016,-5.016,2.5,False
"t:11.5667,77.9000:konganapuram","m:11.5667,77.9000:konganapuram",6,0.648,-0.44,0.0,True
"t:11.5731,77.6950:kurichi pz","m:11.5731,77.6950:kurichi pz",4,0.76,-0.165,0.0,True
"t:11.5772,79.6831:teerthanagiri ew","m:11.5772,79.6831:teerthanagiri ow-1",1,25.888,-25.888,4.9,False
"t:11.5772,79.6831:teerthanagiri ow-1 kurinjipadi cuddalore tamil nadu","m:11.5772,79.6831:teerthanagiri ow-1",1,12.409,12.409,4.9,False
"t:11.5772,79.6831:teerthanagiri ow-2 kurinjipadi cuddalore tamil nadu","m:11.5772,79.6831:teerthanagiri ow-1",1,1.785,-1.785,4.9,False
"t:11.5833,77.7917:kullampatti","m:11.5833,77.7917:kullampatti",6,3.427,-1.365,5.2,False
"t:11.5839,79.6336:thaiyalkunapattinam pz","m:11.5839,79.6336:thaiyalkunapattinam pz",6,3.331,1.592,1.6,False
"t:11.5867,79.5333:vanathirayapuram i","m:11.5867,79.5333:vanathirayapuram i",6,1.042,-1.042,4.7,True
"t:11.5867,79.5333:vanathirayapuram i","m:11.5867,79.5333:vanathirayapuram ii",6,56.73,56.73,4.7,False
"t:11.5867,79.5333:vanathirayapuram ii kurinjipadi cuddalore tamil nadu","m:11.5867,79.5333:vanathirayapuram i",6,57.992,-57.992,4.7,False
"t:11.5867,79.5333:vanathirayapuram ii kurinjipadi cuddalore tamil nadu","m:11.5867,79.5333:vanathirayapuram ii",6,0.848,-0.561,4.7,True
"t:11.5917,78.5861:athur","m:11.5917,78.5861:athur",6,2.162,-1.395,3.9,False
"t:11.5922,79.5922:pacharapalayam ii- ew kurinjipadi cuddalore tamil nadu","m:11.5922,79.5922:pacharapalayam ii-ew",6,0.856,-0.364,3.1,True
"t:11.5922,79.5922:pacharapalayam ii- ew kurinjipadi cuddalore tamil nadu","m:11.5922,79.5922:pacharapalayam pzi-ow",6,0.914,-0.914,3.1,False
"t:11.5922,79.5922:pacharapalayam pzi-ow","m:11.5922,79.5922:pacharapalayam ii-ew",6,1.888,0.023,3.1,False
"t:11.5922,79.5922:pacharapalayam pzi-ow","m:11.5922,79.5922:pacharapalayam pzi-ow",6,1.483,-1.08,3.1,True
"t:11.6139,78.1064:utamacholapuram deep pz","m:11.6139,78.1064:utamacholapuram deep pz",4,0.67,0.628,0.0,True
"t:11.6167,79.4250:nadiyappatu viridhachalam cuddalore tamil nadu","m:11.6167,79.4250:irruppu",1,14.581,-14.581,3.7,False
"t:11.6167,79.4250:nadiyappatu viridhachalam cuddalore tamil nadu","m:11.6167,79.4250:irruppu1",2,13.961,-13.961,3.7,False
"t:11.6178,79.7194:srimushnam srimushnam cuddalore tamil nadu","m:11.6178,79.7194:srinivasanallur pz",3,23.518,23.518,4.9,False
"t:11.6194,79.5586:sakthi nagar ow","m:11.6194,79.5586:sakthi nagar ow",1,95.17,-95.17,0.0,False
"t:11.6250,77.7167:ammapet1","m:11.6250,77.7167:ammapet1",7,1.28,0.045,0.0,True
"t:11.6342,78.8764:chinnasalem","m:11.6342,78.8764:chinnasalem",10,2.185,-2.185,3.9,False
"t:11.6417,77.6833:guruvareddiyur","m:11.6417,77.6833:guruvareddiyur",7,1.19,0.3,5.2,True
"t:11.6442,77.8250:chittoor pz","m:11.6442,77.8250:chittoor pz",5,1.025,1.025,3.3,True
"t:11.6472,78.5125:p.n.palayam1","m:11.6472,78.5125:p.n.palayam1",6,5.79,5.79,2.5,False
"t:11.6500,79.6500:kattusagai(n)","m:11.6500,79.6500:kattusagai(n)",7,48.72,-48.72,0.0,False
"t:11.6500,79.6500:kattusagai(n)","m:11.6500,79.6500:kattusagai(s)",7,50.615,-50.615,0.0,False
"t:11.6500,79.6500:kattusagai(s) cuddalore cuddalore tamil nadu","m:11.6500,79.6500:kattusagai(n)",7,1.065,-1.065,0.0,True
"t:11.6500,79.6500:kattusagai(s) cuddalore cuddalore tamil nadu","m:11.6500,79.6500:kattusagai(s)",7,3.844,-3.844,0.0,False
"t:11.6611,79.2944:ulundurpet1","m:11.6611,79.2944:ulundurpet1",10,1.832,-1.832,5.0,False
"t:11.6739,77.1289:asanur pz","m:11.6739,77.1289:asanur pz",2,0.885,0.885,0.0,True
"t:11.6822,79.7519:kudikadu","m:11.6822,79.7519:kudikadu",2,9.585,-9.585,0.0,False
"t:11.6872,79.6942:ramapuram -i ew cuddalore cuddalore tamil nadu","m:11.6872,79.6942:ramapuram -i ew",6,0.565,0.205,4.0,True
"t:11.6872,79.6942:ramapuram -i ew cuddalore cuddalore tamil nadu","m:11.6872,79.6942:ramapuram -ii ew1",6,3.044,-3.044,4.0,False
"t:11.6872,79.6942:ramapuram -ii ew1","m:11.6872,79.6942:ramapuram -i ew",7,5.529,-5.529,4.0,False
"t:11.6872,79.6942:ramapuram -ii ew1","m:11.6872,79.6942:ramapuram -ii ew1",7,21.59,-21.59,4.0,False
"t:11.6914,79.7214:vazhisothanaipalaya","m:11.6914,79.7214:vazhisothanaipalaya",2,7.322,7.322,0.0,False
"t:11.6914,79.7214:vazhisothanaipalaya","m:11.6914,79.7214:vazhisothanaipalayam",2,0.612,-0.238,0.0,True
"t:11.6914,79.7214:vazhisothanaipalayam","m:11.6914,79.7214:vazhisothanaipalaya",2,4.708,-4.708,0.0,False
"t:11.6914,79.7214:vazhisothanaipalayam","m:11.6914,79.7214:vazhisothanaipalayam",2,12.268,-12.268,0.0,False
"t:11.6956,79.6100:silaminathanpettai i","m:11.6956,79.6100:silaminathanpettai i",6,56.928,-56.928,4.4,False
"t:11.6956,79.6100:silaminathanpettai i","m:11.6956,79.6100:silaminathanpettai ii",6,56.872,-56.872,4.4,False
"t:11.6956,79.6100:silaminathanpettai ii cuddalore cuddalore tamil nadu","m:11.6956,79.6100:silaminathanpettai i",6,0.525,0.049,4.4,True
"t:11.6956,79.6100:silaminathanpettai ii cuddalore cuddalore tamil nadu","m:11.6956,79.6100:silaminathanpettai ii",6,1.358,0.357,4.4,False
"t:11.7011,77.6719:chennampatti pz","m:11.7011,77.6719:chennampatti pz",4,5.02,-5.02,4.5,False
"t:11.7220,79.7234:capper quarry","m:11.7220,79.7234:capper quarry",4,1.56,0.885,0.0,False
"t:11.7306,79.0917:tyagadurgam","m:11.7306,79.0917:tyagadurgam",10,1.19,0.375,6.1,True
"t:11.7319,79.1250:timmalai thiyagadurgam villupuram tamil nadu","m:11.7319,79.1250:timmalai",6,0.654,-0.379,4.9,True
"t:11.7386,78.9608:talugai (mammalai r.f.) a/c ow","m:11.7386,78.9608:talugai (mammalai r.f.) a/c ow",2,1.202,1.202,0.0,True
"t:11.7417,78.9667:kallakurichi1","m:11.7417,78.9667:kallakurichi1",9,1.2,0.355,5.2,True
"t:11.7436,79.6403:marungur -i ew annagramam cuddalore tamil nadu","m:11.7436,79.6403:marungur -i ew",2,11.193,11.193,2.4,False
"t:11.7436,79.6403:marungur -i ew annagramam cuddalore tamil nadu","m:11.7436,79.6403:marungur-ii ow",2,11.193,11.193,2.4,False
"t:11.7436,79.6403:marungur-ii ow","m:11.7436,79.6403:marungur -i ew",3,5.61,5.61,2.4,False
"t:11.7436,79.6403:marungur-ii ow","m:11.7436,79.6403:marungur-ii ow",3,5.61,5.61,2.4,False
"t:11.7472,77.9306:samudram pz nangavalli salem tamil nadu","m:11.7472,77.9306:samudram pz",4,7.509,1.307,4.9,False
"t:11.7495,79.7339:pathirikuppam ow","m:11.7495,79.7339:pathirikuppam ow",1,7.13,7.13,0.0,False
"t:11.7583,77.8958:nangavalli","m:11.7583,77.8958:nangavalli",5,0.73,0.73,5.2,True
"t:11.7665,79.7678:manjakuppam","m:11.7665,79.7678:manjakuppam",2,1.2,-1.2,0.0,True
"t:11.7703,79.7342:indiira nagar","m:11.7703,79.7342:indiira nagar",6,0.547,0.002,0.0,True
"t:11.7758,79.6733:nellikuppam pz","m:11.7758,79.6733:nellikuppam pz",1,15.43,-15.43,0.0,False
"t:11.7992,79.7747:manapattu ew","m:11.7992,79.7747:manapattu ew",5,1.25,0.96,4.0,True
"t:11.7992,79.7747:manapattu ew","m:11.7992,79.7747:manapattu ow",5,17.16,17.16,4.0,False
"t:11.7992,79.7747:manapattu ow","m:11.7992,79.7747:manapattu ew",5,15.575,-15.575,4.0,False
"t:11.7992,79.7747:manapattu ow","m:11.7992,79.7747:manapattu ow",5,1.424,1.424,4.0,True
"t:11.8088,79.6871:manamedu","m:11.8088,79.6871:manamedu",2,0.94,0.94,0.0,True
"t:11.8472,77.7472:kulathur","m:11.8472,77.7472:kulathur",6,0.533,0.533,3.5,True
"t:11.8833,78.9167:sankarapuram","m:11.8833,78.9167:sankarapuram",9,0.855,0.405,5.2,True
"t:11.8922,79.7361:mangalam2","m:11.8922,79.7361:mangalam2",8,15.533,-15.533,2.8,False
"t:11.8922,79.7361:mangalam2","m:11.8922,79.7361:mangalam3",7,19.985,-19.985,2.8,False
"t:11.8922,79.7361:mangalam2","m:11.8922,79.7361:mangalam4",7,19.685,-19.685,2.8,False
"t:11.8922,79.7361:mangalam2","m:11.8922,79.7361:mangalam5",4,18.025,-18.025,2.8,False
"t:11.8922,79.7361:mangalam3","m:11.8922,79.7361:mangalam2",8,16.38,-16.38,2.8,False
"t:11.8922,79.7361:mangalam3","m:11.8922,79.7361:mangalam3",7,21.05,-21.05,2.8,False
"t:11.8922,79.7361:mangalam3","m:11.8922,79.7361:mangalam4",7,20.52,-20.52,2.8,False
"t:11.8922,79.7361:mangalam3","m:11.8922,79.7361:mangalam5",4,18.798,-18.798,2.8,False
"t:11.8922,79.7361:mangalam4","m:11.8922,79.7361:mangalam2",8,16.129,-16.129,2.8,False
"t:11.8922,79.7361:mangalam4","m:11.8922,79.7361:mangalam3",7,20.61,-20.61,2.8,False
"t:11.8922,79.7361:mangalam4","m:11.8922,79.7361:mangalam4",7,20.155,-20.155,2.8,False
"t:11.8922,79.7361:mangalam4","m:11.8922,79.7361:mangalam5",4,18.562,-18.562,2.8,False
"t:11.8922,79.7361:mangalam5","m:11.8922,79.7361:mangalam2",8,14.835,-14.835,2.8,False
"t:11.8922,79.7361:mangalam5","m:11.8922,79.7361:mangalam3",7,20.435,-20.435,2.8,False
"t:11.8922,79.7361:mangalam5","m:11.8922,79.7361:mangalam4",7,19.935,-19.935,2.8,False
"t:11.8922,79.7361:mangalam5","m:11.8922,79.7361:mangalam5",4,17.985,-17.985,2.8,False
"t:11.9000,79.0500:kadambur","m:11.9000,79.0500:kadambur",8,2.008,2.008,0.0,False
"t:11.9000,79.0500:kadambur kayathar tuticorin tamil nadu","m:11.9000,79.0500:kadambur",7,0.668,0.668,0.0,True
"t:11.9092,79.7511:villianur","m:11.9092,79.7511:villianur",2,0.475,-0.265,0.0,True
"t:11.9256,79.7361:mangalam1","m:11.9256,79.7361:mangalam1",8,16.788,-16.788,5.1,False
"t:11.9339,78.3908:adhikarapatti (palayampalli)","m:11.9339,78.3908:adhikarapatti (palayampalli)",3,3.069,3.069,0.0,False
"t:11.9500,78.0500:thoppur","m:11.9500,78.0500:thoppur",6,0.85,-0.015,0.0,True
"t:11.9508,78.4689:boothanatham (keserkuli r.f)","m:11.9508,78.4689:boothanatham (keserkuli r.f)",1,1.115,-1.115,0.0,False
"t:11.9550,79.4183:thally thally krishnagiri tamil nadu","m:11.9550,79.4183:kanai pz",6,12.711,12.711,3.3,False
"t:11.9723,79.8132:karuvadukuppam","m:11.9723,79.8132:karuvadukuppam",1,0.935,0.935,0.0,False
"t:11.9778,79.3181:mogaiyur pz","m:11.9778,79.3181:mogaiyur pz",1,0.79,0.79,0.0,False
"t:11.9839,76.4667:mullur","m:11.9839,76.4667:mullur",2,2.095,0.715,3.8,False
"t:11.9971,79.8355:auroville","m:11.9971,79.8355:auroville",2,0.265,-0.205,0.0,True
"t:12.0146,79.8502:pillaichavadi","m:12.0146,79.8502:pillaichavadi",2,0.101,-0.101,0.0,True
"t:12.0275,77.8103:pattakarankottai (jarimankurichy) ow","m:12.0275,77.8103:pattakarankottai (jarimankurichy) ow",1,0.04,0.04,0.0,False
"t:12.0375,79.5625:vikravandi","m:12.0375,79.5625:vikravandi",4,0.493,-0.068,0.0,True
"t:12.0417,77.0292:yelandur","m:12.0417,77.0292:yelandur",1,1.43,-1.43,5.2,False
"t:12.0472,79.7625:andiarpalayam vanur villupuram tamil nadu","m:12.0472,79.7625:andiarpalayam",4,0.665,-0.325,2.2,True
"t:12.0514,78.4833:harur2","m:12.0514,78.4833:harur2",5,2.115,0.29,3.8,False
"t:12.0944,79.8928:kunimedu pz","m:12.0944,79.8928:kunimedu pz",4,21.318,21.318,0.0,False
"t:12.0989,79.1694:andampallam (isukalikatteri) ow","m:12.0989,79.1694:andampallam (isukalikatteri) ow",2,1.708,1.708,0.0,False
"t:12.1000,76.3333:heggadadevanakote","m:12.1000,76.3333:heggadadevanakote",2,0.67,-0.67,3.6,True
"t:12.1000,76.3333:heggadadevanakote","m:12.1000,76.3333:nanjanayakanahalli",1,0.34,0.34,3.6,False
"t:12.1244,78.2844:maniyampadi (keserkuli r.f.ext","m:12.1244,78.2844:maniyampadi (keserkuli r.f.ext",2,0.627,0.627,0.0,True
"t:12.1267,79.0853:kattampundi ow","m:12.1267,79.0853:kattampundi ow",2,0.95,0.95,0.0,True
"t:12.1342,77.9683:konnagihalli","m:12.1342,77.9686:konagihalli(b.agraharam)",4,2.865,-2.865,34.0,False
"t:12.1375,78.1708:dharmapuri2","m:12.1375,78.1708:dharmapuri2",5,1.215,-0.34,3.6,True
"t:12.1625,77.1083:kollegal","m:12.1625,77.1083:kollegal",2,3.93,3.6,3.6,False
"t:12.1833,79.6667:tehzbazar","m:12.1833,79.6667:tehzbazar",9,1.64,1.64,5.2,False
"t:12.1861,78.4842:pudur punganai ow","m:12.1861,78.4842:pudur punganai ow",2,1.255,1.184,0.0,True
"t:12.1900,79.9414:marakkanam","m:12.1900,79.9414:marakkanam",1,0.415,-0.415,0.0,False
"t:12.1942,78.2950:jaggubathipalayam","m:12.1942,78.2950:jaggubathipalayam",6,1.398,0.634,3.3,True
"t:12.1958,79.7667:brammadesam marakkanam villupuram tamil nadu","m:12.1958,79.7667:brammadesam",7,0.607,0.312,5.2,True
"t:12.2017,78.3544:ecchambadi","m:12.2017,78.3544:ecchambadi",6,3.06,3.06,5.5,False
"t:12.2083,78.7083:melravandavadi","m:12.2083,78.7083:melravandavadi",5,4.6,4.6,5.2,False
"t:12.2228,78.5283:keezhkuppam pz uthangarai krishnagiri tamil nadu","m:12.2225,78.5283:keezkuppam i",6,0.534,-0.534,33.6,True
"t:12.2442,78.4150:kattupatti ow","m:12.2442,78.4150:kattupatti ow",2,7.352,7.352,0.0,False
"t:12.2500,79.4167:gingee1","m:12.2500,79.4167:gingee1",10,0.752,0.593,3.6,True
"t:12.2669,79.9844:chunambedu","m:12.2669,79.9844:chunambedu",6,0.635,0.323,6.2,True
"t:12.3011,78.2794:pannandur","m:12.3011,78.2794:pannandur",3,0.635,0.635,0.0,True
"t:12.3083,76.2842:hunsur1","m:12.3083,76.2842:hunsur1",1,16.48,-16.48,0.0,False
"t:12.3167,76.8500:bannur","m:12.3167,76.8500:bannur",2,1.102,-1.102,3.7,True
"t:12.3333,76.1000:piriyapatna","m:12.3333,76.1000:piriyapatna",1,0.7,-0.7,3.7,False
"t:12.3478,79.8892:athur1","m:12.3478,79.8892:athur1",6,0.715,0.513,4.4,True
"t:12.3611,78.8792:pudupalayam","m:12.3611,78.8792:pudupalayam",6,0.592,0.351,3.8,True
"t:12.3750,75.9000:nanjarajapatna","m:12.3750,75.9000:nanjarajapatna",2,1.06,-1.06,0.0,True
"t:12.3833,78.4167:mattur2","m:12.3833,78.4167:mattur2",4,1.225,-1.225,5.2,True
"t:12.3875,79.1000:palayampudhur  nallampalli  dharmapuri  tamil nadu","m:12.3875,79.1000:narattampundi",2,4.289,4.289,0.0,False
"t:12.4072,78.1658:billakottai pz krishnagiri krishnagiri tamil nadu","m:12.4072,78.1661:billakottai2",6,1.513,0.039,33.9,False
"t:12.4125,78.2292:kaveripatnam","m:12.4125,78.2292:kaveripatnam",7,0.782,0.782,3.6,True
"t:12.4194,79.2039:padagam","m:12.4194,79.2039:padagam",6,2.64,-2.64,4.6,False
"t:12.4250,79.1467:ladavaram kalasapakkam thiruvannamalai tamil nadu","m:12.4250,79.1467:ladavaram",4,0.574,0.574,3.3,True
"t:12.4639,75.0583:mayilatti","m:12.4639,75.0583:pallikkara",1,0.44,0.44,3.8,False
"t:12.4639,75.0583:vidyanagar","m:12.4639,75.0583:pallikkara",1,7.73,7.73,3.8,False
"t:12.4667,76.3833:krishnarajanagara","m:12.4667,76.3833:krishnarajanagara",2,0.6,-0.6,5.2,True
"t:12.4667,77.0667:malavalli","m:12.4667,77.0667:malavalli",2,1.03,-1.03,5.2,True
"t:12.4667,79.3333:chetput","m:12.4667,79.3333:chetput",1,0.575,0.575,5.2,False
"t:12.4708,76.1083:bettdapura","m:12.4708,76.1083:bettdapura",1,1.22,-1.22,5.2,False
"t:12.4719,78.2153:nattanmai kottai","m:12.4719,78.2153:nattanmai kottai",1,22.73,-22.73,0.0,False
"t:12.4778,78.4556:kandili","m:12.4778,78.4556:kandili",6,0.976,0.644,5.4,True
"t:12.4858,78.9881:siruvallur","m:12.4858,78.9881:siruvallur",6,1.09,-1.09,5.5,True
"t:12.5014,80.0816:vayaulur","m:12.5014,80.0816:vayaulur",4,0.375,-0.125,0.0,True
"t:12.5022,79.6056:vandavasi1","m:12.5022,79.6056:vandavasi1",8,0.425,0.425,0.0,True
"t:12.5035,80.1547:pudupattinam","m:12.5035,80.1547:pudupattinam",3,0.41,-0.41,0.0,True
"t:12.5083,79.8917:maduranthakam","m:12.5083,79.8917:maduranthakam",8,1.36,1.36,5.2,True
"t:12.5306,78.2306:krishnagiri1","m:12.5306,78.2306:krishnagiri1",2,1.365,1.365,6.9,True
"t:12.5342,78.3750:mallapadi ow","m:12.5342,78.3750:mallapadi ow",2,7.27,-7.27,0.0,False
"t:12.5450,75.0722:nellikatte 1","m:12.5450,75.0722:nellikatta",1,6.89,6.89,2.4,False
"t:12.5450,75.0723:nellekate 2","m:12.5450,75.0722:nellikatta",1,11.04,11.04,13.2,False
"t:12.5458,78.3583:bargur","m:12.5458,78.3583:bargur",3,0.418,0.418,5.2,True
"t:12.5500,76.2500:saligrama","m:12.5500,76.2500:saligrama",1,1.16,-1.16,0.0,False
"t:12.5533,75.3839:sulya","m:12.5533,75.3839:sulya",2,0.572,0.572,3.9,True
"t:12.5583,77.4250:kanakapura","m:12.5583,77.4250:kanakapura",3,1.0,-1.0,3.7,True
"t:12.5689,79.7233:arasanimangalam","m:12.5689,79.7233:arasanimangalam",2,0.69,0.69,0.0,True
"t:12.5808,79.5800:purisai","m:12.5808,79.5800:purisai",2,0.4,0.4,0.0,True
"t:12.5861,77.0431:maddur","m:12.5861,77.0431:maddur",2,0.748,-0.748,5.0,True
"t:12.5897,74.9486:kumbala","m:12.5897,74.9486:kumbala",1,1.4,1.4,2.7,False
"t:12.5972,78.1331:gurubarapalli (billanakuppam)","m:12.5972,78.1331:gurubarapalli (billanakuppam)",3,2.705,-1.31,0.0,False
"t:12.6000,75.8500:somvarpet","m:12.6000,75.8500:somvarpet",2,0.51,-0.51,0.0,True
"t:12.6025,78.1853:billanakuppam","m:12.6025,78.1853:billanakuppam",3,4.85,4.85,0.0,False
"t:12.6025,78.1856:marudhamputhur alankulam tenkasi tamil nadu","m:12.6025,78.1853:billanakuppam",1,0.393,0.393,32.6,False
"t:12.6081,76.0213:konanur","m:12.6081,76.0213:konanur",4,0.26,0.115,0.0,True
"t:12.6136,78.0175:enusonai","m:12.6136,78.0175:enusonai",2,37.975,-11.715,0.0,False
"t:12.6137,78.0175:puliyangudi puliyangudi tenkasi tamil nadu","m:12.6136,78.0175:enusonai",1,90.306,-90.306,11.1,False
"t:12.6333,79.8333:rettamangalam","m:12.6333,79.8333:rettamangalam",5,0.855,-0.855,5.2,True
"t:12.6361,79.2333:semmanangur ew ulundurpettaii villupuram tamil nadu","m:12.6361,79.2333:ayyempettai",6,1.252,-0.141,3.4,True
"t:12.6583,76.6500:melukote","m:12.6583,76.6500:melukote",2,2.835,2.785,3.7,False
"t:12.6844,79.6292:akkur","m:12.6844,79.6292:akkur",2,2.625,-2.325,0.0,False
"t:12.6846,79.6292:alankulam alankulam tenkasi tamil nadu","m:12.6844,79.6292:akkur",1,42.115,-42.115,22.2,False
"t:12.7078,79.5611:nedumpirai ow","m:12.7078,79.5611:nedumpirai ow",2,2.137,-0.573,0.0,False
"t:12.7167,77.8333:hosur hp","m:12.7167,77.8333:hosur2",5,0.826,0.826,5.2,True
"t:12.7206,80.2279:nemmili","m:12.7206,80.2279:nemmili",3,0.955,-0.955,0.0,True
"t:12.7236,79.1256:kuppam","m:12.7236,79.1256:kuppam",7,3.035,-2.86,4.5,False
"t:12.7375,79.8417:thirumukkudal","m:12.7375,79.8417:thirumukkudal",8,0.543,0.543,3.6,True
"t:12.7583,77.9792:athimugam1","m:12.7583,77.9792:athimugam1",6,1.433,1.433,5.2,True
"t:12.7633,78.8386:chinnapallikuppam pz","m:12.7633,78.8386:chinnapallikuppam",5,4.039,4.039,3.9,False
"t:12.7633,78.8386:chinnapallikuppam pz","m:12.7633,78.8386:chinnapallikuppam pz",1,5.485,5.485,0.0,False
"t:12.7667,75.1083:vittal","m:12.7667,75.1083:vittal",2,1.052,-1.052,5.2,True
"t:12.7667,76.0500:arkalgud","m:12.7667,76.0500:arkalgud",3,0.58,-0.075,3.7,True
"t:12.7667,79.2667:mullandram","m:12.7667,79.2667:mullandram",6,1.537,-0.04,5.2,False
"t:12.7791,76.2465:holenarsipura","m:12.7791,76.2465:holenarsipura",2,0.943,-0.943,0.0,True
"t:12.8017,76.2719:tattekere","m:12.8017,76.2719:tattekere",3,0.825,-0.48,0.0,True
"t:12.8167,77.2208:jalamangala","m:12.8167,77.2208:jalamangala",3,0.54,-0.35,5.2,True
"t:12.8181,79.9367:vadakkupattu pz","m:12.8181,79.9367:vadakkupattu pz",3,0.66,0.285,0.0,True
"t:12.8278,79.3028:timiri thimiri vellore tamil nadu","m:12.8278,79.3028:timiri",3,0.091,0.041,3.5,True
"t:12.8417,75.5333:shiradi","m:12.8417,75.5333:shiradi",2,0.53,-0.53,5.2,True
"t:12.8417,80.0667:guduvancheri pz","m:12.8417,80.0667:guduvancheri",9,1.93,1.93,4.7,False
"t:12.8417,80.0667:guduvancheri pz","m:12.8417,80.0667:guduvancheri pz",2,4.15,-3.33,0.0,False
"t:12.8506,79.9119:panruti kandigai sriperumbudur kancheepur am tamil nadu","m:12.8508,79.9122:panruti-kandigai",7,0.197,0.063,43.5,True
"t:12.8638,80.2440:uthandi","m:12.8638,80.2440:uthandi",4,0.305,0.145,0.0,True
"t:12.8694,77.5389:thalaghattapurapz","m:12.8694,77.5389:thalaghattapurapz",4,0.748,-0.748,5.1,True
"t:12.8700,77.5800:jayanagar","m:12.8700,77.5800:jayanagar",1,0.98,-0.98,0.0,False
"t:12.8747,78.7597:karkur ew","m:12.8747,78.7597:karkur ew",1,3.473,-3.473,0.0,False
"t:12.8778,79.1333:virupachipuram(bagayam)","m:12.8778,79.1333:virupachipuram(bagayam)",6,0.751,0.453,4.4,True
"t:12.8800,79.6200:baluchettychatram(muttavakkam)","m:12.8800,79.6200:baluchettychatram(muttavakkam)",2,26.695,-26.695,0.0,False
"t:12.8847,80.1136:nedunkundram kattankolathur kancheepur am tamil nadu","m:12.8847,80.1136:nedunkundram",2,0.632,0.103,2.5,True
"t:12.8847,80.1136:ponmar kattankolathur kancheepuram tamil nadu","m:12.8847,80.1136:nedunkundram",2,2.201,-2.201,2.5,False
"t:12.8922,80.0689:mannivakkam","m:12.8919,80.0689:mudichur",1,5.405,5.405,28.9,False
"t:12.8922,80.0689:mannivakkam","m:12.8922,80.0689:mannivakkam",4,2.602,2.048,0.0,False
"t:12.8940,76.1636:mosale hosahalli","m:12.8940,76.1636:mosale hosahalli",2,0.553,-0.152,0.0,True
"t:12.8956,80.2500:panaiyur","m:12.8956,80.2500:panaiyur",3,0.04,-0.04,0.0,True
"t:12.9000,75.0417:bantwal","m:12.9000,75.0417:bantwal",2,8.865,-8.865,3.6,False
"t:12.9000,78.9458:palligonda","m:12.9000,78.9458:palligonda",6,1.402,1.026,3.6,True
"t:12.9035,79.9139:palacode  palacode dharmapuri  tamil nadu","m:12.9036,79.9139:vadekkal (palnallur)",1,25.953,-25.953,11.1,False
"t:12.9083,76.3833:channarayapatna","m:12.9083,76.3833:channarayapatna",4,3.532,0.277,5.2,False
"t:12.9119,79.0858:abdullapuram pz vellore vellore tamil nadu","m:12.9119,79.0858:abdullapuram pz",3,0.619,0.378,5.5,True
"t:12.9122,76.0347:dodda nayakanahalli","m:12.9122,76.0347:dodda nayakanahalli",2,0.522,0.112,0.0,True
"t:12.9125,80.0125:paddapai","m:12.9125,80.0125:paddapai",7,2.83,2.83,0.0,False
"t:12.9167,80.1083:perungulathur","m:12.9167,80.1083:perungulathur",8,0.857,0.725,5.2,True
"t:12.9186,76.1216:kittane","m:12.9186,76.1216:kittane",3,0.58,-0.275,0.0,True
"t:12.9263,80.2506:injambakkam","m:12.9263,80.2506:injambakkam",4,0.375,-0.375,0.0,True
"t:12.9333,79.3500:ranipet2","m:12.9333,79.3500:ranipet2",6,4.984,4.984,3.7,False
"t:12.9375,78.7250:pernambattu","m:12.9375,78.7250:pernambattu",7,1.155,0.85,0.0,True
"t:12.9500,77.5900:lalbagh garden","m:12.9500,77.5900:lalbagh garden",1,0.64,-0.64,0.0,False
"t:12.9583,77.2333:magadi1","m:12.9583,77.2333:magadi1",3,0.9,-0.9,5.2,True
"t:12.9597,79.1125:jaffrapet ow","m:12.9597,79.1125:jaffrapet ow",1,27.25,27.25,0.0,False
"t:12.9611,78.9800:kv kuppam","m:12.9611,78.9800:kv kuppam",7,1.245,1.245,1.2,True
"t:12.9625,79.2875:avarakarai","m:12.9625,79.2875:avarakarai",7,1.272,1.272,0.0,True
"t:12.9728,80.1544:pallavaram","m:12.9728,80.1544:pallavaram",6,11.89,11.89,4.9,False
"t:12.9750,76.8833:yediyur","m:12.9750,76.8833:yediyur",3,2.05,-0.84,3.6,False
"t:12.9867,80.2497:guindy (clri)","m:12.9867,80.2497:guindy (clri)",2,0.615,0.42,0.0,True
"t:12.9867,80.2497:guindy (clri)","m:12.9867,80.2497:taramani (nittr pz)",3,2.246,-2.246,0.0,False
"t:12.9867,80.2497:taramani (nittr pz)","m:12.9867,80.2497:guindy (clri)",2,3.19,3.19,0.0,False
"t:12.9867,80.2497:taramani (nittr pz)","m:12.9867,80.2497:taramani (nittr pz)",3,0.465,0.465,0.0,True
"t:12.9879,80.2678:thiruvanmaiyour","m:12.9879,80.2678:thiruvanmaiyour",2,0.54,-0.54,0.0,True
"t:12.9897,79.6178:kariyakudal","m:12.9897,79.6178:kariyakudal",2,0.67,0.67,0.0,True
"t:12.9917,75.2917:belthangadi","m:12.9917,75.2917:belthangadi",2,9.125,9.125,5.2,False
"t:13.0008,79.8661:kottaiyur","m:13.0008,79.8661:kottaiyur",1,6.385,-6.385,0.0,False
"t:13.0089,80.2627:adayar","m:13.0089,80.2627:adayar",4,0.082,-0.082,0.0,True
"t:13.0175,76.2189:gadenahalli","m:13.0175,76.2189:gadenahalli",3,0.175,-0.11,0.0,True
"t:13.0292,77.0333:nagavalli","m:13.0292,77.0333:nagavalli",3,0.16,-0.16,5.2,True
"t:13.0326,77.7581:kannamangala","m:13.0326,77.7581:kannamangala",1,37.8,-37.8,0.0,False
"t:13.0347,77.9847:doddashivara","m:13.0347,77.9847:doddashivara",1,0.285,-0.285,3.4,False
"t:13.0350,79.9283:valasai vettikadu (illupur) ow","m:13.0350,79.9283:valasai vettikadu (illupur) ow",2,5.84,-5.84,0.0,False
"t:13.0375,75.9014:bommanamane","m:13.0375,75.9014:bommanamane",3,4.175,-4.175,0.0,False
"t:13.0508,75.9839:bailahalli","m:13.0508,75.9839:bailahalli",1,8.815,-8.815,0.0,False
"t:13.0571,76.7939:bytara hosahalli","m:13.0571,76.7939:bytara hosahalli",2,6.982,-6.982,0.0,False
"t:13.0625,77.3458:yentiganahalli","m:13.0625,77.3458:yentiganahalli",1,0.37,-0.37,3.6,False
"t:13.0650,76.7015:mavinakere","m:13.0650,76.7015:mavinakere",1,0.04,0.04,0.0,False
"t:13.0667,77.2500:solur","m:13.0667,77.2500:solur",3,0.74,-0.74,3.7,True
"t:13.0700,78.1600:hudukula","m:13.0700,78.1600:hudukula",1,0.06,-0.06,0.0,False
"t:13.0800,77.4400:dasanapura","m:13.0800,77.4400:dasanapura",2,3.338,3.293,0.0,False
"t:13.0861,74.7944:mulki","m:13.0861,74.7944:mulki",2,0.76,-0.65,0.0,True
"t:13.0894,76.1172:somenahalli","m:13.0894,76.1172:somenahalli",1,6.615,-6.615,0.0,False
"t:13.0917,79.6583:arakkonam-pz","m:13.0917,79.6583:arakkonam",5,2.16,-0.72,5.2,False
"t:13.1083,77.1625:kuduru pz","m:13.1083,77.1625:kuduru pz",3,0.98,-0.945,0.0,True
"t:13.1111,79.4264:ponnai","m:13.1111,79.4264:ponnai",1,1.285,1.285,0.0,False
"t:13.1170,80.2852:wasahermenpet","m:13.1170,80.2852:wasahermenpet",4,0.06,0.04,0.0,True
"t:13.1192,80.1608:thiruninravur","m:13.1192,80.1608:thiruninravur",1,3.305,3.305,0.0,False
"t:13.1250,75.6333:bijuvalli","m:13.1250,75.6333:bijuvalli",4,0.565,-0.565,3.6,True
"t:13.1300,77.4800:hesaraghatta pz","m:13.1300,77.4800:hesaraghatta pz",2,0.63,-0.63,0.0,True
"t:13.1306,80.1081:avadi ow","m:13.1306,80.1081:avadi ow",1,2.0,-2.0,0.0,False
"t:13.1478,79.1983:m bandarampally","m:13.1478,79.1983:m bandarampally",2,2.28,-0.48,0.0,False
"t:13.1531,79.3825:balapuram (veeramangalam)","m:13.1531,79.3825:balapuram (veeramangalam)",1,1.525,-1.525,0.0,False
"t:13.1667,75.8833:belur pz","m:13.1667,75.8833:belur pz",3,1.385,-1.385,5.2,True
"t:13.1667,75.8833:belur pz","m:13.1667,75.8833:belur1",3,3.13,3.13,5.2,False
"t:13.1667,76.6667:turuvekere1","m:13.1667,76.6667:turuvekere1",3,0.975,-0.69,5.2,True
"t:13.1675,78.1494:moorandahalli naquim","m:13.1675,78.1494:moorandahalli naquim",3,0.43,-0.43,0.0,True
"t:13.1723,80.2498:mathur","m:13.1723,80.2498:mathur",4,8.708,8.708,0.0,False
"t:13.1728,79.6128:madam","m:13.1728,79.6128:madam",2,2.417,2.417,0.0,False
"t:13.1728,79.6128:madam","m:13.1728,79.6128:madam(d)",7,1.247,1.247,3.4,True
"t:13.1750,79.6083:poonimangadu","m:13.1750,79.6083:poonimangadu",6,0.55,-0.46,3.6,True
"t:13.1897,79.5831:agoor","m:13.1897,79.5831:agoor",1,0.095,0.095,0.0,False
"t:13.1897,79.5831:agoor","m:13.1897,79.5831:agoor(d)",6,2.78,-2.78,5.4,False
"t:13.1906,78.9086:bangarupalem","m:13.1906,78.9086:bangarupalem pz",2,2.582,2.582,5.1,False
"t:13.1908,79.0345:mordanapally","m:13.1908,79.0345:mordanapally",2,1.91,1.91,0.0,False
"t:13.1947,77.4556:madhure","m:13.1947,77.4556:madhure",2,6.68,-6.68,0.0,False
"t:13.1972,79.3697:v r kuppam","m:13.1972,79.3697:v r kuppam",2,0.848,-0.848,3.4,True
"t:13.2109,76.4595:rangapura","m:13.2109,76.4595:rangapura",1,0.985,-0.985,0.0,False
"t:13.2198,80.1605:nallur","m:13.2198,80.1605:nallur",3,2.42,-0.39,0.0,False
"t:13.2250,74.7500:kaup","m:13.2250,74.7500:kaup",2,3.495,-3.495,0.0,False
"t:13.2500,77.7200:devanhalli","m:13.2500,77.7200:devanhalli",1,0.56,-0.56,0.0,False
"t:13.2597,78.2175:tirumani","m:13.2597,78.2175:tirumani",2,0.675,-0.675,0.0,True
"t:13.2600,76.4800:tiptur1","m:13.2600,76.4800:tiptur1",2,0.2,-0.07,0.0,True
"t:13.2700,78.0000:dalasanur","m:13.2700,78.0000:dalasanur",2,0.36,-0.36,0.0,True
"t:13.2775,78.9600:aragonda","m:13.2775,78.9600:aragonda",2,0.278,-0.062,0.0,True
"t:13.2789,79.8508:goonipalayam","m:13.2789,79.8508:goonipalayam",2,2.57,-2.56,0.0,False
"t:13.2792,79.8507:goonipalayam ow uthukottai thiruvallur tamil nadu","m:13.2789,79.8508:goonipalayam",1,0.327,0.327,35.1,False
"t:13.2862,80.2191:vannipakam","m:13.2862,80.2191:vannipakam",3,3.68,3.68,0.0,False
"t:13.2864,80.0000:enambakkam","m:13.2864,80.0000:enambakkam",2,1.66,1.17,0.0,False
"t:13.2900,76.4800:huchanahatti pz","m:13.2900,76.4800:huchanahatti pz",2,25.993,-25.993,0.0,False
"t:13.2961,80.0644:panapakkam","m:13.2961,80.0644:panapakkam",2,0.677,0.677,0.0,True
"t:13.2986,80.1812:amoor","m:13.2986,80.1812:amoor",4,0.422,0.04,0.0,True
"t:13.3067,76.7844:marishettyhalli ow naquim","m:13.3067,76.7844:marishettyhalli ow naquim",4,1.608,-1.25,0.0,False
"t:13.3083,77.5417:dodballapur1","m:13.3083,77.5417:dodballapur1",4,0.91,-0.91,5.2,True
"t:13.3083,78.1000:kuruburu","m:13.3083,78.1000:kuruburu",2,17.375,-17.375,3.7,False
"t:13.3093,79.3291:pillarukuppam(chinnatayaru substation)","m:13.3092,79.3289:pillarakuppam",2,0.963,0.293,27.2,True
"t:13.3093,79.3291:pillarukuppam(chinnatayaru substation)","m:13.3093,79.3291:pillarukuppam(chinnatayaru substation)",1,0.79,0.79,0.0,False
"t:13.3108,79.2542:katikapally-pz","m:13.3108,79.2542:katikapally-pz",2,1.115,0.4,5.2,True
"t:13.3161,80.1458:chinnambedu","m:13.3161,80.1458:chinnambedu",1,0.15,0.15,0.0,False
"t:13.3167,80.2782:voyalur","m:13.3167,80.2782:voyalur",4,0.37,0.37,0.0,True
"t:13.3196,80.1709:kodur","m:13.3196,80.1709:kodur",4,3.685,2.905,0.0,False
"t:13.3203,75.0003:ajekar","m:13.3200,75.0000:ajekar",1,14.85,14.85,46.5,False
"t:13.3203,75.0003:ajekar","m:13.3203,75.0003:ajekar",2,9.68,9.68,0.0,False
"t:13.3250,75.7792:chikmagalur","m:13.3250,75.7792:chikmagalur",3,0.43,-0.43,3.6,True
"t:13.3264,79.1858:ugranampally-pz","m:13.3264,79.1858:ugranampally-pz",2,0.645,0.115,3.8,True
"t:13.3275,79.4228:velliagram","m:13.3275,79.4228:velliagram",2,2.377,2.377,0.0,False
"t:13.3300,80.1956:ponneri pz","m:13.3300,80.1956:ponneri",3,3.43,-3.43,4.8,False
"t:13.3333,77.1000:tumkur1","m:13.3333,77.1000:tumkur",2,1.09,-1.09,3.7,False
"t:13.3333,77.1000:tumkur1","m:13.3333,77.1000:tumkur1",2,0.38,-0.38,3.7,True
"t:13.3400,80.1757:elaimbedu","m:13.3400,80.1757:elaimbedu",3,0.805,-0.58,0.0,True
"t:13.3569,76.3861:chikka honnavali","m:13.3569,76.3861:chikka honnavali",2,0.428,-0.392,0.0,True
"t:13.3600,76.5700:sasalu pz","m:13.3600,76.5700:sasalu pz",3,5.735,-5.735,0.0,False
"t:13.3719,78.3541:somayajalahalli","m:13.3719,78.3541:somayajalahalli",3,1.145,0.51,0.0,True
"t:13.3725,78.1069:doddaganjur naquim","m:13.3725,78.1069:doddaganjur naquim",3,0.42,-0.42,0.0,True
"t:13.3739,76.6339:tarabenahalli","m:13.3739,76.6339:tarabenahalli",2,4.217,-4.217,0.0,False
"t:13.3800,76.4200:balavanerlu","m:13.3800,76.4200:balavanerlu",1,5.375,-5.375,0.0,False
"t:13.3800,76.4200:balavanerlu","m:13.3800,76.4200:balavanerlu pz",4,0.955,-0.335,0.0,True
"t:13.3800,76.4500:bommanahalli thanda pz","m:13.3800,76.4500:bommanahalli thanda pz",1,23.96,-23.96,0.0,False
"t:13.3900,76.5300:madihalli pz","m:13.3900,76.5300:madihalli pz",4,1.115,-0.6,0.0,True
"t:13.4083,77.0250:bellavi1","m:13.4083,77.0250:bellavi1",4,0.45,-0.45,3.7,True
"t:13.4108,76.4444:b.rangapura","m:13.4108,76.4444:b.rangapura",3,0.735,-0.735,0.0,True
"t:13.4172,79.1208:chittipirala-pz","m:13.4172,79.1208:chittipirala-pz",2,0.31,-0.03,4.4,True
"t:13.4200,76.4400:hosur pz","m:13.4200,76.4400:hosur pz",4,2.06,-2.06,0.0,False
"t:13.4200,76.4800:bharanapurapz","m:13.4200,76.4800:bharanapurapz",2,1.42,-1.42,0.0,True
"t:13.4239,79.4472:karvetinagar-pz","m:13.4239,79.4472:karvetinagar-pz",2,0.255,0.255,2.7,True
"t:13.4250,75.2583:sringeri","m:13.4250,75.2583:sringeri",3,0.72,-0.72,0.0,True
"t:13.4400,76.5000:madapurahat ti thanda pz","m:13.4400,76.5000:madapurahat ti thanda pz",3,3.8,-3.8,0.0,False
"t:13.4411,77.2169:doddapalanahalli ow naquim","m:13.4411,77.2169:doddapalanahalli ow naquim",2,2.825,-2.825,0.0,False
"t:13.4600,76.5400:ankasandrapz","m:13.4600,76.5400:ankasandrapz",1,13.6,-13.6,0.0,False
"t:13.4842,77.1928:tharaty","m:13.4842,77.1928:tharaty",1,1.565,-1.565,0.0,False
"t:13.5000,77.5333:manchenahalli","m:13.5000,77.5333:manchenahalli",4,0.41,-0.41,3.6,True
"t:13.5083,77.0167:nelahalu","m:13.5083,77.0167:nelahal1",1,0.41,-0.41,5.2,False
"t:13.5083,77.0167:nelahalu","m:13.5083,77.0167:nelahalu",2,0.492,-0.383,0.0,True
"t:13.5083,77.9508:madivala","m:13.5083,77.9508:madivala",1,14.43,-14.43,0.0,False
"t:13.5200,77.2300:koratagere2","m:13.5200,77.2300:koratagere2",1,0.88,0.88,0.0,False
"t:13.5208,76.6672:siddanakatte ow","m:13.5208,76.6672:siddanakatte ow",1,30.64,-30.64,0.0,False
"t:13.5272,79.0761:valiveedu-pz","m:13.5272,79.0761:valiveedu-pz",2,3.06,3.06,2.7,False
"t:13.5375,77.0669:tovinkere","m:13.5375,77.0669:tovinkere",2,0.745,-0.745,0.0,True
"t:13.5583,76.0167:kadur","m:13.5583,76.0167:kadur",3,0.435,-0.435,0.0,True
"t:13.5758,76.9011:sidhlakona ow naquim","m:13.5758,76.9011:sidhlakona ow naquim",2,2.642,0.312,0.0,False
"t:13.5800,76.5300:huliyar1","m:13.5800,76.5300:huliyar1",1,8.03,8.03,0.0,False
"t:13.6081,76.5333:kenkere ow","m:13.6081,76.5333:kenkere ow",4,1.048,-1.048,0.0,True
"t:13.6281,76.8842:dodda agrahara naquim","m:13.6281,76.8842:dodda agrahara naquim",2,1.933,-1.933,0.0,False
"t:13.6433,76.5842:somanahlli ow","m:13.6433,76.5842:somanahlli ow",3,2.2,-2.2,0.0,False
"t:13.6444,78.9503:piler(rural)-pz","m:13.6444,78.9503:piler(rural)-pz",2,0.25,-0.25,0.0,True
"t:13.6750,77.0675:dandinadibba","m:13.6750,77.0675:dandinadibba",2,0.938,-0.938,0.0,True
"t:13.6833,75.5250:narasimharajapura","m:13.6833,75.5250:narasimharajapura",3,0.63,-0.63,3.7,True
"t:13.6922,77.7181:kondavalahalli","m:13.6922,77.7181:kondavalahalli",2,3.42,-1.02,0.0,False
"t:13.7000,77.4889:chauluru","m:13.7000,77.4889:chauluru-bh",2,0.185,-0.165,1.2,True
"t:13.7212,76.2010:aladhahalli_ew","m:13.7212,76.2010:aladhahalli_ew",1,1.94,-1.94,0.0,False
"t:13.7333,76.0125:ajjampura","m:13.7333,76.0125:ajjampur",2,0.4,-0.4,3.7,True
"t:13.7333,76.0125:ajjampura","m:13.7333,76.0125:ajjampura",1,0.92,-0.92,0.0,False
"t:13.7417,76.9000:sira","m:13.7417,76.9000:sira1",2,0.453,-0.453,3.7,True
"t:13.7500,77.2000:hosakere2","m:13.7500,77.2000:hosakere2",5,0.75,-0.75,0.0,True
"t:13.7528,76.7836:g.ranganahalli ow naquim","m:13.7528,76.7836:g.ranganahalli ow naquim",1,100.67,-100.67,0.0,False
"t:13.8333,75.6000:shimoga","m:13.8333,75.6000:shimoga",4,0.485,-0.485,0.0,True
"t:13.8508,77.4794:sevamandiram","m:13.8508,77.4794:sevamandiram",1,8.89,-8.89,0.0,False
"t:13.8531,75.6960:ubrani","m:13.8531,75.6960:ubrani",1,0.03,0.03,0.0,False
"t:13.8794,77.5308:manesamudram","m:13.8794,77.5308:manesamudram-pz",1,1.71,1.71,6.1,False
"t:13.8814,77.1597:hottebetta, ew of aq-i (1st well)","m:13.8814,77.1597:hottebetta, ew of aq-i (1st well)",2,0.555,-0.365,0.0,True
"t:13.8814,77.1597:hottebetta, ew of aq-i (1st well)","m:13.8814,77.1597:hottebetta-pz",1,2.12,2.12,2.7,False
"t:13.8897,77.6075:chalivendla","m:13.8897,77.6075:chalivendla",1,1.17,-1.17,0.0,False
"t:13.8897,77.6075:chalivendla","m:13.8897,77.6075:chalivendla-pz",1,3.145,-3.145,2.5,False
"t:13.9194,78.1986:tanakallu  - pz","m:13.9194,78.1986:tanakallu  - pz",1,0.15,0.15,0.0,False
"t:13.9194,78.1986:tanakallu  - pz","m:13.9194,78.1986:tanakallu-pz",1,1.95,-1.95,5.1,False
"t:13.9228,77.9506:gortipalli naquim ow","m:13.9228,77.9506:gortipalli naquim ow",3,13.545,13.545,0.0,False
"t:13.9278,77.3203:bullasamudram","m:13.9278,77.3203:bullasamudram-pz",2,0.308,-0.308,3.4,True
"t:13.9431,77.2708:madakasira-pz","m:13.9431,77.2708:madakasira-pz",2,0.545,-0.545,6.1,True
"t:13.9494,78.6883:chinnamandyam","m:13.9494,78.6883:chinnamandyam",1,1.09,1.09,0.0,False
"t:13.9654,76.2017:avinatti_ew","m:13.9654,76.2017:avinatti_ew",1,1.305,1.305,0.0,False
"t:13.9656,77.0611:timmalapuram-pz","m:13.9656,77.0611:timmalapuram-pz",2,42.365,-42.365,5.1,False
"t:13.9833,77.7667:gorantla-pz","m:13.9833,77.7667:gorantla-pz",1,0.195,-0.195,5.2,False
"t:14.0267,77.5403:asvattarayana roppam, ew of aq-i (1st well)","m:14.0267,77.5403:asvattarayana roppam, ew of aq-i (1st well)",1,5.315,-5.315,0.0,False
"t:14.0356,78.0017:o.d.cheruvu - pz","m:14.0356,78.0017:o.d.cheruvu - pz",1,0.34,0.34,0.0,False
"t:14.0367,77.3686:narasingarayana roppam, ow2 of aq-ii (3rd well)","m:14.0367,77.3686:narasingarayana roppam, ow2 of aq-ii (3rd well)",2,37.65,-37.65,0.0,False
"t:14.0414,76.0022:hodikere-ew","m:14.0414,76.0022:hodikere-ew",1,0.42,-0.42,0.0,False
"t:14.0469,77.0444:aladahalli-pz","m:14.0469,77.0444:aladahalli-pz",2,3.56,-2.065,6.9,False
"t:14.0750,78.9444:pujarivandlapally","m:14.0750,78.9444:pujarivandlapally-pz",2,0.525,0.22,4.8,True
"t:14.0833,77.5889:penukonda  - pz","m:14.0833,77.5889:penukonda  - pz",2,0.18,0.1,0.0,True
"t:14.1083,78.1583:kadiri - pz","m:14.1083,78.1583:kadiri - pz",2,0.292,0.022,5.2,True
"t:14.1220,75.4864:chinnikatte","m:14.1220,75.4864:chinnikatte",1,0.335,-0.335,0.0,False
"t:14.1264,76.9778:amrapuram pz","m:14.1264,76.9778:amarapuram-pz",2,0.097,-0.077,2.7,True
"t:14.1264,76.9778:amrapuram pz","m:14.1264,76.9778:amrapuram pz",1,0.02,0.02,0.0,False
"t:14.1397,79.2064:pothanavaripally","m:14.1397,79.2064:pothannavaripally-pz",2,17.33,15.045,2.7,False
"t:14.1403,76.9044:valasa agraharam, ew of aq-ii","m:14.1403,76.9044:valasa agraharam, ew of aq-ii",1,0.76,-0.76,0.0,False
"t:14.1403,76.9044:valasa agraharam, ew of aq-ii","m:14.1403,76.9044:valasa agraharam-pz",1,0.37,-0.37,5.4,False
"t:14.1417,78.5833:bodireddygaripally","m:14.1417,78.5833:bodireddygaripally",1,9.29,-9.29,0.0,False
"t:14.1417,78.5833:bodireddygaripally","m:14.1417,78.5833:bodireddygaripally-pz",2,9.865,-9.865,5.2,False
"t:14.1631,75.8536:hosanagara-ow","m:14.1631,75.8536:hosanagara-ow",1,0.265,0.265,0.0,False
"t:14.1725,79.2622:chitvel","m:14.1725,79.2622:chitvel",1,2.79,-2.79,0.0,False
"t:14.1725,79.2622:chitvel","m:14.1725,79.2622:chitvel-pz",1,1.135,-1.135,2.4,False
"t:14.1847,76.8806:dodda chelur","m:14.1847,76.8806:doddachellur",3,0.56,-0.56,5.4,True
"t:14.1917,74.4675:manki","m:14.1917,74.4675:manki",1,0.03,-0.03,0.0,False
"t:14.2125,74.9011:talaguppa","m:14.2125,74.9011:talaguppa",2,0.655,0.185,0.0,True
"t:14.2129,75.7124:benkanahalli","m:14.2129,75.7124:benkanahalli",1,0.08,0.08,0.0,False
"t:14.2200,76.1200:muthugaduru","m:14.2200,76.1200:muthugaduru",1,0.1,0.1,0.0,False
"t:14.2247,75.8103:kotihal-ow","m:14.2247,75.8103:kotihal-ow",1,0.05,-0.05,0.0,False
"t:14.2431,78.2625:talapula - pz","m:14.2431,78.2625:talapula - pz",2,1.563,1.563,0.0,False
"t:14.2700,77.6200:chenna kothapalli - pz","m:14.2700,77.6200:chenna kothapalli - pz",1,0.01,0.01,0.0,False
"t:14.2700,77.6200:chenna kothapalli - pz","m:14.2700,77.6200:chenna kothapalli-pz",2,0.335,-0.095,0.0,True
"t:14.3056,79.2622:penagaluru","m:14.3056,79.2622:penagaluru-pz",2,1.033,-1.033,5.5,True
"t:14.3133,76.6708:dindahalli-ow","m:14.3133,76.6708:dindahalli-ow",1,9.485,-9.485,0.0,False
"t:14.3272,78.3564:giddangivaripally","m:14.3272,78.3564:giddangivaripally",1,2.99,2.99,0.0,False
"t:14.3272,78.3564:giddangivaripally","m:14.3272,78.3564:giddangivaripally-pz",1,0.27,0.27,2.7,False
"t:14.3336,76.0906:honnanayakanahalli-ow","m:14.3336,76.0906:honnanayakanahalli-ow",1,0.585,-0.585,0.0,False
"t:14.3403,77.9931:mudigubba - pz","m:14.3403,77.9931:mudigubba - pz",1,0.775,-0.775,0.0,False
"t:14.3430,75.5114:hosakatti","m:14.3430,75.5114:hosakatti",1,0.375,0.375,0.0,False
"t:14.3719,75.9756:kurki-ew","m:14.3719,75.9756:kurki-ew",1,1.22,-1.22,0.0,False
"t:14.3800,76.1000:hebbalu","m:14.3800,76.1000:hebbalu",1,0.27,0.27,0.0,False
"t:14.3972,79.0511:salabad,vontimitta","m:14.3972,79.0511:salabad(vontimitta)-pz",1,0.86,-0.86,2.7,False
"t:14.3972,79.0511:salabad,vontimitta","m:14.3972,79.0511:salabad,vontimitta",1,1.085,-1.085,0.0,False
"t:14.3989,78.1831:e kothapally-pz","m:14.3989,78.1831:e kothapally-pz",2,0.392,-0.392,0.0,True
"t:14.4106,75.6472:nandigudi","m:14.4106,75.6472:nandigudi",3,1.225,-1.225,5.5,True
"t:14.4300,76.3000:bidarakere","m:14.4300,76.3000:bidarakere",1,2.19,-2.19,0.0,False
"t:14.4469,76.0089:igoor-ew","m:14.4469,76.0089:igoor-ew",1,0.005,-0.005,0.0,False
"t:14.4558,75.8692:hale kunuvada-ew","m:14.4558,75.8692:hale kunuvada-ew",1,1.535,-1.535,0.0,False
"t:14.4592,78.8797:sri ram nagar gwd kadapa","m:14.4592,78.8797:sri ram nagar gwd kadapa",1,12.62,-12.62,0.0,False
"t:14.4592,78.8797:sri ram nagar gwd kadapa","m:14.4592,78.8797:sriramnagar-pz",1,11.395,-11.395,4.4,False
"t:14.4683,78.6942:mittameedipally-pz","m:14.4683,78.6942:mittameedipally-pz",1,0.35,-0.35,0.0,False
"t:14.4683,78.6942:mittameedipally-pz","m:14.4683,78.6942:mittamidipally-pz",1,0.775,0.775,5.2,False
"t:14.4700,76.5500:naikanahatti","m:14.4700,76.5500:naikanahatti",1,0.03,0.03,0.0,False
"t:14.4714,75.9433:basapura-ow","m:14.4714,75.9433:basapura-ow",1,1.04,-1.04,0.0,False
"t:14.4761,75.4871:hullatti","m:14.4761,75.4871:hullatti",1,8.25,8.25,0.0,False
"t:14.4908,76.4006:donehalli-ew","m:14.4908,76.4006:donehalli-ew",1,0.095,0.095,0.0,False
"t:14.5153,75.8083:harihara pz","m:14.5153,75.8083:harihara pz",4,0.8,-0.8,4.4,True
"t:14.5167,76.3361:jagaluru-ow","m:14.5167,76.3361:jagaluru-ow",1,2.57,-2.57,0.0,False
"t:14.5261,78.1390:bonala","m:14.5261,78.1390:bonala",1,2.55,2.55,0.0,False
"t:14.5331,78.4944:ayyawaripally-pz","m:14.5331,78.4944:ayyavaripalli-pz",1,0.015,0.015,6.9,False
"t:14.5331,78.4944:ayyawaripally-pz","m:14.5331,78.4944:ayyawaripally-pz",1,0.12,-0.12,0.0,False
"t:14.5333,74.8342:kansur","m:14.5333,74.8342:kansur",1,0.79,0.79,0.0,False
"t:14.5514,77.7330:sanjivapuram","m:14.5514,77.7330:sanjivapuram",1,2.94,2.94,0.0,False
"t:14.5667,75.1500:anavatti1","m:14.5667,75.1500:anavatti1",3,1.03,1.03,3.7,True
"t:14.6089,76.2950:hosakere-ew","m:14.6089,76.2950:hosakere-ew",1,8.125,-8.125,0.0,False
"t:14.6092,76.3950:dodda bommanahalli-ew","m:14.6092,76.3950:dodda bommanahalli-ew",1,1.37,-1.37,0.0,False
"t:14.6303,78.5394:yerraguntla-pz","m:14.6303,78.5394:yerraguntla-pz",2,1.223,-1.223,0.0,True
"t:14.6639,74.3178:ankola","m:14.6639,74.3178:ankola",1,2.52,2.52,0.0,False
"t:14.6750,77.6083:anantapur - pz","m:14.6750,77.6083:anantapur - pz",1,0.07,-0.07,0.0,False
"t:14.6750,77.6083:anantapur - pz","m:14.6750,77.6083:anantapur-pz",1,0.11,-0.11,3.6,False
"t:14.6772,78.4000:muddanur-pz","m:14.6772,78.4000:muddanur-pz",2,0.07,-0.04,0.0,True
"t:14.6803,79.1558:chennavaram (peddaprolukunta)","m:14.6803,79.1558:chennavaram (peddaprolukunta)",1,5.975,5.975,0.0,False
"t:14.6803,79.1558:chennavaram (peddaprolukunta)","m:14.6803,79.1558:chennavaram-pz",1,1.69,-1.69,4.4,False
"t:14.6917,77.6583:rekulakunta - pz","m:14.6917,77.6583:rekulakunta - pz",2,0.22,0.14,0.0,True
"t:14.7056,76.6903:rayapura","m:14.7056,76.6903:rayapura",4,0.49,-0.39,5.5,True
"t:14.7167,75.4667:motebennur","m:14.7167,75.4667:motebennur",2,2.93,-2.93,5.2,False
"t:14.7167,76.4917:chikjohalli","m:14.7167,76.4917:chikjohalli",3,1.465,-1.465,0.0,True
"t:14.7200,78.6931:laxmipet (kethavaram substation) -pz","m:14.7200,78.6931:laxmipet (kethavaram substation) -pz",1,0.57,-0.57,0.0,False
"t:14.7200,78.6931:laxmipet (kethavaram substation) -pz","m:14.7200,78.6931:laxmipet-pz",1,3.81,3.81,4.8,False
"t:14.7917,75.9833:harapanahalli","m:14.7917,75.9833:harapanahalli",4,1.125,-1.125,0.0,True
"t:14.7951,79.0108:prabhalaveedu","m:14.7951,79.0108:prabhalaveedu",1,0.245,-0.245,0.0,False
"t:14.8097,76.7931:asoka siddapura","m:14.8097,76.7931:asoka siddapura",1,9.62,-9.62,5.4,False
"t:14.8333,78.6633:pullareddypet","m:14.8333,78.6633:pullareddypet",1,0.5,0.5,0.0,False
"t:14.8345,76.5433:chendrasekharpur","m:14.8345,76.5433:chendrasekharpur",1,16.89,-16.89,0.0,False
"t:14.8422,78.1431:kondapuram","m:14.8422,78.1431:kodapuram-pz",1,0.04,0.04,5.4,False
"t:14.8422,78.1431:kondapuram","m:14.8422,78.1431:kondapuram",1,0.04,0.04,0.0,False
"t:14.8472,78.7858:adireddipally","m:14.8472,78.7858:adireddipally",1,3.505,-3.505,0.0,False
"t:14.8472,78.7858:adireddipally","m:14.8472,78.7858:adireddipally-pz",1,13.31,-13.31,4.4,False
"t:14.8533,78.7795:tippyreddy palle","m:14.8531,78.7794:tippireddipalle",2,37.282,-37.282,28.6,False
"t:14.8578,78.3419:mylavaram-pz","m:14.8578,78.3419:mylavaram-pz",2,2.25,2.25,0.0,False
"t:14.8917,75.5675:hosaritti","m:14.8917,75.5675:hosaritti",1,1.415,-1.415,0.0,False
"t:14.9083,78.0083:tadipatri-pz","m:14.9083,78.0083:tadipatri-pz",2,0.29,0.18,5.2,True
"t:14.9250,75.8417:hirehadagalli","m:14.9250,75.8417:hirehadagalli",3,0.56,0.56,3.6,True
"t:14.9400,76.0900:ittigi","m:14.9400,76.0900:ittigi",1,0.13,0.13,0.0,False
"t:14.9447,78.2200:dhodiyam-pz","m:14.9447,78.2200:dhodiumpz",1,8.82,8.82,2.5,False
"t:14.9447,78.2200:dhodiyam-pz","m:14.9447,78.2200:dhodiyam-pz",1,1.13,1.13,0.0,False
"t:14.9506,78.9549:sagileru","m:14.9506,78.9547:sagileru",1,0.025,-0.025,19.7,False
"t:14.9506,78.9549:sagileru","m:14.9506,78.9549:sagileru",1,0.01,-0.01,0.0,False
"t:14.9608,76.2554:bennekallu-ew","m:14.9608,76.2554:bennekallu-ew",1,2.775,-2.775,0.0,False
"t:14.9667,74.0883:ponquini","m:14.9667,74.0883:ponquini",2,0.24,0.2,0.0,True
"t:14.9883,74.1450:dabel","m:14.9883,74.1450:dabel",2,1.6,0.2,0.0,False
"t:14.9983,74.1950:yedda","m:14.9983,74.1950:yedda",2,0.73,-0.73,0.0,True
"t:15.0500,77.8750:yadiki-pz","m:15.0500,77.8750:yadiki-pz",2,0.23,0.085,0.0,True
"t:15.0583,74.8500:kirvatti","m:15.0583,74.8500:kirvatti",3,0.595,-0.595,0.0,True
"t:15.0775,76.0621:bannikallu","m:15.0775,76.0621:bannikallu",1,29.55,29.55,0.0,False
"t:15.1083,77.6250:gooty - pz","m:15.1083,77.6250:gooty - pz",1,2.1,-2.1,0.0,False
"t:15.1083,77.6250:gooty - pz","m:15.1083,77.6250:gooty-pz",1,2.07,-2.07,3.7,False
"t:15.1194,76.0278:hampasagara","m:15.1194,76.0278:hampasagara",2,2.74,-2.74,0.0,False
"t:15.1286,76.2030:anandevanahali-ew","m:15.1286,76.2030:anandevanahali-ew",1,12.23,-12.23,0.0,False
"t:15.1959,76.9816:sirivara","m:15.1959,76.9816:sirivara",1,0.17,0.17,0.0,False
"t:15.2002,76.7531:kudthani","m:15.2002,76.7531:kudthani",1,3.445,-3.445,0.0,False
"t:15.2050,73.9783:chinchinim","m:15.2050,73.9783:chinchinim",2,0.305,0.22,0.0,True
"t:15.2250,76.6083:gadiganur","m:15.2250,76.6083:gadiganur",3,0.8,-0.8,0.0,True
"t:15.2329,75.9832:alawandi","m:15.2329,75.9832:alawandi",1,0.475,-0.475,0.0,False
"t:15.2373,76.6922:hosadaroji","m:15.2373,76.6922:hosadaroji",1,0.37,-0.37,0.0,False
"t:15.2542,76.3175:muslapur","m:15.2542,76.3175:muslapur",1,0.72,-0.72,0.0,False
"t:15.2542,76.5172:gangavathi","m:15.2542,76.5172:gangavathi",3,7.25,-7.25,0.0,False
"t:15.2567,74.0550:chandavar","m:15.2567,74.0550:chandavar",2,0.365,0.325,0.0,True
"t:15.3028,76.4778:kamalapur","m:15.3028,76.4778:kamalapur",3,0.355,-0.355,0.0,True
"t:15.3042,73.9681:manora rai","m:15.3042,73.9681:manora rai",2,0.735,0.735,0.0,True
"t:15.3117,74.1533:sanqulim","m:15.3117,74.1533:sanqulim",2,11.58,-11.58,0.0,False
"t:15.3139,77.8639:kochcheruvu","m:15.3139,77.8639:kochcheruvu",2,23.508,-23.508,0.0,False
"t:15.3458,79.6233:alavalapadu","m:15.3458,79.6233:alavalapadu 2012pz",2,2.25,-2.25,5.1,False
"t:15.3458,79.6233:alavalapadu","m:15.3458,79.6233:pedda alavalapadu-dw14",1,3.42,-3.42,5.1,False
"t:15.3483,74.2633:meidawada","m:15.3483,74.2633:meidawada",2,0.66,0.52,0.0,True
"t:15.3486,77.1489:bapuram1","m:15.3486,77.1489:bapuram1",2,0.365,0.365,1.7,True
"t:15.3542,73.9250:verna","m:15.3542,73.9250:verna",2,0.465,0.345,0.0,True
"t:15.3758,74.2303:molem","m:15.3758,74.2303:molem",2,1.368,-1.157,0.0,True
"t:15.3917,75.7167:lakkundi","m:15.3917,75.7167:lakkundi",3,0.425,0.425,5.1,True
"t:15.4000,77.8800:dhone","m:15.4000,77.8800:dhone-pz",2,0.355,-0.075,0.0,True
"t:15.4139,73.9389:madakai","m:15.4139,73.9389:madakai",2,0.582,0.403,0.0,True
"t:15.4167,74.6167:nagarahalli","m:15.4167,74.6167:nagarahalli",3,0.355,0.335,0.0,True
"t:15.4361,76.8333:sirigere","m:15.4361,76.8333:sirigere",2,0.898,-0.898,0.0,True
"t:15.4403,76.3261:indragi","m:15.4403,76.3261:indragi",1,0.85,-0.85,0.0,False
"t:15.4417,73.9056:ajosi","m:15.4417,73.9056:ajosi",2,0.24,0.24,0.0,True
"t:15.4805,76.6635:kuntoji","m:15.4805,76.6635:kuntoji",1,10.67,10.67,0.0,False
"t:15.4958,73.8319:mola","m:15.4958,73.8319:mola",2,0.223,0.223,0.0,True
"t:15.5144,79.0553:bestavaripeta","m:15.5144,79.0553:bestavaripeta",2,2.22,1.69,0.0,False
"t:15.5144,79.0553:bestavaripeta","m:15.5144,79.0553:bestavaripeta1",1,1.74,1.74,5.5,False
"t:15.5148,76.5227:marukumbi","m:15.5148,76.5227:marukumbi",1,1.465,-1.465,0.0,False
"t:15.5303,76.2947:hosagal","m:15.5303,76.2947:hosagal",1,1.765,-1.765,0.0,False
"t:15.5340,73.7926:saligao","m:15.5340,73.7926:saligao",1,0.59,0.59,0.0,False
"t:15.5467,75.3528:navalgund","m:15.5467,75.3528:navalgund",3,0.17,-0.17,0.0,True
"t:15.5522,77.9347:veldurti1","m:15.5522,77.9347:veldurti1",1,0.45,0.45,3.4,False
"t:15.5528,73.9264:narve","m:15.5528,73.9264:narve",2,0.93,0.92,0.0,True
"t:15.5667,73.7667:aropora","m:15.5667,73.7667:aropora",1,0.13,-0.13,0.0,False
"t:15.5778,73.9181:mayam","m:15.5778,73.9181:mayam",2,0.695,-0.695,0.0,True
"t:15.5917,73.8778:aldona","m:15.5917,73.8778:aldona",1,0.12,0.12,0.0,False
"t:15.5998,75.3962:gudisagar","m:15.5998,75.3962:gudisagar",1,0.77,0.77,0.0,False
"t:15.6139,73.7694:silolieum","m:15.6139,73.7694:silolieum",2,0.85,-0.85,0.0,True
"t:15.6250,73.8597:tivim","m:15.6250,73.8597:tivim",2,0.62,0.43,0.0,True
"t:15.6342,75.2485:tirlapur","m:15.6342,75.2485:tirlapur",1,0.47,0.47,0.0,False
"t:15.6350,73.7383:morjum","m:15.6350,73.7383:morjum",2,0.18,0.09,0.0,True
"t:15.6375,73.9083:adavapal","m:15.6375,73.9083:adavapal",2,0.458,0.458,0.0,True
"t:15.6439,77.6519:kapatrala","m:15.6439,77.6519:kapatrala",2,0.518,0.107,4.9,True
"t:15.6472,73.8986:kirl pirna","m:15.6472,73.8986:kirl pirna",1,0.07,-0.07,0.0,False
"t:15.6613,76.3925:hullihaider","m:15.6613,76.3925:hullihaider",1,0.82,-0.82,0.0,False
"t:15.6625,73.9889:betki","m:15.6625,73.9889:betki",2,0.635,0.625,0.0,True
"t:15.7000,73.7583:sawantwada","m:15.7000,73.7583:sawantwada",2,0.29,0.29,0.0,True
"t:15.7079,77.6141:gonegandla","m:15.7079,77.6141:gonegandla",2,0.248,0.188,0.0,True
"t:15.7125,73.7500:korgoan","m:15.7125,73.7500:korgoan",1,0.42,0.42,0.0,False
"t:15.7250,73.8361:varkhand","m:15.7250,73.8361:varkhand",1,0.15,-0.15,0.0,False
"t:15.7324,73.8999:chandel","m:15.7324,73.8999:chandel",1,0.16,-0.16,0.0,False
"t:15.7556,75.1097:bailhongal pz","m:15.7556,75.1097:bailhongal pz",2,1.828,-1.828,5.5,False
"t:15.7782,75.8291:hirealagundi-ew","m:15.7782,75.8291:hirealagundi-ew",1,12.91,12.91,0.0,False
"t:15.8056,78.0397:imd kurnool -pz","m:15.8056,78.0397:imd kurnool -pz",2,0.81,0.81,0.0,True
"t:15.8267,79.9714:addanki -pz","m:15.8267,79.9714:addanki -pz",1,0.685,-0.685,0.0,False
"t:15.8583,74.5292:belgaum","m:15.8583,74.5292:belgaum",3,0.135,0.135,5.1,True
"t:15.8792,78.1256:alampur-aq-i","m:15.8792,78.1256:alampur-aq-i",1,0.19,-0.19,0.0,False
"t:15.9147,78.0183:alampur x road","m:15.9147,78.0183:alampur x road",1,1.98,1.98,0.0,False
"t:15.9147,78.0183:alampur x road","m:15.9147,78.0186:alampur x road-pz",1,1.185,1.185,33.4,False
"t:15.9233,76.2053:gotagi","m:15.9233,76.2053:gotagi",1,2.16,-2.16,0.0,False
"t:15.9300,75.3000:ramdurg","m:15.9300,75.3000:ramdurg",1,0.08,0.08,0.0,False
"t:15.9350,77.8400:waddepalle","m:15.9350,77.8400:waddepalle",2,4.522,-4.522,0.0,False
"t:15.9444,77.9623:chinnipadu","m:15.9442,77.9622:chinnipadu-nqm",1,0.64,0.64,27.2,False
"t:15.9444,77.9623:chinnipadu","m:15.9444,77.9623:chinnipadu",1,0.04,-0.04,0.0,False
"t:15.9681,76.1097:ilhal","m:15.9681,76.1097:ilhal",1,0.24,-0.24,0.0,False
"t:16.0067,79.6903:chikatigalapalem","m:16.0067,79.6903:chikatigalapalem",2,1.362,-1.362,4.4,True
"t:16.0254,77.9760:boravalle","m:16.0253,77.9758:boravalle-nqm",1,0.11,-0.11,22.4,False
"t:16.0254,77.9760:boravalle","m:16.0254,77.9760:boravalle",1,0.415,-0.415,0.0,False
"t:16.0264,74.6931:ankalgi","m:16.0264,74.6931:ankalgi",3,0.35,-0.21,4.9,True
"t:16.0342,77.8344:chagapur-pz","m:16.0342,77.8344:chagapur-pz",1,0.85,-0.85,0.0,False
"t:16.0342,77.8344:chagapur-pz","m:16.0344,77.8344:chagapur-pz",1,1.055,-1.055,27.6,False
"t:16.0408,76.2133:chik adapur","m:16.0408,76.2133:chik adapur",1,0.03,-0.03,0.0,False
"t:16.0492,78.2017:jetprol-aq-i","m:16.0492,78.2017:jetprol-aq-i",2,3.016,3.016,0.0,False
"t:16.0500,77.2139:kurdi","m:16.0500,77.2139:kurdi",4,0.44,-0.44,1.2,True
"t:16.0500,77.2139:kurdi","m:16.0500,77.2139:manvi1",4,4.68,-4.68,1.2,False
"t:16.0500,77.2139:manvi","m:16.0500,77.2139:kurdi",3,3.2,3.2,1.2,False
"t:16.0500,77.2139:manvi","m:16.0500,77.2139:manvi1",3,1.135,-1.135,1.2,True
"t:16.0503,78.1644:peddadagada","m:16.0503,78.1644:peddadagada",2,5.615,-5.615,0.0,False
"t:16.0503,78.1644:peddadagada","m:16.0503,78.1647:pedda dagada-pz",2,2.384,-2.384,34.5,False
"t:16.0844,78.1042:velaganda-aq-i","m:16.0844,78.1042:velaganda-aq-i",1,0.4,0.4,0.0,False
"t:16.0917,74.9292:chikkanandi","m:16.0917,74.9292:chikkanandi",3,0.855,0.855,5.1,True
"t:16.1072,78.3075:kollapur-aq-i","m:16.1072,78.3075:kollapur-aq-i",2,1.49,1.3,0.0,True
"t:16.1072,78.3075:kollapur-aq-i","m:16.1075,78.3075:kollapur-pz",1,2.67,2.67,33.4,False
"t:16.1135,77.6200:aragidda","m:16.1133,77.6200:aragidda-nqm",1,0.116,-0.116,18.5,False
"t:16.1135,77.6200:aragidda","m:16.1135,77.6200:aragidda",2,1.547,-1.547,0.0,False
"t:16.1289,78.0306:ayyavaripalli","m:16.1289,78.0306:ayyavaripalli",1,1.795,-1.795,0.0,False
"t:16.1403,74.6511:hidkal dam","m:16.1403,74.6511:hidkal dam",4,6.535,6.535,2.7,False
"t:16.1603,77.9286:beechpally-pz","m:16.1603,77.9286:beechpally-pz",1,3.51,3.51,0.0,False
"t:16.1603,77.9286:beechpally-pz","m:16.1603,77.9286:gadwal",1,4.17,4.17,0.0,False
"t:16.1603,77.9286:beechpally-pz","m:16.1606,77.9283:beechpally-pz",1,3.69,3.69,40.2,False
"t:16.1667,74.5875:badkundri","m:16.1667,74.5875:badkundri",4,0.39,0.16,3.7,True
"t:16.1750,74.8417:gokak","m:16.1750,74.8417:gokak",4,0.48,0.48,3.6,True
"t:16.1811,78.2425:narsaiahpalli","m:16.1811,78.2425:narsaiahpalli",1,0.5,0.5,0.0,False
"t:16.1961,78.1594:kethepalli","m:16.1961,78.1594:kethepalli",1,0.365,0.365,0.0,False
"t:16.1961,78.1594:kethepalli","m:16.1961,78.1594:kethepally-pz",1,0.155,-0.155,4.9,False
"t:16.1989,77.9975:pebbair-aq-i","m:16.1989,77.9975:pebbair-aq-i",1,0.68,0.68,0.0,False
"t:16.2083,77.3500:raichur","m:16.2083,77.3500:raichur",4,0.765,-0.15,3.7,True
"t:16.2083,77.3500:raichur","m:16.2083,77.3500:raichur1",3,1.85,1.85,3.7,False
"t:16.2367,74.6000:hukkeri","m:16.2367,74.6000:hukkeri",4,0.778,0.37,3.7,True
"t:16.2514,78.1181:panagal-aq-i","m:16.2514,78.1181:panagal-aq-i",1,0.17,-0.17,0.0,False
"t:16.2558,77.5667:ambareswar","m:16.2558,77.5667:ambareswar",3,0.96,-0.96,0.0,True
"t:16.2667,74.8708:kallolli","m:16.2667,74.8708:kallolli",2,2.662,2.662,5.1,False
"t:16.2800,77.7996:kothapalle","m:16.2800,77.7994:kothapalle-nqm",2,0.995,-0.495,16.6,True
"t:16.2800,77.7996:kothapalle","m:16.2800,77.7996:kothapalle",1,0.05,-0.05,0.0,False
"t:16.2805,76.0087:bommanagi ow","m:16.2805,76.0087:bommanagi ow",1,0.05,0.05,0.0,False
"t:16.2882,75.9452:ninegali","m:16.2882,75.9452:ninegali",1,0.65,-0.65,0.0,False
"t:16.2889,77.9553:williamkonda-pz","m:16.2889,77.9553:williamkonda-pz",2,9.348,-9.348,0.0,False
"t:16.2900,78.2742:janumpalle","m:16.2900,78.2742:janumpalle",1,0.87,-0.87,0.0,False
"t:16.2915,80.8658:veerankilaku","m:16.2915,80.8658:veerankilaku",2,0.962,0.962,0.0,True
"t:16.2922,78.3581:pedda kothapally-pz","m:16.2922,78.3581:pedda kothapally-pz",1,1.32,1.32,0.0,False
"t:16.2950,78.5133:lingala - aq-i","m:16.2950,78.5133:lingala - aq-i",3,12.64,3.445,0.0,False
"t:16.3000,77.1583:gabbur","m:16.3000,77.1583:gabbur",2,0.495,-0.495,0.0,False
"t:16.3000,77.1583:gabbur","m:16.3000,77.1583:gabbur1",2,0.295,0.215,3.6,True
"t:16.3038,75.8924:rampur","m:16.3038,75.8924:rampur",1,0.18,-0.18,0.0,False
"t:16.3200,77.9503:mummallapalle","m:16.3200,77.9503:mummallapalle",2,0.883,0.238,0.0,True
"t:16.3321,76.2666:hulagbal","m:16.3321,76.2666:hulagbal",1,0.79,-0.79,0.0,False
"t:16.3472,75.6222:bilgi pz","m:16.3472,75.6222:bilgi pz",3,0.455,-0.455,3.4,True
"t:16.3615,75.9323:nidgundi","m:16.3615,75.9323:nidgundi",1,1.01,-1.01,0.0,False
"t:16.3617,77.9933:rajapet tanda-aq-i","m:16.3617,77.9933:rajapet tanda-aq-i",1,15.649,-15.649,0.0,False
"t:16.3617,77.9933:rajapet tanda-aq-i","m:16.3617,77.9933:rajapet tanda-pz",1,7.408,-7.408,5.1,False
"t:16.3739,78.7714:mannanur-pz","m:16.3739,78.7714:mannanur-pz",2,5.135,-5.135,0.0,False
"t:16.3747,78.8200:amarabad-aq-i","m:16.3747,78.8200:amarabad-aq-i",2,0.483,0.348,0.0,True
"t:16.3847,78.1447:gopalpet-pz","m:16.3847,78.1447:gopalpet-pz",1,0.41,-0.41,0.0,False
"t:16.3897,78.3522:pedda mudnur - aq-i","m:16.3897,78.3522:pedda mudnur - aq-i",2,0.635,0.375,0.0,True
"t:16.4153,78.6850:nadimpalli- aq-i","m:16.4153,78.6850:nadimpalli- aq-i",2,3.76,3.76,0.0,False
"t:16.4206,77.9400:palem-aq-i","m:16.4206,77.9400:palem",1,0.035,0.035,4.9,False
"t:16.4206,77.9400:palem-aq-i","m:16.4206,77.9400:palem-aq-i",2,1.485,-1.45,0.0,True
"t:16.4278,78.9128:venkeshwaram-aq-i","m:16.4278,78.9128:venkeshwaram-aq-i",2,0.735,0.735,0.0,True
"t:16.4278,78.9128:venkeshwaram-aq-i","m:16.4278,78.9131:venkateswaram-pz",1,1.38,1.38,27.4,False
"t:16.4281,76.1196:dhavalgi","m:16.4281,76.1196:dhavalgi",1,6.7,6.7,0.0,False
"t:16.4463,78.7552:ainol- aq-i","m:16.4463,78.7552:ainol- aq-i",3,3.115,-3.115,0.0,False
"t:16.4464,78.7542:aitol-pz","m:16.4464,78.7542:aitol-pz",3,3.58,-3.58,0.0,False
"t:16.4494,78.4517:telkapalli- aq-i","m:16.4494,78.4517:telkapalli- aq-i",2,2.575,-2.575,0.0,False
"t:16.4528,78.6008:uppuntala - aq-i","m:16.4528,78.6008:uppuntala - aq-i",2,2.738,1.128,0.0,False
"t:16.4549,76.5253:hunusagi","m:16.4549,76.5253:hunusagi",1,1.36,-1.36,0.0,False
"t:16.4583,76.4528:malnoor","m:16.4583,76.4528:malnoor",3,1.765,-1.765,0.0,False
"t:16.4620,75.5835:jainapur","m:16.4620,75.5835:jainapur",1,1.01,-1.01,0.0,False
"t:16.4673,75.6911:kolhar","m:16.4673,75.6911:kolhar",1,0.49,-0.49,0.0,False
"t:16.4730,76.1749:madakeshirur","m:16.4730,76.1749:madakeshirur",1,21.02,-21.02,0.0,False
"t:16.4733,78.1672:mamaipalli- aq-i","m:16.4733,78.1672:mamaipalli- aq-i",2,1.495,1.495,0.0,True
"t:16.4761,75.9270:hangargi","m:16.4761,75.9270:hangargi",1,8.01,8.01,0.0,False
"t:16.4833,76.7500:kaudimatti","m:16.4833,76.7500:kaudimatti",1,0.83,-0.83,3.7,False
"t:16.4886,78.3106:nagarkarnul- aq-i","m:16.4886,78.3106:nagarkarnul- aq-i",2,0.23,0.19,0.0,True
"t:16.5067,78.6867:veltoor- aq-i","m:16.5067,78.6867:veltoor- aq-i",2,8.43,-8.43,0.0,False
"t:16.5067,78.6867:veltoor- aq-i","m:16.5067,78.6869:veltoor-pz",1,8.72,-8.72,26.3,False
"t:16.5105,75.6952:ronihal","m:16.5105,75.6952:ronihal",1,41.895,-41.895,0.0,False
"t:16.5158,78.3597:thaduru-aq1","m:16.5158,78.3597:thaduru-aq1",2,3.29,1.3,0.0,False
"t:16.5183,79.8279:bhrahmanpally","m:16.5183,79.8279:bhrahmanpally",1,3.815,-3.815,0.0,False
"t:16.5267,76.4058:lakkundi","m:16.5267,76.4058:lakkundi",1,0.43,-0.43,0.0,False
"t:16.5403,78.7083:g.palli(dindi)-pz","m:16.5403,78.7083:g.palli(dindi) -pz",2,2.322,-1.142,4.3,False
"t:16.5519,78.0385:khilla ghanpur","m:16.5517,78.0383:khilla ghanpur-nqm",1,1.236,-1.236,31.4,False
"t:16.5519,78.0385:khilla ghanpur","m:16.5519,78.0385:khilla ghanpur",2,1.82,0.132,0.0,False
"t:16.5567,77.9600:kandur-aq-i","m:16.5567,77.9600:kandur-aq-i",2,1.725,0.395,0.0,False
"t:16.5567,77.9600:kandur-aq-i","m:16.5567,77.9600:tarnikal-aq-ii",1,7.12,-7.12,0.0,False
"t:16.5598,79.3143:vijayapuri south","m:16.5598,79.3143:vijayapuri south",1,0.125,0.125,0.0,False
"t:16.5616,79.6467:gurazala","m:16.5616,79.6467:gurazala",1,6.09,-6.09,0.0,False
"t:16.5664,77.9408:ponnakal-aq-i","m:16.5664,77.9408:ponnakal-aq-i",1,0.055,0.055,0.0,False
"t:16.5664,77.9408:ponnakal-aq-i","m:16.5667,77.9411:ponnakepz",1,2.29,-2.29,44.5,False
"t:16.5744,78.5631:polkampalli","m:16.5744,78.5631:polkampalli",2,4.105,3.955,0.0,False
"t:16.5750,75.9681:basavanabagewadi","m:16.5750,75.9681:basavanabagewadi",2,7.652,-7.652,0.0,False
"t:16.5776,76.2887:tumbagi","m:16.5776,76.2887:tumbagi",1,1.51,-1.51,0.0,False
"t:16.5784,75.9665:basavan bagewadi","m:16.5784,75.9665:basavan bagewadi",2,1.95,1.095,0.0,False
"t:16.5822,78.1558:manganur","m:16.5822,78.1558:manganur",2,0.497,0.053,0.0,True
"t:16.5862,81.3882:akiveedu - pz","m:16.5862,81.3882:akiveedu - pz",1,11.885,11.885,0.0,False
"t:16.5875,77.1000:wadgera","m:16.5875,77.1000:wadger",3,2.405,2.405,0.0,False
"t:16.5875,77.1000:wadgera","m:16.5875,77.1000:wadgera",3,2.415,-2.415,0.0,False
"t:16.5914,78.2158:vatem- aq-i","m:16.5914,78.2158:vatem- aq-i",2,0.55,-0.55,0.0,True
"t:16.5914,78.2158:vatem- aq-i","m:16.5914,78.2158:vatem-pz",1,0.405,-0.405,3.8,False
"t:16.5983,75.3902:hirepadasalagi","m:16.5983,75.3902:hirepadasalagi",1,0.705,-0.705,0.0,False
"t:16.6086,76.9411:hayyal k","m:16.6086,76.9411:hayyal k",1,0.78,-0.78,0.0,False
"t:16.6131,78.6211:vangur-pz","m:16.6131,78.6211:vangur-pz",1,0.58,0.58,0.0,False
"t:16.6339,77.9894:janampet-aq-i","m:16.6339,77.9894:janampet-aq-i",2,0.472,0.472,0.0,True
"t:16.6392,79.0364:chennamnenipalli","m:16.6389,79.0364:chennamnenpalli-nqm",2,0.275,-0.015,32.5,False
"t:16.6392,79.0364:chennamnenipalli","m:16.6392,79.0364:chennamnenipalli",1,0.34,0.34,0.0,False
"t:16.6392,79.0364:chennamnenipalli","m:16.6392,79.0364:chennamnennipalli-ew",2,0.075,0.065,3.0,True
"t:16.6411,77.6564:dhanwada-pz","m:16.6411,77.6564:dhanwada-pz",1,4.44,-4.44,0.0,False
"t:16.6458,80.9625:bapulapadu-pz 2","m:16.6458,80.9625:bapulapadu-pz 1",2,13.522,-13.522,3.7,False
"t:16.6458,80.9625:bapulapadu-pz 2","m:16.6458,80.9625:bapulapadu-pz 2",2,9.422,-9.422,3.7,False
"t:16.6458,80.9625:bapulapadu-pz 2","m:16.6458,80.9625:bapulapadu-pz 3",1,8.36,-8.36,3.7,False
"t:16.6569,78.0739:pedda mulgera-pz 1","m:16.6569,78.0739:pedda mulgera-pz 1",1,0.01,-0.01,0.0,False
"t:16.6569,78.0739:pedda mulgera-pz 2","m:16.6569,78.0739:pedda mulgera-pz 1",1,0.329,-0.329,0.0,False
"t:16.6592,78.6031:jupally- aq-i","m:16.6592,78.6031:jupally- aq-i",2,7.582,7.582,0.0,False
"t:16.6592,78.6031:jupally- aq-i","m:16.6594,78.6033:jupally-pz",1,8.401,8.401,36.8,False
"t:16.6692,78.3686:madharam","m:16.6692,78.3686:madharam",2,0.423,-0.052,0.0,True
"t:16.6703,78.1925:thimmajipet-pz","m:16.6703,78.1925:thimmajipet-pz",2,2.42,-0.175,0.0,False
"t:16.6703,78.1925:thimmajipet-pz","m:16.6706,78.1928:timmajipet 2012pz",3,1.385,0.334,41.0,True
"t:16.6742,78.4858:kalwakurthy- aq-i","m:16.6742,78.4858:kalwakurthy- aq-i",1,0.46,0.46,0.0,False
"t:16.6742,78.4858:kalwakurthy- aq-i","m:16.6742,78.4858:kalwakurti-pz",1,2.3,2.3,5.1,False
"t:16.6811,80.3950:kanchikacharla","m:16.6811,80.3950:kanchikacherla 2010pz",1,0.18,-0.18,1.2,False
"t:16.6848,76.9796:tadibidi","m:16.6848,76.9796:tadibidi",1,0.175,-0.175,0.0,False
"t:16.6865,76.1989:kondagoli","m:16.6865,76.1989:kondagoli",1,1.21,-1.21,0.0,False
"t:16.6956,78.7108:charakonda- aq-i","m:16.6956,78.7108:charakonda- aq-i",2,0.965,0.595,0.0,True
"t:16.7027,75.5356:nidoni","m:16.7027,75.5356:nidoni",1,3.495,3.495,0.0,False
"t:16.7033,76.8408:shahapur","m:16.7033,76.8408:shahapur",1,4.445,4.445,0.0,False
"t:16.7180,75.6364:sarawad","m:16.7180,75.6364:sarawad",1,8.855,8.855,0.0,False
"t:16.7222,76.7028:b.r.gudi","m:16.7222,76.7028:b.r.gudi",4,0.843,-0.843,0.0,True
"t:16.7291,75.8740:ukkali","m:16.7291,75.8740:ukkali",1,0.36,-0.36,0.0,False
"t:16.7475,78.1447:jedcherla-pz","m:16.7475,78.1447:jedcherla-pz",1,3.899,3.899,0.0,False
"t:16.7475,78.1447:jedcherla-pz","m:16.7478,78.1450:jadcharla 2012pz",2,2.165,2.165,44.4,False
"t:16.7514,78.0003:mahabubnagar","m:16.7514,78.0003:mahabubnagar",1,6.34,6.34,0.0,False
"t:16.7707,79.4449:narammagudem","m:16.7708,79.4447:narammagudem-pz",2,0.362,-0.208,25.9,True
"t:16.7901,76.9566:ibrahimpur","m:16.7901,76.9566:ibrahimpur",1,0.87,0.87,0.0,False
"t:16.7919,76.2853:gubbewad","m:16.7919,76.2853:gubbewad",1,13.23,-13.23,0.0,False
"t:16.8060,76.3517:golageri","m:16.8060,76.3517:golageri",1,0.645,-0.645,0.0,False
"t:16.8074,78.8226:chinthapalli","m:16.8074,78.8226:chinthapalli",2,0.128,-0.067,0.0,True
"t:16.8231,75.9075:kumatagi","m:16.8231,75.9075:kumatagi",4,0.8,-0.8,4.9,True
"t:16.8272,78.3650:yeljal-pz","m:16.8272,78.3650:yeljal-pz",1,2.61,2.61,0.0,False
"t:16.8319,79.6056:kistapuram","m:16.8322,79.6056:kistapuram-pz14",3,0.26,-0.15,30.6,True
"t:16.8422,81.3878:gopinadhapatnam - pz","m:16.8422,81.3878:gopinadhapatnam - pz",1,45.67,-45.67,0.0,False
"t:16.8558,78.6922:madugula-pz","m:16.8558,78.6922:madugula-pz",2,3.027,-3.027,0.0,False
"t:16.8746,79.5676:miryalaguda- pz","m:16.8746,79.5676:miryalaguda- pz",1,0.11,-0.11,0.0,False
"t:16.8819,79.4708:peddadevulapalli-pz","m:16.8819,79.4708:peddadevulapalli-pz",1,0.815,-0.815,8.5,False
"t:16.8822,78.5283:vithayapalli","m:16.8822,78.5283:vithayapalli",1,0.08,0.08,0.0,False
"t:16.8822,78.5283:vithayapalli","m:16.8822,78.5286:vithayapalli-pz",1,0.29,-0.29,33.2,False
"t:16.8828,75.8308:dyaberi","m:16.8828,75.8308:dyaberi",1,0.335,-0.335,0.0,False
"t:16.8869,78.7949:kurumapalli","m:16.8869,78.7947:kurumpalli-pz",1,0.37,-0.37,16.1,False
"t:16.8869,78.7949:kurumapalli","m:16.8869,78.7949:kurumapalli",2,1.547,1.178,0.0,False
"t:16.8906,78.4133:talakondapalli-pz","m:16.8906,78.4133:talakondapalli-pz",1,0.21,-0.21,0.0,False
"t:16.9042,78.2608:peddarevalli-pz","m:16.9039,78.2611:peddarevalli 2012pz",1,2.035,-2.035,47.9,False
"t:16.9042,78.2608:peddarevalli-pz","m:16.9042,78.2608:peddarevalli-pz",1,5.2,5.2,0.0,False
"t:16.9067,77.8506:nancherla 2011pz","m:16.9067,77.8506:nancherla 2011pz",2,0.53,-0.53,0.0,True
"t:16.9140,75.6947:arakeri","m:16.9140,75.6947:arakeri",1,4.33,-4.33,0.0,False
"t:16.9250,77.7917:gandeed-pz","m:16.9250,77.7917:gandeed-pz",2,6.332,-6.332,0.0,False
"t:16.9447,78.1778:balanagar 2012pz","m:16.9447,78.1781:balanagar 2012pz",2,1.09,-1.09,27.3,True
"t:16.9553,78.3450:kesampet-pz","m:16.9553,78.3450:kesampet-pz",1,0.03,0.03,0.0,False
"t:16.9583,76.6583:maski","m:16.9583,76.6583:maski",1,0.93,-0.93,0.0,False
"t:16.9704,79.4623:madugula palli-pz","m:16.9704,79.4623:madugula palli-pz",1,6.7,-6.7,0.0,False
"t:16.9766,78.5015:kadtal-pz","m:16.9766,78.5015:kadtal-pz",1,0.535,-0.535,0.0,False
"t:16.9823,78.8049:ajilapuram","m:16.9822,78.8047:ajilapuram-pz",2,2.485,2.485,25.1,False
"t:16.9834,82.2491:kakinada - pz","m:16.9834,82.2491:kakinada - pz",1,10.83,-10.83,0.0,False
"t:16.9950,78.2467:gantlavelli-pz","m:16.9950,78.2467:gantlavelli-pz",2,0.277,-0.277,0.0,True
"t:16.9950,78.2467:gantlavelli-pz","m:16.9950,78.2469:gantlavelli 2012pz",1,0.35,-0.35,26.0,False
"t:17.0126,77.8679:kulkacharala","m:17.0125,77.8678:kulkachrla 2011pz",1,4.975,4.975,14.1,False
"t:17.0162,81.7339:kovvur - pz","m:17.0162,81.7339:kovvur - pz",2,7.698,7.698,0.0,False
"t:17.0167,76.7750:jevargi","m:17.0167,76.7750:jevargi",5,0.98,-0.98,0.0,True
"t:17.0251,76.2185:korhalli","m:17.0251,76.2185:korhalli",1,0.685,-0.685,0.0,False
"t:17.0314,75.6968:kannur","m:17.0314,75.6968:kannur",1,0.635,-0.635,0.0,False
"t:17.0729,77.8341:pallepalli","m:17.0728,77.8339:pallepalli-nqm",1,1.115,-1.115,26.2,False
"t:17.0737,78.9194:ghattupal aq-ii","m:17.0737,78.9194:ghattupal aq-ii",2,0.545,0.515,0.0,True
"t:17.0867,78.3922:akanpalli","m:17.0867,78.3922:akanpalli",1,4.06,-4.06,0.0,False
"t:17.0876,80.6130:tiruvuru-pz","m:17.0876,80.6130:tiruvuru-pz",1,16.6,16.6,0.0,False
"t:17.1086,78.3701:dubbacherla","m:17.1083,78.3700:dubbacherla-nqm",2,1.665,1.665,29.5,False
"t:17.1165,75.8580:nimbala","m:17.1165,75.8580:nimbala",1,3.36,3.36,0.0,False
"t:17.1167,75.7833:horti pz","m:17.1167,75.7833:horti pz",3,0.54,-0.54,0.0,True
"t:17.1180,75.7837:horti","m:17.1180,75.7837:horti",1,37.485,37.485,0.0,False
"t:17.1358,78.2742:kothur-pz","m:17.1356,78.2744:kothur 2012pz",1,2.585,-2.585,37.6,False
"t:17.1358,78.2742:kothur-pz","m:17.1358,78.2742:kothur-pz",2,3.205,2.66,0.0,False
"t:17.1375,78.9708:gujja -pz-i","m:17.1375,78.9708:gujja-pz1",2,0.44,-0.09,3.5,True
"t:17.1375,78.9708:gujja -pz-i","m:17.1375,78.9708:gujja-pz2",2,0.53,-0.09,3.5,False
"t:17.1517,78.3436:ameerpelli","m:17.1517,78.3436:ameerpalli 2012pz",2,0.178,-0.178,3.9,True
"t:17.1597,79.5081:kethepalli","m:17.1597,79.5081:kethepalle-pz",2,0.245,-0.245,2.5,True
"t:17.1622,78.1333:sahabad","m:17.1619,78.1336:sahabad-nqm",2,0.11,0.09,45.8,True
"t:17.1633,78.9631:medipalli","m:17.1633,78.9631:medipalli",2,0.768,-0.768,0.0,True
"t:17.1644,76.3287:devangaon","m:17.1644,76.3287:devangaon",1,0.56,-0.56,0.0,False
"t:17.1663,79.4280:nakrekal","m:17.1663,79.4280:nakrekal",1,0.76,0.76,0.0,False
"t:17.1691,78.3598:pulimakthal      (habibullaguda)","m:17.1689,78.3597:habibullaguda 2012pz",2,0.565,-0.565,19.9,True
"t:17.2004,82.1017:burugupudi-1","m:17.2004,82.1017:burugupudi-1",2,3.478,3.478,0.0,False
"t:17.2170,79.5073:boparam-pz","m:17.2170,79.5073:boparam-pz",1,1.01,-1.01,0.0,False
"t:17.2278,78.0361:hyatabad-pz","m:17.2278,78.0361:hyatabad-pz",2,0.733,-0.643,2.7,True
"t:17.2431,78.8472:devalamma nagaram -pz-i","m:17.2431,78.8472:devalamma-pz1",2,5.288,4.998,5.5,False
"t:17.2431,78.8472:devalamma nagaram -pz-i","m:17.2431,78.8472:devalamma-pz2",2,6.162,6.162,5.5,False
"t:17.2542,75.8042:zalki pz","m:17.2542,75.8042:zalki pz",4,1.02,-1.02,5.1,True
"t:17.2618,77.5909:tandur","m:17.2619,77.5908:tandur 2010pz",1,3.415,3.415,20.2,False
"t:17.2796,75.7230:bardol","m:17.2796,75.7230:bardol",1,0.57,-0.57,0.0,False
"t:17.2879,78.7052:guntapally","m:17.2878,78.7053:guntapally-nqm",1,0.0,0.0,11.8,False
"t:17.2879,78.7052:guntapally","m:17.2879,78.7052:guntapally",1,0.24,-0.24,0.0,False
"t:17.2964,76.5669:new diksangi","m:17.2964,76.5669:new diksangi",1,0.235,-0.235,0.0,False
"t:17.3100,75.6700:chadchan pz","m:17.3100,75.6700:chadchan pz",3,0.71,-0.71,0.0,True
"t:17.3119,80.0379:thirumalayapalem","m:17.3119,80.0379:thirumalayapalem",2,1.31,-1.31,0.0,True
"t:17.3124,76.0567:agarkhed","m:17.3124,76.0567:agarkhed",1,4.02,-4.02,0.0,False
"t:17.3184,79.9619:eluvarigudem","m:17.3183,79.9617:eluvarigudem ew",2,0.195,-0.095,31.3,True
"t:17.3231,79.1578:munipampula","m:17.3231,79.1578:munipampula-pz14",2,4.408,4.408,5.5,False
"t:17.3250,76.6508:gulbarga","m:17.3250,76.6508:gulbarga",2,4.098,3.373,0.0,False
"t:17.3352,77.6605:peddamul","m:17.3352,77.6605:peddamul",1,0.51,-0.51,0.0,False
"t:17.3352,77.6605:peddamul","m:17.3353,77.6606:peddamul 2010pz",2,1.67,1.16,8.4,False
"t:17.3357,78.5841:vanasthalipuram-pz","m:17.3356,78.5839:vanasthali puram",2,4.447,-4.447,31.0,False
"t:17.3369,80.4421:enkur - pz","m:17.3369,80.4421:enkur - pz",1,0.11,0.11,0.0,False
"t:17.3538,75.7800:taddewadi","m:17.3538,75.7800:taddewadi",1,0.23,0.23,0.0,False
"t:17.3569,79.0200:nagaram- aq-i","m:17.3569,79.0200:nagaram aq-i",2,0.597,-0.118,4.9,False
"t:17.3569,79.0200:nagaram- aq-i","m:17.3569,79.0200:nagaram aq-ii",2,0.538,-0.288,4.9,True
"t:17.3570,79.0201:nagaram- aq-ii","m:17.3569,79.0200:nagaram aq-i",2,0.643,-0.643,12.3,True
"t:17.3570,79.0201:nagaram- aq-ii","m:17.3569,79.0200:nagaram aq-ii",2,0.812,-0.812,12.3,False
"t:17.3582,78.5360:saroornagar-pz","m:17.3581,78.5358:saroornagar-pz",1,3.805,3.805,22.1,False
"t:17.3656,76.4181:arjunagi","m:17.3656,76.4181:arjunagi",1,12.99,12.99,0.0,False
"t:17.3672,78.5874:bandlaguda-pz","m:17.3672,78.5874:bandlaguda-pz",1,0.94,0.94,0.0,False
"t:17.3760,78.4239:langarhouse","m:17.3760,78.4239:langarhouse",2,7.65,7.63,0.0,False
"t:17.3785,82.3804:mallavaram -1","m:17.3785,82.3804:mallavaram -1",2,0.105,0.045,0.0,True
"t:17.3846,78.4332:gudimalkapur1","m:17.3846,78.4332:gudimalkapur1",1,6.71,6.71,0.0,False
"t:17.3952,75.6655:nivargi","m:17.3952,75.6655:nivargi",1,0.205,-0.205,0.0,False
"t:17.3972,75.8444:dhulkhed","m:17.3972,75.8444:dhulkhed",4,0.955,-0.955,5.3,True
"t:17.3981,78.4553:shanti nagar","m:17.3981,78.4553:shanti nagar",2,1.73,1.73,0.0,False
"t:17.3990,81.0361:pathareddigudem (jhirumalkunta)","m:17.3989,81.0358:pathreddigudem-nqm",2,0.018,-0.018,34.0,True
"t:17.4023,78.5611:uppal","m:17.4023,78.5611:uppal",1,0.035,-0.035,0.0,False
"t:17.4083,77.4250:chandapur","m:17.4083,77.4250:chandapur",3,2.185,-2.185,0.0,False
"t:17.4168,78.4529:erramanzil","m:17.4168,78.4529:erramanzil",1,0.765,0.765,0.0,False
"t:17.4309,78.3080:gawaladodi","m:17.4308,78.3081:gawalaadoddi-ew",1,39.41,-39.41,16.6,False
"t:17.4406,78.5287:lalaguda-pz","m:17.4406,78.5287:lalaguda-pz",1,0.74,-0.74,0.0,False
"t:17.4454,78.4519:begampet (balkampet)","m:17.4454,78.4519:begampet (balkampet)",1,35.36,-35.36,0.0,False
"t:17.4463,78.4742:begampet (imd)","m:17.4463,78.4742:begampet (imd)",1,0.31,-0.31,0.0,False
"t:17.4564,78.5542:moulali-pz","m:17.4564,78.5542:moulali-pz",1,1.45,1.45,0.0,False
"t:17.4678,79.3547:chinna padshala","m:17.4678,79.3547:chinna padshala-pz14",1,10.496,10.496,3.4,False
"t:17.4689,78.3300:serilingampally","m:17.4689,78.3300:serilingampally",1,2.84,2.84,0.0,False
"t:17.4736,78.5125:thirumalgiri","m:17.4736,78.5125:tirumalgiri-pz",2,0.21,0.04,1.2,True
"t:17.5278,78.1757:pashamalairam-pz","m:17.5278,78.1756:pashamalairam-pz",2,0.702,-0.702,15.5,True
"t:17.5336,79.0936:chandepalli","m:17.5336,79.0936:chandepalle-pz14",1,0.395,-0.395,1.7,False
"t:17.5753,79.7544:nellikuduru","m:17.5753,79.7544:nellikudur-nqm",2,0.075,-0.005,0.1,True
"t:17.6111,79.8711:aler","m:17.6111,79.8708:aler-nqm",2,0.45,0.42,29.4,True
"t:17.6228,78.1569:ismailkhanpet","m:17.6231,78.1567:ismailkhanpet-pz",1,3.01,-3.01,37.7,False
"t:17.6250,78.8583:rustapur","m:17.6250,78.8583:rustapur",1,0.43,-0.43,3.5,False
"t:17.6250,78.8583:rustapur","m:17.6250,78.8583:rustapur-pz",2,2.202,-0.513,3.5,False
"t:17.6259,78.5902:aliabad","m:17.6259,78.5902:aliabad",1,4.07,-4.07,0.0,False
"t:17.6358,78.4764:medchal1","m:17.6358,78.4764:medchal1",1,0.05,0.05,0.0,False
"t:17.6383,77.8781:aroor-pz","m:17.6381,77.8781:aroor-pz",4,2.144,-2.144,27.6,False
"t:17.6383,77.8781:aroor-pz","m:17.6383,77.8781:aroor-pz",1,3.214,-3.214,0.0,False
"t:17.6442,78.2797:solakapalli","m:17.6442,78.2797:solakapalli-pz",2,1.374,1.374,4.4,True
"t:17.6572,77.9322:atmakur","m:17.6575,77.9322:atmakur-pz",2,1.49,-1.06,33.4,True
"t:17.6820,76.7436:bitgiri ow","m:17.6820,76.7436:bitgiri ow",1,23.6,-23.6,0.0,False
"t:17.7244,78.2503:avancha","m:17.7244,78.2503:avancha-pz",2,0.11,-0.06,5.5,True
"t:17.7295,78.5826:tuniki bolaram","m:17.7295,78.5826:tuniki bolaram",1,0.85,0.85,0.0,False
"t:17.7377,78.2877:narsapur","m:17.7375,78.2875:narsapur-nqm",2,0.79,-0.76,28.0,True
"t:17.7377,78.2877:narsapur","m:17.7377,78.2877:narsapur",2,1.785,1.785,0.0,False
"t:17.7405,79.2336:nidigonda","m:17.7406,79.2333:nidigonda 2010 pz",1,0.71,0.71,29.2,False
"t:17.7578,78.0414:laxmisagar","m:17.7581,78.0417:laxmisagar-pz",2,1.805,-1.605,40.1,False
"t:17.7658,78.4637:manoharabad","m:17.7658,78.4637:manoharabad",2,9.665,9.665,0.0,False
"t:17.7683,77.9572:peddareddypet-pz","m:17.7686,77.9569:peddareddypet-pz",2,0.325,-0.325,43.9,True
"t:17.7708,78.6914:pamulaparthi","m:17.7708,78.6914:pamulaparthi",1,0.0,0.0,0.0,False
"t:17.7733,77.1314:homnabad","m:17.7733,77.1314:homnabad",2,5.102,-5.102,3.9,False
"t:17.7800,78.2586:reddypalli","m:17.7800,78.2586:reddypalli-pz",2,1.32,-1.32,0.1,True
"t:17.7832,76.9294:yarandi","m:17.7832,76.9294:yarandi",1,36.325,-36.325,0.0,False
"t:17.7863,78.3697:shivampet","m:17.7863,78.3697:shivampet",2,2.485,-2.485,0.0,False
"t:17.7892,77.0347:rajeswari","m:17.7892,77.0347:rajeswari",2,3.262,-3.262,0.0,False
"t:17.7917,79.7830:nekkonda","m:17.7917,79.7831:nekkonda 2012pz",2,0.325,0.285,1.2,True
"t:17.8035,78.4709:tupran","m:17.8035,78.4709:tupran",1,0.07,-0.07,0.0,False
"t:17.8048,78.7480:ganeshpalli","m:17.8048,78.7480:ganeshpalli",1,1.94,-1.94,0.0,False
"t:17.8189,79.7346:yenugal pz","m:17.8189,79.7346:yenugal pz",2,0.245,0.185,0.0,True
"t:17.8208,83.3058:akkireddipalem 2010pz","m:17.8208,83.3058:akkireddipalem pz",1,0.43,-0.43,0.0,False
"t:17.8281,79.5614:kakkiralapalli","m:17.8281,79.5614:kakiralapally 2010 pz",2,3.06,-0.39,5.1,False
"t:17.8322,78.2608:rajipet-pz","m:17.8322,78.2608:rajipet-pz",2,4.11,1.572,4.3,False
"t:17.8438,78.6921:gajwel","m:17.8436,78.6919:gajwel-nqm",2,1.35,-1.35,26.7,True
"t:17.8533,78.0664:lingampalle-pz","m:17.8533,78.0661:annasagar-pz",3,0.625,0.4,30.8,True
"t:17.8533,78.0664:lingampalle-pz","m:17.8533,78.0664:lingampalle-pz",1,0.25,0.25,0.0,False
"t:17.8551,79.4611:uppugal 2010 pz","m:17.8550,79.4611:uppugal 2010 pz",2,0.56,-0.56,15.5,True
"t:17.8706,79.5480:inoli  pz","m:17.8706,79.5478:inoli  pz",2,8.87,-8.42,16.4,False
"t:17.8708,79.2889:thatikonda  pz","m:17.8708,79.2889:thadikonda-dw13",2,4.388,4.388,3.9,False
"t:17.8763,76.8818:tulbhug","m:17.8763,76.8818:tulbhug",1,2.7,-2.7,0.0,False
"t:17.8825,79.7129:sangem","m:17.8825,79.7129:sangem",1,0.58,0.58,0.0,False
"t:17.8947,78.0581:rollapadu","m:17.8944,78.0581:rollapadu-pz",2,1.265,1.115,28.8,True
"t:17.8948,83.3724:anandapuram pz","m:17.8948,83.3724:anandapuram pz",1,1.385,-1.385,0.0,False
"t:17.8981,78.9931:mutsyala pz","m:17.8981,78.9931:mutsyala-pz",1,15.144,15.144,0.0,False
"t:17.9000,76.9167:basavakalyan","m:17.9000,76.9167:basavakalyan",2,2.512,-2.512,3.5,False
"t:17.9022,83.2475:gopalpatnam pz","m:17.9022,83.2475:gopalpatnam pz",1,0.41,-0.41,0.0,False
"t:17.9341,78.7187:ahimadepur","m:17.9339,78.7186:ahimadepur-nqm",2,14.62,-14.62,24.6,False
"t:17.9341,78.7187:ahimadepur","m:17.9341,78.7187:ahimadepur",2,12.531,-12.531,0.0,False
"t:17.9573,78.4649:wadiyaram","m:17.9573,78.4649:wadiyaram",1,0.77,-0.77,0.0,False
"t:17.9741,77.0529:toglur","m:17.9741,77.0529:toglur",2,0.642,-0.242,0.0,True
"t:17.9845,78.4120:shankarampet","m:17.9845,78.4120:shankarampet",2,0.06,-0.06,0.0,True
"t:18.0486,77.9794:bodagattu","m:18.0486,77.9794:bodagattu",3,2.27,-2.27,0.0,False
"t:18.0528,78.2739:imd medak","m:18.0528,78.2739:imd medak",1,0.015,0.015,0.0,False
"t:18.0528,78.2739:imd medak","m:18.0528,78.2739:medak imd-pz",1,0.015,0.015,2.7,False
"t:18.0531,78.7262:gudikandula","m:18.0531,78.7262:gudikandula",1,4.149,-4.149,0.0,False
"t:18.0665,79.0461:nanganuru","m:18.0665,79.0461:nanganuru",1,5.525,-5.525,0.0,False
"t:18.0917,78.9435:rajgopalpet","m:18.0917,78.9435:rajgopalpet",1,0.615,-0.615,0.0,False
"t:18.0981,78.2486:patigadda thada","m:18.0981,78.2486:patigadda thada",2,4.57,-3.145,0.0,False
"t:18.1000,77.2833:bhalki","m:18.1000,77.2833:bhalki",1,4.44,-4.44,3.5,False
"t:18.1000,77.2833:bhalki","m:18.1000,77.2833:bhalki1",1,7.56,7.56,3.5,False
"t:18.1081,78.7917:irekode","m:18.1081,78.7917:irekode",1,0.774,-0.774,0.0,False
"t:18.1139,78.4297:ramayampet","m:18.1139,78.4297:ramayampet-nqm",2,0.275,-0.275,0.0,True
"t:18.1211,79.7476:sayampeta-pz","m:18.1211,79.7476:sayampeta-pz",1,0.63,0.63,0.0,False
"t:18.1256,77.6767:wangada","m:18.1256,77.6767:wangada",2,0.25,-0.055,0.0,True
"t:18.1276,78.9327:gonepalli","m:18.1276,78.9327:gonepalli",1,7.9,-7.9,0.0,False
"t:18.1519,79.4089:penchikalpet","m:18.1519,79.4089:penchikalpet",1,0.265,-0.265,0.0,False
"t:18.1519,79.4089:penchikalpet","m:18.1519,79.4089:penchikalpet-nqm",1,0.99,0.99,0.0,False
"t:18.1590,78.7032:peddagundavelly","m:18.1590,78.7032:peddagundavelly",1,1.5,1.5,0.0,False
"t:18.1617,78.8966:chinnakodur","m:18.1617,78.8964:chinnakodur-nqm",2,1.162,-1.038,23.5,True
"t:18.1617,78.8966:chinnakodur","m:18.1617,78.8966:chinnakodur",1,2.2,-2.2,0.0,False
"t:18.2108,78.8255:gurralagondi","m:18.2108,78.8255:gurralagondi",1,0.065,-0.065,0.0,False
"t:18.2387,78.9236:alipur","m:18.2386,78.9233:alipur-nqm",2,6.922,-6.922,29.8,False
"t:18.2387,78.9236:alipur","m:18.2387,78.9236:alipur",1,9.43,-9.43,0.0,False
"t:18.2400,79.4495:chelpur","m:18.2400,79.4495:chelpur",1,0.86,-0.86,0.0,False
"t:18.2405,79.2034:chigurumamidi-pz","m:18.2405,79.2034:chigurumamidi-pz",1,2.924,-2.924,0.0,False
"t:18.2469,79.0150:bejjanki  pz","m:18.2469,79.0150:bejjanki  pz",1,9.27,-9.27,0.0,False
"t:18.2607,77.5996:devyanayak tanda","m:18.2608,77.5997:devyanayaka tanda",2,3.805,-3.805,20.9,False
"t:18.2672,82.6172:khudubo","m:18.2672,82.6172:khudubo",2,3.47,-3.47,0.0,False
"t:18.2806,78.7181:dommata","m:18.2806,78.7181:dommata",1,0.315,0.315,0.0,False
"t:18.2806,78.7181:dommata","m:18.2806,78.7181:mustabad-ew",1,3.755,3.755,0.0,False
"t:18.2806,78.7181:dommata","m:18.2806,78.7183:mustabad-nqm",2,3.058,3.058,29.3,False
"t:18.3186,79.1780:nustulapur pz1","m:18.3189,79.1783:nustulapur pz1",3,1.744,-1.744,45.7,False
"t:18.3414,78.9938:galipalli","m:18.3411,78.9936:galipalli-nqm",1,1.56,-1.56,35.9,False
"t:18.3477,78.6716:kondapur","m:18.3475,78.6714:kondapur-nqm",2,0.655,-0.445,31.5,True
"t:18.3732,79.2912:kondapalakal","m:18.3732,79.2912:kondapalakal",1,0.815,0.815,0.0,False
"t:18.3791,79.1538:lmd colony","m:18.3791,79.1538:lmd colony",1,4.338,-4.338,0.0,False
"t:18.4717,78.9614:boinpalli","m:18.4717,78.9614:vilasagar-nqm",1,3.74,3.74,1.2,False
"t:18.4742,79.2092:magdumpur  pz","m:18.4742,79.2092:magdumpur  pz",1,0.95,-0.95,0.0,False
"t:18.5083,79.0775:kothapalli  pz","m:18.5083,79.0775:kothapalli 2010 pz",1,0.92,0.92,0.0,False
"t:18.5083,79.0775:kothapalli 2010 pz","m:18.5083,79.0775:kothapalli 2010 pz",1,0.945,0.945,0.0,False
"t:18.5118,78.2221:chandrainpally","m:18.5118,78.2221:chandrainpally",1,2.625,-2.625,0.0,False
"t:18.5507,78.5361:pandimadugu","m:18.5506,78.5358:pandimadugu-ew",1,4.025,4.025,31.1,False
"t:18.5507,78.5361:pandimadugu","m:18.5507,78.5361:pandimadugu",1,0.36,-0.36,0.0,False
"t:18.6000,79.1651:choppadandi  pz","m:18.6000,79.1650:choppadandi pz1",1,5.88,-5.88,14.6,False
"t:18.6000,79.1651:choppadandi  pz","m:18.6000,79.1651:choppadandi  pz",1,0.96,-0.96,0.0,False
"t:18.6311,79.0313:burugupalli","m:18.6311,79.0314:burugupalli 2012pz",4,1.363,0.687,6.1,True
"t:18.6338,78.3729:dubbaka","m:18.6338,78.3729:dubbaka",2,4.692,2.422,0.0,False
"t:18.6374,78.4250:gangoppala","m:18.6372,78.4250:gangoppala-nqm",1,0.24,-0.24,16.0,False
"t:18.6374,78.4250:gangoppala","m:18.6374,78.4250:gangoppala",1,0.85,0.85,0.0,False
"t:18.6494,78.5383:rahatnagar","m:18.6492,78.5381:rahatnagar-nqm",1,2.13,-2.13,32.4,False
"t:18.6494,78.5383:rahatnagar","m:18.6494,78.5381:rahatnagar 1-nqm",1,2.28,2.28,26.0,False
"t:18.6525,78.8757:thirumalapur  pz","m:18.6525,78.8757:thirumalapur  pz",1,6.69,6.69,0.0,False
"t:18.6533,78.8783:tirmalapur 2011pz","m:18.6533,78.8783:tirmalapur 2011pz",1,1.81,-1.81,0.0,False
"t:18.6849,78.9882:tatipalli  pz","m:18.6849,78.9882:tatipalli  pz",2,0.055,0.055,0.0,True
"t:18.7023,82.4557:doraput","m:18.7023,82.4557:doraput",2,8.778,-4.678,0.0,False
"t:18.7103,78.5532:inayathnagar","m:18.7103,78.5532:inayathnagar",2,5.695,5.695,0.0,False
"t:18.7303,78.4261:mothey-pz","m:18.7303,78.4261:mothey-pz",1,4.23,4.23,0.0,False
"t:18.7476,78.7570:mannegudem","m:18.7476,78.7570:mannegudem",1,3.7,-3.7,0.0,False
"t:18.7476,78.7570:mannegudem","m:18.7478,78.7569:mannegudem 2010pz",2,4.295,0.595,21.3,False
"t:18.7741,78.9096:jagtial 2010pz","m:18.7741,78.9096:jagtial 2010pz",1,0.38,-0.38,0.0,False
"t:18.7943,78.3497:lakhora","m:18.7942,78.3494:lakhora 1 -nqm",1,5.015,-5.015,27.1,False
"t:18.7943,78.3497:lakhora","m:18.7943,78.3497:lakhora",1,3.75,3.75,0.0,False
"t:18.8004,78.8051:medipalle","m:18.8004,78.8051:medipalle",1,0.16,-0.16,0.0,False
"t:18.8032,79.0029:mallannapet  pz","m:18.8031,79.0031:mallannapet 2010pz",2,0.393,-0.393,18.2,True
"t:18.8032,79.0029:mallannapet  pz","m:18.8032,79.0029:mallannapet  pz",1,0.55,-0.55,0.0,False
"t:18.8390,78.9476:polosa","m:18.8390,78.9476:polosa",1,0.39,-0.39,0.0,False
"t:18.8390,78.9476:polosa","m:18.8392,78.9478:polosa 2012pz",2,0.24,-0.15,22.4,True
"t:18.8569,79.0041:kalleda  pz","m:18.8569,79.0041:kalleda  pz",2,1.154,-1.154,0.0,True
"t:18.8574,78.8717:alipur  pz","m:18.8574,78.8717:alipur  pz",1,0.19,-0.19,0.0,False
"t:18.8649,78.4261:dharmora","m:18.8650,78.4261:dharmora",2,0.905,0.905,9.9,True
"t:18.8712,78.3399:balkonda1","m:18.8714,78.3403:balkonda 2012pz",2,0.955,0.955,45.5,True
"t:18.9096,78.3580:mupkal","m:18.9096,78.3580:mupkal",2,1.065,1.065,0.0,True
"t:18.9426,78.4612:tadpakal","m:18.9426,78.4612:tadpakal",2,0.665,0.17,0.0,True
"t:18.9667,76.7500:gangakhed","m:18.9667,76.7500:gangakhed",1,0.926,-0.926,0.0,False
"t:19.0861,82.0283:jagdalpur-d","m:19.0861,82.0283:jagdalpur-d pz",2,3.45,3.45,3.7,False
"t:19.1306,84.5700:patrapur","m:19.1306,84.5700:patrapur",2,0.833,-0.833,0.0,True
"t:19.1960,84.2397:cheligada","m:19.1960,84.2397:cheligada",1,0.414,0.414,0.0,False
"t:19.2477,77.9573:rajura","m:19.2475,77.9572:rajura-nqm",2,12.378,0.058,25.4,False
"t:19.2477,77.9573:rajura","m:19.2477,77.9573:rajura",1,6.285,6.285,0.0,False
"t:19.2994,83.4280:rebatiguda","m:19.2994,83.4280:rebatiguda",2,5.384,-5.384,0.0,False
"t:19.3690,78.7347:gangapur","m:19.3689,78.7344:gangapur-nqm",1,2.03,2.03,30.5,False
"t:19.3746,78.7769:utnoor 2010pz1","m:19.3746,78.7769:utnoor 2010pz1",1,0.15,-0.15,0.0,False
"t:19.4535,78.7121:pulimadugu","m:19.4533,78.7119:pulimadugu-nqm",1,10.66,10.66,29.9,False
"t:19.4535,78.7121:pulimadugu","m:19.4535,78.7121:pulimadugu",1,22.525,22.525,0.0,False
"t:19.4759,78.3818:dehgaon","m:19.4758,78.3817:dehgaon-nqm",1,10.74,-10.74,12.8,False
"t:19.4759,78.3818:dehgaon","m:19.4759,78.3818:dehgaon",1,11.44,-11.44,0.0,False
"t:19.5261,78.3403:morkhandi","m:19.5261,78.3403:morkhandi",1,33.985,33.985,0.0,False
"t:19.5289,78.5667:tocham","m:19.5289,78.5667:tocham",2,2.468,2.468,0.0,False
"t:19.5417,77.0417:aundha (nagnath)","m:19.5417,77.0417:aundha (nagnath)",1,5.661,5.661,0.0,False
"t:19.5988,82.0701:silati uv - 16","m:19.5988,82.0701:silati uv - 16",2,5.317,5.317,0.0,False
"t:19.6117,82.7056:ladugaon","m:19.6117,82.7056:ladugaon",2,3.666,-3.364,0.0,False
"t:19.6393,78.7049:toyaguda","m:19.6393,78.7049:toyaguda",1,2.87,-2.87,0.0,False
"t:19.6683,82.3525:deulakona","m:19.6683,82.3525:deulakona",2,2.727,-1.107,0.0,False
"t:19.7960,78.3914:kamatwada","m:19.7960,78.3914:kamatwada",2,0.427,-0.427,0.0,True
"t:19.8050,85.8043:lokhnath temple","m:19.8050,85.8042:p-51 loknath temple",2,3.07,2.4,13.9,False
"t:19.8050,85.8043:lokhnath temple","m:19.8050,85.8043:lokhnath temple",2,3.06,2.41,0.0,False
"t:19.8197,83.4553:paikranipinda","m:19.8197,83.4553:paikranipinda",3,0.57,-0.095,0.0,True
"t:19.8583,81.6375:pharasgaon","m:19.8583,81.6375:pharasgaon",2,6.36,6.36,3.7,False
"t:19.8583,81.6375:pharasgaon","m:19.8583,81.6375:pharasgaon pz",2,0.3,-0.3,3.7,True
"t:19.8927,84.5629:mallaspadar village","m:19.8927,84.5629:mallaspadar village",3,23.74,23.74,0.0,False
"t:19.9536,86.1858:bangurigaon","m:19.9536,86.1858:bangurigaon",1,0.44,0.44,0.0,False
"t:19.9592,85.8236:bira ramchandrapur","m:19.9592,85.8236:bira ramchandrapur",1,0.23,-0.23,0.0,False
"t:19.9832,84.6283:kabisamrat vidyapitha campus kullada","m:19.9832,84.6283:kabisamrat vidyapitha campus kullada",1,1.03,1.03,0.0,False
"t:19.9931,85.9106:purunabudhakhera","m:19.9931,85.9106:purunabudhakhera",1,0.942,-0.942,0.0,False
"t:20.0239,86.1881:nilkanthapur","m:20.0239,86.1881:nilkanthapur",3,0.555,-0.555,0.0,True
"t:20.0556,82.7883:golamunda","m:20.0556,82.7883:golamunda",2,1.275,1.275,6.0,True
"t:20.0556,82.7883:golamunda","m:20.0556,82.7883:golmunda",4,4.195,4.195,6.0,False
"t:20.0755,85.2336:darpanarayanpur","m:20.0755,85.2336:darpanarayanpur",1,0.365,-0.365,0.0,False
"t:20.0983,85.9036:rench sasan","m:20.0983,85.9036:rench sasan",2,0.908,-0.453,0.0,True
"t:20.1314,86.0646:niali","m:20.1314,86.0644:niali ow",1,1.2,-1.2,16.3,False
"t:20.1314,86.0646:niali","m:20.1314,86.0646:niali",1,0.725,-0.725,0.0,False
"t:20.2489,85.7278:b-52 madanpur","m:20.2489,85.7278:b-52 madanpur",1,25.82,25.82,0.0,False
"t:20.2600,85.8292:unit 1","m:20.2600,85.8292:b-54 unit 1",2,2.29,-0.42,0.0,False
"t:20.2761,82.8336:sargadi","m:20.2761,82.8336:sargadi",1,0.22,-0.22,0.0,False
"t:20.2792,81.4958:kanker","m:20.2792,81.4958:kanker1 pz",2,0.857,-0.572,5.1,True
"t:20.2858,84.3133:katimaha","m:20.2858,84.3133:katimaha",1,17.91,-17.91,0.0,False
"t:20.2964,82.7569:chanabeda","m:20.2964,82.7569:chanabeda",1,4.5,4.5,0.0,False
"t:20.3172,85.7708:andharua, biotech park","m:20.3172,85.7708:b-53 andharua",1,1.38,1.38,0.0,False
"t:20.3648,85.8122:mahima ashram","m:20.3647,85.8119:b-57 mahima ashram",2,0.872,-0.743,28.1,True
"t:20.3767,85.0213:badabhuin","m:20.3767,85.0213:badabhuin",2,0.565,0.015,0.0,True
"t:20.4000,76.0000:dhad","m:20.4000,76.0000:dhad",1,0.729,0.729,0.0,False
"t:20.5006,81.9583:nagari","m:20.5006,81.9583:nagari pz",1,0.68,0.68,6.0,False
"t:20.5028,86.4542:jajang-1","m:20.5028,86.4542:jajang-1",1,4.81,4.81,0.1,False
"t:20.5028,86.4542:jajang-1","m:20.5028,86.4542:jajang-ii",1,0.23,-0.23,0.1,False
"t:20.5356,83.4112:deogaon","m:20.5356,83.4111:deogan ow",4,1.865,-0.197,8.1,False
"t:20.5842,86.5658:pattamundai","m:20.5842,86.5658:pattamundai",1,0.34,0.34,0.0,False
"t:20.5958,81.6583:banraud d","m:20.5958,81.6583:banraud",1,1.27,1.27,5.1,False
"t:20.5958,81.6583:banraud d","m:20.5958,81.6583:banraud d",1,0.32,-0.32,5.1,False
"t:20.5958,81.6583:banraud d","m:20.5958,81.6583:banraud s",1,0.12,-0.12,5.1,False
"t:20.6267,81.5747:gangrel","m:20.6267,81.5747:gangrel s",1,0.03,0.03,4.4,False
"t:20.6461,85.9528:safa","m:20.6461,85.9528:safa",1,0.34,0.34,0.0,False
"t:20.6833,81.4083:gurur-d","m:20.6833,81.4083:gurur",2,0.868,0.102,5.1,False
"t:20.6833,81.4083:gurur-d","m:20.6833,81.4083:gurur-d",2,6.252,-6.252,5.1,False
"t:20.6833,81.4083:gurur-d","m:20.6833,81.4083:gurur-s",2,0.622,0.078,5.1,True
"t:20.6833,81.4083:gurur-s","m:20.6833,81.4083:gurur",2,6.32,6.32,5.1,False
"t:20.6833,81.4083:gurur-s","m:20.6833,81.4083:gurur-d",2,0.415,-0.035,5.1,True
"t:20.6833,81.4083:gurur-s","m:20.6833,81.4083:gurur-s",2,6.295,6.295,5.1,False
"t:20.7083,81.5500:dhamtari","m:20.7083,81.5500:dhamtari1 pz",1,0.315,0.315,3.7,False
"t:20.7125,86.0781:darpani","m:20.7125,86.0781:darpani",3,0.37,-0.14,0.0,True
"t:20.7194,83.4679:phulajharan","m:20.7194,83.4679:phulajharan",1,2.8,-2.8,0.0,False
"t:20.7417,85.0656:bantala-ii","m:20.7417,85.0656:bantala-ii",2,0.598,0.402,0.0,True
"t:20.7628,85.4244:hindol road","m:20.7628,85.4244:hindol road",3,0.14,0.14,5.2,True
"t:20.8033,85.0078:panchmahala-ii","m:20.8033,85.0078:panchmahala-ii",3,0.605,-0.605,0.0,True
"t:20.8208,81.0572:sambalpur","m:20.8208,81.0572:sambalpur",2,7.192,7.192,4.4,False
"t:20.8208,81.0572:sambalpur","m:20.8208,81.0572:sambalpur2",1,5.63,5.63,4.4,False
"t:20.8253,84.9736:maratira","m:20.8253,84.9736:maratira",3,0.195,-0.195,0.0,True
"t:20.8383,85.0356:derjung","m:20.8383,85.0356:derjung",3,0.34,-0.315,0.0,True
"t:20.8597,86.0042:balrampur","m:20.8597,86.0042:balrampur",3,0.42,-0.15,0.0,True
"t:20.8800,85.1678:handpa-ii","m:20.8800,85.1678:handpa-ii",3,2.49,2.49,0.0,False
"t:20.8800,85.1678:handpa-ii","m:20.8800,85.1678:jarpada",3,2.02,2.02,0.0,False
"t:20.8842,85.8367:bhuban-ii","m:20.8842,85.8367:bhuban-ii",2,0.227,-0.207,5.1,True
"t:20.8867,85.2192:chainpal","m:20.8867,85.2192:chainpal",3,8.83,-8.83,5.1,False
"t:20.9139,85.5933:baisingha-ii","m:20.9139,85.5931:baisingha",3,1.82,1.82,25.4,False
"t:20.9139,85.5933:baisingha-ii","m:20.9139,85.5933:baisingha-ii",3,0.25,0.12,3.7,True
"t:20.9161,86.0139:pankpal","m:20.9161,86.0139:pankpal",3,0.685,0.05,0.0,True
"t:20.9333,86.0653:jakhpura-ii","m:20.9333,86.0653:jakhpura-ii",2,1.295,0.755,0.7,True
"t:20.9583,85.9167:sukinda-ii","m:20.9583,85.9167:sukinda-ii",3,0.98,-0.98,0.7,True
"t:20.9625,86.0792:danagadi-ii","m:20.9625,86.0792:danagadi-ii",2,0.76,-0.215,0.0,True
"t:20.9667,81.8833:rajim d","m:20.9667,81.8833:rajim",1,0.265,-0.265,5.1,False
"t:20.9667,81.8833:rajim d","m:20.9667,81.8833:rajim-d pz",1,0.065,-0.065,5.1,False
"t:20.9689,84.6508:boinda-ii","m:20.9689,84.6508:boinda-ii",3,0.38,-0.38,3.7,True
"t:20.9861,85.7986:garamian","m:20.9861,85.7986:garamian",2,1.04,0.815,0.0,True
"t:20.9917,86.1278:talagarh","m:20.9917,86.1278:talagarh",2,0.565,-0.565,0.0,True
"t:20.9917,86.1278:talagarh","m:20.9917,86.1278:tolagarh",1,1.11,1.11,0.0,False
"t:21.0175,85.1744:goribandha","m:21.0175,85.1744:goribandha",3,0.2,0.2,0.0,True
"t:21.0439,85.8061:sukurangi","m:21.0439,85.8061:sukurangi",2,1.532,1.532,0.0,False
"t:21.0500,81.7458:abhanpur-d","m:21.0500,81.7458:abhanpur",1,0.89,0.89,3.5,False
"t:21.0500,81.7458:abhanpur-s","m:21.0500,81.7458:abhanpur",1,0.43,0.43,3.5,False
"t:21.0847,82.3006:awaradabri","m:21.0847,82.3006:awaradawri s",1,0.43,0.43,5.2,False
"t:21.1000,81.4194:selud","m:21.1000,81.4194:selud",2,0.54,-0.295,4.6,True
"t:21.1000,81.4194:selud","m:21.1000,81.4194:selud2",1,0.405,-0.405,4.6,False
"t:21.1294,86.6250:shyamsundarpur","m:21.1294,86.6250:shyamsundarpur",1,2.09,-2.09,0.0,False
"t:21.1394,85.1678:pabitranagar pz","m:21.1394,85.1678:pabitranagar pz",2,0.513,-0.513,0.0,True
"t:21.1639,86.0467:kesudapal- ii","m:21.1639,86.0467:kesudapal-ii",3,11.095,11.095,3.7,False
"t:21.1756,85.1564:seepur","m:21.1756,85.1564:seepur",1,0.02,-0.02,5.1,False
"t:21.1847,80.7597:dongargarh-d","m:21.1847,80.7597:dongargarh",2,1.388,1.007,3.4,True
"t:21.1847,80.7597:dongargarh-d","m:21.1847,80.7597:dongargarh-d pz",2,2.298,2.298,3.4,False
"t:21.1917,82.1208:tumgaon-d","m:21.1917,82.1208:tumgaon d",1,0.21,0.21,5.1,False
"t:21.1917,82.1208:tumgaon-d","m:21.1917,82.1208:tumgaon s",1,8.31,8.31,5.1,False
"t:21.1917,82.1208:tumgaon-s","m:21.1917,82.1208:tumgaon d",1,8.23,-8.23,5.1,False
"t:21.1917,82.1208:tumgaon-s","m:21.1917,82.1208:tumgaon s",1,0.13,-0.13,5.1,False
"t:21.2086,86.1875:balduan-i","m:21.2086,86.1875:balduan-i",3,0.2,-0.2,1.2,True
"t:21.2111,86.1083:ghasipura pz","m:21.2111,86.1083:ghasipura pz",1,0.3,0.3,0.0,False
"t:21.2233,82.2544:jogidipa d","m:21.2233,82.2544:jogideepa d",1,0.31,0.31,5.9,False
"t:21.2233,82.2544:jogidipa d","m:21.2233,82.2544:jogideepa s",1,0.65,0.65,5.9,False
"t:21.2233,82.2544:jogidipa s","m:21.2233,82.2544:jogideepa d",1,0.15,-0.15,5.9,False
"t:21.2233,82.2544:jogidipa s","m:21.2233,82.2544:jogideepa s",1,0.19,0.19,5.9,False
"t:21.2333,81.5333:kumhari","m:21.2333,81.5333:kumhari",2,0.955,-0.955,5.1,True
"t:21.2394,86.7283:mukteswar","m:21.2394,86.7283:mukteswar",1,0.3,-0.3,0.0,False
"t:21.2514,82.5167:pithora","m:21.2514,82.5167:pithora pz",1,0.275,0.275,3.7,False
"t:21.2661,85.2011:khamar-ii","m:21.2661,85.2011:khamar-ii",3,0.205,0.205,0.0,True
"t:21.2839,82.6622:sankra","m:21.2839,82.6622:sakra s",1,0.085,0.085,2.6,False
"t:21.2886,86.5803:tudigadia","m:21.2886,86.5803:tudigadia",1,3.005,3.005,0.0,False
"t:21.3028,83.3990:sohela","m:21.3028,83.3990:sohela",1,1.369,-1.369,0.0,False
"t:21.3431,82.1833:sirpur","m:21.3431,82.1833:sirpur1 pz",1,0.18,-0.18,6.0,False
"t:21.3458,85.7903:harichandanpur-ii","m:21.3458,85.7903:harichandanpur-ii",3,0.2,-0.2,4.4,True
"t:21.4172,83.4793:hatisara","m:21.4172,83.4793:hatisara",3,0.439,0.439,0.0,True
"t:21.4208,83.8167:godbhaga","m:21.4208,83.8167:godbhaga",4,1.058,0.32,0.0,True
"t:21.4317,85.1958:pallahara","m:21.4317,85.1958:pallahara",3,0.85,-0.85,0.0,True
"t:21.4347,85.6256:jhangira","m:21.4347,85.6256:jhangira",1,0.271,0.271,0.0,False
"t:21.4350,85.3350:jagmohanpur-ii","m:21.4350,85.3350:jagmohanpur-ii",3,0.4,-0.375,0.0,True
"t:21.4650,81.3347:dhamda-d","m:21.4650,81.3347:dhamda",1,7.72,7.72,2.3,False
"t:21.4650,81.3347:dhamda-d","m:21.4650,81.3347:dhamda-d",2,0.99,0.13,2.3,True
"t:21.4650,81.3347:dhamda-d","m:21.4650,81.3347:dhamdha-s",1,1.52,1.52,2.3,False
"t:21.4650,81.3347:dhamdha-s","m:21.4650,81.3347:dhamda",1,8.145,8.145,2.3,False
"t:21.4650,81.3347:dhamdha-s","m:21.4650,81.3347:dhamda-d",2,5.995,-4.45,2.3,False
"t:21.4650,81.3347:dhamdha-s","m:21.4650,81.3347:dhamdha-s",1,1.945,1.945,2.3,False
"t:21.4667,82.0750:sandi","m:21.4667,82.0750:sandi1",1,0.24,0.24,3.7,False
"t:21.5308,82.1683:palari s","m:21.5308,82.1683:palari s",1,1.11,-1.11,5.1,False
"t:21.5308,82.1683:palari-d","m:21.5308,82.1683:palari s",1,2.14,2.14,5.1,False
"t:21.5531,86.8581:hatiagand","m:21.5531,86.8581:hatiagand",1,1.384,-1.384,0.0,False
"t:21.5583,81.7889:tilda","m:21.5583,81.7889:tilda s",1,12.55,12.55,3.9,False
"t:21.6208,82.4264:kasdol-d","m:21.6208,82.4264:kasdol-d",1,2.955,2.955,3.9,False
"t:21.6208,82.4264:kasdol-d","m:21.6208,82.4264:kasdol-s pz",1,20.255,20.255,3.9,False
"t:21.6208,82.4264:kasdol-s","m:21.6208,82.4264:kasdol-d",2,9.945,-7.455,3.9,False
"t:21.6208,82.4264:kasdol-s","m:21.6208,82.4264:kasdol-s pz",2,0.4,0.3,3.9,True
"t:21.6250,81.7040:simga - d","m:21.6250,81.7042:simga",1,1.35,1.35,17.2,False
"t:21.6250,81.7040:simga - d","m:21.6250,81.7042:simga-d",1,17.78,-17.78,17.2,False
"t:21.6250,81.7040:simga - d","m:21.6250,81.7042:simga-s",1,17.64,-17.64,17.2,False
"t:21.6250,81.7040:simga - s","m:21.6250,81.7042:simga",1,1.0,1.0,17.2,False
"t:21.6250,81.7040:simga - s","m:21.6250,81.7042:simga-d",1,18.13,-18.13,17.2,False
"t:21.6250,81.7040:simga - s","m:21.6250,81.7042:simga-s",1,17.99,-17.99,17.2,False
"t:21.6405,87.5721:sankarpur dew (phe)","m:21.6405,87.5721:sankarpur dew (phe)",1,8.24,-8.24,0.0,False
"t:21.6486,81.5617:amora","m:21.6486,81.5617:amora",1,12.257,12.257,0.0,False
"t:21.6639,81.1089:gandai","m:21.6639,81.1089:gandai",1,0.22,-0.22,0.0,False
"t:21.6639,81.1089:gandai","m:21.6639,81.1089:gandai5",1,0.195,-0.195,1.7,False
"t:21.6639,81.2500:nawagoan","m:21.6639,81.2500:nawagoan",1,3.617,-3.617,0.0,False
"t:21.7167,81.5333:bemetera-s","m:21.7167,81.5333:bemetara",2,6.28,-6.28,5.1,False
"t:21.7167,81.5333:bemetera-s","m:21.7167,81.5333:bemetera-d",2,23.94,-23.94,5.1,False
"t:21.7272,87.1642:masara","m:21.7272,87.1642:masara",1,0.74,-0.74,0.0,False
"t:21.7333,81.9500:bhattapara-d","m:21.7333,81.9500:bhattapara-d",1,9.665,-9.665,3.7,False
"t:21.7333,81.9500:bhattapara-s","m:21.7333,81.9500:bhattapara-d",1,16.03,-16.03,3.7,False
"t:21.7639,85.5875:padampur- ii","m:21.7639,85.5875:padampur-ii",3,0.505,0.19,1.2,True
"t:21.8278,85.5667:jhumpura- ii","m:21.8278,85.5667:jhumpura-ii",2,2.64,2.27,4.2,False
"t:21.8333,81.1250:lohara-d","m:21.8333,81.1250:lohara-d",1,5.66,-5.66,0.0,False
"t:21.8333,81.1250:lohara-d","m:21.8333,81.1250:lohara-d pz",1,4.675,4.675,3.7,False
"t:21.8333,81.1250:lohara-s","m:21.8333,81.1250:lohara-d",1,0.6,-0.6,0.0,False
"t:21.8333,81.1250:lohara-s","m:21.8333,81.1250:lohara-d pz",1,0.22,0.22,3.7,False
"t:21.8917,83.3972:raigarh-s","m:21.8917,83.3972:raigarh",1,21.455,21.455,4.4,False
"t:21.8917,83.3972:raigarh-s","m:21.8917,83.3972:raigarh d",1,24.445,24.445,4.4,False
"t:21.8917,83.3972:raigarh-s","m:21.8917,83.3972:raigarh-d",1,2.355,2.355,0.0,False
"t:21.8917,83.3972:raigarh-s","m:21.8917,83.3972:raigarh-s",1,2.615,2.615,0.0,False
"t:21.9672,81.5017:birsinghi","m:21.9672,81.5017:birsinghi",2,0.837,-0.837,0.0,True
"t:21.9889,83.0986:kharsia-s","m:21.9889,83.0986:kharasia s",1,9.445,9.445,1.7,False
"t:21.9889,83.0986:kharsia-s","m:21.9889,83.0986:kharsia",1,15.805,15.805,1.7,False
"t:21.9889,83.0986:kharsia-s","m:21.9889,83.0986:kharsia-d",1,11.23,-11.23,0.0,False
"t:21.9889,83.0986:kharsia-s","m:21.9889,83.0986:kharsia-s",1,12.2,12.2,0.0,False
"t:22.0042,87.4608:pratappur","m:22.0042,87.4608:pratappur",1,8.025,8.025,0.0,False
"t:22.0083,73.3833:segwa chowki i","m:22.0083,73.3833:segwa chouki ii",1,0.65,0.65,5.1,False
"t:22.1860,82.0420:ganiyari","m:22.1861,82.0417:ganiyari.2",1,18.69,18.69,36.5,False
"t:22.2167,81.4181:pandaria","m:22.2167,81.4181:pandaria",1,3.145,-3.145,0.0,False
"t:22.2167,81.4181:pandaria","m:22.2167,81.4181:pandaria1 pz",2,1.988,-1.988,5.9,False
"t:22.2944,72.7903:kheralu (deep)","m:22.2944,72.7903:kathana_pz_i",1,37.262,37.262,0.1,False
"t:22.3917,83.5833:lailunga","m:22.3917,83.5833:lailunga",1,13.81,13.81,5.0,False
"t:22.3917,83.5833:lailunga","m:22.3917,83.5833:lailunga2",2,14.83,14.83,5.0,False
"t:22.4042,83.8250:lavakera","m:22.4042,83.8250:lavakera1",2,11.982,11.982,3.7,False
"t:22.4070,85.7630:jnv, jhikpani","m:22.4070,85.7630:jnv, jhikpani",1,1.423,1.423,0.0,False
"t:22.5042,83.9500:tapkara","m:22.5042,83.9500:tapkara",1,0.92,0.92,3.7,False
"t:22.5414,75.7386:mhow dbiss","m:22.5414,75.7386:mhow dbiss",1,0.59,0.59,1.7,False
"t:22.5444,83.7389:bagbahar","m:22.5444,83.7389:bagbahar s",2,0.433,-0.433,5.1,True
"t:22.5760,88.4385:salt lake pz","m:22.5760,88.4385:salt lake pz",1,0.005,0.005,0.0,False
"t:22.5922,76.9092:khategaon(d)","m:22.5922,76.9092:khategaon(d)",2,1.857,1.857,4.2,False
"t:22.5922,76.9092:khategaon(d)","m:22.5922,76.9092:khategaon(s)",2,3.043,-3.043,4.2,False
"t:22.5922,76.9092:khategaon(s)","m:22.5922,76.9092:khategaon(d)",2,2.4,2.4,4.2,False
"t:22.5922,76.9092:khategaon(s)","m:22.5922,76.9092:khategaon(s)",2,2.5,-2.5,4.2,False
"t:22.6311,75.7922:rau iim","m:22.6311,75.7922:rau iim",1,0.33,-0.33,2.6,False
"t:22.6403,83.7431:kasabel d","m:22.6403,83.7431:kansabel",2,9.845,9.845,5.2,False
"t:22.6403,83.7431:kasabel d","m:22.6403,83.7431:kasawel d",2,0.38,-0.38,5.2,False
"t:22.6403,83.7431:kasabel d","m:22.6403,83.7431:kasawel s",2,0.065,0.045,5.2,True
"t:22.6403,83.7431:kasabel s","m:22.6403,83.7431:kansabel",2,9.485,9.485,5.2,False
"t:22.6403,83.7431:kasabel s","m:22.6403,83.7431:kasawel d",2,0.74,-0.74,5.2,False
"t:22.6403,83.7431:kasabel s","m:22.6403,83.7431:kasawel s",2,0.315,-0.315,5.2,False
"t:22.6417,72.2139:bagodara_pz_i","m:22.6417,72.2139:bagodara_pz_i",1,0.356,0.356,3.9,False
"t:22.6417,72.2139:bagodara_pz_i","m:22.6417,72.2139:bagodara_pz_ii",1,4.656,4.656,3.9,False
"t:22.6417,72.2139:bagodara_pz_ii","m:22.6417,72.2139:bagodara_pz_i",1,3.835,-3.835,3.9,False
"t:22.6417,72.2139:bagodara_pz_ii","m:22.6417,72.2139:bagodara_pz_ii",1,0.465,0.465,3.9,False
"t:22.6564,75.8856:bilawali tank","m:22.6564,75.8856:bilawali tank",1,0.62,0.62,4.7,False
"t:22.6806,88.7069:ambikanagar","m:22.6806,88.7069:ambikanagar1",1,0.04,-0.04,6.7,False
"t:22.6861,76.0303:khudel(d)","m:22.6861,76.0303:khudel(d)",1,0.67,0.67,2.6,False
"t:22.6861,83.8583:banderchuha","m:22.6861,83.8583:bandarchuwa",2,0.675,0.675,3.6,False
"t:22.6861,83.8583:banderchuha","m:22.6861,83.8583:banderchua s",2,0.09,-0.09,3.6,True
"t:22.6903,75.6117:betma(d)","m:22.6903,75.6117:betma(d)",1,1.9,1.9,4.2,False
"t:22.7033,75.8894:indore(s)","m:22.7033,75.8894:indore(s)",2,1.035,1.035,5.9,True
"t:22.7050,75.8411:indorecity mhownaka","m:22.7050,75.8411:indorecity mhownaka",1,0.92,0.92,1.1,False
"t:22.7360,88.7840:baduria","m:22.7359,88.7841:baduria cgwb pz",2,0.212,-0.212,15.1,True
"t:22.7360,88.7840:baduria","m:22.7361,88.7839:baduria  cgwb",1,0.12,-0.12,16.8,False
"t:22.7419,83.9542:kunkuri","m:22.7417,83.9542:kunkuri",1,11.58,11.58,26.2,False
"t:22.7419,83.9542:kunkuri","m:22.7419,83.9542:kunkuri s",2,0.375,-0.375,6.0,True
"t:22.7419,83.9542:kunkuri","m:22.7419,83.9542:kunkuri1",1,12.54,12.54,6.0,False
"t:22.7564,86.2013:amd campus","m:22.7564,86.2013:amd campus",3,2.565,-1.03,0.0,False
"t:22.7967,77.6889:budhni(shallow)","m:22.7967,77.6889:budhni(shallow)",1,8.35,-8.35,3.9,False
"t:22.8475,75.5367:depalpur block","m:22.8475,75.5367:depalpur block",2,4.735,4.735,0.0,False
"t:22.8572,83.8825:narayanpur","m:22.8572,83.8825:narayanpur s",2,0.458,-0.458,2.5,True
"t:22.8906,83.8114:bangaon b","m:22.8906,83.8114:bangaon b",2,0.09,-0.09,5.1,True
"t:22.9731,76.3522:sonkutch(s)","m:22.9731,76.3522:sonkutch(d)",1,0.49,-0.49,5.4,False
"t:22.9731,76.3522:sonkutch(s)","m:22.9731,76.3522:sonkutch(s)",1,0.31,-0.31,5.4,False
"t:22.9764,83.6542:bagicha","m:22.9764,83.6542:bagicha",2,1.453,1.453,3.6,True
"t:22.9794,75.8319:sanwer block","m:22.9794,75.8319:sanwer block",2,0.425,0.045,0.5,True
"t:22.9928,75.5200:gautampura tehsil","m:22.9928,75.5200:gautampura tehsil",1,0.87,0.87,2.5,False
"t:23.0067,76.5058:jawar(deep)","m:23.0067,76.5058:jawar(deep)",1,0.64,0.64,5.0,False
"t:23.0067,76.5058:jawar(deep)","m:23.0067,76.5058:jawar(shallow)",1,1.06,1.06,5.0,False
"t:23.0067,76.5058:jawar(shallow)","m:23.0067,76.5058:jawar(deep)",1,0.235,0.235,5.0,False
"t:23.0067,76.5058:jawar(shallow)","m:23.0067,76.5058:jawar(shallow)",1,0.655,0.655,5.0,False
"t:23.0111,76.7250:ashta(deep)","m:23.0111,76.7250:ashta(deep)",1,7.86,7.86,1.2,False
"t:23.0139,75.6836:chandrawatiganj","m:23.0139,75.6836:chandrawatiganj",1,0.75,0.75,1.7,False
"t:23.0148,88.2645:mahanad high school (ow)","m:23.0148,88.2645:mahanad high school (ow)",1,5.78,-5.78,0.0,False
"t:23.0386,72.4578:bopal_pz_i","m:23.0386,72.4578:bopal_pz_i",1,0.46,0.46,0.0,False
"t:23.0386,72.4578:bopal_pz_i","m:23.0386,72.4578:bopal_pz_iii",1,31.62,31.62,0.0,False
"t:23.0386,72.4578:bopal_pz_iii","m:23.0386,72.4578:bopal_pz_i",1,30.639,-30.639,0.0,False
"t:23.0386,72.4578:bopal_pz_iii","m:23.0386,72.4578:bopal_pz_iii",1,0.521,0.521,0.0,False
"t:23.0569,91.6506:rajib nagar","m:23.0569,91.6506:rajib nagar ew",2,2.36,-2.21,0.7,False
"t:23.0650,87.5996:bishnupur pz","m:23.0650,87.5996:bishnupur pz",1,1.29,1.29,0.0,False
"t:23.0686,75.9139:narwar(deep)","m:23.0686,75.9139:narwar(deep)",1,0.57,0.57,1.7,False
"t:23.0811,72.5136:sola(hc)_pz_i","m:23.0811,72.5136:sola(hc)_pz_i",1,0.022,0.022,1.7,False
"t:23.0889,72.0167:hansalpur_pz-i","m:23.0889,72.0167:hansalpur_pz-ii",1,2.008,-2.008,3.6,False
"t:23.0889,72.0167:hansalpur_pz-i","m:23.0889,72.0167:hansalpur_pz-iii",1,20.072,20.072,3.6,False
"t:23.0889,72.0167:hansalpur_pz-iii","m:23.0889,72.0167:hansalpur_pz-ii",1,21.7,-21.7,3.6,False
"t:23.0889,72.0167:hansalpur_pz-iii","m:23.0889,72.0167:hansalpur_pz-iii",1,0.38,0.38,3.6,False
"t:23.0986,75.7300:hasmpura npz","m:23.0986,75.7300:hasmpura npz",1,0.59,0.59,1.2,False
"t:23.1377,84.2392:chainpur","m:23.1377,84.2392:chainpur",2,19.0,18.295,0.0,False
"t:23.1442,75.5542:ingoria npz","m:23.1442,75.5542:ingoria npz",1,0.53,0.53,5.0,False
"t:23.1611,77.4689:misrod (d)","m:23.1611,77.4689:misrod (d)",1,0.59,0.59,1.7,False
"t:23.1611,77.4689:misrod (d)","m:23.1611,77.4689:misrod (s)",1,2.44,2.44,1.7,False
"t:23.1611,77.4689:misrod (s)","m:23.1611,77.4689:misrod (d)",1,2.06,-2.06,1.7,False
"t:23.1611,77.4689:misrod (s)","m:23.1611,77.4689:misrod (s)",1,0.21,-0.21,1.7,False
"t:23.1639,75.2639:runija(deep)","m:23.1639,75.2639:runija(deep)",1,10.88,-10.88,1.7,False
"t:23.1639,75.2639:runija(deep)","m:23.1639,75.2639:runija(shallow)",1,0.21,0.21,1.7,False
"t:23.1750,72.5583:adalaj_pz_i","m:23.1750,72.5583:adalaj_pz_i",1,21.554,-21.554,3.4,False
"t:23.1750,72.5583:adalaj_pz_i","m:23.1750,72.5583:adalaj_pz_ii",1,5.666,5.666,3.4,False
"t:23.1750,72.5583:adalaj_pz_i","m:23.1750,72.5583:adalaj_pz_iii",1,63.706,63.706,3.4,False
"t:23.1750,72.5583:adalaj_pz_ii","m:23.1750,72.5583:adalaj_pz_i",1,26.62,-26.62,3.4,False
"t:23.1750,72.5583:adalaj_pz_ii","m:23.1750,72.5583:adalaj_pz_ii",1,0.6,0.6,3.4,False
"t:23.1750,72.5583:adalaj_pz_ii","m:23.1750,72.5583:adalaj_pz_iii",1,58.64,58.64,3.4,False
"t:23.1750,72.5583:adalaj_pz_iii","m:23.1750,72.5583:adalaj_pz_i",1,93.53,-93.53,3.4,False
"t:23.1750,72.5583:adalaj_pz_iii","m:23.1750,72.5583:adalaj_pz_ii",1,66.31,-66.31,3.4,False
"t:23.1750,72.5583:adalaj_pz_iii","m:23.1750,72.5583:adalaj_pz_iii",1,8.27,-8.27,3.4,False
"t:23.1847,77.0625:sehore(deep)","m:23.1847,77.0625:sehore(deep)",1,4.1,-4.1,2.5,False
"t:23.1847,77.0625:sehore(deep)","m:23.1847,77.0625:sehore(shallow)",1,16.34,16.34,2.5,False
"t:23.2036,75.6478:ambodia npz","m:23.2036,75.6478:ambodia npz",1,0.75,0.75,2.6,False
"t:23.2119,82.8728:surajpur","m:23.2119,82.8728:surajpur",1,1.9,-1.9,5.4,False
"t:23.2119,82.8728:surajpur","m:23.2119,82.8728:surajpur1",1,0.3,-0.3,5.4,False
"t:23.2197,74.5833:chhoti sarwa","m:23.2197,74.5833:chhoti sarwa",1,1.615,1.615,0.0,False
"t:23.2264,77.1958:phanda(d)","m:23.2264,77.1958:phanda(d)",1,0.37,0.37,3.6,False
"t:23.2672,72.6731:pethapur_i","m:23.2672,72.6731:pethapur_pz-ii",1,25.111,25.111,0.1,False
"t:23.2672,88.5325:taherpur sow","m:23.2674,88.5323:taherpur dow",1,0.565,0.565,24.1,False
"t:23.3064,85.3719:military farm namkom","m:23.3064,85.3719:military farm namkom",1,22.804,22.804,0.0,False
"t:23.3222,85.3199:imd campus","m:23.3222,85.3199:imd campus",1,0.87,0.87,0.0,False
"t:23.3353,75.5544:unhel npz","m:23.3353,75.5544:unhel npz",1,1.36,1.36,5.2,False
"t:23.3375,83.4042:rajpur","m:23.3375,83.4042:rajpur1",1,0.68,0.68,3.4,False
"t:23.3472,85.1500:dorma","m:23.3472,85.1500:dorma",4,2.307,2.307,0.0,False
"t:23.3717,85.3400:bit extension campus lalpur","m:23.3717,85.3400:bit extension campus lalpur",1,5.08,5.08,0.0,False
"t:23.3736,72.7050:amrapur pzi","m:23.3736,72.7050:amrapur pzi",1,0.98,-0.98,1.2,False
"t:23.3736,72.7050:amrapur pzi","m:23.3736,72.7050:amrapur pzii",1,25.97,25.97,1.2,False
"t:23.3736,72.7050:amrapur pzii","m:23.3736,72.7050:amrapur pzi",1,26.905,-26.905,1.2,False
"t:23.3736,72.7050:amrapur pzii","m:23.3736,72.7050:amrapur pzii",1,0.045,0.045,1.2,False
"t:23.3861,85.3539:shyamali,mecon colony","m:23.3861,85.3539:shyamali,mecon colony",3,10.717,10.717,0.0,False
"t:23.3897,85.3886:mahilong forest nur","m:23.3897,85.3886:mahilong forest nur",3,34.07,34.07,0.0,False
"t:23.3919,85.3261:ranchi college","m:23.3919,85.3261:ranchi college",3,35.645,35.645,0.0,False
"t:23.3958,85.3719:jamchuan kgbavk","m:23.3958,85.3719:jamchuan kgbavk",1,0.285,0.285,0.0,False
"t:23.4056,77.1117:shyampur(deep)","m:23.4056,77.1117:shyampur(deep)",1,0.23,0.23,6.0,False
"t:23.4231,72.6650:mansa","m:23.4231,72.6650:mansa",1,1.809,1.809,4.9,False
"t:23.4261,75.2825:khachrod npz","m:23.4261,75.2825:khachrod npz",1,8.59,8.59,1.2,False
"t:23.4289,85.1456:brambey","m:23.4289,85.1456:brambey",2,4.43,4.43,0.0,False
"t:23.4345,85.3214:kanke, s +2 high school","m:23.4345,85.3214:kanke, s +2 high school",1,4.475,4.475,0.0,False
"t:23.4478,75.4103:nagda npz","m:23.4478,75.4103:nagda npz",1,1.04,1.04,3.4,False
"t:23.4833,74.3667:sera pada sandoh","m:23.4833,74.3667:sera pada sandoh",1,5.88,5.88,5.0,False
"t:23.4903,75.6653:mahidpur town(deep)","m:23.4903,75.6653:mahidpur town(deep)",1,0.735,0.735,3.4,False
"t:23.4911,75.6667:mahidpur town npz","m:23.4911,75.6667:mahidpur town npz",1,0.81,0.81,3.6,False
"t:23.5489,75.9025:pat npz","m:23.5489,75.9025:pat npz",1,0.565,0.565,1.2,False
"t:23.5567,75.5161:gogapur npz","m:23.5567,75.5161:gogapur npz",1,1.01,1.01,3.9,False
"t:23.5600,73.9800:chitri","m:23.5600,73.9800:chitri",1,1.19,1.19,0.0,False
"t:23.5667,76.4611:sarangpur(d)","m:23.5667,76.4611:sarangpur(d)",1,0.41,-0.41,3.9,False
"t:23.5667,76.4611:sarangpur(d)","m:23.5667,76.4611:sarangpur(s)",1,1.39,1.39,3.9,False
"t:23.5667,76.4611:sarangpur(s)","m:23.5667,76.4611:sarangpur(d)",1,0.31,-0.31,3.9,False
"t:23.5667,76.4611:sarangpur(s)","m:23.5667,76.4611:sarangpur(s)",1,1.49,1.49,3.9,False
"t:23.5694,85.6611:chitarpur","m:23.5694,85.6611:chitarpur",4,33.558,33.558,0.1,False
"t:23.6081,85.5394:harhadkander","m:23.6081,85.5394:dulmi",3,38.059,38.059,0.1,False
"t:23.6081,85.5394:harhadkander","m:23.6081,85.5394:harhadkander",3,37.009,37.009,0.0,False
"t:23.6081,85.5394:harhadkander","m:23.6081,85.5394:kaitha",4,37.805,37.805,0.0,False
"t:23.6083,86.1828:kamaldih","m:23.6083,86.1828:kamaldih",1,1.985,-1.985,0.0,False
"t:23.6211,77.4278:berasia(d)","m:23.6211,77.4278:berasia(d)",1,4.78,-4.78,2.6,False
"t:23.6400,87.6108:ramnagar cgwb pz","m:23.6400,87.6108:ramnagar1",1,14.92,14.92,3.4,False
"t:23.6872,85.3408:dwsd burha kokhra","m:23.6872,85.3408:dwsd burha kokhra",3,27.805,27.805,0.0,False
"t:23.7644,88.0486:simulia","m:23.7644,88.0486:simulia1",1,0.23,0.23,5.1,False
"t:23.7747,75.1086:dhodhar (d)","m:23.7747,75.1089:dhodhar",1,22.27,22.27,29.5,False
"t:23.7940,85.0232:laharnga","m:23.7940,85.0232:laharnga",2,1.64,0.114,0.0,False
"t:23.7994,87.6028:gargaria cgwb pz","m:23.7994,87.6028:gargaria cgwb pz",1,2.1,-2.1,0.0,False
"t:23.8036,91.3303:nagicherra","m:23.8036,91.3303:nagicherra",1,3.51,-3.51,0.0,False
"t:23.8036,91.3303:nagicherra","m:23.8036,91.3303:nagicherra ew",1,4.23,-4.23,0.0,False
"t:23.8208,88.1525:tiyan","m:23.8208,88.1525:tenya",1,1.32,-1.32,3.7,False
"t:23.8350,91.6758:chakmaghat","m:23.8350,91.6758:chakmaghat",1,3.57,-3.57,0.0,False
"t:23.8350,91.6758:chakmaghat","m:23.8350,91.6758:chakmaghat ew",1,0.01,0.01,0.3,False
"t:23.8542,87.6969:paikpara cgwb pz","m:23.8542,87.6969:paikpara cgwb pz",1,0.08,0.08,0.0,False
"t:23.8542,87.6969:paikpara cgwb pz","m:23.8542,87.6969:paikpara1",1,1.77,-1.77,5.8,False
"t:23.8828,91.3653:bodhjanagar","m:23.8828,91.3653:bodhjanagar",1,19.14,19.14,0.0,False
"t:23.8914,87.9919:panchthupi","m:23.8914,87.9919:panchthupi",1,0.17,-0.17,4.7,False
"t:23.9106,76.9083:biora (d)","m:23.9106,76.9083:biora (d)",2,1.662,-1.662,6.0,False
"t:23.9106,76.9083:biora (d)","m:23.9106,76.9083:biora(s)",2,1.628,-0.792,6.0,False
"t:23.9106,76.9083:biora(s)","m:23.9106,76.9083:biora (d)",2,1.335,1.335,6.0,True
"t:23.9106,76.9083:biora(s)","m:23.9106,76.9083:biora(s)",2,2.205,2.205,6.0,False
"t:24.0261,88.1781:madhupur","m:24.0261,88.1781:madhupur2",1,0.61,-0.61,4.7,False
"t:24.0575,77.4072:lateri(s)","m:24.0575,77.4072:lateri(s)",1,0.2,0.2,2.3,False
"t:24.0775,83.8925:khura kalan","m:24.0775,83.8925:khura kalan",1,7.277,7.277,0.0,False
"t:24.0842,88.3161:nagrajol","m:24.0842,88.3161:nagrajol",1,1.19,-1.19,3.9,False
"t:24.0950,77.6756:sironj(s)","m:24.0950,77.6756:sironj(s)",1,0.31,0.31,4.5,False
"t:24.1261,78.0389:kurwai (s)","m:24.1261,78.0389:kurwai(s)",1,0.46,0.46,0.0,False
"t:24.1682,86.5761:margomunda","m:24.1682,86.5761:margomunda",1,5.059,5.059,0.0,False
"t:24.1917,88.1542:polsonda","m:24.1917,88.1542:polsonda",1,0.3,-0.3,5.0,False
"t:24.3247,77.1033:khatkiya(s)","m:24.3247,77.1033:khatkiya(s)",1,0.45,0.45,4.2,False
"t:24.3583,71.5083:vav   i","m:24.3583,71.5083:vav   i",1,0.77,0.77,5.0,False
"t:24.3700,92.5500:alaicherra-v","m:24.3700,92.5500:alaicherra-v",1,0.13,-0.13,0.0,False
"t:24.3850,71.6194:tharad pziii","m:24.3850,71.6194:tharad pzi",1,0.35,0.35,4.5,False
"t:24.3850,71.6194:tharad pziii","m:24.3850,71.6194:tharad pzii",1,0.75,0.75,4.5,False
"t:24.3850,71.6194:tharad pziii","m:24.3850,71.6194:tharad pziii",1,0.69,0.69,4.5,False
"t:24.4428,87.8492:murarai cgwb pz","m:24.4428,87.8492:murarai cgwb pz",1,0.06,0.06,0.0,False
"t:24.4833,72.6833:mungthalla","m:24.4833,72.6833:mungthalla",3,0.855,0.13,5.0,True
"t:24.6333,72.5333:reodar","m:24.6333,72.5333:reodar",3,1.319,-0.99,5.0,True
"t:24.6333,72.6500:anadara","m:24.6333,72.6500:anadara",3,0.61,0.61,3.7,True
"t:24.7094,72.1094:matriwara","m:24.7094,72.1094:matriwara",3,1.06,1.06,0.0,True
"t:24.7522,71.8286:hadetar","m:24.7522,71.8286:hadetar",3,0.56,0.56,0.0,True
"t:24.8500,74.5889:bojunda","m:24.8500,74.5889:bojunda",2,1.014,1.014,0.0,True
"t:24.8800,72.3000:kagmala(kundanpura)","m:24.8800,72.3000:kagmala(kundanpura)",1,0.72,0.72,0.0,False
"t:24.9142,71.7386:sewada","m:24.9142,71.7386:sewada",1,30.82,-30.82,0.0,False
"t:24.9700,72.2200:dhanwara","m:24.9700,72.2200:dhanwara",1,1.385,-1.385,0.0,False
"t:24.9753,77.5694:badarwas(shallow)","m:24.9753,77.5694:badarwas(shallow)",1,0.5,0.5,5.1,False
"t:25.0645,75.2952:paparbar","m:25.0645,75.2952:paparbar",4,6.0,6.0,0.0,False
"t:25.1083,74.8333:dugar","m:25.1083,74.8333:dugar",1,1.58,1.58,5.0,False
"t:25.1222,71.5889:piparli gaon","m:25.1222,71.5889:piparli gaon",1,0.02,-0.02,2.7,False
"t:25.1368,74.2174:potlan","m:25.1368,74.2174:potlan",4,0.58,0.425,0.0,True
"t:25.1921,74.4360:sethoriya","m:25.1921,74.4360:sethoriya",4,1.411,1.411,0.0,True
"t:25.1922,72.6000:bagra1","m:25.1922,72.6000:bagra1",1,22.72,-22.72,2.5,False
"t:25.1989,75.4253:soonthi","m:25.1989,75.4253:soonthi",2,1.26,1.26,0.0,True
"t:25.1994,74.9375:suras","m:25.1994,74.9375:suras",2,2.635,-2.135,0.0,False
"t:25.2040,74.1557:salera","m:25.2040,74.1557:salera",3,5.86,5.86,0.0,False
"t:25.2137,75.0603:mandalgarh_pz","m:25.2137,75.0603:mandalgarh_pz",4,0.972,0.4,0.0,True
"t:25.2503,91.7442:nit cherrapunji","m:25.2503,91.7442:nit cherrapunji",2,0.09,-0.08,0.0,True
"t:25.2583,73.7208:bhop ji ki bhagal","m:25.2583,73.7208:bhop ji ki bhagal",2,0.565,0.565,0.0,True
"t:25.2609,74.0487:dangri","m:25.2609,74.0487:dangri",3,1.24,1.24,0.0,True
"t:25.2783,73.7828:gomti chouraha","m:25.2783,73.7828:gomti chouraha",2,0.895,0.895,4.3,True
"t:25.2800,72.6000:bhagli","m:25.2800,72.6000:bhagli",1,0.34,0.34,0.0,False
"t:25.2844,75.0018:ramnagar_pz","m:25.2844,75.0018:ramnagar_pz",3,5.346,-5.346,0.0,False
"t:25.2935,75.3288:rampuriya_pz","m:25.2935,75.3288:rampuriya_pz",3,0.737,0.737,0.0,True
"t:25.2999,74.5392:mci (pur)","m:25.2999,74.5392:mci (pur)",2,0.538,0.538,0.0,True
"t:25.3077,74.1820:koshithal","m:25.3077,74.1820:koshithal",4,0.41,-0.047,0.0,True
"t:25.3333,72.0000:khokagaon","m:25.3333,72.0000:khokagaon",2,24.44,24.44,3.7,False
"t:25.3475,75.2975:mangtala","m:25.3475,75.2975:mangtala",3,0.325,-0.29,0.0,True
"t:25.4434,74.2044:thala_pz","m:25.4434,74.2044:thala_pz",3,1.182,1.08,0.0,True
"t:25.4467,84.8561:bikram","m:25.4467,84.8558:bikram",1,0.12,-0.12,22.1,False
"t:25.4498,74.3656:bakli_pz","m:25.4498,74.3656:bakli_pz",3,31.824,31.824,0.0,False
"t:25.4500,74.8571:bhojpur_pz","m:25.4500,74.8571:bhojpur_pz",3,1.223,-1.223,0.0,True
"t:25.4667,71.9675:arniyali","m:25.4667,71.9675:arniyali",2,15.965,15.965,0.0,False
"t:25.4714,78.1236:karera(shallo w)","m:25.4714,78.1236:karera(shallow)",1,0.32,0.32,1.7,False
"t:25.4721,74.7184:babrana","m:25.4721,74.7184:babrana",4,1.169,1.169,0.0,True
"t:25.4917,77.9083:narwar(shallow)","m:25.4917,77.9083:narwar(shallow)",1,0.465,0.465,5.0,False
"t:25.5034,84.9613:naubatpur i","m:25.5031,84.9611:naubatpur",1,0.745,-0.745,41.1,False
"t:25.5034,84.9613:naubatpur i","m:25.5033,84.9611:naubatpur2",1,0.445,0.445,22.2,False
"t:25.5034,84.9614:naubatpur ii","m:25.5031,84.9611:naubatpur",1,1.62,-1.62,42.3,False
"t:25.5034,84.9614:naubatpur ii","m:25.5033,84.9611:naubatpur2",1,0.43,-0.43,25.3,False
"t:25.5205,75.1262:bagudar","m:25.5205,75.1262:bagudar",1,1.207,1.207,0.0,False
"t:25.5238,74.3243:malas_pz","m:25.5238,74.3243:malas_pz",3,0.51,0.51,0.0,True
"t:25.5650,74.8242:dhikola_pz","m:25.5650,74.8242:dhikola_pz",3,0.49,0.49,0.0,True
"t:25.5667,71.9000:sindari","m:25.5667,71.9000:sindari",2,0.785,0.785,3.7,True
"t:25.5906,77.3875:dhamora(shallow)","m:25.5906,77.3875:dhamora(shallow)",2,0.65,0.65,4.9,True
"t:25.6065,84.9051:simri i","m:25.6064,84.9050:simri",1,1.1,-1.1,15.4,False
"t:25.6142,76.1993:papdi","m:25.6142,76.1993:papdi",1,0.934,0.934,0.0,False
"t:25.6528,75.3824:luhari kallan","m:25.6528,75.3824:luhari kallan",3,31.24,31.24,0.0,False
"t:25.6714,76.7119:sheopur(deep)","m:25.6714,76.7119:sheopur(deep)",1,0.31,-0.31,4.6,False
"t:25.6807,74.4577:dholi_pz","m:25.6807,74.4577:dholi_pz",4,5.329,5.329,0.0,False
"t:25.6900,75.1252:tithora maffi","m:25.6900,75.1252:tithora maffi",2,0.295,0.144,0.0,True
"t:25.6931,74.1269:shivpur_pz","m:25.6931,74.1269:shivpur_pz",4,5.113,5.113,0.0,False
"t:25.6979,74.9866:rahad","m:25.6979,74.9866:rahad",2,90.865,90.865,0.0,False
"t:25.7754,74.5133:phalamada","m:25.7754,74.5133:phalamada",2,1.54,-0.09,0.0,False
"t:25.7806,72.5875:karmawas","m:25.7806,72.5875:karmawas",2,0.32,0.32,4.9,True
"t:25.7826,92.0168:tdohumshiaw","m:25.7826,92.0168:tdohumshiaw",1,6.984,-6.984,0.0,False
"t:25.8000,73.5833:binjliawas","m:25.8000,73.5833:binjliawas",3,0.93,0.93,3.3,True
"t:25.8018,74.8751:devariya","m:25.8018,74.8751:devariya",3,9.082,-9.082,0.0,False
"t:25.8040,74.4534:rooppura","m:25.8040,74.4534:rooppura",2,2.873,2.873,0.0,False
"t:25.8286,90.4552:mendal","m:25.8286,90.4552:mendal",2,4.295,4.285,0.0,False
"t:25.8530,91.3704:ranikhamar","m:25.8530,91.3704:ranikhamar",2,4.58,-0.81,0.0,False
"t:25.8856,77.7697:mohana(s)","m:25.8856,77.7697:mohana(s)",1,0.64,0.64,5.4,False
"t:25.8884,90.4932:bajengdoba","m:25.8884,90.4932:bajengdoba",1,0.35,-0.35,0.0,False
"t:25.8911,78.3367:dabra(s)","m:25.8911,78.3367:dabra(s)",1,0.96,-0.96,3.6,False
"t:25.8931,91.2192:dhupguri","m:25.8931,91.2192:dhupguri",1,0.02,0.02,0.0,False
"t:25.9029,91.7015:nongladew","m:25.9029,91.7015:nongladew",1,4.364,4.364,0.0,False
"t:25.9376,76.3102:kali dhai (neemli kalan)","m:25.9376,76.3102:kali dhai (neemli kalan)",1,22.05,-22.05,0.0,False
"t:25.9564,75.9031:gothda","m:25.9564,75.9031:gothda",1,2.6,-2.6,0.0,False
"t:25.9766,91.5085:garopara","m:25.9766,91.5085:garopara",1,1.405,1.405,0.0,False
"t:26.0000,73.0208:luni","m:26.0000,73.0208:luni",2,0.49,0.49,3.3,True
"t:26.0028,93.4114:donka bay","m:26.0028,93.4114:donka bay",1,19.79,-19.79,0.0,False
"t:26.0166,75.7204:dakhiya","m:26.0166,75.7204:dakhiya",1,0.771,0.771,0.0,False
"t:26.0412,76.6007:goth bihari","m:26.0412,76.6007:goth bihari",1,1.125,1.125,0.0,False
"t:26.0454,76.1215:rajwana","m:26.0454,76.1215:rajwana",1,1.35,1.35,0.0,False
"t:26.0561,91.2857:jambari","m:26.0561,91.2857:jambari",1,0.08,0.08,0.0,False
"t:26.0783,74.3761:andheri devi","m:26.0783,74.3761:andheri devi",2,28.378,28.378,0.0,False
"t:26.1083,73.7617:barna","m:26.1083,73.7617:barna",2,4.092,-3.548,0.0,False
"t:26.1100,73.1800:bhawi","m:26.1100,73.1800:bhawi",1,0.14,0.14,0.0,False
"t:26.1608,71.5750:jhak pz","m:26.1608,71.5750:jhak pz",2,1.353,-0.474,3.7,True
"t:26.2072,90.2955:sonamukhi","m:26.2072,90.2955:sonamukhi",1,7.073,7.073,0.0,False
"t:26.2178,73.3139:bisalpur","m:26.2178,73.3139:bisalpur",1,0.14,-0.14,2.7,False
"t:26.2239,78.1944:gwalior(s)","m:26.2239,78.1944:gwalior(s)",1,0.45,0.45,4.6,False
"t:26.2297,73.0297:afri(jodhpur)","m:26.2297,73.0297:afri(jodhpur)",2,0.53,0.53,0.0,True
"t:26.2500,92.3100:basanaghat","m:26.2500,92.3100:basanaghat",1,0.88,0.88,0.0,False
"t:26.2661,74.6175:pachmata","m:26.2661,74.6175:pachmata",3,1.4,1.2,0.0,True
"t:26.2811,76.6317:gordhan pura","m:26.2811,76.6317:gordhan pura",1,1.513,1.513,0.0,False
"t:26.2818,72.6309:agolai","m:26.2818,72.6309:agolai",1,0.55,0.55,0.0,False
"t:26.2822,73.6142:ghana magra","m:26.2822,73.6142:ghana magra",2,0.36,0.275,0.0,True
"t:26.3041,91.7616:madanpur","m:26.3041,91.7616:madanpur",2,0.223,0.223,0.0,True
"t:26.3142,77.2638:panchauli","m:26.3142,77.2638:panchauli",1,0.362,0.362,0.0,False
"t:26.3171,75.8518:rajwas","m:26.3171,75.8518:rajwas",1,5.9,5.9,0.0,False
"t:26.3200,92.3800:jagibhakatgaon","m:26.3200,92.3800:jagibhakatgaon",2,0.053,0.053,0.0,True
"t:26.3250,72.2436:rajwas","m:26.3250,72.2436:rajwa",1,7.145,7.145,1.1,False
"t:26.3250,72.2436:rajwas","m:26.3250,72.2436:rajwas",2,8.758,8.758,0.0,False
"t:26.3365,76.1647:bapoi","m:26.3365,76.1647:bapoi",1,2.5,-2.5,0.0,False
"t:26.3569,78.2903:malanpur(s)","m:26.3569,78.2903:malanpur(s)",1,0.28,0.28,5.4,False
"t:26.3630,76.4153:nimod","m:26.3630,76.4153:nimod",1,0.944,0.944,0.0,False
"t:26.3897,72.2861:nahar singh nagar","m:26.3897,72.2861:nahar singh nagar",1,35.32,35.32,0.0,False
"t:26.3978,72.4333:dhirpura_pz","m:26.3978,72.4333:dhirpura_pz",1,1.0,1.0,0.0,False
"t:26.4131,72.8489:salodi","m:26.4131,72.8489:salodi",2,3.075,1.755,5.1,False
"t:26.4548,72.6129:jhinjhiniyala govinda","m:26.4548,72.6129:jhinjhiniyala govinda",1,3.989,-3.989,0.0,False
"t:26.4833,71.2750:kodiyasar","m:26.4833,71.2750:kodiyasar",1,0.61,0.61,3.7,False
"t:26.4929,75.8296:behrwan dhani, suriya","m:26.4929,75.8296:behrwan dhani, suriya",1,0.472,0.472,0.0,False
"t:26.5070,91.2400:patacharkuchi","m:26.5070,91.2400:patacharkuchi",1,0.675,0.675,0.0,False
"t:26.5100,73.2119:gangani","m:26.5100,73.2119:gangani",2,0.49,0.49,4.4,True
"t:26.5121,77.7050:barpura","m:26.5121,77.7050:barpura",1,4.44,4.44,0.0,False
"t:26.5223,72.0198:garhi champawat","m:26.5223,72.0198:garhi champawat",1,0.46,0.46,0.0,False
"t:26.5292,77.0750:deeppura-pz d","m:26.5292,77.0750:deeppura-pz d",1,9.43,9.43,3.7,False
"t:26.5464,76.2950:chandsen","m:26.5464,76.2950:chandsen",1,1.125,1.125,0.0,False
"t:26.5539,73.4706:kuri1","m:26.5539,73.4706:kuri1",1,47.772,47.772,0.0,False
"t:26.5896,76.9968:rond kalan","m:26.5896,76.9968:rond kalan",1,1.473,1.473,0.0,False
"t:26.5983,91.8185:khoirabari","m:26.5983,91.8185:khoirabari",2,0.855,-0.855,0.0,True
"t:26.5986,76.7291:shahar","m:26.5986,76.7291:shahar",1,1.07,1.07,0.0,False
"t:26.6050,77.1377:mangree","m:26.6050,77.1377:mangree",1,0.12,0.12,0.0,False
"t:26.6099,92.2924:silbori (phase-ii)","m:26.6099,92.2924:silbori (phase-ii)",1,0.94,-0.94,0.0,False
"t:26.6229,76.9292:phulwara peppat","m:26.6229,76.9292:phulwara peppat",1,1.07,1.07,0.0,False
"t:26.6359,91.6089:kachubari","m:26.6359,91.6089:kachubari",1,5.605,-5.605,0.0,False
"t:26.6378,72.2881:chordia","m:26.6378,72.2881:chordia",1,0.29,0.29,0.0,False
"t:26.6486,72.4625:devatoo","m:26.6486,72.4625:devatoo",1,71.97,71.97,0.0,False
"t:26.6658,72.7214:daukiyan ka bass","m:26.6658,72.7214:daukiyan ka bass",2,13.612,-13.612,0.0,False
"t:26.6956,73.8408:riyashyamdas","m:26.6956,73.8408:riyashyamdas",1,10.293,10.293,0.0,False
"t:26.7000,92.9500:tolakbari","m:26.7000,92.9500:tolakbari",2,0.08,0.08,0.0,True
"t:26.7037,77.8037:sarani kheda  (shahpur)","m:26.7037,77.8037:sarani kheda  (shahpur)",1,0.955,0.955,0.0,False
"t:26.7074,77.6152:dadur(tontri)","m:26.7074,77.6152:dadur(tontri)",1,3.81,3.81,0.0,False
"t:26.7252,76.4519:sar_pz","m:26.7252,76.4519:sar_pz",3,2.656,-0.209,0.0,False
"t:26.7375,73.5375:kumara","m:26.7375,73.5375:kumara",2,11.37,-11.37,0.0,False
"t:26.7516,77.8628:odi ka pura (bhojpur)","m:26.7516,77.8628:odi ka pura (bhojpur)",1,0.616,0.616,0.0,False
"t:26.7525,92.9250:panigaon","m:26.7525,92.9250:panigaon",1,0.16,0.16,0.0,False
"t:26.7576,77.1178:sherpur","m:26.7576,77.1178:sherpur",1,2.5,2.5,0.0,False
"t:26.7833,76.2167:lawan1","m:26.7833,76.2167:lawan1",4,14.052,14.052,5.0,False
"t:26.7969,75.5772:chirota","m:26.7969,75.5772:chirota",1,7.43,7.43,0.0,False
"t:26.8056,73.4122:asanda","m:26.8056,73.4122:asanda",2,46.839,18.406,0.0,False
"t:26.8167,77.6861:lebudapura","m:26.8167,77.6861:lebudapura",2,0.58,0.58,0.0,True
"t:26.8214,75.8175:budhpura_imd","m:26.8214,75.8175:budhpura_imd",3,1.51,1.453,0.0,False
"t:26.8400,75.7900:durgapura","m:26.8400,75.7900:durgapura",1,39.72,-39.72,0.0,False
"t:26.8533,75.7667:mansarovar cgwb","m:26.8533,75.7667:mansarovar cgwb",3,0.55,-0.39,5.0,True
"t:26.8647,94.6814:jarabari satra","m:26.8647,94.6814:jarabari satra",2,0.285,0.005,0.0,True
"t:26.8676,76.9870:salempur thana","m:26.8676,76.9870:salempur thana",1,5.645,-5.645,0.0,False
"t:26.8764,76.2919:sabalapur","m:26.8764,76.2919:sabalapur",1,17.214,17.214,0.0,False
"t:26.8958,76.3250:dausa","m:26.8958,76.3250:dausa",3,0.5,0.5,3.7,True
"t:26.9000,70.8417:moolsagar_pz","m:26.9000,70.8417:moolsagar_pz",1,0.31,-0.31,3.3,False
"t:26.9000,77.9300:baretha kalan","m:26.9000,77.9300:baretha kalan",1,0.82,0.82,0.0,False
"t:26.9167,77.0167:talchidi","m:26.9167,77.0167:talchidi",2,2.435,2.435,0.0,False
"t:26.9203,72.0195:pokaran(pokaran-ii)","m:26.9203,72.0195:pokaran(pokaran-ii)",2,3.775,3.685,0.0,False
"t:26.9206,71.9253:pokaran","m:26.9206,71.9253:pokaran",1,6.815,-6.815,0.0,False
"t:26.9267,72.1417:dhadhu","m:26.9267,72.1417:dhadhu",1,81.334,-81.334,0.0,False
"t:26.9333,76.5647:girdharpura","m:26.9333,76.5647:girdharpura",1,4.703,-4.703,0.0,False
"t:26.9333,76.8500:azizpur","m:26.9333,76.8500:azizpur",1,27.61,27.61,3.7,False
"t:26.9400,75.7400:cgwb campus jaipur","m:26.9400,75.7400:cgwb campus jaipur",1,0.577,0.577,0.0,False
"t:26.9433,75.7444:jhotwara1","m:26.9433,75.7444:jhotwara1",3,0.45,0.45,5.8,True
"t:26.9448,75.8806:jaisingpur khor","m:26.9448,75.8806:jaisingpur khor",3,3.937,-0.178,0.0,False
"t:26.9499,77.3571:naroli","m:26.9499,77.3571:naroli",1,46.926,46.926,0.0,False
"t:26.9500,76.7333:langra balaji","m:26.9500,76.7333:langra balaji",3,2.4,1.785,3.3,False
"t:26.9664,93.4384:manja","m:26.9664,93.4384:manja",2,0.03,0.03,0.0,True
"t:26.9750,76.9556:ghazipur-pz","m:26.9750,76.9556:ghazipur-pz",3,0.44,0.44,4.4,True
"t:26.9806,76.2833:bapi_pz","m:26.9806,76.2833:bapi_pz",2,0.52,-0.52,5.9,True
"t:27.0100,77.1800:weir1","m:27.0100,77.1800:weir1",1,7.82,-7.82,0.0,False
"t:27.0439,73.3578:berathal khurd","m:27.0439,73.3578:berathal khurd",1,84.716,84.716,0.0,False
"t:27.0478,71.8989:mawa","m:27.0478,71.8989:mawa",2,0.135,-0.125,0.0,True
"t:27.0500,75.7500:n.purohitan","m:27.0500,75.7500:n.purohitan",4,0.912,0.912,0.0,True
"t:27.0778,70.8083:lanela","m:27.0778,70.8083:lanela",1,0.66,0.66,4.1,False
"t:27.0904,76.7428:mahukhera","m:27.0904,76.7428:mahukhera",1,1.719,1.719,0.0,False
"t:27.0972,76.7867:sodan ka bas","m:27.0972,76.7867:sodan ka bas",2,2.035,-1.045,4.1,False
"t:27.1120,76.5467:karnawar","m:27.1120,76.5467:karnawar",1,1.127,1.127,0.0,False
"t:27.1167,77.0667:chokarwada","m:27.1167,77.0667:chokarwada",1,0.42,0.42,5.0,False
"t:27.1594,76.5833:baswa1","m:27.1594,76.5833:baswa1",1,1.685,1.685,5.9,False
"t:27.1650,75.3572:mohanpur balaji","m:27.1650,75.3572:mohanpur balaji",3,1.1,0.79,2.2,True
"t:27.1833,76.0667:datal gurjran","m:27.1833,76.0667:datal gurjran",4,0.938,0.675,5.0,True
"t:27.1861,75.6378:kaladera2","m:27.1861,75.6378:kaladera2",2,0.885,0.065,2.5,True
"t:27.1917,73.3764:bhundel","m:27.1917,73.3764:bhundel",1,2.087,2.087,0.0,False
"t:27.2000,94.7500:garbhanga pwss","m:27.2000,94.7500:garbhanga pwss",2,0.385,-0.385,0.0,True
"t:27.2035,75.2786:chak","m:27.2035,75.2786:chak",1,1.301,1.301,0.0,False
"t:27.2036,76.2861:kundal","m:27.2036,76.2861:kundal",2,3.457,-3.457,0.0,False
"t:27.2069,77.0375:kherli","m:27.2069,77.0375:kherli",1,0.849,0.849,0.0,False
"t:27.2083,77.2125:nadbai","m:27.2083,77.2125:nadbai",1,0.275,-0.275,3.7,False
"t:27.2256,75.5297:hastera1","m:27.2256,75.5297:hastera1",3,1.09,1.09,0.0,True
"t:27.2300,77.0900:baonli chan","m:27.2300,77.0900:baonli chan",1,5.635,-5.635,0.0,False
"t:27.2400,70.6589:sanu1","m:27.2400,70.6589:sanu1",1,0.05,0.05,1.1,False
"t:27.2400,94.1100:n lakhimpur","m:27.2400,94.1100:n lakhimpur",1,0.78,-0.78,0.0,False
"t:27.2708,76.5536:dharampura","m:27.2708,76.5536:dharampura",3,25.98,-25.98,0.0,False
"t:27.2763,73.8118:bhodana","m:27.2763,73.8118:bhodana",1,1.677,1.677,0.0,False
"t:27.3028,75.6167:dhodsar","m:27.3028,75.6167:dhodsar",4,1.836,1.836,4.1,False
"t:27.3200,75.3000:bai2","m:27.3200,75.3000:bai2",1,1.721,1.721,0.0,False
"t:27.3533,73.0953:boongri","m:27.3533,73.0953:boongri",1,8.33,8.33,0.0,False
"t:27.3583,70.4833:ramgarh ignp","m:27.3583,70.4833:ramgarh ignp",2,0.648,0.648,5.0,True
"t:27.3667,75.4000:khatu shyamji","m:27.3667,75.4000:khatu shyamji",3,0.927,0.927,3.7,True
"t:27.3875,75.0500:karanpura","m:27.3875,75.0500:karanpura",2,39.34,-35.16,0.0,False
"t:27.4008,74.3816:seenwa","m:27.4008,74.3816:seenwa",1,0.019,-0.019,0.0,False
"t:27.4611,76.3989:bairawas","m:27.4611,76.3989:bairawas",1,0.74,0.74,0.0,False
"t:27.4667,76.8664:chhangalki","m:27.4667,76.8664:chhangalki",1,29.9,-29.9,0.0,False
"t:27.4996,73.9712:dodoo","m:27.4996,73.9712:dodoo",1,0.231,-0.231,0.0,False
"t:27.5042,73.4333:kanwalisar","m:27.5042,73.4333:kanwalisar",1,4.275,-4.275,5.0,False
"t:27.5419,71.1483:jawahar nagar deep","m:27.5419,71.1483:jawahar nagar deep",2,7.002,-5.957,5.9,False
"t:27.5419,71.1483:jawahar nagar deep","m:27.5419,71.1483:jawahar nagar shallow",2,6.538,-5.698,5.9,False
"t:27.5419,71.1483:jawahar nagar shallow","m:27.5419,71.1483:jawahar nagar deep",2,6.665,6.665,5.9,False
"t:27.5419,71.1483:jawahar nagar shallow","m:27.5419,71.1483:jawahar nagar shallow",2,6.99,6.925,5.9,False
"t:27.5436,71.2972:jjw deep","m:27.5436,71.2972:jjw deep",2,2.425,2.425,2.5,False
"t:27.5468,74.5500:sardi","m:27.5468,74.5500:sardi",1,0.97,0.97,0.0,False
"t:27.5500,71.7083:shekhowala","m:27.5500,71.7083:shekhowala",2,4.168,-4.168,0.0,False
"t:27.5500,77.3000:pasta","m:27.5500,77.3000:sihora",2,5.17,5.17,0.0,False
"t:27.5611,71.0800:rd135","m:27.5611,71.0800:rd135",2,0.29,-0.29,1.2,True
"t:27.5611,74.2556:manu","m:27.5611,74.2556:manu",2,2.404,2.404,4.6,False
"t:27.5792,75.1833:gokalpura","m:27.5792,75.1833:gokalpura",2,2.407,2.407,5.0,False
"t:27.5825,71.1569:shastri nagar","m:27.5825,71.1569:shastri nagar",2,1.02,1.02,0.0,True
"t:27.5864,75.3181:sob","m:27.5864,75.3181:sob",1,1.095,1.095,0.0,False
"t:27.5992,71.0736:tuli deep","m:27.5992,71.0736:tuli deep",1,1.018,1.018,3.9,False
"t:27.6022,74.8045:sewadara","m:27.6022,74.8045:sewadara",1,1.062,1.062,0.0,False
"t:27.6167,74.7700:nechwa","m:27.6167,74.7700:nechwa",3,0.91,0.91,3.7,True
"t:27.6167,75.1000:nani","m:27.6167,75.1000:nani",3,1.595,1.595,3.7,False
"t:27.6301,95.9494:wingko","m:27.6301,95.9494:wingko",3,0.88,-0.88,0.0,True
"t:27.6353,74.7267:ganeri","m:27.6353,74.7267:ganeri",1,1.05,1.05,0.0,False
"t:27.6356,95.9002:adi ningroo-1","m:27.6356,95.9002:adi ningroo-1",3,0.705,0.67,0.0,True
"t:27.6358,76.1219:raghunathpura_pz","m:27.6358,76.1219:raghunathpura_pz",1,0.995,0.995,5.7,False
"t:27.6371,95.9011:adi ningroo-2","m:27.6371,95.9011:adi ningroo-2",3,0.85,-0.85,0.0,True
"t:27.6600,74.8900:ghana","m:27.6600,74.8900:ghana",1,1.775,1.775,0.0,False
"t:27.6667,73.6625:kakra","m:27.6667,73.6625:kakra",4,48.69,-47.725,3.7,False
"t:27.6671,95.8800:namsai","m:27.6671,95.8800:namsai",3,0.745,0.38,0.0,True
"t:27.7128,74.8211:garoda","m:27.7128,74.8211:garoda",1,0.535,0.535,0.0,False
"t:27.7200,71.9794:bhavanipura shallow","m:27.7200,71.9794:bhavanipura shallow",1,27.775,27.775,4.4,False
"t:27.7203,71.9806:bhavanipura deep","m:27.7203,71.9806:bhavanipura deep",2,3.542,3.542,5.0,False
"t:27.7500,75.8561:mawanda kalan","m:27.7500,75.8561:mawanda kalan",1,7.942,-7.942,0.0,False
"t:27.7687,75.3840:bhoj nagar","m:27.7687,75.3840:bhoj nagar",1,1.097,1.097,0.0,False
"t:27.7749,75.1960:katrathal","m:27.7749,75.1960:katrathal",1,1.462,1.462,0.0,False
"t:27.7833,72.6333:gariyala_pz","m:27.7833,72.6333:gariyala_pz",2,1.373,-1.373,4.9,True
"t:27.7950,74.8736:jajod","m:27.7950,74.8736:jajod",2,1.393,1.393,1.1,True
"t:27.8000,73.3500:deshnokh","m:27.8000,73.3500:deshnokh",2,14.03,-14.03,0.0,False
"t:27.8111,70.4153:nathu ka bera","m:27.8111,70.4153:nathu ka bera",1,11.0,11.0,2.5,False
"t:27.8144,76.4572:alanpur","m:27.8144,76.4572:ahmadpur",2,19.63,19.63,0.0,False
"t:27.8200,76.7300:kishangarh bas1","m:27.8200,76.7300:kishangarh bas1",1,9.465,-9.465,0.0,False
"t:27.8402,75.4972:posana","m:27.8402,75.4972:posana",1,1.72,1.72,0.0,False
"t:27.8528,76.2589:sota nala","m:27.8528,76.2589:sota nala",3,1.0,0.958,2.7,True
"t:27.8644,74.8614:sekhiwas","m:27.8644,74.8614:sekhiwas",2,0.78,0.78,0.0,True
"t:27.8667,76.6167:harsauli","m:27.8667,76.6167:harsauli",2,2.687,2.687,0.0,False
"t:27.8681,75.0136:chinchas","m:27.8681,75.0136:chinchas",1,18.65,18.65,0.0,False
"t:27.8911,74.9128:bibipur","m:27.8911,74.9128:bibipur",2,0.832,0.832,2.5,True
"t:27.9000,74.9600:balaran","m:27.9000,74.9600:balaran",1,0.33,0.33,0.0,False
"t:27.9150,74.9964:harsawa bara","m:27.9150,74.9964:harsawa bara",1,0.37,0.37,0.0,False
"t:27.9167,72.5356:bajju (tejpura)","m:27.9167,72.5356:bajju (tejpura)",2,1.995,1.995,0.0,False
"t:27.9167,74.6833:kanwari","m:27.9167,74.6833:kanwari",3,0.96,0.96,4.9,True
"t:27.9297,74.8992:bikamsara","m:27.9297,74.8992:bikamsara",1,1.21,1.21,0.0,False
"t:27.9667,76.7167:pur1","m:27.9667,76.7167:doulatpura",2,5.2,5.2,4.9,False
"t:27.9667,76.7167:pur1","m:27.9667,76.7167:pur1",2,0.92,-0.74,4.9,True
"t:27.9833,72.3500:godu_pz_i","m:27.9833,72.3500:godu_pz_i",2,1.8,1.8,3.7,False
"t:27.9833,72.3500:godu_pz_i","m:27.9833,72.3500:godu_pz_ii",3,2.23,2.23,3.7,False
"t:27.9833,72.3500:godu_pz_ii","m:27.9833,72.3500:godu_pz_i",1,10.605,-10.605,3.7,False
"t:27.9833,72.3500:godu_pz_ii","m:27.9833,72.3500:godu_pz_ii",2,10.203,-10.203,3.7,False
"t:27.9928,76.3875:japaneese zone","m:27.9928,76.3875:japaneese zone",1,0.334,-0.334,2.5,False
"t:27.9958,75.2750:mandasi sandasi","m:27.9958,75.2750:mandasi sandasi",3,1.081,1.081,3.7,True
"t:28.0000,75.5333:sithal","m:28.0000,75.5333:sithal",4,0.208,0.128,3.3,True
"t:28.0100,76.3200:majri khurd","m:28.0100,76.3200:majri khurd",2,0.905,0.185,0.0,True
"t:28.0375,74.4764:rajaldesar","m:28.0375,74.4764:rajaldesar",3,0.97,0.97,1.1,True
"t:28.0417,72.3500:kandharli deep","m:28.0417,72.3500:kandharli deep",3,1.07,1.07,3.7,False
"t:28.0417,72.3500:kandharli deep","m:28.0417,72.3500:kandharli shallow",3,1.0,1.0,3.7,True
"t:28.0417,72.3500:kandharli shallow","m:28.0417,72.3500:kandharli deep",2,24.963,24.963,3.7,False
"t:28.0417,72.3500:kandharli shallow","m:28.0417,72.3500:kandharli shallow",2,25.083,25.083,3.7,False
"t:28.0432,75.3246:dhigal","m:28.0432,75.3246:dhigal",1,0.76,0.76,0.0,False
"t:28.0458,75.3167:dighal","m:28.0458,75.3167:dighal",2,16.79,-16.79,4.9,False
"t:28.0500,74.8667:rohalsobhsar","m:28.0500,74.8667:rohalsahabsar",1,0.07,-0.07,3.3,False
"t:28.0500,74.8667:rohalsobhsar","m:28.0500,74.8667:rohalsobhsar",1,1.89,1.89,3.3,False
"t:28.0597,74.9378:dewas","m:28.0597,74.9378:dewas",1,10.774,-10.774,0.0,False
"t:28.0600,75.2700:jaisinghpura","m:28.0600,75.2700:jaisinghpura",1,1.695,1.695,0.0,False
"t:28.0667,74.7333:tidiyasar pz","m:28.0667,74.7333:tidiyasar",2,4.48,-4.48,4.9,False
"t:28.0667,74.7333:tidiyasar pz","m:28.0667,74.7333:tidiyasar pz",2,1.455,1.455,0.0,True
"t:28.0797,75.2126:wahidpura","m:28.0797,75.2126:wahidpura",1,0.846,0.846,0.0,False
"t:28.0914,74.8636:dhanadhan","m:28.0914,74.8636:dhanadhan",2,0.42,0.42,1.6,True
"t:28.0992,75.5178:bharunda khurd","m:28.0992,75.5178:bharunda khurd",1,20.991,20.991,0.0,False
"t:28.1100,76.8400:tapukara","m:28.1100,76.8400:tapukara",1,10.76,10.76,0.0,False
"t:28.1400,74.9597:rookansar","m:28.1400,74.9597:rookansar",1,0.892,0.892,0.0,False
"t:28.1912,75.2756:hansasar","m:28.1912,75.2756:hansasar",1,1.16,1.16,0.0,False
"t:28.2000,75.1778:birmi","m:28.2000,75.1778:birmi",4,1.03,1.03,2.2,True
"t:28.2137,76.4941:chimnawas","m:28.2137,76.4941:chimnawas",1,2.74,2.74,2.4,False
"t:28.2176,76.8682:phoolwa ghatal","m:28.2176,76.8682:phoolwa ghatal",1,36.625,36.625,0.0,False
"t:28.2196,75.4677:kasimpura","m:28.2196,75.4677:kasimpura",1,1.839,1.839,0.0,False
"t:28.2927,75.3828:dabri","m:28.2927,75.3828:dabri",1,2.943,2.943,0.0,False
"t:28.3100,75.4400:mandrela","m:28.3100,75.4400:mandrela",2,1.265,1.265,0.0,True
"t:28.3214,77.4626:haryana faridabad ballabhgarh imammudinpur","m:28.3214,77.4626:haryana faridabad ballabhgarh imammudinpur",1,0.707,0.707,0.0,False
"t:28.4667,75.4722:neema","m:28.4667,75.4722:neema",3,1.82,1.82,4.3,False
"t:28.4787,75.7250:sujdola","m:28.4787,75.7250:sujdola",1,1.238,1.238,0.0,False
"t:28.4917,73.7500:lunkaransar1","m:28.4917,73.7500:lunkaransar1",1,1.4,1.4,3.7,False
"t:28.5300,75.4400:harpalu khusala","m:28.5300,75.4400:harpalu khusala",1,0.04,-0.04,0.0,False
"t:28.5333,73.5625:lalera1","m:28.5333,73.5625:lalera",1,1.25,1.25,3.7,False
"t:28.6051,76.8384:haryana jhajjar bahadurgarh gabhana","m:28.6051,76.8384:haryana jhajjar bahadurgarh gabhana",2,0.279,-0.279,0.0,True
"t:28.6185,77.1112:delhi west rajouri garden mayapuri pz","m:28.6186,77.1111:mayapuri pz",1,0.16,0.16,16.6,False
"t:28.6287,76.3602:haryana bhiwani siwani loharwala-100","m:28.6287,76.3602:haryana bhiwani siwani loharwala-100",1,0.057,0.057,0.0,False
"t:28.6287,76.3602:haryana bhiwani siwani loharwala-100","m:28.6288,76.3602:haryana bhiwani siwani loharwala-200",1,0.776,0.776,4.0,False
"t:28.6288,76.3602:haryana bhiwani siwani loharwala-200","m:28.6287,76.3602:haryana bhiwani siwani loharwala-100",1,0.26,-0.26,4.0,False
"t:28.6288,76.3602:haryana bhiwani siwani loharwala-200","m:28.6288,76.3602:haryana bhiwani siwani loharwala-200",1,0.459,0.459,0.0,False
"t:28.6288,76.3602:haryana bhiwani siwani loharwala-300","m:28.6287,76.3602:haryana bhiwani siwani loharwala-100",1,0.686,-0.686,4.0,False
"t:28.6288,76.3602:haryana bhiwani siwani loharwala-300","m:28.6288,76.3602:haryana bhiwani siwani loharwala-200",1,0.034,0.034,0.0,False
"t:28.6333,73.6000:laxmi narayansar dhani","m:28.6333,73.6000:laxmi narayansar dhani",1,0.95,0.95,3.7,False
"t:28.6694,72.7500:6 pb","m:28.6694,72.7500:6 pb",3,1.25,1.25,4.9,True
"t:28.6725,76.4635:haryana jhajjar beri majra deswal","m:28.6725,76.4635:majra dubaldhan",3,0.209,-0.209,0.0,True
"t:28.7000,73.8833:sangrew","m:28.7000,73.8833:sangrew",2,21.955,21.955,3.3,False
"t:29.0306,77.1295:haryana sonipat sonipat asadpur nandnour","m:29.0306,77.1295:haryana sonipat sonipat asadpur nandnour",1,1.064,1.064,0.0,False
"t:29.1499,76.4133:haryana jind uchana karsola-d","m:29.1499,76.4133:haryana jind uchana karsola-d",1,0.073,-0.073,0.0,False
"t:29.1499,76.4133:haryana jind uchana karsola-d","m:29.1499,76.4133:haryana jind uchana karsola-m",1,1.387,1.387,0.0,False
"t:29.1499,76.4133:haryana jind uchana karsola-d","m:29.1499,76.4133:haryana jind uchana karsola-s",1,1.417,1.417,0.0,False
"t:29.1499,76.4133:haryana jind uchana karsola-m","m:29.1499,76.4133:haryana jind uchana karsola-d",1,1.629,-1.629,0.0,False
"t:29.1499,76.4133:haryana jind uchana karsola-m","m:29.1499,76.4133:haryana jind uchana karsola-m",1,0.169,-0.169,0.0,False
"t:29.1499,76.4133:haryana jind uchana karsola-m","m:29.1499,76.4133:haryana jind uchana karsola-s",1,0.139,-0.139,0.0,False
"t:29.1499,76.4133:haryana jind uchana karsola-s","m:29.1499,76.4133:haryana jind uchana karsola-d",1,1.848,-1.848,0.0,False
"t:29.1499,76.4133:haryana jind uchana karsola-s","m:29.1499,76.4133:haryana jind uchana karsola-m",1,0.389,-0.389,0.0,False
"t:29.1499,76.4133:haryana jind uchana karsola-s","m:29.1499,76.4133:haryana jind uchana karsola-s",1,0.359,-0.359,0.0,False
"t:29.1820,77.0450:bhakharpur","m:29.1819,77.0451:bhogipur",1,24.346,24.346,11.1,False
"t:29.1820,77.0450:khanpur jattan pz","m:29.1819,77.0451:bhogipur",2,29.891,29.891,11.3,False
"t:29.1850,73.9508:rayanwali deep","m:29.1850,73.9508:rayanwali deep",3,0.81,0.81,3.2,False
"t:29.1850,73.9508:rayanwali deep","m:29.1850,73.9508:rayanwali shallow",2,0.725,0.725,3.2,True
"t:29.1850,73.9508:rayanwali shallow","m:29.1850,73.9508:rayanwali deep",2,47.424,47.424,3.2,False
"t:29.1850,73.9508:rayanwali shallow","m:29.1850,73.9508:rayanwali shallow",1,47.217,47.217,3.2,False
"t:29.2408,76.9464:haryana panipat samalkha namunda","m:29.2408,76.9461:namunda",3,0.216,0.216,31.2,True
"t:29.2648,77.0508:haryana panipat garhi garhi chajju m","m:29.2648,77.0508:haryana panipat garhi garhi chajju m",2,0.523,0.523,0.0,False
"t:29.2648,77.0508:haryana panipat garhi garhi chajju m","m:29.2648,77.0508:haryana panipat garhi garhi chajju s",2,0.468,0.468,0.0,True
"t:29.2648,77.0508:haryana panipat garhi garhi chajju s","m:29.2648,77.0508:haryana panipat garhi garhi chajju m",2,0.59,0.59,0.0,False
"t:29.2648,77.0508:haryana panipat garhi garhi chajju s","m:29.2648,77.0508:haryana panipat garhi garhi chajju s",2,0.535,0.535,0.0,False
"t:29.3361,73.6875:jaitsar","m:29.3361,73.6875:jaitsar",2,69.608,69.608,0.0,False
"t:29.3589,74.5986:chistian","m:29.3589,74.5986:chistian",1,25.424,-25.424,1.6,False
"t:29.3610,75.6602:haryana hisar hissar-i kuleri (d)","m:29.3610,75.6602:haryana hisar hissar-i kuleri (d)",1,0.494,-0.494,0.0,False
"t:29.3632,75.6617:haryana hisar hisar - i kuleri (s)","m:29.3632,75.6617:haryana hisar hisar - i kuleri (s)",1,0.203,-0.203,0.0,False
"t:29.3632,75.6617:haryana hisar hisar - i kuleri (s)","m:29.3632,75.6617:haryana hisar hissar-i kuleri (m)",1,0.263,-0.263,0.0,False
"t:29.3632,75.6617:haryana hisar hissar-i kuleri (m)","m:29.3632,75.6617:haryana hisar hisar - i kuleri (s)",1,0.421,-0.421,0.0,False
"t:29.3632,75.6617:haryana hisar hissar-i kuleri (m)","m:29.3632,75.6617:haryana hisar hissar-i kuleri (m)",1,0.481,-0.481,0.0,False
"t:29.4089,75.1179:haryana sirsa sirsa darba kalan","m:29.4089,75.1179:haryana sirsa sirsa darba kalan",1,0.431,-0.431,0.0,False
"t:29.4089,75.1179:haryana sirsa sirsa darba kalan","m:29.4089,75.1179:haryana sirsa sirsa darbakalan-1",1,0.331,-0.331,2.9,False
"t:29.4089,75.1179:haryana sirsa sirsa darbakalan-1","m:29.4089,75.1179:haryana sirsa sirsa darba kalan",1,10.339,10.339,2.9,False
"t:29.4089,75.1179:haryana sirsa sirsa darbakalan-1","m:29.4089,75.1179:haryana sirsa sirsa darbakalan-1",1,10.439,10.439,0.0,False
"t:29.4700,73.9300:suratgarh","m:29.4700,73.9300:suratgarh",1,14.23,14.23,0.0,False
"t:29.4750,74.1269:kalibanga-pz","m:29.4750,74.1269:kalibanga-pz",3,1.07,1.07,0.0,True
"t:29.5343,75.3523:haryana fatehabad fatehabad ( hr ) dariyapur(d )","m:29.5343,75.3523:haryana fatehabad fatehabad ( hr ) dariyapur(s)",2,18.119,17.711,0.0,False
"t:29.5343,75.3523:haryana fatehabad fatehabad ( hr ) dariyapur(s)","m:29.5343,75.3523:haryana fatehabad fatehabad ( hr ) dariyapur(s)",2,16.268,15.174,0.0,False
"t:29.6166,74.8907:haryana sirsa nathusari chopra dariyawala-d","m:29.6162,74.8905:dariyawala-d",3,1.22,1.22,44.3,True
"t:29.6166,74.8907:haryana sirsa nathusari chopra dariyawala-d","m:29.6162,74.8905:dariyawala-s",3,19.41,19.41,44.3,False
"t:29.6166,74.8907:haryana sirsa rania dariyawala-m","m:29.6162,74.8905:dariyawala-d",3,17.468,-17.468,44.3,False
"t:29.6166,74.8907:haryana sirsa rania dariyawala-m","m:29.6162,74.8905:dariyawala-s",3,0.843,0.843,44.3,False
"t:29.6166,74.8907:haryana sirsa rania dariyawala-s","m:29.6162,74.8905:dariyawala-d",3,18.184,-18.184,44.3,False
"t:29.6166,74.8907:haryana sirsa rania dariyawala-s","m:29.6162,74.8905:dariyawala-s",3,0.12,0.006,44.3,True
"t:29.6170,74.2830:hanumangarh rau","m:29.6167,74.2833:hanumangarh rau",2,1.595,1.595,49.1,False
"t:29.6170,74.2830:hanumangarh rau","m:29.6170,74.2830:hanumangarh rau",1,0.055,0.055,0.0,False
"t:29.6173,75.8913:haryana fatehabad tohana nangla-pz-d","m:29.6172,75.8914:nangla-pz-d",2,0.177,-0.177,16.1,True
"t:29.6173,75.8913:haryana fatehabad tohana nangla-pz-d","m:29.6172,75.8914:nangla-pz-m",2,3.403,3.403,16.1,False
"t:29.6173,75.8913:haryana fatehabad tohana nangla-pz-d","m:29.6172,75.8914:nangla-pz-s",3,5.517,4.868,16.1,False
"t:29.6173,75.8913:haryana fatehabad tohana nangla-pz-m","m:29.6172,75.8914:nangla-pz-d",2,4.184,-4.184,16.1,False
"t:29.6173,75.8913:haryana fatehabad tohana nangla-pz-m","m:29.6172,75.8914:nangla-pz-m",2,0.604,-0.604,16.1,True
"t:29.6173,75.8913:haryana fatehabad tohana nangla-pz-m","m:29.6172,75.8914:nangla-pz-s",3,2.847,1.052,16.1,False
"t:29.6267,76.6731:haryana karnal karnal chorkharsa-pz","m:29.6267,76.6728:chorkharsa-pz",2,0.543,-0.543,28.2,True
"t:29.6314,76.2243:haryana hisar kaithal simla","m:29.6314,76.2243:haryana hisar narnaud alipur kharar (d)",2,2.444,-2.444,5.8,False
"t:29.6314,76.2243:haryana hisar narnaud alipur kharar (d)","m:29.6314,76.2243:haryana hisar narnaud alipur kharar (d)",2,0.258,0.093,0.0,True
"t:29.6568,76.3632:haryana kaithal kalayat balu-pz-d","m:29.6569,76.3633:balu-d",4,6.199,-6.199,16.1,False
"t:29.6568,76.3632:haryana kaithal kalayat balu-pz-d","m:29.6569,76.3633:balu-m",4,14.226,14.226,16.1,False
"t:29.6568,76.3632:haryana kaithal kalayat balu-pz-d","m:29.6569,76.3633:balu-s",4,21.472,21.472,16.1,False
"t:29.6568,76.3632:haryana kaithal kalayat balu-pz-m","m:29.6569,76.3633:balu-d",4,25.472,-25.472,16.1,False
"t:29.6568,76.3632:haryana kaithal kalayat balu-pz-m","m:29.6569,76.3633:balu-m",4,2.809,-2.809,16.1,False
"t:29.6568,76.3632:haryana kaithal kalayat balu-pz-m","m:29.6569,76.3633:balu-s",4,5.301,5.301,16.1,False
"t:29.6568,76.3632:haryana kaithal kalayat balu-pz-s","m:29.6569,76.3633:balu-d",4,32.271,-32.271,16.1,False
"t:29.6568,76.3632:haryana kaithal kalayat balu-pz-s","m:29.6569,76.3633:balu-m",4,11.247,-11.247,16.1,False
"t:29.6568,76.3632:haryana kaithal kalayat balu-pz-s","m:29.6569,76.3633:balu-s",4,0.257,-0.069,16.1,True
"t:29.6833,74.1000:pale wali dhani","m:29.6833,74.1000:pale wali dhani",3,0.8,0.8,3.7,True
"t:29.7000,74.2900:chak sampatnagar2","m:29.7000,74.2900:chak sampatnagar2",1,0.85,0.85,0.0,False
"t:29.7048,76.9974:haryana karnal karnal sbbri","m:29.7048,76.9974:haryana karnal karnal sbbri",1,0.624,0.624,0.0,False
"t:29.7104,76.9568:haryana karnal karnal cssri","m:29.7104,76.9568:haryana karnal karnal cssri",1,0.901,-0.901,0.0,False
"t:29.7792,75.4194:punjab mansa budhlada mofar-pz","m:29.7792,75.4194:mofar",2,3.507,-3.507,5.7,False
"t:29.7792,75.4194:punjab mansa budhlada mofar-pz","m:29.7792,75.4194:punjab mansa budhlada mofar-pz",1,0.505,-0.505,0.0,False
"t:29.8411,76.1497:kangthala s","m:29.8411,76.1497:kangthala s",2,6.073,-6.073,0.0,False
"t:29.8411,76.1497:kangthala s","m:29.8414,76.1494:kangthala d",2,5.753,-5.753,40.9,False
"t:29.8414,76.1494:kangthala d","m:29.8411,76.1497:kangthala s",2,5.212,-5.212,40.9,False
"t:29.8414,76.1494:kangthala d","m:29.8414,76.1494:kangthala d",2,4.892,-4.892,0.0,False
"t:29.8414,76.1494:kangthala d","m:29.8417,76.1497:kangthala m",1,4.517,-4.517,40.9,False
"t:29.8414,76.1494:kangthala d","m:29.8417,76.1497:kangthals m",1,4.917,-4.917,40.9,False
"t:29.8417,76.1497:kangthals m","m:29.8414,76.1494:kangthala d",2,6.976,-6.976,40.9,False
"t:29.8417,76.1497:kangthals m","m:29.8417,76.1497:kangthala m",1,6.57,-6.57,0.0,False
"t:29.8417,76.1497:kangthals m","m:29.8417,76.1497:kangthals m",1,7.031,-7.031,0.0,False
"t:29.8750,74.4667:bhagatpura-pz","m:29.8750,74.4667:bhagatpura-pz",2,1.01,1.01,0.0,True
"t:29.8756,77.1124:haryana karnal assandh islam nagar- pz-m","m:29.8756,77.1124:haryana karnal assandh islam nagar- pz-m",1,0.195,0.195,0.0,False
"t:29.8756,77.1124:haryana karnal assandh islam nagar- pz-m","m:29.8756,77.1126:haryana karnal assandh islam nagar- pz-d",1,1.245,-1.245,18.6,False
"t:29.8756,77.1124:haryana karnal assandh islam nagar- pz-s","m:29.8756,77.1124:haryana karnal assandh islam nagar- pz-m",1,0.666,0.666,0.0,False
"t:29.8756,77.1124:haryana karnal assandh islam nagar- pz-s","m:29.8756,77.1126:haryana karnal assandh islam nagar- pz-d",1,0.774,-0.774,18.6,False
"t:29.8756,77.1126:haryana karnal assandh islam nagar- pz-d","m:29.8756,77.1124:haryana karnal assandh islam nagar- pz-m",1,1.11,1.11,18.6,False
"t:29.8756,77.1126:haryana karnal assandh islam nagar- pz-d","m:29.8756,77.1126:haryana karnal assandh islam nagar- pz-d",1,0.33,-0.33,0.0,False
"t:29.8916,75.6614:dialpura m","m:29.8916,75.6614:dialpura d",3,7.898,-7.898,0.0,False
"t:29.8916,75.6614:dialpura m","m:29.8916,75.6614:dialpura m",3,2.048,-2.048,0.0,False
"t:29.8916,75.6614:dialpura m","m:29.8916,75.6614:dialpura s",3,0.794,0.794,0.0,True
"t:29.8916,75.6614:dialpura s","m:29.8916,75.6614:dialpura d",2,22.392,-22.392,0.0,False
"t:29.8916,75.6614:dialpura s","m:29.8916,75.6614:dialpura m",2,8.957,-8.317,0.0,False
"t:29.8916,75.6614:dialpura s","m:29.8916,75.6614:dialpura s",2,1.098,1.098,0.0,False
"t:29.8916,75.6614:dialpurad","m:29.8916,75.6614:dialpura d",2,2.463,2.463,0.0,False
"t:29.8916,75.6614:dialpurad","m:29.8916,75.6614:dialpura m",2,8.143,8.143,0.0,False
"t:29.8916,75.6614:dialpurad","m:29.8916,75.6614:dialpura s",2,9.903,9.903,0.0,False
"t:29.9850,76.2388:haryana kaithal kalayat majri-pz-d","m:29.9850,76.2383:majri-pz-d",4,2.413,0.408,41.8,False
"t:30.0413,77.1031:haryana yamunanagar sadhura sadhaura m","m:30.0411,77.1031:sadura village",1,1.636,1.636,18.7,False
"t:30.0888,76.6104:haryana ambala naraingarh jandheri pz (d)","m:30.0888,76.6104:haryana ambala naraingarh jandheri pz (d)",1,0.238,-0.238,0.0,False
"t:30.0888,76.6104:haryana ambala naraingarh jandheri pz (d)","m:30.0888,76.6104:haryana ambala naraingarh jandheri pz (m)",1,0.968,-0.968,0.0,False
"t:30.0888,76.6104:haryana ambala naraingarh jandheri pz (d)","m:30.0888,76.6104:haryana ambala naraingarh jandheri pz (s)",1,0.878,-0.878,0.0,False
"t:30.0888,76.6104:haryana ambala naraingarh jandheri pz (m)","m:30.0888,76.6104:haryana ambala naraingarh jandheri pz (d)",1,0.671,0.671,0.0,False
"t:30.0888,76.6104:haryana ambala naraingarh jandheri pz (m)","m:30.0888,76.6104:haryana ambala naraingarh jandheri pz (m)",1,0.059,-0.059,0.0,False
"t:30.0888,76.6104:haryana ambala naraingarh jandheri pz (m)","m:30.0888,76.6104:haryana ambala naraingarh jandheri pz (s)",1,0.031,0.031,0.0,False
"t:30.0888,76.6104:haryana ambala naraingarh jandheri pz (s)","m:30.0888,76.6104:haryana ambala naraingarh jandheri pz (d)",1,0.429,0.429,0.0,False
"t:30.0888,76.6104:haryana ambala naraingarh jandheri pz (s)","m:30.0888,76.6104:haryana ambala naraingarh jandheri pz (m)",1,0.3,-0.3,0.0,False
"t:30.0888,76.6104:haryana ambala naraingarh jandheri pz (s)","m:30.0888,76.6104:haryana ambala naraingarh jandheri pz (s)",1,0.211,-0.211,0.0,False
"t:30.1008,74.8498:punjab bathinda sangat phullo mithi (m)","m:30.1008,74.8498:phullo mithi d",4,0.221,-0.028,4.0,True
"t:30.1008,74.8498:punjab bathinda sangat phullo mithi (m)","m:30.1008,74.8498:phullo mithi m",3,0.395,-0.395,4.0,False
"t:30.1008,74.8498:punjab bathinda sangat phullo mithi (m)","m:30.1008,74.8498:phullo mithi s",4,0.577,-0.577,4.0,False
"t:30.1008,74.8498:punjab bathinda sangat phullo mithi (s)","m:30.1008,74.8498:phullo mithi d",4,0.24,-0.24,4.0,False
"t:30.1008,74.8498:punjab bathinda sangat phullo mithi (s)","m:30.1008,74.8498:phullo mithi m",3,1.007,-1.007,4.0,False
"t:30.1008,74.8498:punjab bathinda sangat phullo mithi (s)","m:30.1008,74.8498:phullo mithi s",4,0.934,-0.934,4.0,False
"t:30.1010,74.8498:punjab bathinda sangat phullo mithi d","m:30.1008,74.8498:phullo mithi d",4,0.591,0.543,19.7,False
"t:30.1010,74.8498:punjab bathinda sangat phullo mithi d","m:30.1008,74.8498:phullo mithi m",3,0.379,-0.003,19.7,False
"t:30.1010,74.8498:punjab bathinda sangat phullo mithi d","m:30.1008,74.8498:phullo mithi s",4,0.185,-0.11,19.7,True
"t:30.1141,75.4273:rajia o","m:30.1141,75.4273:ralla d",2,2.612,0.355,0.0,False
"t:30.1141,75.4273:rajia o","m:30.1141,75.4273:ralla m",2,3.115,3.115,0.0,False
"t:30.1141,75.4273:rajia o","m:30.1141,75.4273:ralla s",2,2.34,2.34,0.0,False
"t:30.1141,75.4273:ralla s","m:30.1141,75.4273:ralla d",2,2.29,-1.78,0.0,False
"t:30.1141,75.4273:ralla s","m:30.1141,75.4273:ralla m",2,0.98,0.98,0.0,False
"t:30.1141,75.4273:ralla s","m:30.1141,75.4273:ralla s",2,0.306,0.205,0.0,True
"t:30.1142,75.4273:ralla m","m:30.1141,75.4273:ralla d",2,3.553,-3.553,11.1,False
"t:30.1142,75.4273:ralla m","m:30.1141,75.4273:ralla m",2,0.793,-0.793,11.1,True
"t:30.1142,75.4273:ralla m","m:30.1141,75.4273:ralla s",2,1.568,-1.568,11.1,False
"t:30.1600,76.3640:balbchrad","m:30.1603,76.3640:balbehra d",2,2.314,2.092,28.5,False
"t:30.1600,76.3640:balbchrad","m:30.1603,76.3640:balbehra m",2,2.374,-0.378,28.5,False
"t:30.1600,76.3640:balbchrad","m:30.1603,76.3640:balbehra s",2,2.119,-1.043,28.5,False
"t:30.1600,76.3640:batbehra m","m:30.1603,76.3640:balbehra d",2,3.564,3.564,28.5,False
"t:30.1600,76.3640:batbehra m","m:30.1603,76.3640:balbehra m",2,1.094,1.094,28.5,False
"t:30.1600,76.3640:batbehra m","m:30.1603,76.3640:balbehra s",2,0.828,0.429,28.5,False
"t:30.1603,76.3640:balbehra s","m:30.1603,76.3640:balbehra d",3,3.046,2.385,0.0,False
"t:30.1603,76.3640:balbehra s","m:30.1603,76.3640:balbehra m",3,0.636,-0.145,0.0,False
"t:30.1603,76.3640:balbehra s","m:30.1603,76.3640:balbehra s",3,0.555,-0.555,0.0,True
"t:30.1801,76.7815:nalvi kalan","m:30.1802,76.7819:nalvi m",2,1.614,-1.614,41.3,False
"t:30.1801,76.7815:nalvi kalan","m:30.1802,76.7819:nalvi s",2,0.394,-0.394,41.3,True
"t:30.1847,76.5133:devigarh  m","m:30.1847,76.5133:devigarh  m",2,1.676,1.676,0.0,False
"t:30.1847,76.5133:devigarh  m","m:30.1847,76.5133:devigarh 1",1,10.43,10.43,0.0,False
"t:30.1847,76.5133:devigarh  m","m:30.1847,76.5133:devigarh d",2,1.186,1.186,0.0,False
"t:30.1847,76.5133:devigarh  m","m:30.1847,76.5133:devigarh s",1,0.138,-0.138,0.0,False
"t:30.1847,76.5133:devigarh d","m:30.1847,76.5133:devigarh  m",2,0.781,0.101,0.0,False
"t:30.1847,76.5133:devigarh d","m:30.1847,76.5133:devigarh 1",1,7.973,7.973,0.0,False
"t:30.1847,76.5133:devigarh d","m:30.1847,76.5133:devigarh d",2,0.389,-0.389,0.0,True
"t:30.1847,76.5133:devigarh d","m:30.1847,76.5133:devigarh s",1,0.83,-0.83,0.0,False
"t:30.1847,76.5133:devigarh s","m:30.1847,76.5133:devigarh  m",2,3.542,-3.542,0.0,False
"t:30.1847,76.5133:devigarh s","m:30.1847,76.5133:devigarh 1",1,4.588,4.588,0.0,False
"t:30.1847,76.5133:devigarh s","m:30.1847,76.5133:devigarh d",2,4.032,-4.032,0.0,False
"t:30.1847,76.5133:devigarh s","m:30.1847,76.5133:devigarh s",1,4.732,-4.732,0.0,False
"t:30.2092,75.8631:punjab sangrur sunam sunam","m:30.2092,75.8631:punjab sangrur sunam sunam-d",1,0.94,0.94,0.0,False
"t:30.2092,75.8631:punjab sangrur sunam sunam","m:30.2092,75.8631:punjab sangrur sunam sunam-m",1,2.76,-2.76,0.0,False
"t:30.2092,75.8631:punjab sangrur sunam sunam","m:30.2092,75.8631:punjab sangrur sunam sunam-s",1,2.16,-2.16,0.0,False
"t:30.2092,75.8631:punjab sangrur sunam sunam-d","m:30.2092,75.8631:punjab sangrur sunam sunam-d",1,39.912,-39.912,0.0,False
"t:30.2092,75.8631:punjab sangrur sunam sunam-d","m:30.2092,75.8631:punjab sangrur sunam sunam-m",1,43.613,-43.613,0.0,False
"t:30.2092,75.8631:punjab sangrur sunam sunam-d","m:30.2092,75.8631:punjab sangrur sunam sunam-s",1,43.012,-43.012,0.0,False
"t:30.2092,75.8631:punjab sangrur sunam sunam-m","m:30.2092,75.8631:punjab sangrur sunam sunam-d",1,2.896,2.896,0.0,False
"t:30.2092,75.8631:punjab sangrur sunam sunam-m","m:30.2092,75.8631:punjab sangrur sunam sunam-m",1,0.804,-0.804,0.0,False
"t:30.2092,75.8631:punjab sangrur sunam sunam-m","m:30.2092,75.8631:punjab sangrur sunam sunam-s",1,0.204,-0.204,0.0,False
"t:30.2600,76.4300:akout ow","m:30.2600,76.4300:akout ow",2,0.641,-0.641,0.0,True
"t:30.3817,74.6434:doda-d","m:30.3817,74.6434:doda-d",1,0.171,-0.171,0.0,False
"t:30.3817,74.6434:doda-d","m:30.3817,74.6434:doda-s",1,0.751,-0.751,0.0,False
"t:30.3817,74.6434:doda-m","m:30.3817,74.6434:doda-d",2,0.182,0.175,1.3,True
"t:30.3817,74.6434:doda-m","m:30.3817,74.6434:doda-m",1,0.067,0.067,0.0,False
"t:30.3817,74.6434:doda-m","m:30.3817,74.6434:doda-s",2,0.385,-0.385,1.3,False
"t:30.3817,74.6434:doda-s","m:30.3817,74.6434:doda-d",2,0.524,0.524,0.0,False
"t:30.3817,74.6434:doda-s","m:30.3817,74.6434:doda-m",1,0.152,0.152,1.3,False
"t:30.3817,74.6434:doda-s","m:30.3817,74.6434:doda-s",2,0.062,-0.036,0.0,True
"t:30.3864,76.1239:dulladi s","m:30.3864,76.1239:dulladi d",2,2.571,2.571,0.0,False
"t:30.3864,76.1239:dulladi s","m:30.3864,76.1239:dulladi m",2,2.186,2.186,0.0,False
"t:30.3864,76.1239:dulladi s","m:30.3864,76.1239:dulladi s",1,1.917,1.917,0.0,False
"t:30.4097,76.5854:lohakheñ s","m:30.4097,76.5854:lohakheri m",1,5.314,5.314,0.0,False
"t:30.4097,76.5854:lohakheñ s","m:30.4097,76.5854:lohakheri s",1,6.474,6.474,0.0,False
"t:30.4097,76.5854:lohakheñ s","m:30.4097,76.5856:lohakheri d",1,2.246,-2.246,13.4,False
"t:30.4097,76.5854:lohakhtri  m","m:30.4097,76.5854:lohakheri m",1,11.669,11.669,0.0,False
"t:30.4097,76.5854:lohakhtri  m","m:30.4097,76.5854:lohakheri s",1,12.829,12.829,0.0,False
"t:30.4097,76.5854:lohakhtri  m","m:30.4097,76.5856:lohakheri d",1,4.109,4.109,13.4,False
"t:30.4097,76.5856:lohakhefi  d","m:30.4097,76.5854:lohakheri m",1,1.37,1.37,13.3,False
"t:30.4097,76.5856:lohakhefi  d","m:30.4097,76.5854:lohakheri s",1,2.529,2.529,13.3,False
"t:30.4097,76.5856:lohakhefi  d","m:30.4097,76.5856:lohakheri d",1,6.19,-6.19,0.0,False
"t:30.4189,76.8945:punjab sas nagar dera bassi handesara d","m:30.4189,76.8945:punjab sas nagar dera bassi handesara d",3,2.168,-2.168,0.0,False
"t:30.4189,76.8945:punjab sas nagar dera bassi handesara d","m:30.4189,76.8945:punjab sas nagar dera bassi handesra s",3,39.16,39.16,0.0,False
"t:30.4189,76.8945:punjab sas nagar dera bassi handesra s","m:30.4189,76.8945:punjab sas nagar dera bassi handesara d",3,40.925,-40.925,0.0,False
"t:30.4189,76.8945:punjab sas nagar dera bassi handesra s","m:30.4189,76.8945:punjab sas nagar dera bassi handesra s",3,0.533,0.533,0.0,True
"t:30.4808,75.9364:punjab sangrur dhuri benra","m:30.4808,75.9364:punjab sangrur sangrur longowal",1,5.155,5.155,0.0,False
"t:30.4808,75.9364:punjab sangrur dhuri bugra m","m:30.4808,75.9364:punjab sangrur sangrur longowal",1,2.971,2.971,0.0,False
"t:30.4808,75.9364:punjab sangrur dhuri bugra s","m:30.4808,75.9364:punjab sangrur sangrur longowal",1,2.334,2.334,0.0,False
"t:30.4808,75.9364:punjab sangrur dhuri ghanauri kalan-pz","m:30.4808,75.9364:punjab sangrur sangrur longowal",1,9.572,9.572,0.0,False
"t:30.4808,75.9364:punjab sangrur dhuri ladda-pz","m:30.4808,75.9364:punjab sangrur sangrur longowal",1,6.825,6.825,0.0,False
"t:30.4808,75.9364:punjab sangrur sangrur longowal","m:30.4808,75.9364:punjab sangrur sangrur longowal",1,0.1,-0.1,0.0,False
"t:30.4808,75.9364:punjab sangrur sangrur sangrur","m:30.4808,75.9364:punjab sangrur sangrur longowal",1,7.142,7.142,0.0,False
"t:30.4808,75.9364:punjab sangrur sunam kamalpur","m:30.4808,75.9364:punjab sangrur sangrur longowal",1,5.785,5.785,0.0,False
"t:30.4808,75.9364:punjab sangrur sunam kamalpur-m","m:30.4808,75.9364:punjab sangrur sangrur longowal",1,5.391,5.391,0.0,False
"t:30.5518,74.7539:punjab faridkot faridkot wara dwarka- pz","m:30.5519,74.7542:wara dwarka-pz",4,0.076,0.076,33.2,True
"t:30.5966,74.3879:punjab fazilka guru harsahai sohan garh d","m:30.5964,74.3875:sohangarh m",5,0.219,0.215,43.1,False
"t:30.5966,74.3879:punjab fazilka guru harsahai sohan garh d","m:30.5964,74.3875:sohangarh s",5,0.059,-0.059,43.1,True
"t:30.5966,74.3879:punjab fazilka guru harsahai sohan garh d","m:30.5967,74.3878:sohangarh d",4,0.109,0.109,12.0,False
"t:30.5966,74.3879:punjab fazilka guru harsahai sohan garh m","m:30.5964,74.3875:sohangarh m",5,0.338,-0.338,43.1,True
"t:30.5966,74.3879:punjab fazilka guru harsahai sohan garh m","m:30.5964,74.3875:sohangarh s",5,0.624,-0.624,43.1,False
"t:30.5966,74.3879:punjab fazilka guru harsahai sohan garh m","m:30.5967,74.3878:sohangarh d",4,0.34,-0.34,12.0,False
"t:30.6067,75.8803:punjab barnala barnala barnala (m)","m:30.6067,75.8803:punjab sbs nagar nawanshahr bahlora kallan- pz",1,38.664,38.664,0.0,False
"t:30.6067,75.8803:punjab barnala barnala barnala (s)","m:30.6067,75.8803:punjab sbs nagar nawanshahr bahlora kallan- pz",1,36.941,36.941,0.0,False
"t:30.6067,75.8803:punjab barnala mahal kalan mehla kalan","m:30.6067,75.8803:punjab sbs nagar nawanshahr bahlora kallan- pz",1,33.948,33.948,0.0,False
"t:30.6067,75.8803:punjab barnala mehla kalan chananwal","m:30.6067,75.8803:punjab sbs nagar nawanshahr bahlora kallan- pz",1,33.636,33.636,0.0,False
"t:30.6067,75.8803:punjab barnala sehna bhadaur","m:30.6067,75.8803:punjab sbs nagar nawanshahr bahlora kallan- pz",1,29.406,29.406,0.0,False
"t:30.6067,75.8803:punjab barnala tapa tapa","m:30.6067,75.8803:punjab sbs nagar nawanshahr bahlora kallan- pz",1,36.527,36.527,2.9,False
"t:30.6067,75.8803:punjab sbs nagar aur raipur dhaba","m:30.6067,75.8803:punjab sbs nagar nawanshahr bahlora kallan- pz",1,13.391,13.391,0.0,False
"t:30.6067,75.8803:punjab sbs nagar nawanshahr bahlora kallan- pz","m:30.6067,75.8803:punjab sbs nagar nawanshahr bahlora kallan- pz",1,0.329,0.329,0.0,False
"t:30.6067,75.8803:punjab sbs nagar thandian thandian (m)","m:30.6067,75.8803:punjab sbs nagar nawanshahr bahlora kallan- pz",1,15.852,15.852,0.0,False
"t:30.6083,74.8656:punjab faridkot kot kapura beed sikhanwala","m:30.6083,74.8656:bead sikhanwala- pz",5,0.422,0.064,5.6,True
"t:30.6106,76.4154:punjab fatehgarh sahib fatehgarh sahib saddo majra","m:30.6106,76.4155:saddo majra ow",2,0.21,-0.21,5.3,True
"t:30.6124,74.8706:punjab faridkot kotkapura deviwala-s","m:30.6122,74.8706:deviwala-m",4,0.503,-0.503,24.4,False
"t:30.6124,74.8706:punjab faridkot kotkapura deviwala-s","m:30.6122,74.8706:deviwala-s",3,0.354,-0.354,24.4,True
"t:30.6124,74.8706:punjab faridkot kotkapura deviwala-s","m:30.6128,74.8708:deviwala i-pz",1,0.769,-0.769,45.2,False
"t:30.6131,74.8709:punjab faridkot kotkapura deviwala-m","m:30.6128,74.8708:deviwala i-pz",1,0.594,-0.594,31.6,False
"t:30.6137,76.8962:badruktiao  (m)","m:30.6137,76.8962:sundran d",2,41.398,-41.398,0.0,False
"t:30.6137,76.8962:badruktiao  (m)","m:30.6137,76.8962:sundran m",2,38.138,-38.138,0.0,False
"t:30.6137,76.8962:badruktiao  (m)","m:30.6137,76.8962:sundran s",1,21.402,-21.402,0.0,False
"t:30.6137,76.8962:sundran d","m:30.6137,76.8962:sundran d",2,1.105,1.105,0.0,True
"t:30.6137,76.8962:sundran d","m:30.6137,76.8962:sundran m",2,4.365,4.365,0.0,False
"t:30.6137,76.8962:sundran d","m:30.6137,76.8962:sundran s",1,21.64,21.64,0.0,False
"t:30.6137,76.8962:sundran m","m:30.6137,76.8962:sundran d",2,6.282,-6.282,0.0,False
"t:30.6137,76.8962:sundran m","m:30.6137,76.8962:sundran m",2,3.023,-3.023,0.0,False
"t:30.6137,76.8962:sundran m","m:30.6137,76.8962:sundran s",1,13.655,13.655,0.0,False
"t:30.6237,76.8962:sundran s","m:30.6237,76.8962:sundran s",1,27.91,-27.91,0.0,False
"t:30.6256,75.8397:baurha khurd m","m:30.6256,75.8397:baurhai khurd s",2,1.317,-1.317,0.1,False
"t:30.6256,75.8397:baurhai khurd s","m:30.6256,75.8397:baurhai khurd s",2,1.157,-1.157,0.1,True
"t:30.6256,76.8494:baurhai khurd","m:30.6256,76.8494:baurhai khurd",1,0.015,0.015,0.0,False
"t:30.6256,76.8494:baurhai khurd","m:30.6256,76.8494:baurhai khurd d",2,0.775,-0.775,0.1,True
"t:30.6662,74.8586:punjab faridkot faridkot nangal-pz","m:30.6661,74.8586:nangal-pz",4,2.211,-1.683,12.3,False
"t:30.6960,76.6623:punjab sas nagar kharar landran","m:30.6960,76.6623:punjab sas nagar kharar landran",1,0.053,0.053,0.0,False
"t:30.6964,75.5789:punjab ludhiana raikot talwandi rai","m:30.6964,75.5789:punjab ludhiana raikot talwandi rai",1,0.294,-0.294,0.0,False
"t:30.7116,76.7844:chandigarh chandigarh chandigarh csio d","m:30.7116,76.7844:chandigarh chandigarh chandigarh csio d",1,23.806,-23.806,0.0,False
"t:30.7116,76.7844:chandigarh chandigarh chandigarh csio d","m:30.7119,76.7842:chandigarh chandigarh chandigarh csio-s",1,0.524,0.524,34.6,False
"t:30.7119,76.7842:chandigarh chandigarh chandigarh csio-s","m:30.7116,76.7844:chandigarh chandigarh chandigarh csio d",1,25.581,-25.581,34.6,False
"t:30.7119,76.7842:chandigarh chandigarh chandigarh csio-s","m:30.7119,76.7842:chandigarh chandigarh chandigarh csio-s",1,1.251,-1.251,0.0,False
"t:30.7119,76.7849:chandigarh chandigarh chandigarh csio-combined","m:30.7119,76.7849:chandigarh chandigarh chandigarh csio-combined",1,28.515,28.515,0.0,False
"t:30.7282,75.0714:jaisinghwala m","m:30.7282,75.0714:jaisinghwala d",1,2.044,-2.044,0.0,False
"t:30.7282,75.0714:jaisinghwala m","m:30.7282,75.0714:jaisinghwala m",2,1.206,-1.206,0.0,False
"t:30.7282,75.0714:jaisinghwala m","m:30.7282,75.0714:jaisinghwala s",2,0.866,-0.866,0.0,False
"t:30.7282,75.0714:jaisinghwala s","m:30.7282,75.0714:jaisinghwala d",1,2.049,-2.049,0.0,False
"t:30.7282,75.0714:jaisinghwala s","m:30.7282,75.0714:jaisinghwala m",2,1.046,-1.046,0.0,False
"t:30.7282,75.0714:jaisinghwala s","m:30.7282,75.0714:jaisinghwala s",2,0.707,-0.707,0.0,True
"t:30.7282,75.0724:jaisinghwala d","m:30.7282,75.0724:jaisinghwala d",1,2.016,-2.016,0.0,False
"t:30.7379,76.7429:chandigarh chandigarh chandigarh sect 37d (d)","m:30.7375,76.7431:sect 37d (d)",3,0.48,0.48,47.0,True
"t:30.7379,76.7429:chandigarh chandigarh chandigarh sect 37d (d)","m:30.7375,76.7431:sect 37d (s)",3,10.588,10.588,47.0,False
"t:30.7404,76.7303:chandigarh chandigarh chandigarh sector-39 (imd)(s)","m:30.7404,76.7303:sector-39 (imd)-s",2,0.289,-0.289,1.2,True
"t:30.7404,76.7303:haryana hisar agroha mangali-pz","m:30.7404,76.7303:sector-39 (imd)-s",2,15.547,-15.547,1.2,False
"t:30.8167,74.3806:punjab firozpur mamdot malsian-pz","m:30.8167,74.3806:malsian-pz",4,0.487,-0.487,5.6,True
"t:30.8575,76.6119:punjab patiala samana mardanheri","m:30.8578,76.6120:akalgarh s",4,7.222,-7.222,32.3,False
"t:30.8575,76.6119:punjab sas nagar akalgarh lalru-s/majri (s)","m:30.8578,76.6120:akalgarh s",5,1.939,1.667,32.3,False
"t:30.8618,74.6105:punjab firozpur firozpur jhok horihar m","m:30.8617,74.6108:jhokharihar d",4,0.515,-0.515,28.3,False
"t:30.8618,74.6105:punjab firozpur firozpur jhok horihar m","m:30.8619,74.6106:jhokharihar m",5,0.494,-0.022,16.9,True
"t:30.8618,74.6105:punjab firozpur firozpur jhok horihar m","m:30.8619,74.6106:jhokharihar s",5,0.646,0.646,18.3,False
"t:30.8618,74.6105:punjab firozpur firozpur jhok horihar s","m:30.8617,74.6108:jhokharihar d",4,2.693,-2.693,28.3,False
"t:30.8618,74.6105:punjab firozpur firozpur jhok horihar s","m:30.8619,74.6106:jhokharihar m",5,0.988,-0.988,16.9,False
"t:30.8618,74.6105:punjab firozpur firozpur jhok horihar s","m:30.8619,74.6106:jhokharihar s",5,0.498,-0.498,18.3,True
"t:30.8618,74.6105:punjab firozpur firozpur mohre wala-pz","m:30.8617,74.6108:jhokharihar d",4,0.987,-0.521,23.5,True
"t:30.8618,74.6105:punjab firozpur firozpur mohre wala-pz","m:30.8619,74.6106:jhokharihar m",5,1.207,1.207,19.8,False
"t:30.8618,74.6105:punjab firozpur firozpur mohre wala-pz","m:30.8619,74.6106:jhokharihar s",5,1.68,1.68,20.4,False
"t:30.8781,76.4286:punjab patiala bhuner heri bhunerheri","m:30.8781,76.4286:punjab patiala bhuner heri bhunerheri",1,0.804,-0.804,0.0,False
"t:30.8781,76.4286:punjab patiala bhuner heri bhunerheri","m:30.8781,76.4286:punjab patiala bhuner heri bhunerheri s",2,0.377,0.033,0.0,True
"t:30.8781,76.4286:punjab patiala bhuner heri bhunerheri s","m:30.8781,76.4286:punjab patiala bhuner heri bhunerheri",1,1.917,-1.917,0.0,False
"t:30.8781,76.4286:punjab patiala bhuner heri bhunerheri s","m:30.8781,76.4286:punjab patiala bhuner heri bhunerheri s",2,0.731,-0.726,0.0,False
"t:30.8866,75.5093:manewal  d","m:30.8866,75.5093:rasulpur d",2,31.326,-31.326,0.0,False
"t:30.8866,75.5093:manewal  d","m:30.8866,75.5093:rasulpur m",2,31.221,-31.221,0.0,False
"t:30.8866,75.5093:manewal  d","m:30.8866,75.5093:rasulpur s",2,31.631,-31.631,0.0,False
"t:30.8866,75.5093:rasulpur d","m:30.8866,75.5093:rasulpur d",2,1.013,-1.013,0.0,False
"t:30.8866,75.5093:rasulpur d","m:30.8866,75.5093:rasulpur m",2,0.908,-0.908,0.0,True
"t:30.8866,75.5093:rasulpur d","m:30.8866,75.5093:rasulpur s",2,1.318,-1.318,0.0,False
"t:30.8866,75.5093:rasulpurs","m:30.8866,75.5093:rasulpur d",2,0.735,0.241,0.0,False
"t:30.8866,75.5093:rasulpurs","m:30.8866,75.5093:rasulpur m",2,0.71,0.346,0.0,False
"t:30.8866,75.5093:rasulpurs","m:30.8866,75.5093:rasulpur s",2,0.47,-0.064,0.0,True
"t:30.9013,75.6244:haryana yamunanagar sadhora sadhora","m:30.9016,75.6245:basian bet m",2,21.695,21.695,24.8,False
"t:30.9013,75.6244:haryana yamunanagar sadhora sadhora","m:30.9016,75.6245:basian bet s",1,24.165,24.165,34.7,False
"t:30.9013,75.6244:punjab ludhiana sidhwanbet basian bet","m:30.9016,75.6245:basian bet m",2,0.344,0.279,24.8,True
"t:30.9013,75.6244:punjab ludhiana sidhwanbet basian bet","m:30.9016,75.6245:basian bet s",1,1.105,1.105,34.7,False
"t:30.9013,75.6244:punjab yamuna nagar yamuna nagar topra","m:30.9016,75.6245:basian bet m",2,1.005,1.005,30.0,False
"t:30.9013,75.6244:punjab yamuna nagar yamuna nagar topra","m:30.9016,75.6245:basian bet s",1,1.816,1.816,40.1,False
"t:30.9017,75.6243:punjab ludhiana sidhwan bet","m:30.9016,75.6245:basian bet m",3,0.621,-0.621,21.6,False
"t:30.9017,75.6243:punjab ludhiana sidhwan bet","m:30.9016,75.6245:basian bet s",2,0.81,-0.81,20.1,False
"t:30.9017,75.6243:punjab ludhiana sidhwan bet","m:30.9019,75.6244:basian bet d",2,0.914,-0.74,22.3,False
"t:30.9019,75.6245:punjab ludhiana sidhwan bet basian bet (d)","m:30.9016,75.6245:basian bet m",3,0.4,0.4,36.3,False
"t:30.9019,75.6245:punjab ludhiana sidhwan bet basian bet (d)","m:30.9016,75.6245:basian bet s",2,0.698,0.698,27.1,False
"t:30.9019,75.6245:punjab ludhiana sidhwan bet basian bet (d)","m:30.9019,75.6244:basian bet d",2,1.122,0.768,12.0,False
"t:30.9375,76.1621:rasulpur m","m:30.9375,76.1621:manewal d",2,30.892,30.892,0.0,False
"t:30.9375,76.1621:rasulpur m","m:30.9378,76.1621:manewal m",2,31.213,31.213,30.9,False
"t:30.9375,76.1621:rasulpur m","m:30.9378,76.1621:manewal s",2,30.852,30.852,30.9,False
"t:30.9378,76.1621:manewal  m","m:30.9375,76.1621:manewal d",2,1.037,-1.037,30.9,False
"t:30.9378,76.1621:manewal  m","m:30.9378,76.1621:manewal m",2,0.717,-0.717,0.0,True
"t:30.9378,76.1621:manewal  m","m:30.9378,76.1621:manewal s",2,1.077,-1.077,0.0,False
"t:30.9378,76.1621:manewals","m:30.9375,76.1621:manewal d",2,1.092,-1.092,30.9,False
"t:30.9378,76.1621:manewals","m:30.9378,76.1621:manewal m",2,0.772,-0.772,0.0,False
"t:30.9378,76.1621:manewals","m:30.9378,76.1621:manewal s",2,1.132,-1.132,0.0,False
"t:30.9786,75.9119:mangat-pz-m","m:30.9786,75.9119:mangat-pz-d",2,1.052,0.972,0.0,True
"t:30.9786,75.9119:mangat-pz-m","m:30.9786,75.9119:mangat-pz-m",1,0.31,0.31,0.0,False
"t:31.0292,75.7931:punjab jalandhar phillaur phillaur","m:31.0292,75.7931:phillaur 1(d)",3,0.043,-0.043,5.6,True
"t:31.0292,75.7931:punjab jalandhar phillaur phillaur","m:31.0292,75.7931:phillaur 2(s)",3,0.084,-0.04,5.6,False
"t:31.0292,75.7931:punjab jalandhar phillaur phillaur 1(d)","m:31.0292,75.7931:phillaur 1(d)",3,0.194,0.006,5.6,False
"t:31.0292,75.7931:punjab jalandhar phillaur phillaur 1(d)","m:31.0292,75.7931:phillaur 2(s)",3,0.235,0.156,5.6,False
"t:31.0794,75.3303:punjab jalandhar shahkot shahkot(d)","m:31.0794,75.3303:shahkot(d)",4,0.604,0.604,5.4,True
"t:31.1056,75.8929:turan d","m:31.1056,75.8929:turan d",2,2.357,-2.357,0.0,False
"t:31.1056,75.8929:turan d","m:31.1056,75.8929:turan m",2,0.937,-0.937,0.0,True
"t:31.1056,75.8929:turan d","m:31.1056,75.8929:turan s",2,1.051,-0.922,0.0,False
"t:31.1056,75.8929:turan m","m:31.1056,75.8929:turan d",2,3.08,-3.08,0.0,False
"t:31.1056,75.8929:turan m","m:31.1056,75.8929:turan m",2,1.66,-1.66,0.0,False
"t:31.1056,75.8929:turan m","m:31.1056,75.8929:turan s",2,1.645,-1.645,0.0,False
"t:31.1056,75.8929:turan s","m:31.1056,75.8929:turan d",2,7.807,-7.807,0.0,False
"t:31.1056,75.8929:turan s","m:31.1056,75.8929:turan m",2,6.387,-6.387,0.0,False
"t:31.1056,75.8929:turan s","m:31.1056,75.8929:turan s",2,6.372,-6.372,0.0,False
"t:31.1113,75.3849:billi chahanni  m","m:31.1113,75.3849:billi chahanni  m",1,2.411,2.411,0.0,False
"t:31.1113,75.3849:billi chahanni  m","m:31.1113,75.3849:billi chaharmi d",1,2.818,2.818,0.0,False
"t:31.1113,75.3849:billi chahanni  m","m:31.1113,75.3849:billi chaharmi s",1,2.482,-2.482,0.0,False
"t:31.1113,75.3849:billi chaharmi d","m:31.1113,75.3849:billi chaharmi d",1,2.316,-2.316,0.0,False
"t:31.1113,75.3849:billi chaharmi d","m:31.1113,75.3849:billi chaharmi s",1,7.615,-7.615,0.0,False
"t:31.1113,75.3849:billi chaharmi s","m:31.1113,75.3849:billi chahanni  m",1,2.216,2.216,0.0,False
"t:31.1113,75.3849:billi chaharmi s","m:31.1113,75.3849:billi chaharmi d",1,2.439,2.439,0.0,False
"t:31.1113,75.3849:billi chaharmi s","m:31.1113,75.3849:billi chaharmi s",1,2.861,-2.861,0.0,False
"t:31.1250,75.3611:punjab jalandhar shahkot malsian-d pz","m:31.1250,75.3611:malsian-d pz",5,3.808,-3.808,1.1,False
"t:31.1250,75.3611:punjab jalandhar shahkot malsian-d pz","m:31.1250,75.3611:malsian-m pz",5,0.752,0.566,1.1,True
"t:31.1250,75.3611:punjab jalandhar shahkot malsian-m pz","m:31.1250,75.3611:malsian-d pz",5,1.73,0.568,1.1,False
"t:31.1250,75.3611:punjab jalandhar shahkot malsian-m pz","m:31.1250,75.3611:malsian-m pz",5,5.178,5.178,1.1,False
"t:31.1292,75.5500:punjab jalandhar nurmahal sarih m","m:31.1292,75.5500:sarih pz",3,4.625,-4.625,3.7,False
"t:31.1292,75.5500:punjab jalandhar nurmahal sarih m","m:31.1292,75.5500:sarih pz-m",4,0.147,-0.067,3.7,True
"t:31.1292,75.5500:punjab jalandhar nurmahal sarih pz-m","m:31.1292,75.5500:sarih pz",3,0.05,-0.05,3.7,True
"t:31.1292,75.5500:punjab jalandhar nurmahal sarih pz-m","m:31.1292,75.5500:sarih pz-m",4,3.947,3.947,3.7,False
"t:31.1507,74.9066:punjab firozpur makhu gattah badsha d","m:31.1507,74.9066:gattah badsha d",4,1.712,-1.712,0.0,False
"t:31.1507,74.9066:punjab firozpur makhu gattah badsha d","m:31.1507,74.9066:gattah badsha m",5,0.197,-0.177,0.0,True
"t:31.1507,74.9066:punjab firozpur makhu gattah badsha d","m:31.1507,74.9066:gattah badsha s",5,2.184,2.184,0.0,False
"t:31.1507,74.9066:punjab firozpur makhu gattah badsha m","m:31.1507,74.9066:gattah badsha d",4,2.198,-2.198,0.0,False
"t:31.1507,74.9066:punjab firozpur makhu gattah badsha m","m:31.1507,74.9066:gattah badsha m",5,0.928,-0.524,0.0,False
"t:31.1507,74.9066:punjab firozpur makhu gattah badsha m","m:31.1507,74.9066:gattah badsha s",5,2.472,1.795,0.0,False
"t:31.1507,74.9066:punjab firozpur makhu gattah badsha s","m:31.1507,74.9066:gattah badsha d",4,3.481,-3.481,0.0,False
"t:31.1507,74.9066:punjab firozpur makhu gattah badsha s","m:31.1507,74.9066:gattah badsha m",5,1.942,-1.942,0.0,False
"t:31.1507,74.9066:punjab firozpur makhu gattah badsha s","m:31.1507,74.9066:gattah badsha s",5,1.126,0.268,0.0,True
"t:31.1985,75.3113:punjab jalandhar jalandhar talwandi madho d","m:31.1985,75.3113:punjab jalandhar jalandhar talwandi madho d",1,0.065,-0.065,0.0,False
"t:31.1985,75.3113:punjab jalandhar jalandhar talwandi madho d","m:31.1985,75.3113:punjab jalandhar jalandhar talwandi madho s",2,2.75,-0.035,0.0,False
"t:31.1985,75.3113:punjab jalandhar jalandhar talwandi madho s","m:31.1985,75.3113:punjab jalandhar jalandhar talwandi madho d",1,4.982,4.982,0.0,False
"t:31.1985,75.3113:punjab jalandhar jalandhar talwandi madho s","m:31.1985,75.3113:punjab jalandhar jalandhar talwandi madho s",2,4.45,4.45,0.0,False
"t:31.2625,75.4917:punjab jalandhar jalandhar- east lallian kalan pz-d","m:31.2625,75.4917:lallian kalan d",5,0.239,-0.05,3.2,True
"t:31.2625,75.4917:punjab jalandhar jalandhar- east lallian kalan pz-d","m:31.2625,75.4917:lallian kalan pz-s",4,1.344,-0.068,3.2,False
"t:31.2903,74.6592:maarhi nav  abaad m","m:31.2903,74.6592:maarhi nav  abaad m",2,2.287,2.287,0.0,False
"t:31.2903,74.6592:maarhi nav  abaad m","m:31.2903,74.6592:maarhi nav  abaad s",2,1.743,1.743,0.0,False
"t:31.2903,74.6592:maarhi nav  abaad m","m:31.2906,74.6594:maarhi nav  abaad d",2,2.042,2.042,40.6,False
"t:31.2903,74.6592:maarhi nav  abaad s","m:31.2903,74.6592:maarhi nav  abaad m",2,0.437,-0.179,0.0,True
"t:31.2903,74.6592:maarhi nav  abaad s","m:31.2903,74.6592:maarhi nav  abaad s",2,0.724,-0.724,0.0,False
"t:31.2903,74.6592:maarhi nav  abaad s","m:31.2906,74.6594:maarhi nav  abaad d",2,0.542,-0.424,40.6,False
"t:31.2906,74.6594:maarhi nav  abaad d","m:31.2903,74.6592:maarhi nav  abaad m",2,0.441,-0.441,40.6,False
"t:31.2906,74.6594:maarhi nav  abaad d","m:31.2903,74.6592:maarhi nav  abaad s",2,0.985,-0.985,40.6,False
"t:31.2906,74.6594:maarhi nav  abaad d","m:31.2906,74.6594:maarhi nav  abaad d",2,0.686,-0.686,0.0,False
"t:31.3467,74.6912:punjab taran taran bhikhiwind bdpo office","m:31.3467,74.6912:punjab taran taran patti barwala-s",3,11.779,-11.779,0.0,False
"t:31.3467,74.6912:punjab taran taran chola sahib bdpo office","m:31.3467,74.6912:punjab taran taran patti barwala-s",3,7.421,-7.421,0.0,False
"t:31.3467,74.6912:punjab taran taran patti barwala-d","m:31.3467,74.6912:punjab taran taran patti barwala-s",3,2.414,-2.414,0.0,False
"t:31.3467,74.6912:punjab taran taran patti barwala-s","m:31.3467,74.6912:punjab taran taran patti barwala-s",3,1.555,-1.555,0.0,False
"t:31.3467,74.6912:punjab taran taran valtoha ratoke","m:31.3467,74.6912:punjab taran taran patti barwala-s",3,8.08,-8.08,0.0,False
"t:31.3900,75.1005:khwaspur d","m:31.3900,75.1005:khwaspur d",1,0.179,-0.179,0.0,False
"t:31.3922,75.1005:khwaspur m","m:31.3922,75.1005:khwaspur d",1,0.726,-0.726,0.0,False
"t:31.3922,75.1005:khwaspur m","m:31.3922,75.1005:khwaspur m",1,17.296,-17.296,0.0,False
"t:31.3922,75.1005:khwaspur m","m:31.3922,75.1005:khwaspur s",2,0.244,0.244,0.0,True
"t:31.3922,75.1005:khwaspur s","m:31.3922,75.1005:khwaspur d",1,1.602,-1.602,0.0,False
"t:31.3922,75.1005:khwaspur s","m:31.3922,75.1005:khwaspur m",1,18.172,-18.172,0.0,False
"t:31.3922,75.1005:khwaspur s","m:31.3922,75.1005:khwaspur s",2,0.704,-0.704,0.0,False
"t:31.4361,75.4986:punjab jalandhar jalandhar- west kartarpur 1(d)","m:31.4361,75.4986:kartarpur 1(d)",5,2.251,2.251,1.6,False
"t:31.4361,75.4986:punjab jalandhar jalandhar- west kartarpur 1(d)","m:31.4361,75.4986:kartarpur 2(s)",5,2.536,2.536,1.6,False
"t:31.4962,74.9023:punjab taran taran daburji_d taran taran","m:31.4961,74.9024:daburji s",3,0.288,-0.139,9.5,True
"t:31.4962,74.9023:punjab taran taran taran taran daburji-s","m:31.4961,74.9024:daburji s",3,0.666,0.666,9.5,False
"t:31.5007,75.9460:punjab hoshiarpur hoshiarpur - ii rampur  colony(hsp) pz (d)","m:31.5007,75.9460:punjab hoshiarpur hoshiarpur - ii rampur  colony(hsp) pz (d)",2,0.838,-0.838,0.0,True
"t:31.5007,75.9460:punjab hoshiarpur hoshiarpur - ii rampur colony(hsp) pz (m)","m:31.5007,75.9460:punjab hoshiarpur hoshiarpur - ii rampur  colony(hsp) pz (d)",2,34.164,-34.164,0.0,False
"t:31.5362,75.5083:punjab kapurthala dhilwan bholath d","m:31.5362,75.5083:punjab kapurthala dhilwan bholath d",3,1.7,-1.7,0.0,False
"t:31.5362,75.5083:punjab kapurthala dhilwan bholath d","m:31.5362,75.5083:punjab kapurthala dhilwan bholath m",2,1.693,-1.693,0.0,False
"t:31.5362,75.5083:punjab kapurthala dhilwan bholath d","m:31.5362,75.5083:punjab kapurthala dhilwan bholath s",2,1.138,-1.138,0.0,False
"t:31.5362,75.5083:punjab kapurthala dhilwan bholath m","m:31.5362,75.5083:punjab kapurthala dhilwan bholath d",3,0.197,0.197,0.0,True
"t:31.5362,75.5083:punjab kapurthala dhilwan bholath m","m:31.5362,75.5083:punjab kapurthala dhilwan bholath m",2,0.229,-0.028,0.0,False
"t:31.5362,75.5083:punjab kapurthala dhilwan bholath m","m:31.5362,75.5083:punjab kapurthala dhilwan bholath s",2,0.527,0.527,0.0,False
"t:31.5362,75.5083:punjab kapurthala dhilwan bholath s","m:31.5362,75.5083:punjab kapurthala dhilwan bholath d",3,0.238,-0.238,0.0,False
"t:31.5362,75.5083:punjab kapurthala dhilwan bholath s","m:31.5362,75.5083:punjab kapurthala dhilwan bholath m",2,0.537,-0.537,0.0,False
"t:31.5362,75.5083:punjab kapurthala dhilwan bholath s","m:31.5362,75.5083:punjab kapurthala dhilwan bholath s",2,0.145,0.018,0.0,True
"t:31.6028,75.6500:punjab jalandhar bhogpur kharal kalan pz-m","m:31.6028,75.6500:kharal kalan pz-m",4,0.457,0.429,2.5,True
"t:31.6028,75.6500:punjab jalandhar bhogpur kharal kalan pz-m","m:31.6028,75.6500:kharal kalan pz-s",4,0.709,0.709,2.5,False
"t:31.6033,75.6500:punjab jalandhar bhogpur kharal kalan pz- d","m:31.6033,75.6500:kheral kalan d",5,0.816,-0.816,3.7,True
"t:31.6033,75.6500:punjab jalandhar bhogpur kheral kalan","m:31.6033,75.6500:kheral kalan d",5,1.02,-1.02,3.7,False
"t:31.6548,75.8685:punjab hoshiarpur hoshiarpur bassi ballo (d)","m:31.6547,75.8688:bassi ballo - d",2,0.161,-0.161,29.7,True
"t:31.6548,75.8685:punjab hoshiarpur hoshiarpur bassi ballo (d)","m:31.6547,75.8688:bassi ballo - s",2,19.574,19.574,29.7,False
"t:31.6548,75.8685:punjab hoshiarpur hoshiarpur bassi ballo (d)","m:31.6547,75.8688:bassi ballo -m",2,20.734,20.734,29.7,False
"t:31.6548,75.8685:punjab hoshiarpur hoshiarpur bassi ballo (m)","m:31.6547,75.8688:bassi ballo - d",2,11.77,-11.77,29.7,False
"t:31.6548,75.8685:punjab hoshiarpur hoshiarpur bassi ballo (m)","m:31.6547,75.8688:bassi ballo - s",2,8.167,7.965,29.7,False
"t:31.6548,75.8685:punjab hoshiarpur hoshiarpur bassi ballo (m)","m:31.6547,75.8688:bassi ballo -m",2,10.413,9.125,29.7,False
"t:31.6548,75.8685:punjab hoshiarpur hoshiarpur bassi ballo (s)","m:31.6547,75.8688:bassi ballo - d",2,30.144,-30.144,29.7,False
"t:31.6548,75.8685:punjab hoshiarpur hoshiarpur bassi ballo (s)","m:31.6547,75.8688:bassi ballo - s",2,10.41,-10.41,29.7,False
"t:31.6548,75.8685:punjab hoshiarpur hoshiarpur bassi ballo (s)","m:31.6547,75.8688:bassi ballo -m",2,9.562,-9.25,29.7,False
"t:31.7856,75.7181:punjab hoshiarpur dasuya jandaur d","m:31.7856,75.7180:jandaur m",3,0.958,-0.721,13.8,True
"t:31.7856,75.7181:punjab hoshiarpur dasuya jandaur d","m:31.7858,75.7179:jandaur s",3,5.155,5.155,29.7,False
"t:31.7856,75.7181:punjab hoshiarpur dasuya jandaur m","m:31.7856,75.7180:jandaur m",3,1.63,-1.63,13.8,False
"t:31.7856,75.7181:punjab hoshiarpur dasuya jandaur m","m:31.7858,75.7179:jandaur s",3,3.799,3.799,29.7,False
"t:31.7856,75.7181:punjab hoshiarpur dasuya jandaur s","m:31.7856,75.7180:jandaur m",3,4.123,-4.123,13.8,False
"t:31.7856,75.7181:punjab hoshiarpur dasuya jandaur s","m:31.7858,75.7179:jandaur s",3,0.087,-0.015,29.7,True
"t:31.7881,75.4301:punjab gurdaspur quadian harchowal-pz- d","m:31.7881,75.4303:harchowal-pz-d",3,2.162,2.162,21.6,False
"t:31.7881,75.4301:punjab gurdaspur quadian harchowal-pz- d","m:31.7881,75.4303:harchowal-pz-m",3,2.542,2.542,21.6,False
"t:31.7881,75.4301:punjab gurdaspur quadian harchowal-pz- d","m:31.7881,75.4303:harchowal-pz-s",1,2.379,2.379,21.6,False
"t:31.7881,75.4301:punjab gurdaspur quadian harchowal-pz- m","m:31.7881,75.4303:harchowal-pz-d",3,0.166,0.107,21.6,True
"t:31.7881,75.4301:punjab gurdaspur quadian harchowal-pz- m","m:31.7881,75.4303:harchowal-pz-m",3,0.487,-0.014,21.6,False
"t:31.7881,75.4301:punjab gurdaspur quadian harchowal-pz- m","m:31.7881,75.4303:harchowal-pz-s",1,0.008,0.008,21.6,False
"t:31.7881,75.4301:punjab gurdaspur quadian harchowal-pz- s","m:31.7881,75.4303:harchowal-pz-d",3,0.201,-0.201,21.6,False
"t:31.7881,75.4301:punjab gurdaspur quadian harchowal-pz- s","m:31.7881,75.4303:harchowal-pz-m",3,0.242,-0.242,21.6,False
"t:31.7881,75.4301:punjab gurdaspur quadian harchowal-pz- s","m:31.7881,75.4303:harchowal-pz-s",1,0.296,-0.296,21.6,False
"t:31.8000,75.6667:punjab hoshiarpur dasua dasuya (d)","m:31.8000,75.6667:dasuya1 (d)",3,0.47,-0.47,3.1,True
"t:31.8000,75.6667:punjab hoshiarpur dasua dasuya (d)","m:31.8000,75.6667:dasuya2 (s)",3,0.538,-0.538,3.1,False
"t:31.8110,74.6410:punjab amritsar amritsar bhindi saidan water works","m:31.8108,74.6411:bhindi saidan d",2,0.138,0.138,22.2,False
"t:31.8110,74.6410:punjab amritsar amritsar bhindi saidan water works","m:31.8111,74.6408:bhindi saidan m",3,0.298,0.298,19.3,False
"t:31.8110,74.6410:punjab amritsar amritsar bhindi saidan water works","m:31.8111,74.6408:bhindi saidan s",2,0.293,0.293,19.3,False
"t:31.8110,74.6410:punjab amritsar bhindi saidan bhindi saidan water works m","m:31.8108,74.6411:bhindi saidan d",2,0.24,0.24,22.2,False
"t:31.8110,74.6410:punjab amritsar bhindi saidan bhindi saidan water works m","m:31.8111,74.6408:bhindi saidan m",3,0.405,0.405,19.3,False
"t:31.8110,74.6410:punjab amritsar bhindi saidan bhindi saidan water works m","m:31.8111,74.6408:bhindi saidan s",2,0.395,0.395,19.3,False
"t:31.8110,74.6410:punjab amritsar bhindi saidan bhindi saidan water works s","m:31.8108,74.6411:bhindi saidan d",2,0.127,0.072,22.2,True
"t:31.8110,74.6410:punjab amritsar bhindi saidan bhindi saidan water works s","m:31.8111,74.6408:bhindi saidan m",3,0.259,0.259,19.3,False
"t:31.8110,74.6410:punjab amritsar bhindi saidan bhindi saidan water works s","m:31.8111,74.6408:bhindi saidan s",2,0.232,0.227,19.3,False
"t:31.8613,75.1489:punjab gurdaspur choranwali s choranwali","m:31.8611,75.1486:choranwali d",3,0.056,-0.014,32.6,True
"t:31.8613,75.1489:punjab gurdaspur choranwali s choranwali","m:31.8611,75.1492:choranwali m",2,0.153,0.153,29.5,False
"t:31.8613,75.1489:punjab gurdaspur choranwali shamsham ghat","m:31.8611,75.1486:choranwali d",4,1.053,-1.053,34.4,False
"t:31.8613,75.1489:punjab gurdaspur choranwali shamsham ghat","m:31.8611,75.1492:choranwali m",3,1.225,-1.225,32.8,False
"t:31.8667,75.0500:punjab gurdaspur fatehgarh churia ghania ki bangar- pz","m:31.8667,75.0500:ghania ki bangar- pz",2,0.198,-0.0,3.7,True
"t:32.0167,75.1333:punjab gurdaspur kalanaur shamshan ghat","m:32.0167,75.1333:kalanaur-pz",4,2.062,-1.723,4.9,False
"t:32.0500,75.1833:punjab gurdaspur kalanaur salehchak(vs)","m:32.0500,75.1833:saleh chak",2,0.107,-0.021,3.1,True
"t:32.1104,75.3475:punjab gurdaspur ganji water works near shamshan ghat d","m:32.1106,75.3475:ganji d",4,0.252,-0.252,19.4,False
"t:32.1104,75.3475:punjab gurdaspur ganji water works near shamshan ghat d","m:32.1106,75.3475:ganji m",4,0.643,-0.643,19.4,False
"t:32.1104,75.3475:punjab gurdaspur ganji water works near shamshan ghat d","m:32.1106,75.3475:ganji s",4,1.358,-1.358,19.4,False
"t:32.1104,75.3475:punjab gurdaspur ganji water works near shamshan ghat m","m:32.1106,75.3475:ganji d",4,0.128,0.027,19.4,True
"t:32.1104,75.3475:punjab gurdaspur ganji water works near shamshan ghat m","m:32.1106,75.3475:ganji m",4,0.383,-0.383,19.4,False
"t:32.1104,75.3475:punjab gurdaspur ganji water works near shamshan ghat m","m:32.1106,75.3475:ganji s",4,1.268,-1.268,19.4,False
"t:32.1104,75.3475:punjab gurdaspur ganji water works near shamshan ghat s","m:32.1106,75.3475:ganji d",4,1.168,1.168,19.4,False
"t:32.1104,75.3475:punjab gurdaspur ganji water works near shamshan ghat s","m:32.1106,75.3475:ganji m",4,0.778,0.778,19.4,False
"t:32.1104,75.3475:punjab gurdaspur ganji water works near shamshan ghat s","m:32.1106,75.3475:ganji s",4,0.581,-0.162,19.4,True
"t:32.1448,76.0215:basantpur","m:32.1447,76.0217:basantpur",2,3.797,3.797,13.5,False
"t:32.2128,75.6783:mohali","m:32.2128,75.6783:mohtli",3,24.682,24.682,0.0,False
"t:34.1995,74.8254:jammu and kashmir ganderbal ganderbal shuhama","m:34.1994,74.8256:shuhama pz-i",1,6.16,6.16,15.1,False
"t:8.0889,77.5500:kanyakumari pz","m:8.0889,77.5500:kanyakumari pz",2,3.942,3.392,0.0,False
"t:8.0889,77.5500:kanyakumari pz","m:8.0889,77.5500:kanyakumari2",5,19.29,19.29,1.2,False
"t:8.1028,77.5439:kundal(west) pz","m:8.1028,77.5439:kundal(west) pz",2,3.814,-2.214,0.0,False
"t:8.1319,77.3667:rajakamangalam","m:8.1319,77.3667:rajakamangalam",5,8.02,8.02,0.0,False
"t:8.1667,77.6167:chettikulam","m:8.1667,77.6167:chettikulam",7,1.31,1.065,5.2,True
"t:8.2325,77.7206:udayattur a/b ow","m:8.2325,77.7206:udayattur a/b ow",2,1.425,-1.305,0.0,True
"t:8.2347,77.2347:karungal pz","m:8.2347,77.2347:karungal pz",2,2.01,-0.45,0.0,False
"t:8.2347,77.2347:karungal pz","m:8.2347,77.2347:karungal1",5,1.05,1.05,3.5,True
"t:8.2486,77.3083:thakkalai1","m:8.2486,77.3083:thakkalai1",6,2.652,2.652,3.9,False
"t:8.2542,77.7583:tiruvembalapuram","m:8.2542,77.7583:tiruvembalapuram",7,1.68,1.485,5.2,False
"t:8.2580,77.8248:navaladi","m:8.2580,77.8248:navaladi",2,0.842,0.828,0.0,True
"t:8.3086,77.8603:muthumottamozhi ow","m:8.3086,77.8603:muthumottamozhi ow",3,13.715,-13.715,0.0,False
"t:8.3098,77.2144:marthandam","m:8.3098,77.2144:marthandam",1,0.045,-0.045,0.0,False
"t:8.3167,77.5792:molaikkaraipatti valliyoor tirunelveli tamil nadu","m:8.3167,77.5792:molaikkaraipatti",5,1.8,0.138,5.2,False
"t:8.3167,77.5792:molaikkaraipatti valliyoor tirunelveli tamil nadu","m:8.3167,77.5792:nanguneri2",5,0.76,0.76,5.2,True
"t:8.3264,77.1097:kulathoor pz","m:8.3264,77.1097:kulathoor pz",1,2.61,-2.61,2.7,False
"t:8.3315,77.9346:kuttam","m:8.3315,77.9346:kuttam",1,6.115,6.115,0.0,False
"t:8.3333,77.2678:thiruvattar","m:8.3333,77.2678:thiruvattar",7,1.695,1.695,4.4,False
"t:8.3583,77.1094:chengal pz","m:8.3583,77.1094:chengal pz",1,0.76,0.76,6.1,False
"t:8.3861,77.6167:valliyur","m:8.3861,77.6167:valliyur",7,1.36,1.36,3.9,True
"t:8.4333,77.9028:satankulam","m:8.4333,77.9028:satankulam",6,0.689,0.527,4.4,True
"t:8.4806,77.5986:kalakadu","m:8.4806,77.5986:kalakadu",7,0.26,-0.02,5.1,True
"t:8.4917,77.7042:nanguneri1 nanguneri tirunelveli tamil nadu","m:8.4917,77.7042:nanguneri1",5,0.307,0.307,5.2,True
"t:8.5181,77.8556:paikulam","m:8.5181,77.8556:paikulam",5,7.295,-7.295,6.9,False
"t:8.5194,76.9403:pattom","m:8.5194,76.9403:pattom pz",1,0.8,0.8,5.5,False
"t:8.5236,77.0417:vilappilsala pz","m:8.5236,77.0417:vilappilsala pz",1,0.65,0.65,3.9,False
"t:8.5333,77.7917:n. vijayanarayanam nanguneri tirunelveli tamil nadu","m:8.5333,77.7917:n.vijayanarayanam",6,5.283,5.283,5.2,False
"t:8.5556,76.9431:mannanthala","m:8.5556,76.9431:mannanthala pz",1,0.2,0.2,6.9,False
"t:8.5657,78.0978:arumuganeri","m:8.5657,78.0978:arumuganeri",3,0.685,0.685,0.0,True
"t:8.5806,77.0861:ariyanadu pz","m:8.5806,77.0861:ariyanadu pz",1,0.45,0.45,5.1,False
"t:8.5833,77.7153:marudakulam","m:8.5833,77.7153:marudakulam",1,1.175,-1.175,0.0,False
"t:8.5833,77.7153:marudakulam","m:8.5833,77.7153:maruthakulam",6,0.892,0.892,4.4,True
"t:8.6083,77.8500:thailapuram","m:8.6083,77.8500:thailapuram",7,1.435,0.166,3.7,True
"t:8.6500,77.9500:petmanagar","m:8.6500,77.9500:petmanagar",7,0.507,-0.315,0.0,True
"t:8.6556,76.8667:vengod pz","m:8.6556,76.8667:vengod pz",1,0.73,0.73,6.2,False
"t:8.6667,77.6806:taruvai manur tirunelveli tamil nadu","m:8.6667,77.6806:taruvai",6,0.3,0.177,6.1,True
"t:8.6708,77.4456:iyan singampatty(vairavikulam)","m:8.6708,77.4456:iyan singampatty(vairavikulam)",2,3.275,3.275,0.0,False
"t:8.6847,76.8694:vazhakkad pz","m:8.6847,76.8694:vazhakkad pz",1,0.94,0.94,5.5,False
"t:8.7056,77.7222:tirunelveli1","m:8.7056,77.7222:tirunelveli1",7,1.12,1.11,5.5,True
"t:8.7194,77.4361:ambasamudram","m:8.7194,77.4361:ambasamudram",7,0.75,0.75,5.1,True
"t:8.7306,76.7917:manambur pz","m:8.7306,76.7917:manambur pz",1,0.6,0.6,6.2,False
"t:8.7347,77.5208:mukkudal","m:8.7347,77.5208:mukkudal",6,6.856,6.856,0.0,False
"t:8.7611,76.6972:edava","m:8.7611,76.6972:edava",1,1.05,1.05,2.7,False
"t:8.8278,77.5750:charanmadevi","m:8.8278,77.5750:charanmadevi",7,0.91,0.91,2.5,True
"t:8.8333,77.4083:kadayam","m:8.8333,77.4083:kadayam",6,0.958,-0.557,0.0,True
"t:8.8419,76.8644:chadayamangalam pz","m:8.8419,76.8644:chadayamangalam pz",1,0.24,0.24,6.9,False
"t:8.8667,77.9000:maniyachi","m:8.8667,77.9000:maniyachi",7,1.823,-0.515,3.7,False
"t:8.8692,77.5292:sivalarkulam ow","m:8.8692,77.5292:sivalarkulam ow",3,0.465,0.465,0.0,True
"t:8.9000,77.4750:alankulam","m:8.9000,77.4750:alankulam",4,2.178,-2.178,0.0,False
"t:8.9167,77.3833:kilpaur","m:8.9167,77.3833:kilpaur",5,5.96,2.775,5.2,False
"t:8.9275,76.5819:trikkadavur","m:8.9275,76.5819:trikkadavur",1,0.12,0.12,4.9,False
"t:8.9333,76.8378:ummannoor","m:8.9333,76.8378:ummmannur",1,0.38,0.38,4.4,False
"t:8.9631,77.3114:tenkasi ow","m:8.9631,77.3114:tenkasi ow",5,0.24,0.24,0.0,True
"t:9.0167,77.2528:panpoli","m:9.0167,77.2528:panpoli",5,6.83,6.83,4.4,False
"t:9.0317,77.2717:tenkasipz tenkasi tirunelveli tamil nadu","m:9.0317,77.2717:tenkasipz",6,0.16,0.125,5.2,True
"t:9.0583,77.8500:villiseri","m:9.0583,77.8500:villiseri",7,0.805,0.065,3.7,True
"t:9.0667,77.3458:kadayanallur","m:9.0667,77.3458:kadayanallur",7,0.71,0.71,5.2,True
"t:9.0778,78.3578:vembar","m:9.0778,78.3578:vembar",2,0.49,0.24,0.0,True
"t:9.0867,76.8556:pathanapuram","m:9.0867,76.8556:pathanapuram",1,0.83,0.83,6.1,False
"t:9.0919,77.4447:virasikhamani ow","m:9.0919,77.4447:virasikhamani ow",3,1.35,1.35,0.0,True
"t:9.1486,77.7167:kalugumalai","m:9.1486,77.7167:kalugumalai",7,0.755,0.755,3.9,True
"t:9.1583,77.8417:nallattinputhur","m:9.1583,77.8417:nallattinputhur",7,0.617,0.617,5.2,True
"t:9.2083,77.5583:sankarankoil1","m:9.2083,77.5583:sankarankoil1",7,0.731,0.665,5.2,True
"t:9.2083,77.5583:sankarankoil1","m:9.2083,77.5583:sankarankoil2",6,2.423,2.423,5.2,False
"t:9.2178,77.9833:ettayapuram","m:9.2178,77.9833:ettayapuram",7,0.969,0.8,4.4,True
"t:9.2194,76.7744:vallicode","m:9.2194,76.7744:vallikod",1,0.51,-0.51,6.9,False
"t:9.2333,78.1306:nagalapuram(nagappapalaya m)","m:9.2333,78.1306:nagalapuram",6,1.015,0.968,6.1,True
"t:9.2333,78.1306:nagalapuram(nagappapalaya m)","m:9.2333,78.1306:nagalapuram(nagappapalaya m)",1,1.94,1.94,0.0,False
"t:9.2417,77.4083:vasudevanallur1","m:9.2417,77.4083:vasudevanallur1",4,23.745,23.745,5.2,False
"t:9.2417,77.4083:vasudevanallur1","m:9.2417,77.4083:vasudevanallur2",6,26.07,26.07,5.2,False
"t:9.2875,76.4639:haripad(c)","m:9.2875,76.4639:haripad",1,9.4,9.4,1.2,False
"t:9.2875,76.4639:haripad(e)","m:9.2875,76.4639:haripad",1,9.65,9.65,1.2,False
"t:9.2875,76.4639:haripad(n)","m:9.2875,76.4639:haripad",1,8.79,8.79,1.2,False
"t:9.3136,78.1361:pudur","m:9.3136,78.1361:pudur",7,0.82,0.343,1.7,True
"t:9.3250,78.0083:nenmeni1","m:9.3250,78.0083:nenmeni1",6,1.05,1.05,0.0,True
"t:9.3333,77.7667:vembakkottai-ow","m:9.3333,77.7667:vembakkottai-ow",6,0.855,0.855,0.0,True
"t:9.3639,77.6861:alangulam","m:9.3639,77.6861:alangulam",6,0.995,0.995,0.0,True
"t:9.3833,77.5583:choolapuram","m:9.3833,77.5583:choolapuram",7,0.44,-0.07,0.0,True
"t:9.4083,78.4083:kamudhi","m:9.4083,78.4083:kamudhi",2,0.942,0.942,0.0,True
"t:9.4333,76.6111:kunnamthanam","m:9.4333,76.6111:kunnamthanam",1,7.24,-7.24,3.9,False
"t:9.4400,77.5369:ammayappapuram (ilandirakondan )","m:9.4400,77.5369:ammayappapuram (ilandirakondan )",4,5.12,-2.137,0.0,False
"t:9.4403,78.4514:abiramam(kandigal)","m:9.4403,78.4514:abiramam",6,28.562,-28.562,2.8,False
"t:9.4403,78.4514:abiramam(kandigal)","m:9.4403,78.4514:abiramam(kandigal)",1,26.4,-26.4,0.0,False
"t:9.4464,77.7667:anaiyur","m:9.4464,77.7667:anaiyur",3,0.765,0.12,0.0,True
"t:9.4508,76.7467:kottangal pz","m:9.4508,76.7467:kottangal",1,1.03,1.03,5.2,False
"t:9.4914,77.9336:pattampudur ow","m:9.4914,77.9336:pattampudur ow",3,0.765,0.765,0.0,True
"t:9.4986,77.7000:mullikulam","m:9.4986,77.7000:mullikulam",2,1.073,1.073,0.0,True
"t:9.4992,77.6267:srivilliputhur","m:9.4992,77.6267:srivilliputhur",4,0.605,0.27,0.0,True
"t:9.5404,78.6086:emaneswaram","m:9.5404,78.6086:emaneswaram",1,0.64,0.64,0.0,False
"t:9.5583,77.9583:sevalpatti","m:9.5583,77.9583:sevalpatti",5,0.735,0.735,5.2,True
"t:9.5667,78.0750:palavanatham","m:9.5667,78.0750:palavanatham",7,0.76,0.76,0.0,True
"t:9.5775,78.7664:vathavaneri","m:9.5775,78.7664:vathavaneri",2,0.342,0.342,0.0,True
"t:9.6042,77.7486:nathampatti ow","m:9.6042,77.7486:nathampatti ow",2,1.805,-0.232,0.0,False
"t:9.6083,77.6667:sundarapandiyan","m:9.6083,77.6667:sundarapandiyan",6,0.475,0.475,0.0,True
"t:9.6414,77.9744:avalsuranpatti pz","m:9.6414,77.9744:avaisuranpatti",5,0.313,0.313,5.0,True
"t:9.6414,77.9744:avalsuranpatti pz","m:9.6414,77.9744:avalsuranpatti pz",2,12.665,12.665,0.0,False
"t:9.6431,78.8472:r s mangalam","m:9.6431,78.8472:r s mangalam",3,0.36,0.36,0.0,True
"t:9.6619,78.2058:mudukkankulam","m:9.6619,78.2058:mudukkankulam",2,1.12,1.12,0.0,True
"t:9.6694,78.1083:kariyapatti1 kariayapatti virudhunagar tamil nadu","m:9.6694,78.1083:kariyapatti1",5,0.285,0.285,6.1,True
"t:9.7069,77.8856:kolluveeranpatti pz","m:9.7069,77.8856:koliveeranpatti",6,0.408,-0.333,6.9,True
"t:9.7069,77.8856:kolluveeranpatti pz","m:9.7069,77.8856:kolluveeranpatti pz",4,0.686,-0.287,0.0,False
"t:9.7083,78.4750:manamadurai1","m:9.7083,78.4750:manamadurai1",8,0.575,0.405,3.7,True
"t:9.7092,77.3006:surelipatti pz","m:9.7092,77.3006:surelipatti pz",4,0.575,0.575,5.5,True
"t:9.7283,77.2783:cumbum pz","m:9.7283,77.2783:cumbam",5,0.68,-0.68,5.2,True
"t:9.7283,77.2783:cumbum pz","m:9.7283,77.2783:cumbum pz",1,0.19,-0.19,0.0,False
"t:9.7358,77.5203:varusandu pz","m:9.7358,77.5203:varusandu pz",6,0.26,0.078,4.0,True
"t:9.7367,77.3169:kamayagoundanpat ti pz cumbum theni tamil nadu","m:9.7367,77.3169:kanyagoundampatti",6,0.883,-0.883,6.1,True
"t:9.7428,77.7922:peraiyur pz","m:9.7428,77.7922:peraiyur pz",4,0.985,0.8,3.1,True
"t:9.7500,77.6750:sedapatti","m:9.7500,77.6750:sedapatti",7,0.75,0.75,0.0,True
"t:9.7628,77.7392:saptur pz","m:9.7628,77.7392:saptur",6,0.396,0.396,4.4,True
"t:9.7628,77.7392:saptur pz","m:9.7628,77.7392:saptur pz",1,1.17,1.17,0.0,False
"t:9.7867,78.0019:keelakottai pz","m:9.7867,78.0019:keelakottai",5,0.255,0.0,6.1,True
"t:9.7867,78.0019:keelakottai pz","m:9.7867,78.0019:keelakottai pz",2,0.648,0.648,0.0,False
"t:9.7950,77.5581:manthisunai ow","m:9.7950,77.5581:manthisunai ow",1,11.37,-11.37,0.0,False
"t:9.8042,78.0917:valayankulam","m:9.8042,78.0917:valayankulam",6,20.566,20.566,5.2,False
"t:9.8072,77.5031:kadamalaikundu pz","m:9.8072,77.5031:kadamalaikundu",7,0.92,0.14,5.5,True
"t:9.8072,77.5031:kadamalaikundu pz","m:9.8072,77.5031:kadamalaikundu pz",1,0.14,0.14,0.0,False
"t:9.8100,77.4103:appipatti alagapuri chinnamanur theni tamil nadu","m:9.8100,77.4100:appipatti alagapuri",6,0.953,-0.73,32.9,True
"t:9.8325,77.7167:t.ramanathapuram pz","m:9.8325,77.7167:t.ramanathapuram",1,0.515,0.515,3.7,False
"t:9.8325,77.7167:t.ramanathapuram pz","m:9.8325,77.7167:t.ramanathapuram pz",1,2.17,2.17,0.0,False
"t:9.8364,78.0567:surakulam pz","m:9.8364,78.0567:surakulam",4,1.06,1.06,3.9,True
"t:9.8394,77.3447:u ammapatti pz","m:9.8394,77.3447:u ammapatti pz",1,0.38,0.38,0.0,False
"t:9.8394,77.3447:u ammapatti pz","m:9.8394,77.3447:u.ammapatty",5,1.115,0.495,5.5,True
"t:9.8442,77.2981:kombai pz","m:9.8442,77.2981:kombai pz",3,8.29,-8.29,5.5,False
"t:9.8458,77.8947:p.ammapatti pz","m:9.8458,77.8947:p.ammapatti",6,0.73,0.251,4.4,True
"t:9.8458,77.8947:p.ammapatti pz","m:9.8458,77.8947:p.ammapatti pz",1,0.362,0.362,0.0,False
"t:9.8472,77.3825:chinnamanur pz","m:9.8472,77.3825:chinnamanur pz",1,0.52,0.52,0.0,False
"t:9.8472,77.3825:chinnamanur pz","m:9.8472,77.3825:chinnamanur1",3,2.78,0.011,2.5,False
"t:9.8494,76.6872:karimkunnam2","m:9.8494,76.6872:karimkunnam2",1,0.87,0.87,5.5,False
"t:9.8514,78.3750:padamathur(kumizhi)","m:9.8514,78.3750:padamathur",1,0.855,0.855,1.2,False
"t:9.8542,76.4042:kanjiramattom","m:9.8542,76.4042:kanjiramattom",1,6.64,6.64,5.2,False
"t:9.8553,78.0589:nilaiyur pz","m:9.8553,78.0589:nilaiyur pz",2,0.485,0.485,0.0,False
"t:9.8553,78.0589:nilaiyur pz","m:9.8553,78.0589:nilayur2",3,0.325,0.325,2.8,True
"t:9.8569,78.4833:muthupettai","m:9.8569,78.4833:muthupettai",8,1.077,0.883,6.1,True
"t:9.8742,77.3928:seelampatti pz","m:9.8742,77.3928:seelampatti pz",5,0.85,0.85,0.0,True
"t:9.8847,77.2847:thevaram","m:9.8847,77.2847:thevaram",7,2.99,-2.99,3.5,False
"t:9.8847,77.2847:thevaram (tevaram) uthamapalayam theni tamil nadu","m:9.8847,77.2847:thevaram",6,4.742,-4.742,3.5,False
"t:9.8967,78.2550:kunnathur pz","m:9.8967,78.2550:kunnathur pz",3,0.895,0.895,0.0,True
"t:9.8967,78.2550:kunnathur pz","m:9.8967,78.2550:kunnathur2",4,2.005,2.005,3.7,False
"t:9.9036,77.6233:balakombai pz andipatti theni tamil nadu","m:9.9036,77.6233:balakombai",6,0.547,-0.109,3.9,True
"t:9.9069,77.3297:sankarapuram pz","m:9.9069,77.3297:sankarapuram pz",1,0.095,0.095,0.0,False
"t:9.9069,77.3297:sankarapuram pz","m:9.9069,77.3297:sankarapuram2",6,0.385,-0.385,5.5,True
"t:9.9086,78.1858:andarkottaram pz","m:9.9086,78.1858:andarkottaram",5,4.215,4.215,3.9,False
"t:9.9086,78.1858:andarkottaram pz","m:9.9086,78.1858:andarkottaram pz",2,5.685,5.68,0.0,False
"t:9.9125,78.2569:varichiyur pz","m:9.9125,78.2569:varichiyur",6,0.57,0.493,4.9,True
"t:9.9125,78.2569:varichiyur pz","m:9.9125,78.2569:varichiyur pz",1,0.675,0.675,0.0,False
"t:9.9164,77.2997:thamminaickpatti pz","m:9.9164,77.2997:thamminaickpatti pz",1,2.01,-2.01,0.0,False
"t:9.9194,76.2747:punnakad","m:9.9194,76.2747:cheria kadavu",1,1.47,1.47,5.5,False
"t:9.9194,76.2747:punnakad","m:9.9194,76.2747:namakuzhi",1,2.41,-2.41,5.5,False
"t:9.9194,76.2747:punnakad","m:9.9194,76.2747:pallikara-chittanadu",1,6.41,-6.41,5.5,False
"t:9.9194,76.2747:punnakad","m:9.9194,76.2747:palluruthy",1,1.85,1.85,5.5,False
"t:9.9208,77.8833:tirumangalam","m:9.9208,77.8833:tirumangalam",6,1.43,-1.43,5.2,True
"t:9.9250,77.5417:erasakkanaayakanur","m:9.9250,77.5417:erasakkanaayakanur",7,9.39,9.39,3.7,False
"t:9.9364,77.7836:nallathevanpatti ow","m:9.9364,77.7836:nallathevanpatti ow",1,0.085,0.085,0.0,False
"t:9.9392,77.3017:ramakrishnapuram pz","m:9.9392,77.3017:chinnamanur1",3,16.03,16.03,5.2,False
"t:9.9392,77.3017:ramakrishnapuram pz","m:9.9392,77.3017:ramakrishnapuram pz",6,0.64,0.065,4.7,True
"t:9.9414,77.9681:chekkanoorani pz","m:9.9414,77.9681:chekkanoorani",6,1.518,-0.412,5.0,False
"t:9.9414,77.9681:chekkanoorani pz","m:9.9414,77.9681:chekkanoorani pz",5,0.82,-0.14,0.0,True
"t:9.9517,78.8144:devakottai","m:9.9517,78.8144:devakottai",2,7.474,-7.474,0.0,False
"t:9.9572,78.1333:narayanapuram","m:9.9572,78.1333:narayanapuram",1,9.865,-9.865,4.4,False
"t:9.9586,77.3911:dumbacheri pz","m:9.9586,77.3911:dumbacheri pz",1,0.67,0.67,0.0,False
"t:9.9586,77.3911:dumbacheri pz","m:9.9586,77.3911:dumbacherry",6,0.083,0.055,1.7,True
"t:9.9606,77.4467:veerapandi pz","m:9.9606,77.4467:veerapandi pz",1,1.07,-1.07,0.0,False
"t:9.9625,77.5694:okkaraipatti andipatti theni tamil nadu","m:9.9625,77.5694:okkaraipatti",2,0.607,0.607,4.9,True
"t:9.9683,78.3914:ambalakaranpatti pz","m:9.9683,78.3914:ambalakaranpatti",5,0.77,0.77,3.9,True
"t:9.9683,78.3914:ambalakaranpatti pz","m:9.9683,78.3914:ambalakaranpatti pz",2,1.307,1.307,0.0,False
"t:9.9717,77.5564:m.subbalapuram pz","m:9.9717,77.5564:m.subbalapuram",6,1.143,0.382,3.9,True
"t:9.9717,77.5564:m.subbalapuram pz","m:9.9717,77.5564:m.subbalapuram pz",1,0.46,0.46,0.0,False
"t:9.9719,77.4919:koduvilarpatti pz","m:9.9719,77.4919:koduvilarpatti pz",1,0.591,0.591,0.0,False
"t:9.9775,78.1958:thethankulam pz","m:9.9775,78.1958:thethankulam",6,2.764,-1.515,3.7,False
"t:9.9775,78.1958:thethankulam pz","m:9.9775,78.1958:thethankulam pz",1,0.29,0.29,0.0,False
"t:9.9917,77.4306:kodangipatti pz","m:9.9917,77.4306:kodangipatti pz",1,0.53,0.53,0.0,False
"t:9.9917,77.4306:kodangipatti pz","m:9.9917,77.4306:kodangipatti1",5,0.405,-0.13,6.1,True
"t:9.9917,77.6167:andipatti1","m:9.9917,77.6167:andipatti1",7,21.18,21.18,5.2,False
"t:9.9950,78.1469:omachikulam pz","m:9.9950,78.1469:omachikulam pz",1,0.93,0.93,0.0,False
