edition,end_year,dist_lgd,category,stage_pct,method
2019-2020,2020,1,Safe,20.85,exact
2019-2020,2020,2,Safe,23.28,exact
2019-2020,2020,3,Safe,11.71,exact
2019-2020,2020,4,Safe,44.61,exact
2019-2020,2020,5,Safe,29.23,exact
2019-2020,2020,6,Safe,3.4,exact
2019-2020,2020,7,Safe,27.46,exact
2019-2020,2020,8,Safe,10.52,exact
2019-2020,2020,9,Safe,36.13,alias
2019-2020,2020,10,Safe,10.2,exact
2019-2020,2020,11,Safe,38.01,exact
2019-2020,2020,12,Safe,6.87,exact
2019-2020,2020,13,Safe,58.51,exact
2019-2020,2020,14,Safe,17.39,exact
2019-2020,2020,15,Safe,41.39,alias
2019-2020,2020,16,Hilly area,,alias
2019-2020,2020,17,Hilly area,,alias
2019-2020,2020,18,Safe,58.12,alias
2019-2020,2020,19,Hilly area,,alias
2019-2020,2020,21,Safe,30.41,alias
2019-2020,2020,22,Hilly area,,alias
2019-2020,2020,23,Hilly area,,exact
2019-2020,2020,24,Hilly area,,exact
2019-2020,2020,25,Hilly area,,exact
2019-2020,2020,26,Hilly area,,exact
2019-2020,2020,27,Over-exploited,167.35,exact
2019-2020,2020,28,Over-exploited,106.87,exact
2019-2020,2020,29,Over-exploited,138.65,exact
2019-2020,2020,30,Over-exploited,202.36,exact
2019-2020,2020,31,Over-exploited,133.73,alias
2019-2020,2020,32,Over-exploited,124.46,exact
2019-2020,2020,33,Over-exploited,102.32,exact
2019-2020,2020,34,Over-exploited,257.59,exact
2019-2020,2020,35,Over-exploited,220.62,exact
2019-2020,2020,36,Over-exploited,211.16,exact
2019-2020,2020,37,Over-exploited,154.02,exact
2019-2020,2020,38,Over-exploited,250.4,exact
2019-2020,2020,39,Safe,43.49,alias
2019-2020,2020,40,Over-exploited,117.29,alias
2019-2020,2020,41,Over-exploited,226.43,exact
2019-2020,2020,42,Over-exploited,100.9,exact
2019-2020,2020,43,Over-exploited,301.62,exact
2019-2020,2020,44,Semi-critical,80.6,exact
2019-2020,2020,45,Hilly area,,exact
2019-2020,2020,46,Hilly area,,exact
2019-2020,2020,47,Hilly area,,exact
2019-2020,2020,48,Hilly area,,exact
2019-2020,2020,49,Safe,21.77,exact
2019-2020,2020,50,Safe,61.42,exact
2019-2020,2020,51,Safe,57.29,exact
2019-2020,2020,52,Hilly area,,exact
2019-2020,2020,53,Hilly area,,exact
2019-2020,2020,54,Hilly area,,exact
2019-2020,2020,55,Hilly area,,exact
2019-2020,2020,56,Safe,54.97,fuzzy
2019-2020,2020,57,Hilly area,,exact
2019-2020,2020,58,Over-exploited,124.13,exact
2019-2020,2020,59,Over-exploited,109.98,exact
2019-2020,2020,60,Over-exploited,126.11,exact
2019-2020,2020,61,Over-exploited,169.74,exact
2019-2020,2020,62,Over-exploited,202.83,alias
2019-2020,2020,63,Critical,90.7,exact
2019-2020,2020,64,Safe,46.38,exact
2019-2020,2020,65,Over-exploited,112.84,exact
2019-2020,2020,66,Over-exploited,207.58,exact
2019-2020,2020,67,Over-exploited,167.99,exact
2019-2020,2020,68,Over-exploited,245.96,exact
2019-2020,2020,69,Over-exploited,106.44,exact
2019-2020,2020,70,Safe,62.21,exact
2019-2020,2020,71,Over-exploited,176.28,exact
2019-2020,2020,72,Over-exploited,126.93,exact
2019-2020,2020,73,Safe,49.65,exact
2019-2020,2020,74,Over-exploited,149.58,exact
2019-2020,2020,75,Over-exploited,110.3,exact
2019-2020,2020,76,Over-exploited,149.25,exact
2019-2020,2020,77,Critical,91.42,exact
2019-2020,2020,78,Safe,62.74,exact
2019-2020,2020,79,Over-exploited,129.13,exact
2019-2020,2020,80,Over-exploited,107.41,exact
2019-2020,2020,81,Over-exploited,103.3,exact
2019-2020,2020,82,Semi-critical,70.04,exact
2019-2020,2020,83,Over-exploited,105.37,exact
2019-2020,2020,84,Critical,90.74,exact
2019-2020,2020,86,Over-exploited,176.19,exact
2019-2020,2020,87,Over-exploited,209.43,exact
2019-2020,2020,88,Safe,64.89,exact
2019-2020,2020,89,Over-exploited,114.49,exact
2019-2020,2020,90,Over-exploited,125.39,exact
2019-2020,2020,91,Over-exploited,137.37,exact
2019-2020,2020,92,Over-exploited,148.93,exact
2019-2020,2020,93,Over-exploited,141.05,exact
2019-2020,2020,94,Critical,97.85,exact
2019-2020,2020,95,Over-exploited,156.04,fuzzy
2019-2020,2020,96,Over-exploited,115.49,exact
2019-2020,2020,97,Over-exploited,216.32,exact
2019-2020,2020,98,Over-exploited,137.78,alias
2019-2020,2020,99,Safe,55.78,exact
2019-2020,2020,100,Safe,38.97,exact
2019-2020,2020,101,Safe,63.29,exact
2019-2020,2020,102,Over-exploited,231.22,exact
2019-2020,2020,103,Over-exploited,318.63,exact
2019-2020,2020,104,Over-exploited,188.04,fuzzy
2019-2020,2020,105,Over-exploited,113.08,exact
2019-2020,2020,106,Over-exploited,210.54,exact
2019-2020,2020,107,Over-exploited,254.07,exact
2019-2020,2020,108,Over-exploited,156.61,exact
2019-2020,2020,109,Critical,95.69,exact
2019-2020,2020,110,Over-exploited,197.05,exact
2019-2020,2020,111,Over-exploited,149.81,exact
2019-2020,2020,112,Over-exploited,118.95,exact
2019-2020,2020,113,Over-exploited,187.06,exact
2019-2020,2020,114,Over-exploited,171.84,exact
2019-2020,2020,115,Over-exploited,127.7,exact
2019-2020,2020,116,Over-exploited,101.57,exact
2019-2020,2020,117,Over-exploited,100.16,exact
2019-2020,2020,118,Over-exploited,116.8,exact
2019-2020,2020,119,Semi-critical,72.51,exact
2019-2020,2020,120,Semi-critical,74.19,exact
2019-2020,2020,121,Safe,62.02,exact
2019-2020,2020,122,Safe,49.08,exact
2019-2020,2020,123,Safe,68.58,exact
2019-2020,2020,124,Critical,97.9,fuzzy
2019-2020,2020,125,Safe,54.09,exact
2019-2020,2020,126,Safe,62.73,exact
2019-2020,2020,127,Safe,56.46,exact
2019-2020,2020,128,Safe,65.03,exact
2019-2020,2020,129,Safe,61.16,exact
2019-2020,2020,130,Safe,67.94,exact
2019-2020,2020,131,Safe,62.83,exact
2019-2020,2020,132,Safe,69.37,exact
2019-2020,2020,133,Semi-critical,77.13,exact
2019-2020,2020,134,Critical,91.38,fuzzy
2019-2020,2020,135,Safe,52.61,exact
2019-2020,2020,136,Semi-critical,82.66,exact
2019-2020,2020,137,Safe,59.15,exact
2019-2020,2020,138,Semi-critical,79.73,exact
2019-2020,2020,139,Safe,42.71,exact
2019-2020,2020,140,Safe,63.13,exact
2019-2020,2020,141,Semi-critical,73.27,exact
2019-2020,2020,142,Semi-critical,70.27,exact
2019-2020,2020,143,Over-exploited,112.0,exact
2019-2020,2020,144,Over-exploited,101.52,alias
2019-2020,2020,145,Over-exploited,113.97,exact
2019-2020,2020,146,Safe,60.83,exact
2019-2020,2020,147,Safe,61.17,exact
2019-2020,2020,148,Safe,59.76,exact
2019-2020,2020,149,Safe,68.1,exact
2019-2020,2020,150,Safe,58.32,exact
2019-2020,2020,151,Safe,50.47,exact
2019-2020,2020,152,Semi-critical,71.02,exact
2019-2020,2020,153,Safe,57.79,exact
2019-2020,2020,154,Critical,96.4,exact
2019-2020,2020,155,Safe,64.74,exact
2019-2020,2020,156,Semi-critical,72.96,exact
2019-2020,2020,157,Semi-critical,76.06,exact
2019-2020,2020,158,Semi-critical,76.52,exact
2019-2020,2020,159,Safe,60.26,alias
2019-2020,2020,160,Safe,42.37,exact
2019-2020,2020,161,Semi-critical,79.58,exact
2019-2020,2020,162,Safe,66.49,exact
2019-2020,2020,163,Critical,95.57,exact
2019-2020,2020,164,Safe,60.27,fuzzy
2019-2020,2020,165,Critical,93.57,exact
2019-2020,2020,166,Safe,69.24,exact
2019-2020,2020,167,Semi-critical,73.1,exact
2019-2020,2020,168,Safe,65.68,alias
2019-2020,2020,169,Semi-critical,77.69,exact
2019-2020,2020,170,Safe,60.31,exact
2019-2020,2020,171,Semi-critical,85.03,exact
2019-2020,2020,172,Semi-critical,72.57,exact
2019-2020,2020,173,Safe,57.2,exact
2019-2020,2020,174,Semi-critical,74.75,exact
2019-2020,2020,175,Safe,55.68,fuzzy
2019-2020,2020,176,Semi-critical,72.11,exact
2019-2020,2020,177,Over-exploited,106.45,exact
2019-2020,2020,178,Safe,66.17,fuzzy
2019-2020,2020,179,Semi-critical,80.26,alias
2019-2020,2020,180,Safe,60.84,exact
2019-2020,2020,181,Safe,58.93,fuzzy
2019-2020,2020,182,Safe,61.74,exact
2019-2020,2020,183,Safe,57.34,exact
2019-2020,2020,184,Safe,64.67,exact
2019-2020,2020,185,Safe,60.28,exact
2019-2020,2020,186,Safe,60.67,exact
2019-2020,2020,187,Critical,91.21,exact
2019-2020,2020,188,Safe,26.16,exact
2019-2020,2020,189,Safe,35.95,exact
2019-2020,2020,190,Safe,37.03,exact
2019-2020,2020,191,Safe,57.28,exact
2019-2020,2020,192,Safe,28.66,exact
2019-2020,2020,193,Safe,62.86,exact
2019-2020,2020,194,Safe,56.21,exact
2019-2020,2020,195,Safe,47.4,exact
2019-2020,2020,196,Safe,64.89,exact
2019-2020,2020,197,Safe,56.1,exact
2019-2020,2020,198,Safe,32.56,exact
2019-2020,2020,199,Critical,91.54,exact
2019-2020,2020,200,Safe,39.2,alias
2019-2020,2020,201,Safe,57.73,exact
2019-2020,2020,202,Safe,50.26,exact
2019-2020,2020,203,Safe,29.57,exact
2019-2020,2020,204,Safe,48.89,exact
2019-2020,2020,205,Semi-critical,70.62,exact
2019-2020,2020,206,Safe,48.9,exact
2019-2020,2020,207,Safe,44.65,exact
2019-2020,2020,208,Safe,65.18,exact
2019-2020,2020,209,Semi-critical,70.21,exact
2019-2020,2020,210,Safe,56.4,exact
2019-2020,2020,211,Safe,33.56,alias
2019-2020,2020,212,Safe,61.88,exact
2019-2020,2020,213,Safe,42.96,alias
2019-2020,2020,214,Safe,59.61,alias
2019-2020,2020,215,Safe,34.8,exact
2019-2020,2020,216,Safe,46.15,exact
2019-2020,2020,217,Safe,64.65,exact
2019-2020,2020,218,Safe,60.91,exact
2019-2020,2020,219,Safe,53.4,exact
2019-2020,2020,220,Safe,56.39,exact
2019-2020,2020,221,Safe,54.36,exact
2019-2020,2020,222,Safe,61.68,exact
2019-2020,2020,223,Safe,41.34,exact
2019-2020,2020,224,Safe,62.35,exact
2019-2020,2020,226,Safe,2.93,exact
2019-2020,2020,227,Safe,1.16,exact
2019-2020,2020,229,Safe,0.87,exact
2019-2020,2020,230,Hilly area,,exact
2019-2020,2020,231,Safe,0.26,exact
2019-2020,2020,232,Safe,0.44,exact
2019-2020,2020,233,Hilly area,,exact
2019-2020,2020,234,Safe,0.26,exact
2019-2020,2020,235,Safe,0.05,exact
2019-2020,2020,236,Safe,0.54,exact
2019-2020,2020,237,Safe,1.23,exact
2019-2020,2020,238,Hilly area,,exact
2019-2020,2020,239,Safe,0.94,exact
2019-2020,2020,240,Hilly area,,exact
2019-2020,2020,241,Safe,6.6,exact
2019-2020,2020,242,Safe,0.48,exact
2019-2020,2020,243,Safe,0.49,exact
2019-2020,2020,244,Safe,2.74,exact
2019-2020,2020,245,Safe,1.42,exact
2019-2020,2020,246,Safe,0.39,exact
2019-2020,2020,247,Safe,1.11,exact
2019-2020,2020,248,Safe,0.31,exact
2019-2020,2020,249,Safe,0.33,exact
2019-2020,2020,250,Safe,0.91,exact
2019-2020,2020,251,Safe,0.44,exact
2019-2020,2020,252,Safe,3.13,exact
2019-2020,2020,253,Hilly area,,exact
2019-2020,2020,254,Safe,3.39,fuzzy
2019-2020,2020,255,Safe,4.13,exact
2019-2020,2020,256,Safe,8.72,exact
2019-2020,2020,257,Hilly area,,exact
2019-2020,2020,258,Hilly area,,exact
2019-2020,2020,259,Safe,7.78,exact
2019-2020,2020,260,Hilly area,,exact
2019-2020,2020,261,Safe,13.52,exact
2019-2020,2020,262,Safe,2.9,exact
2019-2020,2020,263,Safe,1.25,exact
2019-2020,2020,264,Safe,3.44,exact
2019-2020,2020,265,Safe,4.01,exact
2019-2020,2020,266,Safe,1.95,exact
2019-2020,2020,267,Safe,5.59,exact
2019-2020,2020,268,Safe,5.99,exact
2019-2020,2020,269,Safe,5.16,exact
2019-2020,2020,270,Safe,9.31,exact
2019-2020,2020,271,Safe,5.58,exact
2019-2020,2020,272,Safe,16.13,exact
2019-2020,2020,273,Safe,6.77,exact
2019-2020,2020,274,Safe,5.03,exact
2019-2020,2020,275,Safe,3.59,exact
2019-2020,2020,276,Safe,4.34,exact
2019-2020,2020,277,Safe,2.98,exact
2019-2020,2020,278,Safe,3.35,exact
2019-2020,2020,279,Safe,1.02,exact
2019-2020,2020,280,Safe,24.93,exact
2019-2020,2020,281,Safe,24.62,exact
2019-2020,2020,282,Safe,9.97,exact
2019-2020,2020,283,Safe,36.81,exact
2019-2020,2020,284,Safe,2.94,exact
2019-2020,2020,285,Safe,26.35,exact
2019-2020,2020,286,Safe,7.44,exact
2019-2020,2020,287,Safe,18.47,exact
2019-2020,2020,288,Safe,5.17,exact
2019-2020,2020,289,Safe,6.09,exact
2019-2020,2020,290,Safe,8.97,exact
2019-2020,2020,291,Safe,28.39,exact
2019-2020,2020,292,Safe,0.7,exact
2019-2020,2020,293,Safe,2.51,exact
2019-2020,2020,294,Safe,3.1,exact
2019-2020,2020,295,Safe,9.53,exact
2019-2020,2020,296,Safe,29.87,fuzzy
2019-2020,2020,297,Safe,25.59,exact
2019-2020,2020,298,Safe,21.99,exact
2019-2020,2020,299,Safe,1.89,exact
2019-2020,2020,300,Safe,7.57,exact
2019-2020,2020,301,Safe,10.72,exact
2019-2020,2020,302,Safe,6.11,exact
2019-2020,2020,303,Safe,9.43,alias
2019-2020,2020,305,Safe,46.17,exact
2019-2020,2020,307,Safe,43.76,exact
2019-2020,2020,308,Semi-critical,87.04,alias
2019-2020,2020,309,Safe,53.95,alias
2019-2020,2020,310,Safe,34.43,alias
2019-2020,2020,312,Safe,49.37,alias
2019-2020,2020,313,Safe,24.7,alias
2019-2020,2020,314,Safe,4.1,exact
2019-2020,2020,315,Critical,91.5,fuzzy
2019-2020,2020,316,Safe,65.98,fuzzy
2019-2020,2020,318,Safe,5.63,alias
2019-2020,2020,319,Safe,36.14,exact
2019-2020,2020,320,Safe,33.59,exact
2019-2020,2020,322,Safe,43.87,exact
2019-2020,2020,323,Safe,35.04,exact
2019-2020,2020,324,Safe,52.13,exact
2019-2020,2020,325,Safe,67.12,exact
2019-2020,2020,326,Safe,22.14,exact
2019-2020,2020,327,Safe,23.38,alias
2019-2020,2020,328,Safe,33.17,exact
2019-2020,2020,329,Safe,34.14,exact
2019-2020,2020,330,Safe,20.63,exact
2019-2020,2020,331,Safe,15.42,exact
2019-2020,2020,332,Safe,37.37,exact
2019-2020,2020,333,Safe,41.04,exact
2019-2020,2020,334,Safe,56.72,exact
2019-2020,2020,335,Safe,28.32,exact
2019-2020,2020,336,Safe,14.79,exact
2019-2020,2020,337,Safe,13.85,exact
2019-2020,2020,338,Safe,31.47,exact
2019-2020,2020,339,Safe,41.5,exact
2019-2020,2020,340,Safe,15.22,fuzzy
2019-2020,2020,341,Safe,19.53,exact
2019-2020,2020,342,Safe,12.36,exact
2019-2020,2020,343,Safe,8.81,exact
2019-2020,2020,344,Safe,46.36,fuzzy
2019-2020,2020,345,Safe,46.39,fuzzy
2019-2020,2020,346,Safe,56.56,alias
2019-2020,2020,347,Safe,51.94,exact
2019-2020,2020,348,Safe,58.83,exact
2019-2020,2020,349,Safe,43.11,exact
2019-2020,2020,350,Safe,43.56,exact
2019-2020,2020,351,Safe,53.75,exact
2019-2020,2020,352,Safe,36.48,exact
2019-2020,2020,353,Safe,33.52,exact
2019-2020,2020,354,Safe,38.47,exact
2019-2020,2020,355,Safe,55.84,fuzzy
2019-2020,2020,356,Safe,64.56,fuzzy
2019-2020,2020,357,Safe,48.51,exact
2019-2020,2020,358,Safe,39.96,exact
2019-2020,2020,359,Safe,28.64,exact
2019-2020,2020,360,Safe,43.81,exact
2019-2020,2020,361,Safe,41.98,alias
2019-2020,2020,362,Safe,57.14,alias
2019-2020,2020,363,Safe,21.35,exact
2019-2020,2020,364,Safe,16.55,exact
2019-2020,2020,365,Safe,40.93,exact
2019-2020,2020,366,Safe,33.63,fuzzy
2019-2020,2020,367,Safe,39.34,exact
2019-2020,2020,368,Safe,61.49,exact
2019-2020,2020,369,Safe,51.03,exact
2019-2020,2020,370,Safe,29.58,exact
2019-2020,2020,371,Safe,28.41,exact
2019-2020,2020,372,Safe,45.58,alias
2019-2020,2020,373,Safe,37.77,exact
2019-2020,2020,374,Safe,38.83,exact
2019-2020,2020,375,Safe,47.52,exact
2019-2020,2020,376,Safe,12.93,exact
2019-2020,2020,377,Semi-critical,85.69,exact
2019-2020,2020,378,Semi-critical,82.26,exact
2019-2020,2020,379,Safe,54.89,exact
2019-2020,2020,380,Safe,37.88,exact
2019-2020,2020,381,Safe,29.87,exact
2019-2020,2020,382,Semi-critical,72.98,exact
2019-2020,2020,383,Safe,37.15,exact
2019-2020,2020,384,Safe,22.34,exact
2019-2020,2020,385,Safe,65.73,exact
2019-2020,2020,386,Safe,47.97,exact
2019-2020,2020,387,Safe,67.86,exact
2019-2020,2020,388,Safe,63.47,exact
2019-2020,2020,389,Safe,32.38,exact
2019-2020,2020,390,Safe,20.01,exact
2019-2020,2020,391,Safe,62.82,exact
2019-2020,2020,392,Safe,20.58,exact
2019-2020,2020,393,Semi-critical,70.81,exact
2019-2020,2020,394,Safe,44.56,exact
2019-2020,2020,395,Safe,32.41,exact
2019-2020,2020,396,Semi-critical,73.28,exact
2019-2020,2020,397,Safe,63.15,exact
2019-2020,2020,398,Safe,66.85,exact
2019-2020,2020,399,Safe,59.8,exact
2019-2020,2020,400,Safe,57.08,exact
2019-2020,2020,401,Safe,35.18,exact
2019-2020,2020,402,Semi-critical,80.05,exact
2019-2020,2020,403,Semi-critical,79.24,exact
2019-2020,2020,404,Safe,10.64,exact
2019-2020,2020,405,Safe,47.7,alias
2019-2020,2020,406,Safe,66.03,exact
2019-2020,2020,407,Safe,29.47,exact
2019-2020,2020,408,Safe,34.03,exact
2019-2020,2020,409,Safe,21.18,alias
2019-2020,2020,410,Over-exploited,125.97,exact
2019-2020,2020,411,Safe,49.24,exact
2019-2020,2020,412,Safe,50.47,exact
2019-2020,2020,413,Safe,43.63,exact
2019-2020,2020,414,Safe,43.15,exact
2019-2020,2020,415,Safe,15.76,exact
2019-2020,2020,416,Over-exploited,107.27,exact
2019-2020,2020,417,Safe,39.82,exact
2019-2020,2020,418,Safe,63.84,exact
2019-2020,2020,419,Critical,92.4,exact
2019-2020,2020,420,Safe,30.57,exact
2019-2020,2020,421,Safe,53.08,exact
2019-2020,2020,422,Semi-critical,84.41,exact
2019-2020,2020,423,Over-exploited,141.17,exact
2019-2020,2020,424,Safe,54.9,exact
2019-2020,2020,425,Safe,60.27,exact
2019-2020,2020,426,Safe,64.49,exact
2019-2020,2020,427,Safe,61.98,exact
2019-2020,2020,428,Safe,37.54,exact
2019-2020,2020,429,Safe,16.14,exact
2019-2020,2020,430,Over-exploited,105.5,exact
2019-2020,2020,431,Safe,37.81,exact
2019-2020,2020,432,Semi-critical,70.24,exact
2019-2020,2020,433,Safe,23.21,exact
2019-2020,2020,434,Semi-critical,71.39,exact
2019-2020,2020,435,Over-exploited,105.09,exact
2019-2020,2020,436,Safe,24.28,exact
2019-2020,2020,437,Safe,60.74,exact
2019-2020,2020,438,Safe,64.6,fuzzy
2019-2020,2020,439,Safe,50.5,exact
2019-2020,2020,440,Safe,27.14,exact
2019-2020,2020,441,Over-exploited,124.71,exact
2019-2020,2020,442,Safe,21.22,exact
2019-2020,2020,443,Safe,43.4,exact
2019-2020,2020,444,Safe,7.75,exact
2019-2020,2020,445,Safe,27.19,alias
2019-2020,2020,446,Over-exploited,123.42,exact
2019-2020,2020,447,Safe,33.06,exact
2019-2020,2020,448,Semi-critical,76.58,exact
2019-2020,2020,449,Semi-critical,73.38,exact
2019-2020,2020,450,Safe,38.17,exact
2019-2020,2020,451,Over-exploited,103.06,exact
2019-2020,2020,452,Safe,50.59,exact
2019-2020,2020,453,Safe,34.48,exact
2019-2020,2020,454,Safe,25.85,fuzzy
2019-2020,2020,455,Over-exploited,117.83,exact
2019-2020,2020,456,Safe,57.63,exact
2019-2020,2020,457,Safe,58.66,exact
2019-2020,2020,458,Semi-critical,75.66,exact
2019-2020,2020,459,Safe,29.18,exact
2019-2020,2020,460,Safe,38.62,exact
2019-2020,2020,461,Safe,58.76,exact
2019-2020,2020,462,Safe,30.62,exact
2019-2020,2020,463,Over-exploited,122.18,exact
2019-2020,2020,464,Safe,18.1,exact
2019-2020,2020,465,Safe,46.0,fuzzy
2019-2020,2020,466,Semi-critical,80.06,alias
2019-2020,2020,467,Safe,66.72,exact
2019-2020,2020,468,Critical,93.6,exact
2019-2020,2020,469,Semi-critical,72.23,alias
2019-2020,2020,470,Safe,59.01,exact
2019-2020,2020,471,Safe,30.42,exact
2019-2020,2020,472,Semi-critical,79.05,exact
2019-2020,2020,473,Safe,28.97,exact
2019-2020,2020,474,Safe,52.5,exact
2019-2020,2020,475,Safe,24.35,exact
2019-2020,2020,476,Safe,26.16,fuzzy
2019-2020,2020,477,Safe,39.44,exact
2019-2020,2020,478,Semi-critical,78.4,exact
2019-2020,2020,479,Safe,54.75,exact
2019-2020,2020,480,Safe,45.63,exact
2019-2020,2020,481,Safe,55.1,exact
2019-2020,2020,484,Safe,51.87,exact
2019-2020,2020,485,Safe,32.42,exact
2019-2020,2020,486,Safe,42.71,exact
2019-2020,2020,487,Safe,58.47,exact
2019-2020,2020,488,Safe,62.09,alias
2019-2020,2020,489,Safe,46.13,exact
2019-2020,2020,490,Safe,68.92,exact
2019-2020,2020,491,Safe,17.57,exact
2019-2020,2020,492,Safe,17.03,exact
2019-2020,2020,493,Safe,55.62,exact
2019-2020,2020,494,Safe,65.88,exact
2019-2020,2020,495,Safe,42.61,exact
2019-2020,2020,496,Semi-critical,78.16,exact
2019-2020,2020,497,Safe,18.97,exact
2019-2020,2020,498,Safe,56.82,exact
2019-2020,2020,499,Safe,59.93,exact
2019-2020,2020,500,Safe,36.34,exact
2019-2020,2020,501,Safe,56.77,exact
2019-2020,2020,502,Semi-critical,73.93,alias
2019-2020,2020,503,Safe,60.08,exact
2019-2020,2020,504,Safe,53.52,alias
2019-2020,2020,505,Safe,19.22,exact
2019-2020,2020,506,Safe,31.35,exact
2019-2020,2020,507,Over-exploited,112.27,exact
2019-2020,2020,508,Safe,52.21,exact
2019-2020,2020,509,Safe,39.58,exact
2019-2020,2020,510,Safe,28.28,exact
2019-2020,2020,511,Safe,20.25,exact
2019-2020,2020,512,Semi-critical,80.2,exact
2019-2020,2020,513,Safe,66.93,exact
2019-2020,2020,514,Safe,50.39,exact
2019-2020,2020,515,Safe,33.13,alias
2019-2020,2020,516,Semi-critical,73.17,exact
2019-2020,2020,517,Safe,32.54,exact
2019-2020,2020,518,Semi-critical,80.74,exact
2019-2020,2020,519,Safe,23.62,exact
2019-2020,2020,520,Safe,27.22,fuzzy
2019-2020,2020,521,Safe,19.93,exact
2019-2020,2020,522,Safe,41.99,exact
2019-2020,2020,523,Safe,28.46,exact
2019-2020,2020,524,Critical,92.56,fuzzy
2019-2020,2020,525,Over-exploited,138.66,exact
2019-2020,2020,526,Over-exploited,137.37,exact
2019-2020,2020,527,Semi-critical,74.35,exact
2019-2020,2020,528,Safe,60.1,exact
2019-2020,2020,529,Safe,50.64,exact
2019-2020,2020,530,Safe,65.52,exact
2019-2020,2020,531,Over-exploited,101.56,exact
2019-2020,2020,532,Safe,47.06,exact
2019-2020,2020,533,Over-exploited,108.42,exact
2019-2020,2020,534,Safe,37.47,exact
2019-2020,2020,535,Semi-critical,81.81,fuzzy
2019-2020,2020,536,Safe,54.36,exact
2019-2020,2020,537,Semi-critical,86.9,exact
2019-2020,2020,538,Safe,44.53,fuzzy
2019-2020,2020,539,Safe,61.68,exact
2019-2020,2020,540,Safe,54.46,exact
2019-2020,2020,541,Safe,30.81,exact
2019-2020,2020,542,Over-exploited,199.96,fuzzy
2019-2020,2020,543,Safe,57.18,exact
2019-2020,2020,544,Safe,56.66,exact
2019-2020,2020,545,Safe,46.46,exact
2019-2020,2020,546,Safe,48.11,exact
2019-2020,2020,547,Safe,33.29,exact
2019-2020,2020,548,Critical,90.45,exact
2019-2020,2020,549,Safe,23.82,exact
2019-2020,2020,550,Safe,24.43,exact
2019-2020,2020,551,Safe,23.78,alias
2019-2020,2020,552,Safe,23.23,exact
2019-2020,2020,554,Safe,35.68,exact
2019-2020,2020,555,Safe,47.26,exact
2019-2020,2020,556,Safe,55.28,exact
2019-2020,2020,557,Safe,46.6,exact
2019-2020,2020,558,Semi-critical,76.4,fuzzy
2019-2020,2020,559,Safe,48.64,exact
2019-2020,2020,560,Safe,36.48,exact
2019-2020,2020,561,Safe,57.05,fuzzy
2019-2020,2020,562,Safe,67.82,exact
2019-2020,2020,563,Safe,56.73,exact
2019-2020,2020,564,Safe,35.43,exact
2019-2020,2020,565,Safe,63.06,exact
2019-2020,2020,566,Safe,58.1,exact
2019-2020,2020,567,Safe,24.17,exact
2019-2020,2020,568,Over-exploited,143.23,exact
2019-2020,2020,569,Over-exploited,113.05,exact
2019-2020,2020,570,Semi-critical,85.87,exact
2019-2020,2020,571,Over-exploited,120.37,exact
2019-2020,2020,572,Over-exploited,124.91,exact
2019-2020,2020,573,Over-exploited,108.43,exact
2019-2020,2020,574,Safe,56.93,fuzzy
2019-2020,2020,575,Safe,19.76,exact
2019-2020,2020,576,Over-exploited,105.79,exact
2019-2020,2020,577,Over-exploited,107.66,exact
2019-2020,2020,578,Safe,69.23,exact
2019-2020,2020,579,Over-exploited,140.6,exact
2019-2020,2020,580,Over-exploited,135.53,exact
2019-2020,2020,581,Over-exploited,118.18,exact
2019-2020,2020,582,Safe,47.19,exact
2019-2020,2020,583,Safe,10.51,exact
2019-2020,2020,584,Over-exploited,152.94,exact
2019-2020,2020,585,Safe,25.88,fuzzy
2019-2020,2020,586,Over-exploited,105.47,exact
2019-2020,2020,587,Safe,18.58,exact
2019-2020,2020,588,Semi-critical,75.74,exact
2019-2020,2020,589,Safe,64.14,fuzzy
2019-2020,2020,590,Critical,90.69,exact
2019-2020,2020,591,Semi-critical,86.78,exact
2019-2020,2020,592,Safe,47.78,exact
2019-2020,2020,593,Over-exploited,100.98,exact
2019-2020,2020,594,Safe,45.01,alias
2019-2020,2020,595,Over-exploited,130.61,exact
2019-2020,2020,596,Over-exploited,103.42,exact
2019-2020,2020,597,Safe,62.34,exact
2019-2020,2020,598,Safe,21.21,exact
2019-2020,2020,599,Safe,69.55,exact
2019-2020,2020,600,Critical,98.81,alias
2019-2020,2020,601,Saline,-100000.0,exact
2019-2020,2020,602,Safe,5.45,alias
2019-2020,2020,603,Safe,0.61,alias
2019-2020,2020,604,Semi-critical,80.81,alias
2019-2020,2020,605,Over-exploited,211.52,exact
2019-2020,2020,606,Safe,25.56,exact
2019-2020,2020,607,Safe,55.32,exact
2019-2020,2020,608,Over-exploited,105.2,alias
2019-2020,2020,609,Over-exploited,193.38,exact
2019-2020,2020,610,Safe,40.58,exact
2019-2020,2020,611,Safe,43.34,exact
2019-2020,2020,612,Safe,2.52,exact
2019-2020,2020,613,Safe,0.61,exact
2019-2020,2020,614,Safe,0.13,exact
2019-2020,2020,615,Safe,0.3,exact
2019-2020,2020,616,Safe,3.64,exact
2019-2020,2020,617,Safe,12.66,exact
2019-2020,2020,619,Critical,98.82,exact
2019-2020,2020,620,Safe,12.18,exact
2019-2020,2020,621,Safe,29.78,exact
2019-2020,2020,622,Safe,21.64,exact
2019-2020,2020,623,Safe,68.71,exact
2019-2020,2020,624,Safe,9.93,exact
2019-2020,2020,625,Safe,10.84,exact
2019-2020,2020,626,Safe,32.81,exact
2019-2020,2020,627,Safe,20.0,exact
2019-2020,2020,628,Hilly area,,exact
2019-2020,2020,629,Over-exploited,126.54,exact
2019-2020,2020,630,Over-exploited,145.36,exact
2019-2020,2020,631,Critical,90.43,alias
2019-2020,2020,632,Safe,3.72,alias
2019-2020,2020,633,Semi-critical,73.51,exact
2019-2020,2020,634,Over-exploited,109.15,exact
2019-2020,2020,635,Safe,36.5,exact
2019-2020,2020,636,Safe,4.61,exact
2019-2020,2020,637,Safe,3.88,exact
2019-2020,2020,638,Safe,38.27,exact
2019-2020,2020,639,Safe,39.83,exact
2019-2020,2020,640,Safe,61.06,exact
2019-2020,2020,641,Safe,32.02,exact
2019-2020,2020,642,Safe,3.33,exact
2019-2020,2020,643,Safe,36.78,exact
2019-2020,2020,644,Safe,41.45,exact
2019-2020,2020,645,Safe,60.12,fuzzy
2019-2020,2020,646,Safe,68.65,exact
2019-2020,2020,647,Safe,58.12,exact
2019-2020,2020,648,Safe,59.78,exact
2019-2020,2020,649,Safe,28.49,exact
2019-2020,2020,650,Semi-critical,87.16,exact
2019-2020,2020,651,Semi-critical,78.67,exact
2019-2020,2020,652,Safe,8.23,exact
2019-2020,2020,653,Safe,10.23,exact
2019-2020,2020,654,Safe,4.36,exact
2019-2020,2020,655,Safe,6.21,exact
2019-2020,2020,656,Safe,4.41,exact
2019-2020,2020,657,Safe,0.99,exact
2019-2020,2020,658,Safe,0.91,exact
2019-2020,2020,659,Semi-critical,85.93,exact
2019-2020,2020,660,Over-exploited,104.18,exact
2019-2020,2020,661,Over-exploited,100.18,exact
2019-2020,2020,662,Safe,53.21,exact
2019-2020,2020,663,Safe,29.62,exact
2019-2020,2020,664,Safe,5.18,exact
2019-2020,2020,665,Safe,22.55,exact
2019-2020,2020,667,Critical,96.61,exact
2019-2020,2020,668,Safe,41.31,exact
2019-2020,2020,669,Safe,38.19,exact
2019-2020,2020,670,Over-exploited,109.1,exact
2019-2020,2020,672,Safe,46.78,exact
2019-2020,2020,673,Safe,47.74,exact
2019-2020,2020,674,Safe,60.77,exact
2019-2020,2020,675,Safe,49.31,exact
2019-2020,2020,676,Safe,48.99,exact
2019-2020,2020,680,Safe,43.68,exact
2019-2020,2020,681,Safe,63.49,fuzzy
2019-2020,2020,682,Safe,45.03,fuzzy
2019-2020,2020,683,Over-exploited,112.02,fuzzy
2019-2020,2020,684,Safe,31.82,exact
2019-2020,2020,685,Safe,65.24,exact
2019-2020,2020,686,Semi-critical,88.89,exact
2019-2020,2020,687,Safe,52.29,exact
2019-2020,2020,688,Safe,59.25,exact
2019-2020,2020,689,Semi-critical,87.79,fuzzy
2019-2020,2020,690,Safe,37.35,exact
2019-2020,2020,691,Safe,69.52,exact
2019-2020,2020,692,Semi-critical,78.41,exact
2019-2020,2020,693,Safe,46.68,exact
2019-2020,2020,694,Safe,68.94,exact
2019-2020,2020,695,Safe,41.41,exact
2019-2020,2020,696,Safe,28.09,exact
2019-2020,2020,697,Safe,64.43,exact
2019-2020,2020,698,Safe,66.58,exact
2019-2020,2020,699,Safe,24.08,fuzzy
2019-2020,2020,700,Safe,67.52,exact
2019-2020,2020,701,Over-exploited,139.06,fuzzy
2019-2020,2020,702,Safe,48.13,exact
2019-2020,2020,703,Safe,19.74,exact
2019-2020,2020,704,Safe,62.12,fuzzy
2019-2020,2020,720,Safe,44.59,fuzzy
2019-2020,2020,721,Safe,47.56,exact
2019-2020,2020,729,Semi-critical,88.77,fuzzy
2019-2020,2020,730,Semi-critical,71.6,exact
2019-2020,2020,731,Critical,91.79,exact
2019-2020,2020,732,Over-exploited,136.42,exact
2019-2020,2020,733,Critical,90.66,exact
2019-2020,2020,741,Safe,0.06,exact
2019-2020,2020,742,Safe,3.68,exact
2021-2022,2022,1,Safe,22.33,exact
2021-2022,2022,2,Safe,20.87,exact
2021-2022,2022,3,Safe,13.48,exact
2021-2022,2022,4,Safe,47.02,exact
2021-2022,2022,5,Safe,35.72,exact
2021-2022,2022,6,Safe,30.32,exact
2021-2022,2022,7,Safe,29.39,exact
2021-2022,2022,9,Safe,46.93,alias
2021-2022,2022,10,Safe,14.28,exact
2021-2022,2022,11,Safe,26.69,exact
2021-2022,2022,12,Safe,10.56,exact
2021-2022,2022,14,Safe,23.83,exact
2021-2022,2022,15,Safe,41.18,alias
2021-2022,2022,16,Hilly area,,alias
2021-2022,2022,17,Hilly area,,alias
2021-2022,2022,18,Safe,66.27,alias
2021-2022,2022,19,Hilly area,,alias
2021-2022,2022,21,Safe,30.21,alias
2021-2022,2022,22,Hilly area,,alias
2021-2022,2022,23,Hilly area,,exact
2021-2022,2022,24,Hilly area,,exact
2021-2022,2022,25,Hilly area,,exact
2021-2022,2022,26,Hilly area,,exact
2021-2022,2022,27,Over-exploited,179.1,exact
2021-2022,2022,28,Over-exploited,116.18,exact
2021-2022,2022,29,Over-exploited,147.3,exact
2021-2022,2022,30,Over-exploited,207.1,exact
2021-2022,2022,31,Over-exploited,136.48,alias
2021-2022,2022,32,Over-exploited,138.12,exact
2021-2022,2022,33,Over-exploited,112.5,exact
2021-2022,2022,34,Over-exploited,254.04,exact
2021-2022,2022,35,Over-exploited,226.2,exact
2021-2022,2022,36,Over-exploited,215.29,exact
2021-2022,2022,37,Over-exploited,124.53,exact
2021-2022,2022,38,Over-exploited,235.78,exact
2021-2022,2022,39,Safe,24.9,alias
2021-2022,2022,40,Over-exploited,121.13,alias
2021-2022,2022,41,Over-exploited,216.96,exact
2021-2022,2022,42,Critical,98.74,exact
2021-2022,2022,43,Over-exploited,312.64,exact
2021-2022,2022,44,Semi-critical,80.99,exact
2021-2022,2022,45,Hilly area,,exact
2021-2022,2022,46,Hilly area,,exact
2021-2022,2022,47,Hilly area,,exact
2021-2022,2022,48,Hilly area,,exact
2021-2022,2022,49,Safe,21.3,exact
2021-2022,2022,50,Safe,62.64,exact
2021-2022,2022,51,Safe,60.0,exact
2021-2022,2022,52,Hilly area,,exact
2021-2022,2022,53,Hilly area,,exact
2021-2022,2022,54,Hilly area,,exact
2021-2022,2022,55,Hilly area,,exact
2021-2022,2022,56,Safe,57.7,fuzzy
2021-2022,2022,57,Hilly area,,exact
2021-2022,2022,58,Over-exploited,113.35,exact
2021-2022,2022,59,Over-exploited,102.73,exact
2021-2022,2022,60,Over-exploited,200.76,exact
2021-2022,2022,61,Over-exploited,180.51,exact
2021-2022,2022,62,Over-exploited,213.14,alias
2021-2022,2022,63,Semi-critical,82.47,exact
2021-2022,2022,64,Safe,49.82,exact
2021-2022,2022,65,Over-exploited,107.41,exact
2021-2022,2022,66,Over-exploited,192.78,exact
2021-2022,2022,67,Over-exploited,172.41,exact
2021-2022,2022,68,Over-exploited,228.16,exact
2021-2022,2022,69,Over-exploited,146.53,exact
2021-2022,2022,70,Safe,59.49,exact
2021-2022,2022,71,Over-exploited,192.99,exact
2021-2022,2022,72,Over-exploited,132.27,exact
2021-2022,2022,73,Safe,55.74,exact
2021-2022,2022,74,Over-exploited,152.96,exact
2021-2022,2022,75,Over-exploited,103.41,exact
2021-2022,2022,76,Over-exploited,145.04,exact
2021-2022,2022,77,Semi-critical,74.42,exact
2021-2022,2022,78,Safe,68.39,exact
2021-2022,2022,79,Over-exploited,121.41,exact
2021-2022,2022,80,Over-exploited,101.2,exact
2021-2022,2022,81,Critical,98.56,exact
2021-2022,2022,82,Safe,67.49,exact
2021-2022,2022,83,Critical,98.75,exact
2021-2022,2022,84,Critical,94.75,exact
2021-2022,2022,86,Over-exploited,175.64,exact
2021-2022,2022,87,Over-exploited,209.23,exact
2021-2022,2022,88,Safe,64.85,exact
2021-2022,2022,89,Over-exploited,126.98,exact
2021-2022,2022,90,Over-exploited,133.49,exact
2021-2022,2022,91,Over-exploited,142.12,exact
2021-2022,2022,92,Over-exploited,152.15,exact
2021-2022,2022,93,Over-exploited,138.64,exact
2021-2022,2022,94,Over-exploited,105.62,exact
2021-2022,2022,95,Over-exploited,159.53,fuzzy
2021-2022,2022,96,Over-exploited,127.48,exact
2021-2022,2022,97,Over-exploited,208.28,exact
2021-2022,2022,98,Over-exploited,136.47,alias
2021-2022,2022,99,Safe,58.86,exact
2021-2022,2022,100,Safe,39.56,exact
2021-2022,2022,101,Safe,64.26,exact
2021-2022,2022,102,Over-exploited,221.33,exact
2021-2022,2022,103,Over-exploited,323.91,exact
2021-2022,2022,104,Over-exploited,184.52,fuzzy
2021-2022,2022,105,Over-exploited,113.59,exact
2021-2022,2022,106,Over-exploited,215.08,exact
2021-2022,2022,107,Over-exploited,258.06,exact
2021-2022,2022,108,Over-exploited,156.37,exact
2021-2022,2022,109,Over-exploited,101.65,exact
2021-2022,2022,110,Over-exploited,188.88,exact
2021-2022,2022,111,Over-exploited,153.42,exact
2021-2022,2022,112,Over-exploited,121.57,exact
2021-2022,2022,113,Over-exploited,165.78,exact
2021-2022,2022,114,Over-exploited,201.9,exact
2021-2022,2022,115,Over-exploited,119.9,exact
2021-2022,2022,116,Over-exploited,102.68,exact
2021-2022,2022,117,Over-exploited,101.78,exact
2021-2022,2022,118,Over-exploited,115.65,exact
2021-2022,2022,119,Semi-critical,78.83,exact
2021-2022,2022,120,Semi-critical,73.46,exact
2021-2022,2022,121,Safe,63.3,exact
2021-2022,2022,122,Safe,56.07,exact
2021-2022,2022,123,Safe,61.5,exact
2021-2022,2022,124,Over-exploited,103.29,fuzzy
2021-2022,2022,125,Safe,58.92,exact
2021-2022,2022,126,Safe,63.85,exact
2021-2022,2022,127,Safe,60.96,exact
2021-2022,2022,128,Safe,66.73,exact
2021-2022,2022,129,Safe,63.48,exact
2021-2022,2022,130,Semi-critical,73.4,exact
2021-2022,2022,131,Safe,64.31,exact
2021-2022,2022,132,Safe,69.56,exact
2021-2022,2022,133,Semi-critical,79.54,exact
2021-2022,2022,134,Critical,96.31,fuzzy
2021-2022,2022,135,Safe,56.89,exact
2021-2022,2022,136,Semi-critical,82.91,exact
2021-2022,2022,137,Safe,60.38,exact
2021-2022,2022,138,Semi-critical,73.96,exact
2021-2022,2022,139,Safe,50.4,exact
2021-2022,2022,140,Safe,63.4,exact
2021-2022,2022,141,Semi-critical,75.34,exact
2021-2022,2022,142,Semi-critical,71.25,exact
2021-2022,2022,143,Over-exploited,104.72,exact
2021-2022,2022,144,Over-exploited,103.72,alias
2021-2022,2022,145,Over-exploited,122.75,exact
2021-2022,2022,146,Safe,61.42,exact
2021-2022,2022,147,Safe,59.14,exact
2021-2022,2022,148,Safe,62.37,exact
2021-2022,2022,149,Safe,67.81,exact
2021-2022,2022,150,Safe,62.63,exact
2021-2022,2022,151,Safe,57.09,exact
2021-2022,2022,152,Semi-critical,71.11,exact
2021-2022,2022,153,Safe,68.62,exact
2021-2022,2022,154,Critical,93.93,exact
2021-2022,2022,155,Semi-critical,78.32,exact
2021-2022,2022,156,Semi-critical,73.98,exact
2021-2022,2022,157,Semi-critical,78.57,exact
2021-2022,2022,158,Semi-critical,82.13,exact
2021-2022,2022,159,Safe,61.2,alias
2021-2022,2022,160,Safe,50.1,exact
2021-2022,2022,161,Semi-critical,85.24,exact
2021-2022,2022,162,Safe,64.22,exact
2021-2022,2022,163,Critical,97.46,exact
2021-2022,2022,164,Safe,60.72,fuzzy
2021-2022,2022,165,Critical,91.91,exact
2021-2022,2022,166,Semi-critical,71.87,exact
2021-2022,2022,167,Semi-critical,72.08,exact
2021-2022,2022,168,Safe,64.69,alias
2021-2022,2022,169,Semi-critical,76.82,exact
2021-2022,2022,170,Safe,62.92,exact
2021-2022,2022,171,Semi-critical,88.34,exact
2021-2022,2022,172,Semi-critical,74.47,exact
2021-2022,2022,173,Safe,62.28,exact
2021-2022,2022,174,Semi-critical,77.77,exact
2021-2022,2022,175,Safe,58.91,fuzzy
2021-2022,2022,176,Semi-critical,72.18,exact
2021-2022,2022,177,Over-exploited,100.12,exact
2021-2022,2022,178,Safe,63.49,fuzzy
2021-2022,2022,179,Semi-critical,79.8,alias
2021-2022,2022,180,Safe,62.74,exact
2021-2022,2022,181,Safe,56.33,fuzzy
2021-2022,2022,182,Safe,63.26,exact
2021-2022,2022,183,Safe,61.27,exact
2021-2022,2022,184,Safe,52.59,exact
2021-2022,2022,185,Safe,60.87,exact
2021-2022,2022,186,Safe,61.86,exact
2021-2022,2022,187,Semi-critical,89.07,exact
2021-2022,2022,188,Safe,26.67,exact
2021-2022,2022,189,Safe,24.54,exact
2021-2022,2022,190,Safe,27.16,exact
2021-2022,2022,191,Safe,62.38,exact
2021-2022,2022,192,Safe,34.58,exact
2021-2022,2022,193,Safe,51.92,exact
2021-2022,2022,194,Safe,48.7,exact
2021-2022,2022,195,Safe,52.56,exact
2021-2022,2022,196,Safe,41.32,exact
2021-2022,2022,197,Safe,54.42,exact
2021-2022,2022,198,Safe,29.72,exact
2021-2022,2022,199,Semi-critical,83.19,exact
2021-2022,2022,200,Safe,35.29,alias
2021-2022,2022,201,Safe,52.46,exact
2021-2022,2022,202,Safe,59.44,exact
2021-2022,2022,203,Safe,31.2,exact
2021-2022,2022,204,Safe,37.09,exact
2021-2022,2022,205,Safe,42.84,exact
2021-2022,2022,206,Safe,42.4,exact
2021-2022,2022,207,Safe,27.7,exact
2021-2022,2022,208,Semi-critical,71.31,exact
2021-2022,2022,209,Semi-critical,73.67,exact
2021-2022,2022,210,Safe,49.59,exact
2021-2022,2022,211,Safe,27.02,alias
2021-2022,2022,212,Safe,61.89,exact
2021-2022,2022,213,Safe,46.07,alias
2021-2022,2022,214,Safe,32.67,alias
2021-2022,2022,215,Safe,39.99,exact
2021-2022,2022,216,Safe,34.68,exact
2021-2022,2022,217,Safe,69.32,exact
2021-2022,2022,218,Safe,46.4,exact
2021-2022,2022,219,Safe,51.4,exact
2021-2022,2022,220,Safe,60.16,exact
2021-2022,2022,221,Safe,53.55,exact
2021-2022,2022,222,Safe,59.32,exact
2021-2022,2022,223,Safe,35.99,exact
2021-2022,2022,224,Semi-critical,70.18,exact
2021-2022,2022,225,Safe,9.29,exact
2021-2022,2022,226,Safe,2.58,exact
2021-2022,2022,227,Safe,9.78,exact
2021-2022,2022,228,Safe,4.63,exact
2021-2022,2022,229,Safe,0.66,exact
2021-2022,2022,230,Hilly area,,exact
2021-2022,2022,231,Safe,2.63,exact
2021-2022,2022,232,Safe,0.88,exact
2021-2022,2022,233,Hilly area,,exact
2021-2022,2022,234,Safe,0.73,exact
2021-2022,2022,235,Safe,0.33,exact
2021-2022,2022,236,Safe,2.33,exact
2021-2022,2022,237,Safe,1.28,exact
2021-2022,2022,238,Hilly area,,exact
2021-2022,2022,239,Safe,1.75,exact
2021-2022,2022,240,Hilly area,,exact
2021-2022,2022,241,Safe,0.61,exact
2021-2022,2022,242,Safe,0.11,exact
2021-2022,2022,243,Safe,1.03,exact
2021-2022,2022,244,Safe,3.98,exact
2021-2022,2022,245,Safe,10.51,exact
2021-2022,2022,246,Safe,0.62,exact
2021-2022,2022,247,Safe,5.11,exact
2021-2022,2022,248,Safe,6.43,exact
2021-2022,2022,249,Safe,10.09,exact
2021-2022,2022,250,Safe,1.38,exact
2021-2022,2022,251,Safe,8.06,exact
2021-2022,2022,252,Safe,5.67,exact
2021-2022,2022,253,Hilly area,,exact
2021-2022,2022,254,Safe,6.18,fuzzy
2021-2022,2022,255,Safe,7.98,exact
2021-2022,2022,256,Safe,10.97,exact
2021-2022,2022,257,Hilly area,,exact
2021-2022,2022,258,Hilly area,,exact
2021-2022,2022,259,Safe,9.84,exact
2021-2022,2022,260,Hilly area,,exact
2021-2022,2022,261,Safe,14.06,exact
2021-2022,2022,262,Safe,3.03,exact
2021-2022,2022,263,Safe,1.3,exact
2021-2022,2022,264,Safe,3.62,exact
2021-2022,2022,265,Safe,4.1,exact
2021-2022,2022,266,Safe,2.06,exact
2021-2022,2022,267,Safe,5.78,exact
2021-2022,2022,268,Safe,6.19,exact
2021-2022,2022,269,Safe,6.73,exact
2021-2022,2022,270,Safe,13.26,exact
2021-2022,2022,271,Safe,6.45,exact
2021-2022,2022,272,Safe,20.2,exact
2021-2022,2022,273,Safe,6.93,exact
2021-2022,2022,274,Safe,2.58,exact
2021-2022,2022,275,Safe,4.46,exact
2021-2022,2022,276,Safe,6.17,exact
2021-2022,2022,277,Safe,1.59,exact
2021-2022,2022,278,Safe,4.15,exact
2021-2022,2022,279,Safe,1.74,exact
2021-2022,2022,280,Safe,29.68,exact
2021-2022,2022,281,Safe,25.76,exact
2021-2022,2022,282,Safe,3.29,exact
2021-2022,2022,283,Safe,42.71,exact
2021-2022,2022,284,Safe,4.05,exact
2021-2022,2022,285,Safe,29.72,exact
2021-2022,2022,286,Safe,7.63,exact
2021-2022,2022,287,Safe,20.82,exact
2021-2022,2022,288,Safe,5.42,exact
2021-2022,2022,289,Safe,3.62,exact
2021-2022,2022,290,Safe,9.35,exact
2021-2022,2022,291,Safe,33.91,exact
2021-2022,2022,292,Safe,2.48,exact
2021-2022,2022,293,Safe,2.94,exact
2021-2022,2022,294,Safe,5.63,exact
2021-2022,2022,295,Safe,10.26,exact
2021-2022,2022,296,Safe,25.21,fuzzy
2021-2022,2022,297,Safe,28.86,exact
2021-2022,2022,298,Safe,24.11,exact
2021-2022,2022,299,Safe,1.01,exact
2021-2022,2022,300,Safe,4.19,alias
2021-2022,2022,301,Safe,10.44,exact
2021-2022,2022,302,Safe,6.67,exact
2021-2022,2022,303,Safe,65.69,alias
2021-2022,2022,304,Saline,-100000.0,alias
2021-2022,2022,305,Safe,39.36,exact
2021-2022,2022,306,Safe,54.82,fuzzy
2021-2022,2022,307,Safe,20.11,exact
2021-2022,2022,308,Safe,47.11,alias
2021-2022,2022,309,Safe,15.1,alias
2021-2022,2022,310,Safe,60.29,alias
2021-2022,2022,311,Safe,51.69,alias
2021-2022,2022,312,Safe,43.69,alias
2021-2022,2022,313,Safe,35.25,alias
2021-2022,2022,314,Safe,25.03,exact
2021-2022,2022,315,Saline,-100000.0,fuzzy
2021-2022,2022,316,Safe,37.24,fuzzy
2021-2022,2022,317,Safe,34.17,alias
2021-2022,2022,318,Safe,56.58,alias
2021-2022,2022,319,Safe,59.56,exact
2021-2022,2022,320,Semi-critical,89.2,exact
2021-2022,2022,321,Safe,14.98,fuzzy
2021-2022,2022,322,Safe,30.51,exact
2021-2022,2022,323,Safe,34.15,exact
2021-2022,2022,324,Safe,51.62,exact
2021-2022,2022,325,Semi-critical,75.08,exact
2021-2022,2022,326,Safe,26.35,exact
2021-2022,2022,327,Safe,28.49,alias
2021-2022,2022,328,Safe,34.74,exact
2021-2022,2022,329,Safe,37.8,exact
2021-2022,2022,330,Safe,24.03,exact
2021-2022,2022,331,Safe,17.68,exact
2021-2022,2022,332,Safe,39.34,exact
2021-2022,2022,333,Safe,45.3,exact
2021-2022,2022,334,Safe,66.1,exact
2021-2022,2022,335,Safe,28.75,exact
2021-2022,2022,336,Safe,15.77,exact
2021-2022,2022,337,Safe,16.46,exact
2021-2022,2022,338,Safe,32.58,exact
2021-2022,2022,339,Safe,48.3,exact
2021-2022,2022,340,Safe,17.21,fuzzy
2021-2022,2022,341,Safe,23.62,exact
2021-2022,2022,342,Safe,14.31,exact
2021-2022,2022,343,Safe,9.93,exact
2021-2022,2022,344,Safe,49.76,fuzzy
2021-2022,2022,345,Safe,47.87,fuzzy
2021-2022,2022,346,Safe,55.87,alias
2021-2022,2022,347,Safe,52.35,exact
2021-2022,2022,348,Safe,61.19,exact
2021-2022,2022,349,Safe,44.1,exact
2021-2022,2022,350,Safe,43.64,exact
2021-2022,2022,351,Safe,54.42,exact
2021-2022,2022,352,Safe,37.47,exact
2021-2022,2022,353,Safe,32.85,exact
2021-2022,2022,354,Safe,38.63,exact
2021-2022,2022,355,Safe,56.88,fuzzy
2021-2022,2022,356,Safe,64.01,fuzzy
2021-2022,2022,357,Safe,49.21,exact
2021-2022,2022,358,Safe,40.43,exact
2021-2022,2022,359,Safe,28.6,exact
2021-2022,2022,360,Safe,42.75,exact
2021-2022,2022,361,Safe,43.0,alias
2021-2022,2022,362,Safe,57.74,alias
2021-2022,2022,363,Safe,21.81,exact
2021-2022,2022,364,Safe,16.43,exact
2021-2022,2022,365,Safe,40.79,exact
2021-2022,2022,366,Safe,34.54,fuzzy
2021-2022,2022,367,Safe,41.03,exact
2021-2022,2022,368,Safe,59.7,exact
2021-2022,2022,369,Safe,50.69,exact
2021-2022,2022,370,Safe,31.81,exact
2021-2022,2022,371,Safe,28.96,exact
2021-2022,2022,372,Safe,47.55,alias
2021-2022,2022,373,Safe,39.56,exact
2021-2022,2022,374,Safe,33.62,exact
2021-2022,2022,375,Safe,69.08,exact
2021-2022,2022,376,Safe,15.4,exact
2021-2022,2022,377,Semi-critical,80.22,exact
2021-2022,2022,378,Semi-critical,83.8,exact
2021-2022,2022,379,Safe,56.95,exact
2021-2022,2022,380,Safe,43.02,exact
2021-2022,2022,381,Safe,33.49,exact
2021-2022,2022,382,Safe,61.17,exact
2021-2022,2022,383,Safe,44.4,exact
2021-2022,2022,384,Safe,22.43,exact
2021-2022,2022,385,Safe,63.73,exact
2021-2022,2022,386,Safe,49.87,exact
2021-2022,2022,387,Safe,69.41,exact
2021-2022,2022,388,Safe,65.24,exact
2021-2022,2022,389,Safe,40.91,exact
2021-2022,2022,390,Safe,21.62,exact
2021-2022,2022,391,Safe,63.68,exact
2021-2022,2022,392,Safe,23.6,exact
2021-2022,2022,393,Semi-critical,70.85,exact
2021-2022,2022,394,Safe,48.84,exact
2021-2022,2022,395,Safe,31.95,exact
2021-2022,2022,396,Semi-critical,76.18,exact
2021-2022,2022,397,Safe,68.41,exact
2021-2022,2022,398,Safe,64.9,exact
2021-2022,2022,399,Safe,62.24,exact
2021-2022,2022,400,Safe,58.64,exact
2021-2022,2022,401,Safe,36.17,exact
2021-2022,2022,402,Semi-critical,80.15,exact
2021-2022,2022,403,Safe,65.04,exact
2021-2022,2022,404,Safe,12.68,exact
2021-2022,2022,405,Safe,41.35,alias
2021-2022,2022,406,Safe,65.45,exact
2021-2022,2022,407,Safe,31.92,exact
2021-2022,2022,408,Safe,36.46,exact
2021-2022,2022,409,Safe,26.17,alias
2021-2022,2022,410,Over-exploited,120.29,exact
2021-2022,2022,411,Safe,52.31,exact
2021-2022,2022,412,Safe,46.31,exact
2021-2022,2022,413,Safe,47.1,exact
2021-2022,2022,414,Safe,45.75,exact
2021-2022,2022,415,Safe,21.82,exact
2021-2022,2022,416,Over-exploited,103.15,exact
2021-2022,2022,417,Safe,41.83,exact
2021-2022,2022,418,Safe,67.93,exact
2021-2022,2022,419,Over-exploited,102.15,exact
2021-2022,2022,420,Safe,36.91,exact
2021-2022,2022,421,Safe,54.63,exact
2021-2022,2022,422,Semi-critical,89.32,exact
2021-2022,2022,423,Over-exploited,136.41,exact
2021-2022,2022,424,Safe,54.86,exact
2021-2022,2022,425,Safe,58.77,exact
2021-2022,2022,426,Safe,63.99,exact
2021-2022,2022,427,Safe,61.77,exact
2021-2022,2022,428,Safe,40.57,exact
2021-2022,2022,429,Safe,13.14,exact
2021-2022,2022,430,Over-exploited,106.79,exact
2021-2022,2022,431,Safe,44.91,exact
2021-2022,2022,432,Safe,67.43,exact
2021-2022,2022,433,Safe,36.28,exact
2021-2022,2022,434,Semi-critical,82.27,exact
2021-2022,2022,435,Over-exploited,108.47,exact
2021-2022,2022,436,Safe,19.78,exact
2021-2022,2022,437,Safe,64.75,exact
2021-2022,2022,438,Semi-critical,85.52,fuzzy
2021-2022,2022,439,Safe,51.88,exact
2021-2022,2022,440,Safe,23.25,exact
2021-2022,2022,441,Over-exploited,123.95,exact
2021-2022,2022,442,Safe,34.98,exact
2021-2022,2022,443,Safe,42.72,exact
2021-2022,2022,444,Safe,8.96,exact
2021-2022,2022,445,Safe,36.71,alias
2021-2022,2022,446,Critical,98.71,exact
2021-2022,2022,447,Safe,37.08,exact
2021-2022,2022,448,Safe,46.56,exact
2021-2022,2022,449,Safe,59.9,exact
2021-2022,2022,450,Safe,43.46,exact
2021-2022,2022,451,Over-exploited,105.0,exact
2021-2022,2022,452,Safe,59.38,exact
2021-2022,2022,453,Safe,26.53,exact
2021-2022,2022,454,Safe,24.1,fuzzy
2021-2022,2022,455,Over-exploited,105.96,exact
2021-2022,2022,456,Safe,51.59,exact
2021-2022,2022,457,Safe,62.45,exact
2021-2022,2022,458,Semi-critical,72.95,exact
2021-2022,2022,459,Safe,40.54,exact
2021-2022,2022,460,Safe,49.16,exact
2021-2022,2022,461,Safe,62.56,exact
2021-2022,2022,462,Safe,27.7,exact
2021-2022,2022,463,Over-exploited,144.72,exact
2021-2022,2022,464,Over-exploited,230.66,exact
2021-2022,2022,465,Over-exploited,133.2,fuzzy
2021-2022,2022,466,Semi-critical,79.55,alias
2021-2022,2022,467,Safe,65.74,exact
2021-2022,2022,468,Critical,93.95,exact
2021-2022,2022,469,Semi-critical,72.01,alias
2021-2022,2022,470,Safe,59.41,exact
2021-2022,2022,471,Safe,30.2,exact
2021-2022,2022,472,Semi-critical,79.16,exact
2021-2022,2022,473,Safe,29.0,exact
2021-2022,2022,474,Safe,51.12,exact
2021-2022,2022,475,Safe,24.34,exact
2021-2022,2022,476,Safe,26.25,fuzzy
2021-2022,2022,477,Safe,39.65,exact
2021-2022,2022,478,Semi-critical,78.25,exact
2021-2022,2022,479,Safe,54.47,exact
2021-2022,2022,480,Safe,42.43,exact
2021-2022,2022,481,Safe,55.12,exact
2021-2022,2022,484,Safe,50.29,exact
2021-2022,2022,485,Safe,32.33,exact
2021-2022,2022,486,Safe,41.1,exact
2021-2022,2022,487,Safe,58.71,exact
2021-2022,2022,488,Safe,62.02,alias
2021-2022,2022,489,Safe,46.71,exact
2021-2022,2022,490,Semi-critical,70.24,exact
2021-2022,2022,491,Safe,17.85,exact
2021-2022,2022,492,Safe,17.19,exact
2021-2022,2022,493,Safe,55.8,exact
2021-2022,2022,494,Safe,64.31,exact
2021-2022,2022,495,Safe,43.13,exact
2021-2022,2022,496,Semi-critical,77.62,exact
2021-2022,2022,497,Safe,19.01,exact
2021-2022,2022,498,Safe,56.81,exact
2021-2022,2022,499,Safe,60.12,exact
2021-2022,2022,500,Safe,37.13,exact
2021-2022,2022,501,Safe,27.21,exact
2021-2022,2022,502,Safe,37.97,alias
2021-2022,2022,503,Safe,56.5,exact
2021-2022,2022,504,Safe,36.49,alias
2021-2022,2022,505,Safe,30.15,exact
2021-2022,2022,506,Safe,19.99,exact
2021-2022,2022,507,Critical,95.99,exact
2021-2022,2022,508,Safe,33.33,exact
2021-2022,2022,509,Safe,34.84,exact
2021-2022,2022,510,Safe,27.7,exact
2021-2022,2022,511,Safe,19.69,exact
2021-2022,2022,512,Safe,66.95,exact
2021-2022,2022,513,Safe,49.43,exact
2021-2022,2022,514,Safe,43.89,exact
2021-2022,2022,515,Safe,28.72,alias
2021-2022,2022,516,Safe,59.05,exact
2021-2022,2022,517,Safe,32.37,exact
2021-2022,2022,518,Safe,60.21,exact
2021-2022,2022,519,Safe,18.88,exact
2021-2022,2022,520,Safe,45.96,fuzzy
2021-2022,2022,521,Safe,23.42,exact
2021-2022,2022,522,Safe,55.59,exact
2021-2022,2022,523,Safe,10.83,exact
2021-2022,2022,524,Semi-critical,83.86,fuzzy
2021-2022,2022,525,Over-exploited,150.43,exact
2021-2022,2022,526,Over-exploited,147.51,exact
2021-2022,2022,527,Safe,63.48,exact
2021-2022,2022,528,Safe,32.94,exact
2021-2022,2022,529,Safe,60.31,exact
2021-2022,2022,530,Safe,62.9,exact
2021-2022,2022,531,Over-exploited,105.02,exact
2021-2022,2022,532,Safe,62.99,exact
2021-2022,2022,533,Over-exploited,140.63,exact
2021-2022,2022,534,Safe,44.12,exact
2021-2022,2022,535,Critical,96.77,fuzzy
2021-2022,2022,536,Safe,60.32,exact
2021-2022,2022,537,Semi-critical,87.26,exact
2021-2022,2022,538,Safe,41.59,fuzzy
2021-2022,2022,539,Safe,69.65,exact
2021-2022,2022,540,Safe,69.32,exact
2021-2022,2022,541,Safe,36.12,exact
2021-2022,2022,542,Over-exploited,181.85,fuzzy
2021-2022,2022,543,Safe,54.05,exact
2021-2022,2022,544,Safe,62.22,exact
2021-2022,2022,545,Safe,60.08,exact
2021-2022,2022,546,Safe,46.47,exact
2021-2022,2022,547,Safe,42.88,exact
2021-2022,2022,548,Critical,94.6,exact
2021-2022,2022,549,Safe,35.04,exact
2021-2022,2022,550,Safe,32.69,exact
2021-2022,2022,551,Safe,25.15,alias
2021-2022,2022,552,Safe,22.43,exact
2021-2022,2022,554,Safe,36.49,exact
2021-2022,2022,555,Safe,49.27,exact
2021-2022,2022,556,Safe,54.56,exact
2021-2022,2022,557,Safe,47.96,exact
2021-2022,2022,558,Semi-critical,72.16,fuzzy
2021-2022,2022,559,Safe,49.91,exact
2021-2022,2022,560,Safe,36.9,exact
2021-2022,2022,561,Safe,60.47,fuzzy
2021-2022,2022,562,Safe,69.57,exact
2021-2022,2022,563,Safe,57.54,exact
2021-2022,2022,564,Safe,34.05,exact
2021-2022,2022,565,Safe,65.25,exact
2021-2022,2022,566,Safe,57.78,exact
2021-2022,2022,567,Safe,24.95,exact
2021-2022,2022,568,Over-exploited,133.0,exact
2021-2022,2022,569,Semi-critical,84.45,exact
2021-2022,2022,570,Semi-critical,75.86,exact
2021-2022,2022,571,Over-exploited,111.77,exact
2021-2022,2022,572,Over-exploited,131.55,exact
2021-2022,2022,573,Semi-critical,82.36,exact
2021-2022,2022,574,Safe,51.96,fuzzy
2021-2022,2022,575,Safe,16.9,exact
2021-2022,2022,576,Critical,95.73,exact
2021-2022,2022,577,Critical,97.71,exact
2021-2022,2022,578,Semi-critical,72.0,exact
2021-2022,2022,579,Over-exploited,136.78,exact
2021-2022,2022,580,Over-exploited,116.15,exact
2021-2022,2022,581,Over-exploited,113.39,exact
2021-2022,2022,582,Safe,44.71,exact
2021-2022,2022,583,Safe,8.41,exact
2021-2022,2022,584,Over-exploited,125.85,exact
2021-2022,2022,585,Safe,27.37,fuzzy
2021-2022,2022,586,Critical,99.97,exact
2021-2022,2022,587,Safe,9.3,exact
2021-2022,2022,588,Semi-critical,76.56,exact
2021-2022,2022,589,Safe,55.19,fuzzy
2021-2022,2022,590,Semi-critical,80.63,exact
2021-2022,2022,591,Semi-critical,78.38,exact
2021-2022,2022,592,Safe,45.79,exact
2021-2022,2022,593,Semi-critical,82.38,exact
2021-2022,2022,594,Safe,35.81,alias
2021-2022,2022,595,Over-exploited,115.06,exact
2021-2022,2022,596,Semi-critical,89.52,exact
2021-2022,2022,597,Safe,57.56,exact
2021-2022,2022,598,Safe,20.52,exact
2021-2022,2022,599,Safe,69.78,exact
2021-2022,2022,600,Critical,94.77,alias
2021-2022,2022,601,Saline,-100000.0,exact
2021-2022,2022,602,Safe,3.44,alias
2021-2022,2022,603,Safe,0.28,alias
2021-2022,2022,604,Semi-critical,80.09,alias
2021-2022,2022,605,Over-exploited,220.22,exact
2021-2022,2022,606,Safe,30.09,exact
2021-2022,2022,607,Safe,58.8,exact
2021-2022,2022,608,Over-exploited,125.11,exact
2021-2022,2022,609,Over-exploited,209.36,exact
2021-2022,2022,610,Safe,46.89,exact
2021-2022,2022,611,Safe,42.89,exact
2021-2022,2022,612,Safe,2.75,exact
2021-2022,2022,613,Safe,0.9,exact
2021-2022,2022,614,Safe,6.43,exact
2021-2022,2022,615,Safe,1.33,exact
2021-2022,2022,616,Safe,3.49,exact
2021-2022,2022,617,Safe,8.9,exact
2021-2022,2022,618,Semi-critical,74.33,alias
2021-2022,2022,619,Critical,94.19,exact
2021-2022,2022,620,Safe,15.1,exact
2021-2022,2022,621,Safe,32.35,exact
2021-2022,2022,622,Safe,20.43,exact
2021-2022,2022,623,Safe,31.06,exact
2021-2022,2022,624,Safe,16.58,exact
2021-2022,2022,625,Safe,14.9,exact
2021-2022,2022,626,Safe,55.18,exact
2021-2022,2022,627,Safe,21.96,exact
2021-2022,2022,628,Hilly area,,exact
2021-2022,2022,629,Over-exploited,127.14,exact
2021-2022,2022,630,Over-exploited,146.36,exact
2021-2022,2022,631,Critical,96.13,alias
2021-2022,2022,632,Safe,2.27,alias
2021-2022,2022,633,Safe,67.66,exact
2021-2022,2022,634,Semi-critical,85.85,exact
2021-2022,2022,635,Safe,42.98,exact
2021-2022,2022,636,Safe,5.69,exact
2021-2022,2022,637,Safe,4.32,exact
2021-2022,2022,638,Safe,43.52,exact
2021-2022,2022,639,Safe,46.29,exact
2021-2022,2022,640,Safe,62.8,exact
2021-2022,2022,641,Safe,30.21,exact
2021-2022,2022,642,Safe,3.85,exact
2021-2022,2022,643,Safe,40.36,exact
2021-2022,2022,644,Safe,51.0,exact
2021-2022,2022,645,Safe,67.97,fuzzy
2021-2022,2022,646,Semi-critical,71.75,exact
2021-2022,2022,647,Safe,58.12,exact
2021-2022,2022,648,Safe,63.93,exact
2021-2022,2022,649,Safe,25.07,exact
2021-2022,2022,650,Critical,93.83,exact
2021-2022,2022,651,Semi-critical,77.76,exact
2021-2022,2022,652,Safe,8.67,exact
2021-2022,2022,653,Safe,11.91,exact
2021-2022,2022,654,Safe,5.42,exact
2021-2022,2022,655,Safe,8.37,exact
2021-2022,2022,656,Safe,3.59,exact
2021-2022,2022,657,Safe,2.28,exact
2021-2022,2022,658,Safe,1.71,exact
2021-2022,2022,659,Semi-critical,87.44,exact
2021-2022,2022,660,Over-exploited,106.25,exact
2021-2022,2022,661,Critical,99.47,exact
2021-2022,2022,662,Safe,49.09,exact
2021-2022,2022,663,Safe,17.65,exact
2021-2022,2022,664,Safe,25.2,exact
2021-2022,2022,665,Safe,23.54,exact
2021-2022,2022,667,Critical,90.58,exact
2021-2022,2022,668,Safe,46.49,exact
2021-2022,2022,669,Safe,45.22,exact
2021-2022,2022,670,Over-exploited,100.96,exact
2021-2022,2022,672,Safe,41.6,exact
2021-2022,2022,673,Safe,48.69,exact
2021-2022,2022,674,Safe,61.69,exact
2021-2022,2022,675,Safe,50.54,exact
2021-2022,2022,676,Safe,50.88,exact
2021-2022,2022,680,Safe,36.36,exact
2021-2022,2022,681,Safe,41.77,fuzzy
2021-2022,2022,682,Safe,29.32,fuzzy
2021-2022,2022,683,Safe,65.04,fuzzy
2021-2022,2022,684,Safe,25.9,exact
2021-2022,2022,685,Safe,53.86,exact
2021-2022,2022,686,Safe,56.54,exact
2021-2022,2022,687,Safe,38.0,exact
2021-2022,2022,688,Safe,50.81,exact
2021-2022,2022,689,Safe,59.74,fuzzy
2021-2022,2022,690,Safe,32.09,exact
2021-2022,2022,691,Safe,45.1,exact
2021-2022,2022,692,Safe,69.22,exact
2021-2022,2022,693,Safe,40.11,exact
2021-2022,2022,694,Safe,46.78,exact
2021-2022,2022,695,Safe,25.85,exact
2021-2022,2022,696,Safe,18.99,exact
2021-2022,2022,697,Safe,48.76,exact
2021-2022,2022,698,Safe,37.27,exact
2021-2022,2022,699,Safe,14.78,fuzzy
2021-2022,2022,700,Safe,56.99,exact
2021-2022,2022,701,Over-exploited,131.98,fuzzy
2021-2022,2022,702,Safe,1.76,exact
2021-2022,2022,703,Safe,26.82,exact
2021-2022,2022,704,Safe,42.6,fuzzy
2021-2022,2022,720,Safe,28.74,fuzzy
2021-2022,2022,721,Safe,42.27,exact
2021-2022,2022,722,Semi-critical,70.14,exact
2021-2022,2022,729,Semi-critical,71.4,fuzzy
2021-2022,2022,730,Safe,67.88,exact
2021-2022,2022,731,Critical,90.91,exact
2021-2022,2022,732,Over-exploited,147.34,exact
2021-2022,2022,733,Semi-critical,80.02,exact
2021-2022,2022,734,Safe,37.68,fuzzy
2021-2022,2022,737,Over-exploited,303.11,exact
2021-2022,2022,738,Critical,90.04,fuzzy
2021-2022,2022,741,Safe,3.6,exact
2021-2022,2022,742,Safe,5.41,exact
2021-2022,2022,743,Safe,20.81,exact
2021-2022,2022,744,Safe,27.23,exact
2021-2022,2022,745,Safe,4.49,exact
2021-2022,2022,746,Safe,17.21,exact
2021-2022,2022,747,Safe,16.6,exact
2021-2022,2022,748,Safe,30.58,exact
2021-2022,2022,749,Safe,21.81,exact
2021-2022,2022,750,Safe,21.97,exact
2021-2022,2022,751,Safe,30.19,exact
2021-2022,2022,752,Safe,27.46,fuzzy
2021-2022,2022,753,Safe,51.32,exact
2021-2022,2022,754,Safe,56.74,exact
2021-2022,2022,755,Safe,18.63,exact
2022-2023,2023,1,Safe,22.33,exact
2022-2023,2023,2,Safe,20.87,exact
2022-2023,2023,3,Safe,13.86,exact
2022-2023,2023,4,Safe,47.37,exact
2022-2023,2023,5,Safe,34.62,exact
2022-2023,2023,6,Safe,25.07,exact
2022-2023,2023,7,Safe,30.52,exact
2022-2023,2023,9,Safe,43.67,alias
2022-2023,2023,10,Safe,14.77,exact
2022-2023,2023,11,Safe,27.2,exact
2022-2023,2023,12,Safe,12.41,exact
2022-2023,2023,14,Safe,23.95,exact
2022-2023,2023,15,Safe,31.94,alias
2022-2023,2023,18,Safe,56.3,alias
2022-2023,2023,21,Safe,27.81,alias
2022-2023,2023,27,Over-exploited,178.11,exact
2022-2023,2023,28,Over-exploited,105.0,exact
2022-2023,2023,29,Over-exploited,128.8,exact
2022-2023,2023,30,Over-exploited,215.61,exact
2022-2023,2023,31,Over-exploited,131.89,alias
2022-2023,2023,32,Over-exploited,141.99,exact
2022-2023,2023,33,Over-exploited,117.58,exact
2022-2023,2023,34,Over-exploited,263.6,exact
2022-2023,2023,35,Over-exploited,237.4,exact
2022-2023,2023,36,Over-exploited,221.04,exact
2022-2023,2023,37,Critical,98.94,exact
2022-2023,2023,38,Over-exploited,237.22,exact
2022-2023,2023,39,Safe,24.13,alias
2022-2023,2023,40,Over-exploited,123.24,alias
2022-2023,2023,41,Over-exploited,214.72,exact
2022-2023,2023,42,Critical,98.56,exact
2022-2023,2023,43,Over-exploited,313.41,exact
2022-2023,2023,44,Semi-critical,75.41,exact
2022-2023,2023,45,Hilly area,,exact
2022-2023,2023,46,Hilly area,,exact
2022-2023,2023,47,Hilly area,,exact
2022-2023,2023,48,Hilly area,,exact
2022-2023,2023,49,Safe,32.15,exact
2022-2023,2023,50,Safe,65.4,exact
2022-2023,2023,51,Safe,55.26,exact
2022-2023,2023,52,Hilly area,,exact
2022-2023,2023,53,Hilly area,,exact
2022-2023,2023,54,Hilly area,,exact
2022-2023,2023,55,Hilly area,,exact
2022-2023,2023,56,Safe,57.53,fuzzy
2022-2023,2023,57,Hilly area,,exact
2022-2023,2023,58,Over-exploited,123.06,exact
2022-2023,2023,59,Over-exploited,106.66,exact
2022-2023,2023,60,Over-exploited,200.45,exact
2022-2023,2023,61,Over-exploited,182.46,exact
2022-2023,2023,62,Over-exploited,214.0,alias
2022-2023,2023,63,Semi-critical,88.17,exact
2022-2023,2023,64,Safe,54.14,exact
2022-2023,2023,65,Over-exploited,105.27,exact
2022-2023,2023,66,Over-exploited,193.81,exact
2022-2023,2023,67,Over-exploited,172.93,exact
2022-2023,2023,68,Over-exploited,226.3,exact
2022-2023,2023,69,Over-exploited,146.51,exact
2022-2023,2023,70,Safe,63.01,exact
2022-2023,2023,71,Over-exploited,198.16,exact
2022-2023,2023,72,Over-exploited,132.81,exact
2022-2023,2023,73,Safe,55.18,exact
2022-2023,2023,74,Over-exploited,148.48,exact
2022-2023,2023,75,Over-exploited,100.49,exact
2022-2023,2023,76,Over-exploited,138.53,exact
2022-2023,2023,77,Semi-critical,78.91,exact
2022-2023,2023,78,Safe,68.43,exact
2022-2023,2023,79,Over-exploited,137.79,exact
2022-2023,2023,80,Over-exploited,109.15,exact
2022-2023,2023,81,Over-exploited,105.8,exact
2022-2023,2023,82,Safe,65.96,exact
2022-2023,2023,83,Critical,97.67,exact
2022-2023,2023,84,Critical,96.24,exact
2022-2023,2023,86,Over-exploited,142.91,exact
2022-2023,2023,87,Over-exploited,182.88,exact
2022-2023,2023,88,Safe,67.23,exact
2022-2023,2023,89,Over-exploited,128.77,exact
2022-2023,2023,90,Over-exploited,132.25,exact
2022-2023,2023,91,Over-exploited,120.76,exact
2022-2023,2023,92,Over-exploited,163.3,exact
2022-2023,2023,93,Over-exploited,137.21,exact
2022-2023,2023,94,Over-exploited,102.17,exact
2022-2023,2023,95,Over-exploited,156.43,fuzzy
2022-2023,2023,96,Over-exploited,125.84,exact
2022-2023,2023,97,Over-exploited,233.22,exact
2022-2023,2023,98,Over-exploited,135.98,alias
2022-2023,2023,99,Safe,59.85,exact
2022-2023,2023,100,Safe,39.53,exact
2022-2023,2023,101,Safe,61.08,exact
2022-2023,2023,102,Over-exploited,225.93,exact
2022-2023,2023,103,Over-exploited,362.01,exact
2022-2023,2023,104,Over-exploited,181.46,fuzzy
2022-2023,2023,105,Over-exploited,116.59,exact
2022-2023,2023,106,Over-exploited,216.66,exact
2022-2023,2023,107,Over-exploited,256.74,exact
2022-2023,2023,108,Over-exploited,158.04,exact
2022-2023,2023,109,Over-exploited,105.44,exact
2022-2023,2023,110,Over-exploited,181.68,exact
2022-2023,2023,111,Over-exploited,159.03,exact
2022-2023,2023,112,Over-exploited,123.39,exact
2022-2023,2023,113,Over-exploited,161.27,exact
2022-2023,2023,114,Over-exploited,192.11,exact
2022-2023,2023,115,Over-exploited,116.95,exact
2022-2023,2023,116,Over-exploited,101.98,exact
2022-2023,2023,117,Over-exploited,102.41,exact
2022-2023,2023,118,Over-exploited,116.38,exact
2022-2023,2023,119,Semi-critical,80.41,exact
2022-2023,2023,120,Semi-critical,73.27,exact
2022-2023,2023,121,Safe,62.98,exact
2022-2023,2023,122,Safe,56.12,exact
2022-2023,2023,123,Safe,61.14,exact
2022-2023,2023,124,Critical,97.12,fuzzy
2022-2023,2023,125,Safe,59.99,exact
2022-2023,2023,126,Safe,63.71,exact
2022-2023,2023,127,Safe,59.58,exact
2022-2023,2023,128,Safe,66.11,exact
2022-2023,2023,129,Safe,63.13,exact
2022-2023,2023,130,Semi-critical,71.62,exact
2022-2023,2023,131,Safe,65.63,exact
2022-2023,2023,132,Semi-critical,71.85,exact
2022-2023,2023,133,Semi-critical,83.11,exact
2022-2023,2023,134,Critical,95.56,fuzzy
2022-2023,2023,135,Safe,54.92,exact
2022-2023,2023,136,Semi-critical,82.32,exact
2022-2023,2023,137,Safe,62.33,exact
2022-2023,2023,138,Semi-critical,72.94,exact
2022-2023,2023,139,Safe,50.48,exact
2022-2023,2023,140,Safe,62.57,exact
2022-2023,2023,141,Semi-critical,74.12,exact
2022-2023,2023,142,Semi-critical,72.41,exact
2022-2023,2023,143,Over-exploited,104.69,exact
2022-2023,2023,144,Over-exploited,104.79,alias
2022-2023,2023,145,Over-exploited,123.15,exact
2022-2023,2023,146,Safe,59.18,exact
2022-2023,2023,147,Safe,60.11,exact
2022-2023,2023,148,Safe,63.42,exact
2022-2023,2023,149,Safe,68.07,exact
2022-2023,2023,150,Safe,61.99,exact
2022-2023,2023,151,Safe,55.17,exact
2022-2023,2023,152,Semi-critical,71.31,exact
2022-2023,2023,153,Safe,67.54,exact
2022-2023,2023,154,Critical,91.75,exact
2022-2023,2023,155,Semi-critical,75.12,exact
2022-2023,2023,156,Semi-critical,74.12,exact
2022-2023,2023,157,Semi-critical,78.16,exact
2022-2023,2023,158,Semi-critical,81.73,exact
2022-2023,2023,159,Safe,60.79,alias
2022-2023,2023,160,Safe,51.18,exact
2022-2023,2023,161,Semi-critical,84.64,exact
2022-2023,2023,162,Safe,65.94,exact
2022-2023,2023,163,Critical,93.83,exact
2022-2023,2023,164,Safe,62.53,fuzzy
2022-2023,2023,165,Critical,91.45,exact
2022-2023,2023,166,Semi-critical,71.96,exact
2022-2023,2023,167,Semi-critical,71.42,exact
2022-2023,2023,168,Safe,64.62,alias
2022-2023,2023,169,Semi-critical,77.27,exact
2022-2023,2023,170,Safe,62.7,exact
2022-2023,2023,171,Semi-critical,88.64,exact
2022-2023,2023,172,Semi-critical,76.27,exact
2022-2023,2023,173,Safe,64.78,exact
2022-2023,2023,174,Semi-critical,78.63,exact
2022-2023,2023,175,Safe,58.71,fuzzy
2022-2023,2023,176,Semi-critical,74.65,exact
2022-2023,2023,177,Over-exploited,100.62,exact
2022-2023,2023,178,Safe,63.24,fuzzy
2022-2023,2023,179,Semi-critical,79.79,alias
2022-2023,2023,180,Safe,64.06,exact
2022-2023,2023,181,Safe,57.14,fuzzy
2022-2023,2023,182,Safe,63.31,exact
2022-2023,2023,183,Safe,60.04,exact
2022-2023,2023,184,Safe,50.9,exact
2022-2023,2023,185,Safe,61.67,exact
2022-2023,2023,186,Safe,61.31,exact
2022-2023,2023,187,Semi-critical,87.78,exact
2022-2023,2023,188,Safe,26.08,exact
2022-2023,2023,189,Safe,25.13,exact
2022-2023,2023,190,Safe,30.44,exact
2022-2023,2023,191,Safe,63.22,exact
2022-2023,2023,192,Safe,36.59,exact
2022-2023,2023,193,Safe,47.24,exact
2022-2023,2023,194,Safe,42.48,exact
2022-2023,2023,195,Safe,52.34,exact
2022-2023,2023,196,Safe,48.08,exact
2022-2023,2023,197,Safe,49.22,exact
2022-2023,2023,198,Safe,32.65,exact
2022-2023,2023,199,Semi-critical,82.21,exact
2022-2023,2023,200,Safe,37.8,alias
2022-2023,2023,201,Safe,53.22,exact
2022-2023,2023,202,Safe,59.52,exact
2022-2023,2023,203,Safe,36.38,exact
2022-2023,2023,204,Safe,36.63,exact
2022-2023,2023,205,Safe,40.99,exact
2022-2023,2023,206,Safe,42.23,exact
2022-2023,2023,207,Safe,31.9,exact
2022-2023,2023,208,Safe,67.38,exact
2022-2023,2023,209,Semi-critical,75.65,exact
2022-2023,2023,210,Safe,49.35,exact
2022-2023,2023,211,Safe,27.11,alias
2022-2023,2023,212,Safe,59.34,exact
2022-2023,2023,213,Safe,43.25,alias
2022-2023,2023,214,Safe,32.77,alias
2022-2023,2023,215,Safe,40.24,exact
2022-2023,2023,216,Safe,34.93,exact
2022-2023,2023,217,Safe,68.85,exact
2022-2023,2023,218,Safe,52.46,exact
2022-2023,2023,219,Safe,54.53,exact
2022-2023,2023,220,Safe,61.49,exact
2022-2023,2023,221,Safe,50.54,exact
2022-2023,2023,222,Safe,54.26,exact
2022-2023,2023,223,Safe,32.87,exact
2022-2023,2023,224,Safe,69.46,exact
2022-2023,2023,225,Safe,6.26,exact
2022-2023,2023,226,Safe,7.2,exact
2022-2023,2023,227,Safe,7.2,exact
2022-2023,2023,229,Safe,0.48,exact
2022-2023,2023,230,Hilly area,,exact
2022-2023,2023,231,Safe,1.27,exact
2022-2023,2023,232,Safe,0.32,exact
2022-2023,2023,233,Hilly area,,exact
2022-2023,2023,234,Safe,0.37,exact
2022-2023,2023,235,Safe,0.19,exact
2022-2023,2023,236,Safe,2.23,exact
2022-2023,2023,237,Safe,1.24,exact
2022-2023,2023,238,Hilly area,,exact
2022-2023,2023,239,Safe,0.9,exact
2022-2023,2023,240,Hilly area,,exact
2022-2023,2023,241,Safe,0.18,exact
2022-2023,2023,242,Safe,0.09,exact
2022-2023,2023,243,Safe,0.16,exact
2022-2023,2023,244,Safe,5.55,exact
2022-2023,2023,245,Safe,5.84,exact
2022-2023,2023,246,Safe,1.25,exact
2022-2023,2023,247,Safe,3.68,exact
2022-2023,2023,248,Safe,2.41,exact
2022-2023,2023,249,Safe,3.73,exact
2022-2023,2023,250,Safe,2.35,exact
2022-2023,2023,251,Safe,4.08,exact
2022-2023,2023,252,Safe,5.69,exact
2022-2023,2023,253,Hilly area,,exact
2022-2023,2023,254,Safe,6.18,fuzzy
2022-2023,2023,255,Safe,8.07,exact
2022-2023,2023,256,Safe,11.05,exact
2022-2023,2023,257,Hilly area,,exact
2022-2023,2023,258,Hilly area,,exact
2022-2023,2023,259,Safe,9.84,exact
2022-2023,2023,260,Hilly area,,exact
2022-2023,2023,261,Safe,13.13,exact
2022-2023,2023,262,Safe,2.82,exact
2022-2023,2023,263,Safe,1.22,exact
2022-2023,2023,264,Safe,3.4,exact
2022-2023,2023,265,Safe,3.8,exact
2022-2023,2023,266,Safe,1.94,exact
2022-2023,2023,267,Safe,5.38,exact
2022-2023,2023,268,Safe,5.76,exact
2022-2023,2023,269,Safe,6.99,exact
2022-2023,2023,270,Safe,12.11,exact
2022-2023,2023,271,Safe,6.21,exact
2022-2023,2023,272,Safe,21.21,exact
2022-2023,2023,273,Safe,4.11,exact
2022-2023,2023,274,Safe,2.84,exact
2022-2023,2023,275,Safe,5.71,exact
2022-2023,2023,276,Safe,5.53,exact
2022-2023,2023,277,Safe,1.17,exact
2022-2023,2023,278,Safe,17.94,exact
2022-2023,2023,279,Safe,1.55,exact
2022-2023,2023,280,Safe,36.48,exact
2022-2023,2023,281,Safe,26.51,exact
2022-2023,2023,282,Safe,3.42,exact
2022-2023,2023,283,Safe,35.03,exact
2022-2023,2023,284,Safe,5.07,exact
2022-2023,2023,285,Safe,28.66,exact
2022-2023,2023,286,Safe,6.71,exact
2022-2023,2023,287,Safe,21.18,exact
2022-2023,2023,288,Safe,6.12,exact
2022-2023,2023,289,Safe,2.55,exact
2022-2023,2023,290,Safe,12.61,exact
2022-2023,2023,291,Safe,33.54,exact
2022-2023,2023,292,Safe,2.81,exact
2022-2023,2023,293,Safe,4.27,exact
2022-2023,2023,294,Safe,5.07,exact
2022-2023,2023,295,Safe,9.58,exact
2022-2023,2023,296,Safe,30.52,fuzzy
2022-2023,2023,297,Safe,28.55,exact
2022-2023,2023,298,Safe,25.19,exact
2022-2023,2023,299,Safe,1.01,exact
2022-2023,2023,300,Safe,4.98,alias
2022-2023,2023,301,Safe,10.28,exact
2022-2023,2023,302,Safe,5.14,exact
2022-2023,2023,303,Safe,67.9,alias
2022-2023,2023,304,Saline,-100000.0,alias
2022-2023,2023,305,Safe,36.34,exact
2022-2023,2023,306,Safe,51.97,fuzzy
2022-2023,2023,307,Safe,31.48,exact
2022-2023,2023,308,Safe,44.68,alias
2022-2023,2023,309,Safe,15.65,alias
2022-2023,2023,310,Safe,60.09,alias
2022-2023,2023,311,Safe,46.86,alias
2022-2023,2023,312,Safe,53.74,alias
2022-2023,2023,313,Safe,21.55,alias
2022-2023,2023,314,Safe,12.26,exact
2022-2023,2023,315,Saline,-100000.0,fuzzy
2022-2023,2023,316,Safe,35.57,fuzzy
2022-2023,2023,317,Safe,36.27,alias
2022-2023,2023,318,Safe,52.95,alias
2022-2023,2023,319,Safe,58.69,exact
2022-2023,2023,320,Semi-critical,85.71,exact
2022-2023,2023,321,Safe,17.26,fuzzy
2022-2023,2023,322,Safe,42.55,exact
2022-2023,2023,323,Safe,35.16,exact
2022-2023,2023,324,Safe,53.37,exact
2022-2023,2023,325,Semi-critical,74.34,exact
2022-2023,2023,326,Safe,24.61,exact
2022-2023,2023,327,Safe,30.41,alias
2022-2023,2023,328,Safe,35.75,exact
2022-2023,2023,329,Safe,37.75,exact
2022-2023,2023,330,Safe,21.28,exact
2022-2023,2023,331,Safe,17.84,exact
2022-2023,2023,332,Safe,36.81,exact
2022-2023,2023,333,Safe,44.8,exact
2022-2023,2023,334,Safe,66.44,exact
2022-2023,2023,335,Safe,29.2,exact
2022-2023,2023,336,Safe,15.1,exact
2022-2023,2023,337,Safe,14.47,exact
2022-2023,2023,338,Safe,34.99,exact
2022-2023,2023,339,Safe,46.94,exact
2022-2023,2023,340,Safe,16.0,fuzzy
2022-2023,2023,341,Safe,22.9,exact
2022-2023,2023,342,Safe,13.15,exact
2022-2023,2023,343,Safe,10.45,exact
2022-2023,2023,344,Safe,53.08,fuzzy
2022-2023,2023,345,Safe,49.64,fuzzy
2022-2023,2023,346,Safe,58.07,alias
2022-2023,2023,347,Safe,54.37,exact
2022-2023,2023,348,Safe,60.28,exact
2022-2023,2023,349,Safe,45.23,exact
2022-2023,2023,350,Safe,45.67,exact
2022-2023,2023,351,Safe,57.44,exact
2022-2023,2023,352,Safe,38.86,exact
2022-2023,2023,353,Safe,35.92,exact
2022-2023,2023,354,Safe,40.87,exact
2022-2023,2023,355,Safe,57.48,fuzzy
2022-2023,2023,356,Safe,65.94,fuzzy
2022-2023,2023,357,Safe,51.44,exact
2022-2023,2023,358,Safe,41.81,exact
2022-2023,2023,359,Safe,30.23,exact
2022-2023,2023,360,Safe,63.66,exact
2022-2023,2023,361,Safe,44.54,alias
2022-2023,2023,362,Safe,61.18,alias
2022-2023,2023,363,Safe,23.59,exact
2022-2023,2023,364,Safe,16.8,exact
2022-2023,2023,365,Safe,43.14,exact
2022-2023,2023,366,Safe,37.22,fuzzy
2022-2023,2023,367,Safe,44.02,exact
2022-2023,2023,368,Safe,61.24,exact
2022-2023,2023,369,Safe,52.37,exact
2022-2023,2023,370,Safe,33.32,exact
2022-2023,2023,371,Safe,29.83,exact
2022-2023,2023,372,Safe,48.78,alias
2022-2023,2023,373,Safe,41.22,exact
2022-2023,2023,374,Safe,30.59,exact
2022-2023,2023,375,Safe,63.58,exact
2022-2023,2023,376,Safe,15.29,exact
2022-2023,2023,377,Semi-critical,78.22,exact
2022-2023,2023,378,Semi-critical,76.19,exact
2022-2023,2023,379,Safe,30.32,exact
2022-2023,2023,380,Safe,43.08,exact
2022-2023,2023,381,Safe,33.66,exact
2022-2023,2023,382,Safe,65.42,exact
2022-2023,2023,383,Safe,34.16,exact
2022-2023,2023,384,Safe,39.04,exact
2022-2023,2023,385,Safe,59.94,exact
2022-2023,2023,386,Safe,40.94,exact
2022-2023,2023,387,Safe,61.56,exact
2022-2023,2023,388,Safe,69.7,exact
2022-2023,2023,389,Safe,42.58,exact
2022-2023,2023,390,Safe,23.52,exact
2022-2023,2023,391,Safe,63.02,exact
2022-2023,2023,392,Safe,23.5,exact
2022-2023,2023,393,Semi-critical,71.38,exact
2022-2023,2023,394,Safe,49.65,exact
2022-2023,2023,395,Safe,32.65,exact
2022-2023,2023,396,Semi-critical,78.3,exact
2022-2023,2023,397,Safe,69.8,exact
2022-2023,2023,398,Safe,65.42,exact
2022-2023,2023,399,Safe,63.24,exact
2022-2023,2023,400,Safe,58.48,exact
2022-2023,2023,401,Safe,36.05,exact
2022-2023,2023,402,Semi-critical,80.0,exact
2022-2023,2023,403,Safe,65.4,exact
2022-2023,2023,404,Safe,12.52,exact
2022-2023,2023,405,Safe,41.48,alias
2022-2023,2023,406,Safe,64.96,exact
2022-2023,2023,407,Safe,31.42,exact
2022-2023,2023,408,Safe,35.65,exact
2022-2023,2023,409,Safe,25.86,alias
2022-2023,2023,410,Over-exploited,119.38,exact
2022-2023,2023,411,Safe,51.31,exact
2022-2023,2023,412,Safe,44.79,exact
2022-2023,2023,413,Safe,47.12,exact
2022-2023,2023,414,Safe,45.93,exact
2022-2023,2023,415,Safe,20.41,exact
2022-2023,2023,416,Over-exploited,104.57,exact
2022-2023,2023,417,Safe,40.13,exact
2022-2023,2023,418,Safe,66.95,exact
2022-2023,2023,419,Critical,99.23,exact
2022-2023,2023,420,Safe,36.48,exact
2022-2023,2023,421,Safe,53.67,exact
2022-2023,2023,422,Semi-critical,89.78,exact
2022-2023,2023,423,Over-exploited,135.14,exact
2022-2023,2023,424,Safe,54.65,exact
2022-2023,2023,425,Safe,59.29,exact
2022-2023,2023,426,Safe,65.59,exact
2022-2023,2023,427,Safe,61.78,exact
2022-2023,2023,428,Safe,41.38,exact
2022-2023,2023,429,Safe,13.36,exact
2022-2023,2023,430,Over-exploited,106.9,exact
2022-2023,2023,431,Safe,38.47,exact
2022-2023,2023,432,Safe,67.67,exact
2022-2023,2023,433,Safe,36.11,exact
2022-2023,2023,434,Semi-critical,81.83,exact
2022-2023,2023,435,Over-exploited,108.83,exact
2022-2023,2023,436,Safe,18.71,exact
2022-2023,2023,437,Safe,64.4,exact
2022-2023,2023,438,Semi-critical,87.32,fuzzy
2022-2023,2023,439,Safe,50.38,exact
2022-2023,2023,440,Safe,22.84,exact
2022-2023,2023,441,Over-exploited,115.52,exact
2022-2023,2023,442,Safe,30.91,exact
2022-2023,2023,443,Safe,42.78,exact
2022-2023,2023,444,Safe,10.0,exact
2022-2023,2023,445,Safe,39.49,alias
2022-2023,2023,446,Critical,92.3,exact
2022-2023,2023,447,Safe,36.42,exact
2022-2023,2023,448,Safe,42.26,exact
2022-2023,2023,449,Safe,54.05,exact
2022-2023,2023,450,Safe,40.34,exact
2022-2023,2023,451,Over-exploited,108.2,exact
2022-2023,2023,452,Safe,55.79,exact
2022-2023,2023,453,Safe,27.14,exact
2022-2023,2023,454,Safe,21.81,fuzzy
2022-2023,2023,455,Critical,98.74,exact
2022-2023,2023,456,Safe,50.1,exact
2022-2023,2023,457,Safe,62.85,exact
2022-2023,2023,458,Semi-critical,71.31,exact
2022-2023,2023,459,Safe,39.9,exact
2022-2023,2023,460,Safe,47.7,exact
2022-2023,2023,461,Safe,64.36,exact
2022-2023,2023,462,Safe,26.56,exact
2022-2023,2023,463,Over-exploited,158.84,exact
2022-2023,2023,464,Over-exploited,230.02,exact
2022-2023,2023,465,Over-exploited,131.53,fuzzy
2022-2023,2023,466,Semi-critical,79.2,alias
2022-2023,2023,467,Safe,65.59,exact
2022-2023,2023,468,Critical,91.83,exact
2022-2023,2023,469,Semi-critical,71.64,alias
2022-2023,2023,470,Safe,59.22,exact
2022-2023,2023,471,Safe,30.22,exact
2022-2023,2023,472,Semi-critical,76.95,exact
2022-2023,2023,473,Safe,29.32,exact
2022-2023,2023,474,Safe,51.77,exact
2022-2023,2023,475,Safe,24.37,exact
2022-2023,2023,476,Safe,26.31,fuzzy
2022-2023,2023,477,Safe,36.41,exact
2022-2023,2023,478,Semi-critical,78.76,exact
2022-2023,2023,479,Safe,54.85,exact
2022-2023,2023,480,Safe,42.45,exact
2022-2023,2023,481,Safe,54.88,exact
2022-2023,2023,484,Safe,48.94,exact
2022-2023,2023,485,Safe,32.37,exact
2022-2023,2023,486,Safe,38.08,exact
2022-2023,2023,487,Safe,58.41,exact
2022-2023,2023,488,Safe,62.01,alias
2022-2023,2023,489,Safe,46.5,exact
2022-2023,2023,490,Safe,69.65,exact
2022-2023,2023,491,Safe,17.94,exact
2022-2023,2023,492,Safe,17.3,exact
2022-2023,2023,493,Safe,54.19,exact
2022-2023,2023,494,Safe,62.11,exact
2022-2023,2023,495,Safe,43.33,exact
2022-2023,2023,496,Semi-critical,77.54,exact
2022-2023,2023,497,Safe,19.07,exact
2022-2023,2023,498,Safe,53.55,exact
2022-2023,2023,499,Safe,60.2,exact
2022-2023,2023,500,Safe,33.75,exact
2022-2023,2023,501,Safe,28.28,exact
2022-2023,2023,502,Safe,33.28,alias
2022-2023,2023,503,Safe,56.11,exact
2022-2023,2023,504,Safe,33.85,alias
2022-2023,2023,505,Safe,29.69,exact
2022-2023,2023,506,Safe,19.34,exact
2022-2023,2023,507,Critical,93.62,exact
2022-2023,2023,508,Safe,27.79,exact
2022-2023,2023,509,Safe,32.39,exact
2022-2023,2023,510,Safe,25.63,exact
2022-2023,2023,511,Safe,23.51,exact
2022-2023,2023,512,Safe,58.83,exact
2022-2023,2023,513,Safe,47.06,exact
2022-2023,2023,514,Safe,41.34,exact
2022-2023,2023,515,Safe,26.06,alias
2022-2023,2023,516,Safe,54.89,exact
2022-2023,2023,517,Safe,33.32,exact
2022-2023,2023,518,Safe,52.42,exact
2022-2023,2023,519,Safe,33.33,exact
2022-2023,2023,520,Safe,41.05,fuzzy
2022-2023,2023,521,Safe,23.14,exact
2022-2023,2023,522,Safe,56.86,exact
2022-2023,2023,523,Safe,10.99,exact
2022-2023,2023,524,Semi-critical,81.72,fuzzy
2022-2023,2023,525,Over-exploited,150.84,exact
2022-2023,2023,526,Over-exploited,154.0,exact
2022-2023,2023,527,Safe,67.71,exact
2022-2023,2023,528,Safe,27.46,exact
2022-2023,2023,529,Safe,58.63,exact
2022-2023,2023,530,Safe,40.5,exact
2022-2023,2023,531,Critical,96.53,exact
2022-2023,2023,532,Safe,53.2,exact
2022-2023,2023,533,Over-exploited,132.25,exact
2022-2023,2023,534,Safe,44.78,exact
2022-2023,2023,535,Semi-critical,88.91,fuzzy
2022-2023,2023,536,Safe,56.24,exact
2022-2023,2023,537,Semi-critical,74.62,exact
2022-2023,2023,538,Safe,41.06,fuzzy
2022-2023,2023,539,Semi-critical,71.35,exact
2022-2023,2023,540,Safe,60.99,exact
2022-2023,2023,541,Safe,40.39,exact
2022-2023,2023,542,Over-exploited,172.8,fuzzy
2022-2023,2023,543,Safe,61.84,exact
2022-2023,2023,544,Safe,60.75,exact
2022-2023,2023,545,Safe,55.3,exact
2022-2023,2023,546,Safe,44.73,exact
2022-2023,2023,547,Safe,40.62,exact
2022-2023,2023,548,Critical,91.77,exact
2022-2023,2023,549,Safe,33.75,exact
2022-2023,2023,550,Safe,32.11,exact
2022-2023,2023,551,Safe,25.2,alias
2022-2023,2023,552,Safe,18.64,exact
2022-2023,2023,554,Safe,39.33,exact
2022-2023,2023,555,Safe,49.63,exact
2022-2023,2023,556,Safe,54.21,exact
2022-2023,2023,557,Safe,49.75,exact
2022-2023,2023,558,Semi-critical,72.75,fuzzy
2022-2023,2023,559,Safe,51.93,exact
2022-2023,2023,560,Safe,37.11,exact
2022-2023,2023,561,Safe,61.7,fuzzy
2022-2023,2023,562,Semi-critical,71.55,exact
2022-2023,2023,563,Safe,59.75,exact
2022-2023,2023,564,Safe,37.63,exact
2022-2023,2023,565,Safe,67.73,exact
2022-2023,2023,566,Safe,60.94,exact
2022-2023,2023,567,Safe,27.67,exact
2022-2023,2023,568,Over-exploited,127.47,exact
2022-2023,2023,569,Semi-critical,89.03,exact
2022-2023,2023,570,Safe,64.14,exact
2022-2023,2023,571,Critical,98.78,exact
2022-2023,2023,572,Over-exploited,114.68,exact
2022-2023,2023,573,Semi-critical,80.18,exact
2022-2023,2023,574,Safe,50.55,fuzzy
2022-2023,2023,575,Safe,15.55,exact
2022-2023,2023,576,Critical,99.12,exact
2022-2023,2023,577,Semi-critical,86.17,exact
2022-2023,2023,578,Safe,65.41,exact
2022-2023,2023,579,Saline,-100000.0,exact
2022-2023,2023,580,Over-exploited,119.19,exact
2022-2023,2023,581,Over-exploited,109.39,exact
2022-2023,2023,582,Safe,49.34,exact
2022-2023,2023,583,Safe,6.54,exact
2022-2023,2023,584,Over-exploited,135.64,exact
2022-2023,2023,585,Safe,28.63,fuzzy
2022-2023,2023,586,Over-exploited,102.85,exact
2022-2023,2023,587,Safe,9.72,exact
2022-2023,2023,588,Semi-critical,75.94,exact
2022-2023,2023,589,Safe,54.89,fuzzy
2022-2023,2023,590,Safe,56.02,exact
2022-2023,2023,591,Semi-critical,73.94,exact
2022-2023,2023,592,Safe,43.68,exact
2022-2023,2023,593,Semi-critical,80.19,exact
2022-2023,2023,594,Safe,38.88,alias
2022-2023,2023,595,Over-exploited,112.5,exact
2022-2023,2023,596,Semi-critical,88.2,exact
2022-2023,2023,597,Safe,56.75,exact
2022-2023,2023,598,Safe,28.37,exact
2022-2023,2023,600,Semi-critical,81.68,alias
2022-2023,2023,602,Safe,3.48,alias
2022-2023,2023,603,Safe,0.28,alias
2022-2023,2023,604,Semi-critical,80.22,alias
2022-2023,2023,605,Over-exploited,223.59,exact
2022-2023,2023,606,Safe,27.05,exact
2022-2023,2023,607,Safe,62.3,exact
2022-2023,2023,608,Over-exploited,130.0,exact
2022-2023,2023,609,Over-exploited,213.98,exact
2022-2023,2023,610,Safe,52.02,exact
2022-2023,2023,611,Safe,43.27,exact
2022-2023,2023,612,Safe,2.53,exact
2022-2023,2023,613,Safe,1.59,exact
2022-2023,2023,614,Safe,2.4,exact
2022-2023,2023,615,Safe,0.87,exact
2022-2023,2023,616,Safe,3.23,exact
2022-2023,2023,617,Safe,12.06,exact
2022-2023,2023,618,Safe,11.18,alias
2022-2023,2023,619,Critical,94.36,exact
2022-2023,2023,620,Safe,15.17,exact
2022-2023,2023,621,Safe,32.65,exact
2022-2023,2023,622,Safe,15.7,exact
2022-2023,2023,623,Safe,31.41,exact
2022-2023,2023,624,Safe,16.59,exact
2022-2023,2023,625,Safe,14.9,exact
2022-2023,2023,626,Safe,51.67,exact
2022-2023,2023,627,Safe,21.91,exact
2022-2023,2023,628,Hilly area,,exact
2022-2023,2023,629,Over-exploited,128.5,exact
2022-2023,2023,630,Over-exploited,153.82,exact
2022-2023,2023,631,Critical,95.77,alias
2022-2023,2023,632,Safe,2.3,alias
2022-2023,2023,633,Safe,67.65,exact
2022-2023,2023,634,Semi-critical,87.01,exact
2022-2023,2023,635,Safe,37.99,exact
2022-2023,2023,636,Safe,7.99,exact
2022-2023,2023,637,Safe,4.33,exact
2022-2023,2023,638,Safe,39.08,exact
2022-2023,2023,639,Safe,43.32,exact
2022-2023,2023,640,Safe,64.61,exact
2022-2023,2023,641,Safe,32.88,exact
2022-2023,2023,642,Safe,4.12,exact
2022-2023,2023,643,Safe,36.85,exact
2022-2023,2023,644,Safe,48.56,exact
2022-2023,2023,645,Safe,63.94,fuzzy
2022-2023,2023,646,Semi-critical,71.91,exact
2022-2023,2023,647,Safe,55.88,exact
2022-2023,2023,648,Safe,66.38,exact
2022-2023,2023,649,Safe,22.09,exact
2022-2023,2023,650,Critical,93.18,exact
2022-2023,2023,651,Semi-critical,76.21,exact
2022-2023,2023,652,Safe,9.75,exact
2022-2023,2023,653,Safe,11.73,exact
2022-2023,2023,654,Safe,5.92,exact
2022-2023,2023,655,Safe,8.26,exact
2022-2023,2023,656,Safe,4.79,exact
2022-2023,2023,657,Safe,1.22,exact
2022-2023,2023,658,Safe,1.02,exact
2022-2023,2023,659,Semi-critical,87.28,exact
2022-2023,2023,660,Over-exploited,103.48,exact
2022-2023,2023,661,Critical,98.0,exact
2022-2023,2023,662,Safe,51.47,exact
2022-2023,2023,663,Safe,22.42,exact
2022-2023,2023,664,Safe,10.65,exact
2022-2023,2023,665,Safe,23.85,exact
2022-2023,2023,667,Semi-critical,89.94,exact
2022-2023,2023,668,Safe,39.95,exact
2022-2023,2023,669,Safe,47.18,exact
2022-2023,2023,670,Critical,93.59,exact
2022-2023,2023,672,Safe,41.92,exact
2022-2023,2023,673,Safe,45.9,exact
2022-2023,2023,674,Safe,56.5,exact
2022-2023,2023,675,Safe,45.85,exact
2022-2023,2023,676,Safe,50.26,exact
2022-2023,2023,680,Safe,31.83,exact
2022-2023,2023,681,Safe,44.2,fuzzy
2022-2023,2023,682,Safe,26.66,fuzzy
2022-2023,2023,683,Safe,66.33,fuzzy
2022-2023,2023,684,Safe,22.83,exact
2022-2023,2023,685,Safe,48.83,exact
2022-2023,2023,686,Safe,60.25,exact
2022-2023,2023,687,Safe,38.57,exact
2022-2023,2023,688,Safe,51.11,exact
2022-2023,2023,689,Safe,56.46,fuzzy
2022-2023,2023,690,Safe,28.45,exact
2022-2023,2023,691,Safe,47.43,exact
2022-2023,2023,692,Safe,62.7,exact
2022-2023,2023,693,Safe,33.73,exact
2022-2023,2023,694,Safe,39.26,exact
2022-2023,2023,695,Safe,24.26,exact
2022-2023,2023,696,Safe,17.97,exact
2022-2023,2023,697,Safe,47.46,exact
2022-2023,2023,698,Safe,37.14,exact
2022-2023,2023,699,Safe,14.55,fuzzy
2022-2023,2023,700,Safe,59.65,exact
2022-2023,2023,701,Over-exploited,125.86,fuzzy
2022-2023,2023,702,Safe,1.84,exact
2022-2023,2023,703,Safe,24.65,exact
2022-2023,2023,704,Safe,51.6,fuzzy
2022-2023,2023,720,Safe,23.3,fuzzy
2022-2023,2023,721,Safe,39.42,exact
2022-2023,2023,722,Safe,69.85,exact
2022-2023,2023,729,Semi-critical,79.28,fuzzy
2022-2023,2023,730,Semi-critical,71.75,exact
2022-2023,2023,731,Semi-critical,86.41,exact
2022-2023,2023,732,Over-exploited,149.8,exact
2022-2023,2023,733,Semi-critical,73.64,exact
2022-2023,2023,734,Safe,36.33,fuzzy
2022-2023,2023,735,Over-exploited,137.62,exact
2022-2023,2023,737,Over-exploited,302.39,exact
2022-2023,2023,738,Semi-critical,83.49,fuzzy
2022-2023,2023,741,Safe,4.38,exact
2022-2023,2023,742,Safe,2.74,exact
2022-2023,2023,743,Safe,21.84,exact
2022-2023,2023,744,Safe,26.7,exact
2022-2023,2023,745,Safe,2.49,exact
2022-2023,2023,746,Safe,17.57,exact
2022-2023,2023,747,Safe,16.05,exact
2022-2023,2023,748,Safe,32.31,exact
2022-2023,2023,749,Safe,33.64,exact
2022-2023,2023,750,Safe,19.12,exact
2022-2023,2023,751,Safe,29.98,exact
2022-2023,2023,752,Safe,29.6,fuzzy
2022-2023,2023,753,Safe,48.97,exact
2022-2023,2023,754,Safe,56.24,exact
2022-2023,2023,755,Safe,13.8,exact
2022-2023,2023,759,Semi-critical,78.19,fuzzy
2022-2023,2023,760,Safe,15.94,fuzzy
2022-2023,2023,761,Safe,36.06,fuzzy
2022-2023,2023,762,Safe,44.88,exact
2022-2023,2023,763,Safe,36.18,fuzzy
2023-2024,2024,1,Safe,18.86,exact
2023-2024,2024,2,Safe,27.8,exact
2023-2024,2024,3,Safe,14.35,exact
2023-2024,2024,4,Safe,20.59,exact
2023-2024,2024,5,Safe,32.43,exact
2023-2024,2024,6,Safe,34.15,exact
2023-2024,2024,7,Safe,32.78,exact
2023-2024,2024,8,Hilly area,,exact
2023-2024,2024,9,Safe,29.96,alias
2023-2024,2024,10,Safe,16.86,exact
2023-2024,2024,11,Safe,32.85,exact
2023-2024,2024,12,Safe,7.77,exact
2023-2024,2024,13,Safe,63.24,exact
2023-2024,2024,14,Safe,14.82,exact
2023-2024,2024,15,Safe,42.39,alias
2023-2024,2024,18,Safe,62.11,alias
2023-2024,2024,21,Safe,38.12,alias
2023-2024,2024,27,Over-exploited,177.11,exact
2023-2024,2024,28,Over-exploited,108.61,exact
2023-2024,2024,29,Over-exploited,122.28,exact
2023-2024,2024,30,Over-exploited,207.07,exact
2023-2024,2024,31,Over-exploited,110.78,alias
2023-2024,2024,32,Over-exploited,136.4,exact
2023-2024,2024,33,Over-exploited,116.24,exact
2023-2024,2024,34,Over-exploited,254.54,exact
2023-2024,2024,35,Over-exploited,212.54,exact
2023-2024,2024,36,Over-exploited,221.96,exact
2023-2024,2024,37,Over-exploited,103.12,exact
2023-2024,2024,38,Over-exploited,228.65,exact
2023-2024,2024,39,Safe,22.77,alias
2023-2024,2024,40,Over-exploited,121.83,alias
2023-2024,2024,41,Over-exploited,214.49,exact
2023-2024,2024,42,Critical,96.08,exact
2023-2024,2024,43,Over-exploited,313.24,exact
2023-2024,2024,44,Safe,66.13,exact
2023-2024,2024,49,Safe,39.97,exact
2023-2024,2024,50,Safe,65.41,exact
2023-2024,2024,51,Safe,52.03,exact
2023-2024,2024,56,Safe,56.43,fuzzy
2023-2024,2024,58,Over-exploited,127.37,exact
2023-2024,2024,59,Over-exploited,104.66,exact
2023-2024,2024,60,Over-exploited,180.89,exact
2023-2024,2024,61,Over-exploited,176.99,exact
2023-2024,2024,62,Over-exploited,212.77,alias
2023-2024,2024,63,Semi-critical,88.63,exact
2023-2024,2024,64,Safe,51.01,exact
2023-2024,2024,65,Over-exploited,113.31,exact
2023-2024,2024,66,Over-exploited,190.24,exact
2023-2024,2024,67,Over-exploited,173.85,exact
2023-2024,2024,68,Over-exploited,228.42,exact
2023-2024,2024,69,Over-exploited,145.5,exact
2023-2024,2024,70,Safe,62.28,exact
2023-2024,2024,71,Over-exploited,222.11,exact
2023-2024,2024,72,Over-exploited,132.71,exact
2023-2024,2024,73,Safe,51.14,exact
2023-2024,2024,74,Over-exploited,152.61,exact
2023-2024,2024,75,Over-exploited,104.61,exact
2023-2024,2024,76,Over-exploited,130.64,exact
2023-2024,2024,77,Semi-critical,81.01,exact
2023-2024,2024,78,Safe,63.96,exact
2023-2024,2024,79,Over-exploited,135.06,exact
2023-2024,2024,80,Over-exploited,114.48,exact
2023-2024,2024,81,Over-exploited,108.13,exact
2023-2024,2024,82,Safe,69.03,exact
2023-2024,2024,83,Critical,98.16,exact
2023-2024,2024,84,Critical,98.4,exact
2023-2024,2024,86,Over-exploited,138.07,exact
2023-2024,2024,87,Over-exploited,188.05,exact
2023-2024,2024,88,Safe,69.18,exact
2023-2024,2024,89,Over-exploited,134.2,exact
2023-2024,2024,90,Over-exploited,132.03,exact
2023-2024,2024,91,Over-exploited,123.48,exact
2023-2024,2024,92,Over-exploited,156.67,exact
2023-2024,2024,93,Over-exploited,139.15,exact
2023-2024,2024,94,Over-exploited,100.74,exact
2023-2024,2024,95,Over-exploited,161.62,fuzzy
2023-2024,2024,96,Over-exploited,128.89,exact
2023-2024,2024,97,Over-exploited,243.7,exact
2023-2024,2024,98,Over-exploited,139.75,alias
2023-2024,2024,99,Safe,61.8,exact
2023-2024,2024,100,Safe,40.02,exact
2023-2024,2024,101,Safe,64.06,exact
2023-2024,2024,102,Over-exploited,222.82,exact
2023-2024,2024,103,Over-exploited,357.67,exact
2023-2024,2024,104,Over-exploited,178.19,fuzzy
2023-2024,2024,105,Over-exploited,115.0,exact
2023-2024,2024,106,Over-exploited,219.59,exact
2023-2024,2024,107,Over-exploited,258.41,exact
2023-2024,2024,108,Over-exploited,159.15,exact
2023-2024,2024,109,Over-exploited,110.16,exact
2023-2024,2024,110,Over-exploited,183.84,exact
2023-2024,2024,111,Over-exploited,158.01,exact
2023-2024,2024,112,Over-exploited,125.14,exact
2023-2024,2024,113,Over-exploited,159.29,exact
2023-2024,2024,114,Over-exploited,194.12,exact
2023-2024,2024,115,Over-exploited,117.5,exact
2023-2024,2024,116,Over-exploited,102.68,exact
2023-2024,2024,117,Over-exploited,102.66,exact
2023-2024,2024,118,Over-exploited,117.3,exact
2023-2024,2024,119,Semi-critical,79.98,exact
2023-2024,2024,120,Semi-critical,72.71,exact
2023-2024,2024,121,Safe,62.84,exact
2023-2024,2024,122,Safe,62.27,exact
2023-2024,2024,123,Safe,59.38,exact
2023-2024,2024,124,Critical,95.94,fuzzy
2023-2024,2024,125,Safe,59.17,exact
2023-2024,2024,126,Safe,62.45,exact
2023-2024,2024,127,Safe,57.3,exact
2023-2024,2024,128,Safe,66.2,exact
2023-2024,2024,129,Safe,62.09,exact
2023-2024,2024,130,Semi-critical,72.45,exact
2023-2024,2024,131,Safe,65.43,exact
2023-2024,2024,132,Semi-critical,70.38,exact
2023-2024,2024,133,Semi-critical,82.98,exact
2023-2024,2024,134,Critical,94.98,fuzzy
2023-2024,2024,135,Safe,57.52,exact
2023-2024,2024,136,Semi-critical,82.83,exact
2023-2024,2024,137,Safe,62.4,exact
2023-2024,2024,138,Semi-critical,72.62,exact
2023-2024,2024,139,Safe,52.43,exact
2023-2024,2024,140,Safe,62.3,exact
2023-2024,2024,141,Semi-critical,74.24,exact
2023-2024,2024,142,Semi-critical,75.09,exact
2023-2024,2024,143,Over-exploited,105.95,exact
2023-2024,2024,144,Over-exploited,107.06,alias
2023-2024,2024,145,Over-exploited,124.04,exact
2023-2024,2024,146,Safe,58.86,exact
2023-2024,2024,147,Safe,61.29,exact
2023-2024,2024,148,Safe,63.77,exact
2023-2024,2024,149,Safe,67.33,exact
2023-2024,2024,150,Safe,61.17,exact
2023-2024,2024,151,Safe,55.73,exact
2023-2024,2024,152,Semi-critical,70.17,exact
2023-2024,2024,153,Safe,65.43,exact
2023-2024,2024,154,Critical,95.89,exact
2023-2024,2024,155,Semi-critical,78.82,exact
2023-2024,2024,156,Semi-critical,71.41,exact
2023-2024,2024,157,Semi-critical,79.08,exact
2023-2024,2024,158,Semi-critical,80.14,exact
2023-2024,2024,159,Safe,62.01,alias
2023-2024,2024,160,Safe,51.96,exact
2023-2024,2024,161,Semi-critical,84.15,exact
2023-2024,2024,162,Safe,66.48,exact
2023-2024,2024,163,Critical,93.95,exact
2023-2024,2024,164,Safe,64.06,fuzzy
2023-2024,2024,165,Critical,91.87,exact
2023-2024,2024,166,Semi-critical,73.49,exact
2023-2024,2024,167,Semi-critical,72.15,exact
2023-2024,2024,168,Safe,64.86,alias
2023-2024,2024,169,Semi-critical,76.92,exact
2023-2024,2024,170,Safe,61.8,exact
2023-2024,2024,171,Semi-critical,84.86,exact
2023-2024,2024,172,Semi-critical,77.42,exact
2023-2024,2024,173,Safe,62.78,exact
2023-2024,2024,174,Semi-critical,76.84,exact
2023-2024,2024,175,Safe,57.27,fuzzy
2023-2024,2024,176,Semi-critical,71.54,exact
2023-2024,2024,177,Critical,96.75,exact
2023-2024,2024,178,Safe,60.27,fuzzy
2023-2024,2024,179,Semi-critical,79.55,alias
2023-2024,2024,180,Safe,64.5,exact
2023-2024,2024,181,Safe,57.2,fuzzy
2023-2024,2024,182,Safe,64.31,exact
2023-2024,2024,183,Safe,57.35,exact
2023-2024,2024,184,Safe,50.87,exact
2023-2024,2024,185,Safe,61.67,exact
2023-2024,2024,186,Safe,61.46,exact
2023-2024,2024,187,Semi-critical,88.29,exact
2023-2024,2024,188,Safe,21.99,exact
2023-2024,2024,189,Safe,29.96,exact
2023-2024,2024,190,Safe,38.37,exact
2023-2024,2024,191,Safe,67.54,exact
2023-2024,2024,192,Safe,39.71,exact
2023-2024,2024,193,Safe,51.03,exact
2023-2024,2024,194,Safe,45.44,exact
2023-2024,2024,195,Safe,57.08,exact
2023-2024,2024,196,Safe,54.75,exact
2023-2024,2024,197,Safe,56.32,exact
2023-2024,2024,198,Safe,40.11,exact
2023-2024,2024,199,Semi-critical,80.73,exact
2023-2024,2024,200,Safe,43.51,alias
2023-2024,2024,201,Safe,42.48,exact
2023-2024,2024,202,Safe,63.7,exact
2023-2024,2024,203,Safe,34.44,exact
2023-2024,2024,204,Safe,28.8,exact
2023-2024,2024,205,Safe,39.35,exact
2023-2024,2024,206,Safe,46.25,exact
2023-2024,2024,207,Safe,35.91,exact
2023-2024,2024,208,Safe,66.33,exact
2023-2024,2024,209,Semi-critical,78.56,exact
2023-2024,2024,210,Safe,49.92,exact
2023-2024,2024,211,Safe,28.77,alias
2023-2024,2024,212,Safe,61.55,exact
2023-2024,2024,213,Safe,43.31,alias
2023-2024,2024,214,Safe,35.35,alias
2023-2024,2024,215,Safe,31.71,exact
2023-2024,2024,216,Safe,37.46,exact
2023-2024,2024,217,Safe,68.61,exact
2023-2024,2024,218,Safe,42.11,exact
2023-2024,2024,219,Safe,58.28,exact
2023-2024,2024,220,Safe,57.83,exact
2023-2024,2024,221,Safe,47.26,exact
2023-2024,2024,222,Safe,56.38,exact
2023-2024,2024,223,Safe,32.73,exact
2023-2024,2024,224,Safe,64.78,exact
2023-2024,2024,225,Safe,6.65,exact
2023-2024,2024,226,Safe,3.13,exact
2023-2024,2024,227,Safe,6.68,exact
2023-2024,2024,228,Safe,6.95,fuzzy
2023-2024,2024,229,Safe,0.79,exact
2023-2024,2024,230,Hilly area,,exact
2023-2024,2024,231,Safe,0.66,exact
2023-2024,2024,232,Safe,0.23,exact
2023-2024,2024,233,Hilly area,,exact
2023-2024,2024,234,Safe,0.24,exact
2023-2024,2024,235,Safe,0.35,exact
2023-2024,2024,236,Safe,0.71,exact
2023-2024,2024,237,Safe,1.44,exact
2023-2024,2024,238,Hilly area,,exact
2023-2024,2024,239,Safe,0.6,exact
2023-2024,2024,240,Hilly area,,exact
2023-2024,2024,241,Safe,0.85,exact
2023-2024,2024,242,Safe,0.41,exact
2023-2024,2024,243,Safe,0.1,exact
2023-2024,2024,244,Safe,7.18,exact
2023-2024,2024,245,Safe,5.42,exact
2023-2024,2024,246,Safe,2.58,exact
2023-2024,2024,247,Safe,3.63,exact
2023-2024,2024,248,Safe,2.23,exact
2023-2024,2024,249,Safe,1.7,exact
2023-2024,2024,250,Safe,2.23,exact
2023-2024,2024,251,Safe,3.73,exact
2023-2024,2024,252,Safe,5.71,exact
2023-2024,2024,253,Hilly area,,exact
2023-2024,2024,254,Safe,6.18,fuzzy
2023-2024,2024,255,Safe,8.07,exact
2023-2024,2024,256,Safe,11.05,exact
2023-2024,2024,257,Hilly area,,exact
2023-2024,2024,258,Hilly area,,exact
2023-2024,2024,259,Safe,9.84,exact
2023-2024,2024,260,Hilly area,,exact
2023-2024,2024,261,Safe,13.91,exact
2023-2024,2024,262,Safe,3.05,exact
2023-2024,2024,263,Safe,1.22,exact
2023-2024,2024,264,Safe,3.39,exact
2023-2024,2024,265,Safe,4.07,exact
2023-2024,2024,266,Safe,2.23,exact
2023-2024,2024,267,Safe,5.77,exact
2023-2024,2024,268,Safe,6.05,exact
2023-2024,2024,269,Safe,6.06,exact
2023-2024,2024,270,Safe,10.57,exact
2023-2024,2024,271,Safe,6.13,exact
2023-2024,2024,272,Safe,21.47,exact
2023-2024,2024,273,Safe,4.0,exact
2023-2024,2024,274,Safe,3.19,exact
2023-2024,2024,275,Safe,5.86,exact
2023-2024,2024,276,Safe,5.69,exact
2023-2024,2024,277,Safe,1.19,exact
2023-2024,2024,278,Safe,16.61,exact
2023-2024,2024,279,Safe,1.59,exact
2023-2024,2024,280,Safe,36.75,exact
2023-2024,2024,281,Safe,25.76,exact
2023-2024,2024,282,Safe,3.28,exact
2023-2024,2024,283,Safe,33.86,exact
2023-2024,2024,284,Safe,4.76,exact
2023-2024,2024,285,Safe,28.74,exact
2023-2024,2024,286,Safe,6.81,exact
2023-2024,2024,287,Safe,21.34,exact
2023-2024,2024,288,Safe,6.13,exact
2023-2024,2024,289,Safe,2.59,exact
2023-2024,2024,290,Safe,12.41,exact
2023-2024,2024,291,Safe,35.41,exact
2023-2024,2024,292,Safe,2.83,exact
2023-2024,2024,293,Safe,4.41,exact
2023-2024,2024,294,Safe,5.1,exact
2023-2024,2024,295,Safe,9.68,exact
2023-2024,2024,296,Safe,34.98,fuzzy
2023-2024,2024,297,Safe,29.0,exact
2023-2024,2024,298,Safe,26.73,exact
2023-2024,2024,299,Safe,1.01,exact
2023-2024,2024,300,Safe,4.82,alias
2023-2024,2024,301,Safe,9.68,exact
2023-2024,2024,302,Safe,5.03,exact
2023-2024,2024,303,Safe,69.72,alias
2023-2024,2024,304,Saline,-100000.0,alias
2023-2024,2024,305,Safe,40.59,exact
2023-2024,2024,306,Safe,51.68,fuzzy
2023-2024,2024,307,Safe,32.74,exact
2023-2024,2024,308,Safe,46.13,alias
2023-2024,2024,309,Safe,16.41,alias
2023-2024,2024,310,Safe,60.43,alias
2023-2024,2024,311,Safe,47.55,alias
2023-2024,2024,312,Safe,53.66,alias
2023-2024,2024,313,Safe,20.41,alias
2023-2024,2024,314,Safe,12.15,exact
2023-2024,2024,315,Saline,-100000.0,fuzzy
2023-2024,2024,316,Safe,35.85,fuzzy
2023-2024,2024,317,Safe,36.37,alias
2023-2024,2024,318,Safe,53.14,alias
2023-2024,2024,319,Safe,60.54,exact
2023-2024,2024,320,Semi-critical,85.18,exact
2023-2024,2024,321,Safe,17.72,fuzzy
2023-2024,2024,322,Safe,45.62,exact
2023-2024,2024,323,Safe,37.9,exact
2023-2024,2024,324,Safe,52.33,exact
2023-2024,2024,325,Semi-critical,73.24,exact
2023-2024,2024,326,Safe,23.78,exact
2023-2024,2024,327,Safe,29.43,alias
2023-2024,2024,328,Safe,36.25,exact
2023-2024,2024,329,Safe,37.85,exact
2023-2024,2024,330,Safe,21.47,exact
2023-2024,2024,331,Safe,17.31,exact
2023-2024,2024,332,Safe,36.36,exact
2023-2024,2024,333,Safe,44.68,exact
2023-2024,2024,334,Safe,65.74,exact
2023-2024,2024,335,Safe,29.08,exact
2023-2024,2024,336,Safe,15.21,exact
2023-2024,2024,337,Safe,14.36,exact
2023-2024,2024,338,Safe,34.95,exact
2023-2024,2024,339,Safe,46.37,exact
2023-2024,2024,340,Safe,15.8,fuzzy
2023-2024,2024,341,Safe,21.82,exact
2023-2024,2024,342,Safe,13.62,exact
2023-2024,2024,343,Safe,10.74,exact
2023-2024,2024,344,Safe,54.4,fuzzy
2023-2024,2024,345,Safe,51.79,fuzzy
2023-2024,2024,346,Safe,59.07,alias
2023-2024,2024,347,Safe,55.71,exact
2023-2024,2024,348,Safe,60.54,exact
2023-2024,2024,349,Safe,46.96,exact
2023-2024,2024,350,Safe,47.01,exact
2023-2024,2024,351,Safe,58.91,exact
2023-2024,2024,352,Safe,38.8,exact
2023-2024,2024,353,Safe,36.18,exact
2023-2024,2024,354,Safe,43.8,exact
2023-2024,2024,355,Safe,58.93,fuzzy
2023-2024,2024,356,Safe,64.89,fuzzy
2023-2024,2024,357,Safe,51.3,exact
2023-2024,2024,358,Safe,44.42,exact
2023-2024,2024,359,Safe,32.52,exact
2023-2024,2024,360,Safe,64.04,exact
2023-2024,2024,361,Safe,46.28,alias
2023-2024,2024,362,Safe,63.14,alias
2023-2024,2024,363,Safe,26.15,exact
2023-2024,2024,364,Safe,20.24,exact
2023-2024,2024,365,Safe,45.16,exact
2023-2024,2024,366,Safe,39.08,fuzzy
2023-2024,2024,367,Safe,47.52,exact
2023-2024,2024,368,Safe,63.96,exact
2023-2024,2024,369,Safe,54.15,exact
2023-2024,2024,370,Safe,35.55,exact
2023-2024,2024,371,Safe,34.63,exact
2023-2024,2024,372,Safe,51.91,alias
2023-2024,2024,373,Safe,45.34,exact
2023-2024,2024,374,Safe,34.24,exact
2023-2024,2024,375,Safe,60.11,exact
2023-2024,2024,376,Safe,18.44,exact
2023-2024,2024,377,Semi-critical,73.09,exact
2023-2024,2024,378,Semi-critical,75.21,exact
2023-2024,2024,379,Safe,25.47,exact
2023-2024,2024,380,Safe,48.29,exact
2023-2024,2024,381,Safe,37.71,exact
2023-2024,2024,382,Safe,59.04,exact
2023-2024,2024,383,Safe,35.75,exact
2023-2024,2024,384,Safe,49.25,exact
2023-2024,2024,385,Safe,60.34,exact
2023-2024,2024,386,Safe,43.07,exact
2023-2024,2024,387,Safe,59.16,exact
2023-2024,2024,388,Safe,69.44,exact
2023-2024,2024,389,Safe,47.56,exact
2023-2024,2024,390,Safe,25.22,exact
2023-2024,2024,391,Safe,62.54,exact
2023-2024,2024,392,Safe,23.29,exact
2023-2024,2024,393,Semi-critical,70.05,exact
2023-2024,2024,394,Safe,48.7,exact
2023-2024,2024,395,Safe,32.56,exact
2023-2024,2024,396,Semi-critical,79.29,exact
2023-2024,2024,397,Semi-critical,71.77,exact
2023-2024,2024,398,Safe,64.17,exact
2023-2024,2024,399,Safe,61.9,exact
2023-2024,2024,400,Safe,58.42,exact
2023-2024,2024,401,Safe,36.24,exact
2023-2024,2024,402,Semi-critical,78.96,exact
2023-2024,2024,403,Safe,65.9,exact
2023-2024,2024,404,Safe,13.73,exact
2023-2024,2024,405,Safe,39.78,alias
2023-2024,2024,406,Safe,64.6,exact
2023-2024,2024,407,Safe,33.47,exact
2023-2024,2024,408,Safe,36.0,exact
2023-2024,2024,409,Safe,25.23,alias
2023-2024,2024,410,Over-exploited,118.84,exact
2023-2024,2024,411,Safe,53.26,exact
2023-2024,2024,412,Safe,42.35,exact
2023-2024,2024,413,Safe,47.5,exact
2023-2024,2024,414,Safe,44.67,exact
2023-2024,2024,415,Safe,21.99,exact
2023-2024,2024,416,Over-exploited,101.81,exact
2023-2024,2024,417,Safe,42.82,exact
2023-2024,2024,418,Safe,65.49,exact
2023-2024,2024,419,Over-exploited,101.53,exact
2023-2024,2024,420,Safe,36.45,exact
2023-2024,2024,421,Safe,51.6,exact
2023-2024,2024,422,Semi-critical,88.52,exact
2023-2024,2024,423,Over-exploited,134.03,exact
2023-2024,2024,424,Safe,54.65,exact
2023-2024,2024,425,Safe,59.07,exact
2023-2024,2024,426,Safe,64.23,exact
2023-2024,2024,427,Safe,62.51,exact
2023-2024,2024,428,Safe,43.19,exact
2023-2024,2024,429,Safe,15.18,exact
2023-2024,2024,430,Over-exploited,104.15,exact
2023-2024,2024,431,Safe,38.3,exact
2023-2024,2024,432,Safe,66.83,exact
2023-2024,2024,433,Safe,37.77,exact
2023-2024,2024,434,Semi-critical,78.3,exact
2023-2024,2024,435,Over-exploited,106.54,exact
2023-2024,2024,436,Safe,19.01,exact
2023-2024,2024,437,Safe,63.39,exact
2023-2024,2024,438,Semi-critical,73.63,fuzzy
2023-2024,2024,439,Safe,55.35,exact
2023-2024,2024,440,Safe,27.58,exact
2023-2024,2024,441,Over-exploited,119.81,exact
2023-2024,2024,442,Safe,26.64,exact
2023-2024,2024,443,Safe,42.71,exact
2023-2024,2024,444,Safe,13.39,exact
2023-2024,2024,445,Safe,37.97,alias
2023-2024,2024,446,Over-exploited,102.67,exact
2023-2024,2024,447,Safe,40.11,exact
2023-2024,2024,448,Safe,45.6,exact
2023-2024,2024,449,Safe,54.43,exact
2023-2024,2024,450,Safe,38.61,exact
2023-2024,2024,451,Over-exploited,109.67,exact
2023-2024,2024,452,Safe,63.14,exact
2023-2024,2024,453,Safe,29.53,exact
2023-2024,2024,454,Safe,23.91,fuzzy
2023-2024,2024,455,Over-exploited,112.1,exact
2023-2024,2024,456,Safe,56.76,exact
2023-2024,2024,457,Safe,65.66,exact
2023-2024,2024,458,Semi-critical,72.05,exact
2023-2024,2024,459,Safe,42.41,exact
2023-2024,2024,460,Safe,49.09,exact
2023-2024,2024,461,Safe,66.89,exact
2023-2024,2024,462,Safe,29.58,exact
2023-2024,2024,463,Over-exploited,158.77,exact
2023-2024,2024,464,Over-exploited,231.63,exact
2023-2024,2024,465,Over-exploited,130.53,fuzzy
2023-2024,2024,466,Semi-critical,79.0,alias
2023-2024,2024,467,Safe,64.57,exact
2023-2024,2024,468,Semi-critical,79.26,exact
2023-2024,2024,469,Safe,64.69,alias
2023-2024,2024,470,Safe,59.44,exact
2023-2024,2024,471,Safe,30.12,exact
2023-2024,2024,472,Semi-critical,74.24,exact
2023-2024,2024,473,Safe,29.52,exact
2023-2024,2024,474,Safe,51.6,exact
2023-2024,2024,475,Safe,26.22,exact
2023-2024,2024,476,Safe,26.64,fuzzy
2023-2024,2024,477,Safe,39.32,exact
2023-2024,2024,478,Semi-critical,77.71,exact
2023-2024,2024,479,Safe,52.21,exact
2023-2024,2024,480,Safe,42.5,exact
2023-2024,2024,481,Safe,53.75,exact
2023-2024,2024,482,Safe,46.03,exact
2023-2024,2024,483,Safe,27.52,exact
2023-2024,2024,484,Safe,47.86,exact
2023-2024,2024,485,Safe,32.06,exact
2023-2024,2024,486,Safe,41.76,exact
2023-2024,2024,487,Safe,57.67,exact
2023-2024,2024,488,Safe,59.74,alias
2023-2024,2024,489,Safe,46.03,exact
2023-2024,2024,490,Safe,64.51,exact
2023-2024,2024,491,Safe,17.19,exact
2023-2024,2024,492,Safe,17.88,exact
2023-2024,2024,493,Safe,53.48,exact
2023-2024,2024,494,Safe,62.57,exact
2023-2024,2024,495,Safe,43.54,exact
2023-2024,2024,496,Semi-critical,77.6,exact
2023-2024,2024,497,Safe,19.2,exact
2023-2024,2024,498,Safe,50.15,exact
2023-2024,2024,499,Safe,57.1,exact
2023-2024,2024,500,Safe,38.12,exact
2023-2024,2024,501,Safe,35.72,exact
2023-2024,2024,502,Safe,35.32,alias
2023-2024,2024,503,Safe,59.26,exact
2023-2024,2024,504,Safe,40.68,alias
2023-2024,2024,505,Safe,33.52,exact
2023-2024,2024,506,Safe,20.49,exact
2023-2024,2024,507,Over-exploited,102.79,exact
2023-2024,2024,508,Safe,27.73,exact
2023-2024,2024,509,Safe,45.45,exact
2023-2024,2024,510,Safe,29.65,exact
2023-2024,2024,511,Safe,30.58,exact
2023-2024,2024,512,Semi-critical,70.57,exact
2023-2024,2024,513,Safe,63.47,exact
2023-2024,2024,514,Safe,52.35,exact
2023-2024,2024,515,Safe,23.45,alias
2023-2024,2024,516,Safe,55.83,exact
2023-2024,2024,517,Safe,50.0,exact
2023-2024,2024,518,Safe,66.48,exact
2023-2024,2024,519,Safe,35.32,exact
2023-2024,2024,520,Safe,44.89,fuzzy
2023-2024,2024,521,Safe,26.41,exact
2023-2024,2024,522,Safe,54.96,exact
2023-2024,2024,523,Safe,8.35,exact
2023-2024,2024,524,Semi-critical,84.42,fuzzy
2023-2024,2024,525,Over-exploited,186.7,exact
2023-2024,2024,526,Over-exploited,147.05,exact
2023-2024,2024,527,Semi-critical,71.87,exact
2023-2024,2024,528,Safe,26.63,exact
2023-2024,2024,529,Safe,60.42,exact
2023-2024,2024,530,Safe,44.07,exact
2023-2024,2024,531,Critical,96.07,exact
2023-2024,2024,532,Safe,55.59,exact
2023-2024,2024,533,Over-exploited,144.44,exact
2023-2024,2024,534,Safe,44.29,exact
2023-2024,2024,535,Critical,90.69,fuzzy
2023-2024,2024,536,Safe,55.32,exact
2023-2024,2024,537,Semi-critical,81.33,exact
2023-2024,2024,538,Safe,43.54,fuzzy
2023-2024,2024,539,Safe,65.71,exact
2023-2024,2024,540,Semi-critical,70.65,exact
2023-2024,2024,541,Safe,35.44,exact
2023-2024,2024,542,Over-exploited,193.35,fuzzy
2023-2024,2024,543,Safe,63.46,exact
2023-2024,2024,544,Safe,63.84,exact
2023-2024,2024,545,Safe,51.58,exact
2023-2024,2024,546,Safe,47.4,exact
2023-2024,2024,547,Safe,41.1,exact
2023-2024,2024,548,Critical,90.86,exact
2023-2024,2024,549,Safe,34.42,exact
2023-2024,2024,550,Safe,32.2,exact
2023-2024,2024,551,Safe,27.01,alias
2023-2024,2024,552,Safe,19.81,exact
2023-2024,2024,554,Safe,40.01,exact
2023-2024,2024,555,Safe,49.58,exact
2023-2024,2024,556,Safe,52.9,exact
2023-2024,2024,557,Safe,49.7,exact
2023-2024,2024,558,Semi-critical,72.99,fuzzy
2023-2024,2024,559,Safe,50.17,exact
2023-2024,2024,560,Safe,36.56,exact
2023-2024,2024,561,Safe,62.0,fuzzy
2023-2024,2024,562,Semi-critical,73.19,exact
2023-2024,2024,563,Safe,58.73,exact
2023-2024,2024,564,Safe,32.18,exact
2023-2024,2024,565,Safe,66.07,exact
2023-2024,2024,566,Safe,59.6,exact
2023-2024,2024,567,Safe,26.29,exact
2023-2024,2024,568,Over-exploited,124.89,exact
2023-2024,2024,569,Semi-critical,86.69,exact
2023-2024,2024,570,Safe,64.97,exact
2023-2024,2024,571,Critical,95.46,exact
2023-2024,2024,572,Over-exploited,110.85,exact
2023-2024,2024,573,Semi-critical,81.55,exact
2023-2024,2024,574,Safe,49.44,fuzzy
2023-2024,2024,575,Safe,16.67,exact
2023-2024,2024,576,Critical,96.87,exact
2023-2024,2024,577,Critical,95.89,exact
2023-2024,2024,578,Safe,66.95,exact
2023-2024,2024,579,Saline,-100000.0,exact
2023-2024,2024,580,Over-exploited,112.36,exact
2023-2024,2024,581,Over-exploited,109.44,exact
2023-2024,2024,582,Safe,50.82,exact
2023-2024,2024,583,Safe,10.33,exact
2023-2024,2024,584,Over-exploited,146.74,exact
2023-2024,2024,585,Safe,29.45,fuzzy
2023-2024,2024,586,Over-exploited,100.81,exact
2023-2024,2024,587,Safe,6.8,exact
2023-2024,2024,588,Semi-critical,76.54,exact
2023-2024,2024,589,Safe,54.58,fuzzy
2023-2024,2024,590,Safe,67.24,exact
2023-2024,2024,591,Semi-critical,73.1,exact
2023-2024,2024,592,Safe,43.21,exact
2023-2024,2024,593,Semi-critical,82.87,exact
2023-2024,2024,594,Safe,34.85,alias
2023-2024,2024,595,Over-exploited,121.48,exact
2023-2024,2024,596,Semi-critical,87.33,exact
2023-2024,2024,597,Safe,55.8,exact
2023-2024,2024,598,Safe,38.44,exact
2023-2024,2024,600,Semi-critical,86.6,alias
2023-2024,2024,602,Safe,3.53,alias
2023-2024,2024,603,Safe,0.89,alias
2023-2024,2024,604,Semi-critical,75.98,alias
2023-2024,2024,605,Over-exploited,218.84,exact
2023-2024,2024,606,Safe,26.92,exact
2023-2024,2024,607,Safe,60.12,exact
2023-2024,2024,608,Over-exploited,127.22,exact
2023-2024,2024,609,Over-exploited,191.65,exact
2023-2024,2024,610,Safe,52.2,exact
2023-2024,2024,611,Safe,48.18,exact
2023-2024,2024,612,Safe,2.56,exact
2023-2024,2024,613,Safe,4.82,exact
2023-2024,2024,614,Safe,2.1,exact
2023-2024,2024,615,Safe,0.64,exact
2023-2024,2024,616,Safe,3.52,exact
2023-2024,2024,617,Safe,12.5,exact
2023-2024,2024,618,Safe,22.72,alias
2023-2024,2024,619,Critical,94.48,exact
2023-2024,2024,620,Safe,15.72,exact
2023-2024,2024,621,Safe,33.28,exact
2023-2024,2024,622,Safe,20.47,exact
2023-2024,2024,623,Safe,11.53,exact
2023-2024,2024,624,Safe,13.78,exact
2023-2024,2024,625,Safe,15.44,exact
2023-2024,2024,626,Safe,52.75,exact
2023-2024,2024,627,Safe,10.99,exact
2023-2024,2024,628,Hilly area,,exact
2023-2024,2024,629,Over-exploited,130.41,exact
2023-2024,2024,630,Over-exploited,164.33,exact
2023-2024,2024,631,Critical,97.94,alias
2023-2024,2024,632,Safe,1.91,alias
2023-2024,2024,633,Semi-critical,70.06,exact
2023-2024,2024,634,Semi-critical,83.62,exact
2023-2024,2024,635,Safe,37.52,exact
2023-2024,2024,636,Safe,10.48,exact
2023-2024,2024,637,Safe,7.33,exact
2023-2024,2024,638,Safe,39.7,exact
2023-2024,2024,639,Safe,41.45,exact
2023-2024,2024,640,Safe,65.67,exact
2023-2024,2024,641,Safe,32.66,exact
2023-2024,2024,642,Safe,6.18,exact
2023-2024,2024,643,Safe,43.16,exact
2023-2024,2024,644,Safe,43.02,exact
2023-2024,2024,645,Safe,63.41,fuzzy
2023-2024,2024,646,Semi-critical,73.98,exact
2023-2024,2024,647,Safe,45.88,exact
2023-2024,2024,648,Safe,61.26,exact
2023-2024,2024,649,Safe,25.77,exact
2023-2024,2024,650,Critical,92.81,exact
2023-2024,2024,651,Safe,62.2,exact
2023-2024,2024,652,Safe,9.3,exact
2023-2024,2024,653,Safe,11.87,exact
2023-2024,2024,654,Safe,5.45,exact
2023-2024,2024,655,Safe,7.69,exact
2023-2024,2024,656,Safe,4.9,exact
2023-2024,2024,657,Safe,1.25,exact
2023-2024,2024,658,Safe,1.05,exact
2023-2024,2024,659,Semi-critical,87.91,exact
2023-2024,2024,660,Over-exploited,101.3,exact
2023-2024,2024,661,Critical,95.73,exact
2023-2024,2024,662,Safe,51.4,exact
2023-2024,2024,663,Safe,17.2,exact
2023-2024,2024,664,Safe,11.15,exact
2023-2024,2024,665,Safe,24.04,exact
2023-2024,2024,667,Critical,90.03,exact
2023-2024,2024,668,Safe,43.28,exact
2023-2024,2024,669,Safe,49.09,exact
2023-2024,2024,670,Critical,94.63,exact
2023-2024,2024,672,Safe,42.67,exact
2023-2024,2024,673,Safe,50.94,exact
2023-2024,2024,674,Safe,68.27,exact
2023-2024,2024,675,Safe,47.62,exact
2023-2024,2024,676,Safe,57.14,exact
2023-2024,2024,680,Safe,36.42,exact
2023-2024,2024,681,Safe,40.22,fuzzy
2023-2024,2024,682,Safe,45.38,fuzzy
2023-2024,2024,683,Safe,62.02,fuzzy
2023-2024,2024,684,Safe,28.19,exact
2023-2024,2024,685,Safe,52.28,exact
2023-2024,2024,686,Safe,60.39,exact
2023-2024,2024,687,Safe,43.0,exact
2023-2024,2024,688,Safe,54.19,exact
2023-2024,2024,689,Safe,57.8,fuzzy
2023-2024,2024,690,Safe,31.69,exact
2023-2024,2024,691,Safe,51.73,exact
2023-2024,2024,692,Safe,67.33,exact
2023-2024,2024,693,Safe,40.56,exact
2023-2024,2024,694,Safe,43.65,exact
2023-2024,2024,695,Safe,34.65,exact
2023-2024,2024,696,Safe,36.83,exact
2023-2024,2024,697,Safe,64.81,exact
2023-2024,2024,698,Safe,41.83,exact
2023-2024,2024,699,Safe,15.92,fuzzy
2023-2024,2024,700,Semi-critical,71.7,exact
2023-2024,2024,701,Over-exploited,108.9,fuzzy
2023-2024,2024,702,Safe,1.8,exact
2023-2024,2024,703,Safe,24.92,exact
2023-2024,2024,704,Safe,49.68,fuzzy
2023-2024,2024,720,Safe,23.4,fuzzy
2023-2024,2024,721,Safe,43.39,exact
2023-2024,2024,722,Safe,67.24,exact
2023-2024,2024,729,Semi-critical,83.41,fuzzy
2023-2024,2024,730,Safe,68.28,exact
2023-2024,2024,731,Semi-critical,88.76,exact
2023-2024,2024,732,Over-exploited,139.22,exact
2023-2024,2024,733,Semi-critical,76.67,exact
2023-2024,2024,734,Safe,39.43,fuzzy
2023-2024,2024,735,Over-exploited,123.55,exact
2023-2024,2024,737,Over-exploited,302.65,exact
2023-2024,2024,738,Semi-critical,88.25,fuzzy
2023-2024,2024,741,Safe,4.86,exact
2023-2024,2024,742,Safe,7.85,exact
2023-2024,2024,743,Safe,25.09,exact
2023-2024,2024,744,Safe,26.93,exact
2023-2024,2024,745,Safe,1.49,exact
2023-2024,2024,746,Safe,15.96,exact
2023-2024,2024,747,Safe,9.93,exact
2023-2024,2024,748,Safe,27.47,exact
2023-2024,2024,749,Safe,39.14,exact
2023-2024,2024,750,Safe,27.34,exact
2023-2024,2024,751,Safe,30.33,exact
2023-2024,2024,752,Safe,34.93,fuzzy
2023-2024,2024,753,Safe,43.12,exact
2023-2024,2024,754,Safe,60.66,exact
2023-2024,2024,755,Safe,16.46,exact
2023-2024,2024,759,Safe,62.84,fuzzy
2023-2024,2024,760,Safe,20.46,fuzzy
2023-2024,2024,761,Safe,38.69,fuzzy
2023-2024,2024,762,Safe,47.69,exact
2023-2024,2024,763,Safe,38.93,fuzzy
2024-2025,2025,1,Safe,23.7,exact
2024-2025,2025,2,Safe,27.93,exact
2024-2025,2025,3,Safe,22.53,exact
2024-2025,2025,4,Safe,20.57,exact
2024-2025,2025,5,Safe,33.14,exact
2024-2025,2025,6,Safe,34.15,exact
2024-2025,2025,7,Safe,23.92,exact
2024-2025,2025,8,Hilly area,,exact
2024-2025,2025,9,Safe,29.96,alias
2024-2025,2025,10,Safe,16.92,exact
2024-2025,2025,11,Safe,38.17,exact
2024-2025,2025,12,Safe,12.62,exact
2024-2025,2025,13,Safe,56.54,exact
2024-2025,2025,14,Safe,21.45,exact
2024-2025,2025,15,,,alias
2024-2025,2025,16,,,alias
2024-2025,2025,17,,,alias
2024-2025,2025,18,Safe,24.38,alias
2024-2025,2025,19,,,alias
2024-2025,2025,20,,,alias
2024-2025,2025,21,,,alias
2024-2025,2025,22,Safe,18.35,alias
2024-2025,2025,23,,,alias
2024-2025,2025,24,Safe,26.13,alias
2024-2025,2025,25,Safe,69.42,alias
2024-2025,2025,26,Safe,65.1,exact
2024-2025,2025,27,Over-exploited,160.33,exact
2024-2025,2025,28,Over-exploited,128.04,exact
2024-2025,2025,29,Over-exploited,119.22,exact
2024-2025,2025,30,Over-exploited,182.13,exact
2024-2025,2025,31,Over-exploited,108.86,alias
2024-2025,2025,32,Over-exploited,121.14,exact
2024-2025,2025,33,Over-exploited,124.81,exact
2024-2025,2025,34,Over-exploited,281.17,exact
2024-2025,2025,35,Over-exploited,242.96,exact
2024-2025,2025,36,Over-exploited,194.65,exact
2024-2025,2025,37,Over-exploited,108.71,exact
2024-2025,2025,38,Over-exploited,233.09,exact
2024-2025,2025,39,Safe,27.81,alias
2024-2025,2025,40,Over-exploited,115.21,alias
2024-2025,2025,41,Over-exploited,208.53,exact
2024-2025,2025,42,Critical,92.8,exact
2024-2025,2025,43,Over-exploited,309.99,exact
2024-2025,2025,44,Safe,67.0,exact
2024-2025,2025,49,Safe,40.05,exact
2024-2025,2025,50,Safe,65.64,exact
2024-2025,2025,51,Safe,54.23,exact
2024-2025,2025,56,Safe,56.46,fuzzy
2024-2025,2025,58,Over-exploited,130.16,exact
2024-2025,2025,59,Over-exploited,110.9,exact
2024-2025,2025,60,Over-exploited,175.38,exact
2024-2025,2025,61,Over-exploited,177.9,exact
2024-2025,2025,62,Over-exploited,194.6,alias
2024-2025,2025,63,Semi-critical,72.71,exact
2024-2025,2025,64,Safe,49.6,exact
2024-2025,2025,65,Over-exploited,116.25,exact
2024-2025,2025,66,Over-exploited,196.96,exact
2024-2025,2025,67,Over-exploited,173.53,exact
2024-2025,2025,68,Over-exploited,225.54,exact
2024-2025,2025,69,Over-exploited,156.85,exact
2024-2025,2025,70,Safe,62.06,exact
2024-2025,2025,71,Over-exploited,217.84,exact
2024-2025,2025,72,Over-exploited,133.17,exact
2024-2025,2025,73,Safe,48.79,exact
2024-2025,2025,74,Over-exploited,159.72,exact
2024-2025,2025,75,Over-exploited,108.73,exact
2024-2025,2025,76,Over-exploited,133.19,exact
2024-2025,2025,77,Semi-critical,75.62,exact
2024-2025,2025,78,Safe,65.71,exact
2024-2025,2025,79,Over-exploited,123.24,exact
2024-2025,2025,80,Semi-critical,89.13,exact
2024-2025,2025,81,Over-exploited,106.01,exact
2024-2025,2025,82,Safe,64.82,exact
2024-2025,2025,83,Semi-critical,88.25,exact
2024-2025,2025,84,Critical,92.54,exact
2024-2025,2025,86,Over-exploited,138.14,exact
2024-2025,2025,87,Over-exploited,182.14,exact
2024-2025,2025,88,Safe,69.63,exact
2024-2025,2025,89,Over-exploited,134.91,exact
2024-2025,2025,90,Over-exploited,134.5,exact
2024-2025,2025,91,Over-exploited,116.72,exact
2024-2025,2025,92,Over-exploited,155.81,exact
2024-2025,2025,93,Over-exploited,140.57,exact
2024-2025,2025,94,Critical,95.91,exact
2024-2025,2025,95,Over-exploited,161.86,fuzzy
2024-2025,2025,96,Over-exploited,128.88,exact
2024-2025,2025,97,Over-exploited,232.64,exact
2024-2025,2025,98,Over-exploited,138.03,alias
2024-2025,2025,99,Safe,61.2,exact
2024-2025,2025,100,Safe,40.37,exact
2024-2025,2025,101,Safe,65.35,exact
2024-2025,2025,102,Over-exploited,217.01,exact
2024-2025,2025,103,Over-exploited,321.84,exact
2024-2025,2025,104,Over-exploited,178.14,fuzzy
2024-2025,2025,105,Over-exploited,105.93,exact
2024-2025,2025,106,Over-exploited,227.55,exact
2024-2025,2025,107,Over-exploited,254.97,exact
2024-2025,2025,108,Over-exploited,149.49,exact
2024-2025,2025,109,Over-exploited,110.99,exact
2024-2025,2025,110,Over-exploited,187.24,exact
2024-2025,2025,111,Over-exploited,158.32,exact
2024-2025,2025,112,Over-exploited,120.66,exact
2024-2025,2025,113,Over-exploited,152.11,exact
2024-2025,2025,114,Over-exploited,191.35,exact
2024-2025,2025,115,Over-exploited,119.3,exact
2024-2025,2025,116,Critical,91.42,exact
2024-2025,2025,117,Over-exploited,100.08,exact
2024-2025,2025,118,Over-exploited,111.39,exact
2024-2025,2025,119,Semi-critical,80.25,exact
2024-2025,2025,120,Semi-critical,73.37,exact
2024-2025,2025,121,Safe,63.06,exact
2024-2025,2025,122,Safe,63.01,exact
2024-2025,2025,123,Safe,59.22,exact
2024-2025,2025,124,Critical,95.91,fuzzy
2024-2025,2025,125,Safe,58.39,exact
2024-2025,2025,126,Safe,61.96,exact
2024-2025,2025,127,Safe,54.96,exact
2024-2025,2025,128,Safe,66.92,exact
2024-2025,2025,129,Safe,62.16,exact
2024-2025,2025,130,Semi-critical,71.64,exact
2024-2025,2025,131,Safe,64.74,exact
2024-2025,2025,132,Safe,69.42,exact
2024-2025,2025,133,Semi-critical,79.39,exact
2024-2025,2025,134,Critical,93.14,fuzzy
2024-2025,2025,135,Safe,60.42,exact
2024-2025,2025,136,Semi-critical,81.17,exact
2024-2025,2025,137,Safe,63.03,exact
2024-2025,2025,138,Semi-critical,71.17,exact
2024-2025,2025,139,Safe,53.07,exact
2024-2025,2025,140,Safe,61.95,exact
2024-2025,2025,141,Semi-critical,74.4,exact
2024-2025,2025,142,Semi-critical,71.86,exact
2024-2025,2025,143,Critical,98.86,exact
2024-2025,2025,144,Over-exploited,105.21,alias
2024-2025,2025,145,Over-exploited,123.75,exact
2024-2025,2025,146,Safe,61.05,exact
2024-2025,2025,147,Safe,61.03,exact
2024-2025,2025,148,Safe,62.88,exact
2024-2025,2025,149,Safe,66.06,exact
2024-2025,2025,150,Safe,61.55,exact
2024-2025,2025,151,Safe,56.88,exact
2024-2025,2025,152,Semi-critical,70.25,exact
2024-2025,2025,153,Safe,66.11,exact
2024-2025,2025,154,Critical,93.08,exact
2024-2025,2025,155,Semi-critical,79.12,exact
2024-2025,2025,156,Semi-critical,71.35,exact
2024-2025,2025,157,Semi-critical,78.59,exact
2024-2025,2025,158,Semi-critical,81.12,exact
2024-2025,2025,159,Safe,60.98,alias
2024-2025,2025,160,Safe,51.39,exact
2024-2025,2025,161,Semi-critical,83.03,exact
2024-2025,2025,162,Safe,68.11,exact
2024-2025,2025,163,Critical,91.46,exact
2024-2025,2025,164,Safe,64.13,fuzzy
2024-2025,2025,165,Semi-critical,88.79,exact
2024-2025,2025,166,Semi-critical,72.65,exact
2024-2025,2025,167,Semi-critical,70.94,exact
2024-2025,2025,168,Safe,64.74,alias
2024-2025,2025,169,Semi-critical,78.89,exact
2024-2025,2025,170,Safe,63.04,exact
2024-2025,2025,171,Semi-critical,86.31,exact
2024-2025,2025,172,Semi-critical,79.68,exact
2024-2025,2025,173,Safe,62.35,exact
2024-2025,2025,174,Semi-critical,76.36,exact
2024-2025,2025,175,Safe,59.46,fuzzy
2024-2025,2025,176,Semi-critical,70.53,exact
2024-2025,2025,177,Critical,96.68,exact
2024-2025,2025,178,Safe,60.55,fuzzy
2024-2025,2025,179,Semi-critical,74.61,alias
2024-2025,2025,180,Safe,61.97,exact
2024-2025,2025,181,Safe,58.42,fuzzy
2024-2025,2025,182,Safe,63.89,exact
2024-2025,2025,183,Safe,58.07,exact
2024-2025,2025,184,Safe,49.22,exact
2024-2025,2025,185,Safe,62.26,exact
2024-2025,2025,186,Safe,61.4,exact
2024-2025,2025,187,Semi-critical,89.25,exact
2024-2025,2025,188,Safe,21.41,exact
2024-2025,2025,189,Safe,34.41,exact
2024-2025,2025,190,Safe,42.87,exact
2024-2025,2025,191,Safe,67.67,exact
2024-2025,2025,192,Safe,46.82,exact
2024-2025,2025,193,Safe,49.98,exact
2024-2025,2025,194,Safe,47.4,exact
2024-2025,2025,195,Safe,58.25,exact
2024-2025,2025,196,Safe,55.59,exact
2024-2025,2025,197,Safe,57.26,exact
2024-2025,2025,198,Safe,41.7,exact
2024-2025,2025,199,Semi-critical,82.02,exact
2024-2025,2025,200,Safe,43.81,alias
2024-2025,2025,201,Safe,42.8,exact
2024-2025,2025,202,Safe,62.9,exact
2024-2025,2025,203,Safe,35.2,exact
2024-2025,2025,204,Safe,32.15,exact
2024-2025,2025,205,Safe,37.59,exact
2024-2025,2025,206,Safe,46.02,exact
2024-2025,2025,207,Safe,36.98,exact
2024-2025,2025,208,Safe,65.19,exact
2024-2025,2025,209,Semi-critical,75.67,exact
2024-2025,2025,210,Safe,49.8,exact
2024-2025,2025,211,Safe,31.54,alias
2024-2025,2025,212,Safe,60.95,exact
2024-2025,2025,213,Safe,45.51,alias
2024-2025,2025,214,Safe,37.74,alias
2024-2025,2025,215,Safe,30.23,exact
2024-2025,2025,216,Safe,37.21,exact
2024-2025,2025,217,Safe,68.35,exact
2024-2025,2025,218,Safe,42.13,exact
2024-2025,2025,219,Safe,58.83,exact
2024-2025,2025,220,Safe,55.13,exact
2024-2025,2025,221,Safe,46.59,exact
2024-2025,2025,222,Safe,54.21,exact
2024-2025,2025,223,Safe,33.03,exact
2024-2025,2025,224,Safe,63.65,exact
2024-2025,2025,225,Safe,6.68,exact
2024-2025,2025,226,Safe,3.14,exact
2024-2025,2025,227,Safe,6.7,exact
2024-2025,2025,228,Safe,6.96,fuzzy
2024-2025,2025,229,Safe,0.91,exact
2024-2025,2025,230,Hilly area,,exact
2024-2025,2025,231,Safe,0.69,exact
2024-2025,2025,232,Safe,0.25,exact
2024-2025,2025,233,Hilly area,,exact
2024-2025,2025,234,Safe,0.25,exact
2024-2025,2025,235,Safe,0.35,exact
2024-2025,2025,236,Safe,0.89,exact
2024-2025,2025,237,Safe,1.55,exact
2024-2025,2025,238,Hilly area,,exact
2024-2025,2025,239,Safe,0.71,exact
2024-2025,2025,240,Hilly area,,exact
2024-2025,2025,241,Safe,0.88,exact
2024-2025,2025,242,Safe,0.44,exact
2024-2025,2025,243,Safe,0.14,exact
2024-2025,2025,244,Safe,6.71,exact
2024-2025,2025,245,Safe,7.79,exact
2024-2025,2025,246,Safe,1.7,exact
2024-2025,2025,247,Safe,3.68,exact
2024-2025,2025,248,Safe,3.54,exact
2024-2025,2025,249,Safe,3.57,exact
2024-2025,2025,250,Safe,2.59,exact
2024-2025,2025,251,Safe,3.46,exact
2024-2025,2025,252,Safe,6.84,exact
2024-2025,2025,253,Hilly area,,exact
2024-2025,2025,254,Safe,7.75,fuzzy
2024-2025,2025,255,Safe,9.3,exact
2024-2025,2025,256,Safe,10.55,exact
2024-2025,2025,257,Hilly area,,exact
2024-2025,2025,258,Hilly area,,exact
2024-2025,2025,259,Safe,11.51,exact
2024-2025,2025,260,Hilly area,,exact
2024-2025,2025,261,Safe,14.63,exact
2024-2025,2025,262,Safe,3.13,exact
2024-2025,2025,263,Safe,1.27,exact
2024-2025,2025,264,Safe,3.43,exact
2024-2025,2025,265,Safe,4.31,exact
2024-2025,2025,266,Safe,2.21,exact
2024-2025,2025,267,Safe,5.81,exact
2024-2025,2025,268,Safe,5.88,exact
2024-2025,2025,269,Safe,7.35,exact
2024-2025,2025,270,Safe,12.2,exact
2024-2025,2025,271,Safe,10.4,exact
2024-2025,2025,272,Safe,20.78,exact
2024-2025,2025,273,Safe,4.53,exact
2024-2025,2025,274,Safe,3.56,exact
2024-2025,2025,275,Safe,6.08,exact
2024-2025,2025,276,Safe,6.08,exact
2024-2025,2025,277,Safe,1.22,exact
2024-2025,2025,278,Safe,19.29,exact
2024-2025,2025,279,Safe,1.52,exact
2024-2025,2025,280,Safe,42.09,exact
2024-2025,2025,281,Safe,35.88,exact
2024-2025,2025,282,Safe,3.38,exact
2024-2025,2025,283,Safe,49.94,exact
2024-2025,2025,284,Safe,4.8,exact
2024-2025,2025,285,Safe,30.75,exact
2024-2025,2025,286,Safe,4.43,exact
2024-2025,2025,287,Safe,32.67,exact
2024-2025,2025,288,Safe,5.77,exact
2024-2025,2025,289,Safe,2.94,exact
2024-2025,2025,290,Safe,16.21,exact
2024-2025,2025,291,Safe,20.29,exact
2024-2025,2025,292,Safe,2.22,exact
2024-2025,2025,293,Safe,4.38,exact
2024-2025,2025,294,Safe,6.56,exact
2024-2025,2025,295,Safe,11.03,exact
2024-2025,2025,296,Safe,23.09,fuzzy
2024-2025,2025,297,Safe,35.49,exact
2024-2025,2025,298,Safe,33.95,exact
2024-2025,2025,299,Safe,0.5,exact
2024-2025,2025,300,Safe,6.46,alias
2024-2025,2025,301,Safe,10.53,exact
2024-2025,2025,302,Safe,9.47,exact
2024-2025,2025,303,Semi-critical,70.3,alias
2024-2025,2025,304,Saline,-100000.0,alias
2024-2025,2025,305,Safe,40.42,exact
2024-2025,2025,306,Safe,52.43,fuzzy
2024-2025,2025,307,Safe,33.43,exact
2024-2025,2025,308,Safe,46.21,alias
2024-2025,2025,309,Safe,8.72,alias
2024-2025,2025,310,Safe,60.9,alias
2024-2025,2025,311,Safe,46.85,alias
2024-2025,2025,312,Safe,53.87,alias
2024-2025,2025,313,Safe,20.57,alias
2024-2025,2025,314,Safe,12.01,exact
2024-2025,2025,315,Saline,-100000.0,fuzzy
2024-2025,2025,316,Safe,33.86,fuzzy
2024-2025,2025,317,Safe,36.48,alias
2024-2025,2025,318,Safe,53.33,alias
2024-2025,2025,319,Safe,58.4,exact
2024-2025,2025,320,Semi-critical,81.86,exact
2024-2025,2025,321,Safe,17.8,fuzzy
2024-2025,2025,322,Safe,49.45,exact
2024-2025,2025,323,Safe,41.51,exact
2024-2025,2025,324,Safe,54.22,exact
2024-2025,2025,325,Semi-critical,74.64,exact
2024-2025,2025,326,Safe,21.43,exact
2024-2025,2025,327,Safe,29.59,alias
2024-2025,2025,328,Safe,37.25,exact
2024-2025,2025,329,Safe,40.29,exact
2024-2025,2025,330,Safe,22.25,exact
2024-2025,2025,331,Safe,18.32,exact
2024-2025,2025,332,Safe,37.1,exact
2024-2025,2025,333,Safe,46.81,exact
2024-2025,2025,334,Safe,62.72,exact
2024-2025,2025,335,Safe,29.1,exact
2024-2025,2025,336,Safe,15.32,exact
2024-2025,2025,337,Safe,15.31,exact
2024-2025,2025,338,Safe,36.5,exact
2024-2025,2025,339,Safe,45.88,exact
2024-2025,2025,340,Safe,16.28,fuzzy
2024-2025,2025,341,Safe,24.21,exact
2024-2025,2025,342,Safe,15.81,exact
2024-2025,2025,343,Safe,13.63,exact
2024-2025,2025,344,Safe,54.4,fuzzy
2024-2025,2025,345,Safe,52.22,fuzzy
2024-2025,2025,346,Safe,59.63,alias
2024-2025,2025,347,Safe,56.15,exact
2024-2025,2025,348,Safe,60.92,exact
2024-2025,2025,349,Safe,46.4,exact
2024-2025,2025,350,Safe,47.35,exact
2024-2025,2025,351,Safe,58.27,exact
2024-2025,2025,352,Safe,38.59,exact
2024-2025,2025,353,Safe,36.5,exact
2024-2025,2025,354,Safe,44.65,exact
2024-2025,2025,355,Safe,58.82,fuzzy
2024-2025,2025,356,Safe,65.57,fuzzy
2024-2025,2025,357,Safe,52.52,exact
2024-2025,2025,358,Safe,45.15,exact
2024-2025,2025,359,Safe,32.64,exact
2024-2025,2025,360,Safe,64.65,exact
2024-2025,2025,361,Safe,46.01,alias
2024-2025,2025,362,Safe,64.13,alias
2024-2025,2025,363,Safe,26.82,exact
2024-2025,2025,364,Safe,21.09,exact
2024-2025,2025,365,Safe,45.62,exact
2024-2025,2025,366,Safe,38.76,fuzzy
2024-2025,2025,367,Safe,48.25,exact
2024-2025,2025,368,Safe,64.6,exact
2024-2025,2025,369,Safe,54.85,exact
2024-2025,2025,370,Safe,37.9,exact
2024-2025,2025,371,Safe,35.33,exact
2024-2025,2025,372,Safe,52.91,alias
2024-2025,2025,373,Safe,46.12,exact
2024-2025,2025,374,Safe,38.57,exact
2024-2025,2025,375,Safe,61.91,exact
2024-2025,2025,376,Safe,19.18,exact
2024-2025,2025,377,Semi-critical,73.95,exact
2024-2025,2025,378,Semi-critical,75.97,exact
2024-2025,2025,379,Safe,25.71,exact
2024-2025,2025,380,Safe,52.38,exact
2024-2025,2025,381,Safe,39.37,exact
2024-2025,2025,382,Safe,59.43,exact
2024-2025,2025,383,Safe,35.68,exact
2024-2025,2025,384,Safe,49.4,exact
2024-2025,2025,385,Safe,60.45,exact
2024-2025,2025,386,Safe,43.8,exact
2024-2025,2025,387,Safe,60.03,exact
2024-2025,2025,388,Safe,67.37,exact
2024-2025,2025,389,Safe,49.98,exact
2024-2025,2025,390,Safe,27.54,exact
2024-2025,2025,391,Safe,62.56,exact
2024-2025,2025,392,Safe,23.78,exact
2024-2025,2025,393,Semi-critical,70.77,exact
2024-2025,2025,394,Safe,50.71,exact
2024-2025,2025,395,Safe,33.13,exact
2024-2025,2025,396,Semi-critical,81.78,exact
2024-2025,2025,397,Safe,69.01,exact
2024-2025,2025,398,Safe,64.45,exact
2024-2025,2025,399,Safe,60.32,exact
2024-2025,2025,400,Safe,58.62,exact
2024-2025,2025,401,Safe,33.49,exact
2024-2025,2025,402,Semi-critical,80.28,exact
2024-2025,2025,403,Safe,66.64,exact
2024-2025,2025,404,Safe,14.4,exact
2024-2025,2025,405,Safe,39.78,alias
2024-2025,2025,406,Safe,66.62,exact
2024-2025,2025,407,Safe,33.05,exact
2024-2025,2025,408,Safe,37.58,exact
2024-2025,2025,409,Safe,26.57,alias
2024-2025,2025,410,Over-exploited,117.96,exact
2024-2025,2025,411,Safe,55.62,exact
2024-2025,2025,412,Safe,43.66,exact
2024-2025,2025,413,Safe,46.9,exact
2024-2025,2025,414,Safe,44.79,exact
2024-2025,2025,415,Safe,23.96,exact
2024-2025,2025,416,Critical,99.93,exact
2024-2025,2025,417,Safe,42.14,exact
2024-2025,2025,418,Safe,66.53,exact
2024-2025,2025,419,Over-exploited,101.47,exact
2024-2025,2025,420,Safe,38.12,exact
2024-2025,2025,421,Safe,52.59,exact
2024-2025,2025,422,Semi-critical,88.95,exact
2024-2025,2025,423,Over-exploited,133.2,exact
2024-2025,2025,424,Safe,57.05,exact
2024-2025,2025,425,Safe,59.92,exact
2024-2025,2025,426,Safe,62.92,exact
2024-2025,2025,427,Safe,64.22,exact
2024-2025,2025,428,Safe,45.43,exact
2024-2025,2025,429,Safe,16.71,exact
2024-2025,2025,430,Over-exploited,105.36,exact
2024-2025,2025,431,Safe,38.08,exact
2024-2025,2025,432,Safe,66.38,exact
2024-2025,2025,433,Safe,37.22,exact
2024-2025,2025,434,Semi-critical,80.33,exact
2024-2025,2025,435,Over-exploited,107.72,exact
2024-2025,2025,436,Safe,20.33,exact
2024-2025,2025,437,Safe,65.09,exact
2024-2025,2025,438,Semi-critical,72.74,fuzzy
2024-2025,2025,439,Safe,57.31,exact
2024-2025,2025,440,Safe,29.44,exact
2024-2025,2025,441,Over-exploited,121.47,exact
2024-2025,2025,442,Safe,27.25,exact
2024-2025,2025,443,Safe,44.89,exact
2024-2025,2025,444,Safe,12.68,exact
2024-2025,2025,445,Safe,40.73,alias
2024-2025,2025,446,Over-exploited,111.28,exact
2024-2025,2025,447,Safe,43.62,exact
2024-2025,2025,448,Safe,47.41,exact
2024-2025,2025,449,Safe,51.79,exact
2024-2025,2025,450,Safe,41.4,exact
2024-2025,2025,451,Over-exploited,108.74,exact
2024-2025,2025,452,Safe,66.85,exact
2024-2025,2025,453,Safe,31.1,exact
2024-2025,2025,454,Safe,27.05,fuzzy
2024-2025,2025,455,Over-exploited,118.57,exact
2024-2025,2025,456,Safe,56.54,exact
2024-2025,2025,457,Safe,65.89,exact
2024-2025,2025,458,Semi-critical,75.32,exact
2024-2025,2025,459,Safe,42.11,exact
2024-2025,2025,460,Safe,51.76,exact
2024-2025,2025,461,Safe,66.53,exact
2024-2025,2025,462,Safe,31.29,exact
2024-2025,2025,463,Safe,60.3,exact
2024-2025,2025,464,Safe,52.6,exact
2024-2025,2025,465,Safe,34.95,fuzzy
2024-2025,2025,466,Semi-critical,76.65,alias
2024-2025,2025,467,Safe,63.48,exact
2024-2025,2025,468,Semi-critical,76.83,exact
2024-2025,2025,469,Safe,64.2,alias
2024-2025,2025,470,Safe,58.56,exact
2024-2025,2025,471,Safe,30.0,exact
2024-2025,2025,472,Semi-critical,72.37,exact
2024-2025,2025,473,Safe,29.78,exact
2024-2025,2025,474,Safe,48.37,exact
2024-2025,2025,475,Safe,26.17,exact
2024-2025,2025,476,Safe,26.61,fuzzy
2024-2025,2025,477,Safe,39.31,exact
2024-2025,2025,478,Semi-critical,78.08,exact
2024-2025,2025,479,Safe,49.55,exact
2024-2025,2025,480,Safe,42.54,exact
2024-2025,2025,481,Safe,49.46,exact
2024-2025,2025,482,Safe,46.03,exact
2024-2025,2025,483,Safe,25.74,exact
2024-2025,2025,484,Safe,45.68,exact
2024-2025,2025,485,Safe,32.24,exact
2024-2025,2025,486,Safe,41.76,exact
2024-2025,2025,487,Safe,57.59,exact
2024-2025,2025,488,Safe,59.6,alias
2024-2025,2025,489,Safe,46.42,exact
2024-2025,2025,490,Safe,63.23,exact
2024-2025,2025,491,Safe,18.44,exact
2024-2025,2025,492,Safe,17.77,exact
2024-2025,2025,493,Safe,52.76,exact
2024-2025,2025,494,Safe,57.9,exact
2024-2025,2025,495,Safe,44.48,exact
2024-2025,2025,496,Semi-critical,71.92,exact
2024-2025,2025,497,Safe,19.13,exact
2024-2025,2025,498,Safe,47.81,exact
2024-2025,2025,499,Safe,57.06,exact
2024-2025,2025,500,Safe,37.77,exact
2024-2025,2025,501,Safe,40.41,exact
2024-2025,2025,502,Safe,34.9,alias
2024-2025,2025,503,Safe,55.16,exact
2024-2025,2025,504,Safe,37.93,alias
2024-2025,2025,505,Safe,33.8,exact
2024-2025,2025,506,Safe,21.08,exact
2024-2025,2025,507,Critical,98.32,exact
2024-2025,2025,508,Safe,33.32,exact
2024-2025,2025,509,Safe,42.72,exact
2024-2025,2025,510,Safe,32.01,exact
2024-2025,2025,511,Safe,30.51,exact
2024-2025,2025,512,Semi-critical,76.17,exact
2024-2025,2025,513,Safe,69.55,exact
2024-2025,2025,514,Safe,49.24,exact
2024-2025,2025,515,Safe,24.41,alias
2024-2025,2025,516,Safe,52.02,exact
2024-2025,2025,517,Safe,50.22,exact
2024-2025,2025,518,Safe,66.59,exact
2024-2025,2025,519,Safe,36.43,exact
2024-2025,2025,520,Safe,43.85,fuzzy
2024-2025,2025,521,Safe,27.27,exact
2024-2025,2025,522,Safe,58.1,exact
2024-2025,2025,523,Safe,9.91,exact
2024-2025,2025,524,Semi-critical,78.88,fuzzy
2024-2025,2025,525,Over-exploited,177.28,exact
2024-2025,2025,526,Over-exploited,146.78,exact
2024-2025,2025,527,Semi-critical,70.43,exact
2024-2025,2025,528,Safe,25.44,exact
2024-2025,2025,529,Safe,67.98,exact
2024-2025,2025,530,Safe,44.96,exact
2024-2025,2025,531,Semi-critical,88.37,exact
2024-2025,2025,532,Safe,55.21,exact
2024-2025,2025,533,Over-exploited,133.04,exact
2024-2025,2025,534,Safe,45.71,exact
2024-2025,2025,535,Semi-critical,88.59,fuzzy
2024-2025,2025,536,Safe,56.85,exact
2024-2025,2025,537,Semi-critical,75.41,exact
2024-2025,2025,538,Safe,46.23,fuzzy
2024-2025,2025,539,Safe,61.47,exact
2024-2025,2025,540,Safe,64.54,exact
2024-2025,2025,541,Safe,35.6,exact
2024-2025,2025,542,Over-exploited,184.43,fuzzy
2024-2025,2025,543,Safe,61.29,exact
2024-2025,2025,544,Safe,65.85,exact
2024-2025,2025,545,Safe,46.94,exact
2024-2025,2025,546,Safe,43.96,exact
2024-2025,2025,547,Safe,42.41,exact
2024-2025,2025,548,Critical,91.43,exact
2024-2025,2025,549,Safe,32.83,exact
2024-2025,2025,550,Safe,30.54,exact
2024-2025,2025,551,Safe,27.32,alias
2024-2025,2025,552,Safe,20.23,exact
2024-2025,2025,554,Safe,37.19,exact
2024-2025,2025,555,Safe,42.55,exact
2024-2025,2025,556,Safe,49.44,exact
2024-2025,2025,557,Safe,45.4,exact
2024-2025,2025,558,Safe,69.37,fuzzy
2024-2025,2025,559,Safe,47.31,exact
2024-2025,2025,560,Safe,32.44,exact
2024-2025,2025,561,Safe,58.11,fuzzy
2024-2025,2025,562,Safe,67.73,exact
2024-2025,2025,563,Safe,56.28,exact
2024-2025,2025,564,Safe,31.18,exact
2024-2025,2025,565,Safe,62.77,exact
2024-2025,2025,566,Safe,56.95,exact
2024-2025,2025,567,Safe,24.38,exact
2024-2025,2025,568,Over-exploited,121.72,exact
2024-2025,2025,569,Critical,91.85,exact
2024-2025,2025,570,Safe,63.29,exact
2024-2025,2025,571,Semi-critical,89.62,exact
2024-2025,2025,572,Over-exploited,117.45,exact
2024-2025,2025,573,Semi-critical,76.79,exact
2024-2025,2025,574,Safe,48.91,fuzzy
2024-2025,2025,575,Safe,13.77,exact
2024-2025,2025,576,Over-exploited,103.12,exact
2024-2025,2025,577,Critical,92.38,exact
2024-2025,2025,578,Semi-critical,70.48,exact
2024-2025,2025,579,Saline,-100000.0,exact
2024-2025,2025,580,Over-exploited,115.86,exact
2024-2025,2025,581,Over-exploited,105.85,exact
2024-2025,2025,582,Safe,49.31,exact
2024-2025,2025,583,Safe,10.99,exact
2024-2025,2025,584,Over-exploited,147.53,exact
2024-2025,2025,585,Safe,26.04,fuzzy
2024-2025,2025,586,Over-exploited,100.84,exact
2024-2025,2025,587,Safe,12.79,exact
2024-2025,2025,588,Semi-critical,83.63,exact
2024-2025,2025,589,Safe,55.39,fuzzy
2024-2025,2025,590,Safe,53.76,exact
2024-2025,2025,591,Semi-critical,84.7,exact
2024-2025,2025,592,Safe,40.99,exact
2024-2025,2025,593,Semi-critical,85.95,exact
2024-2025,2025,594,Safe,27.59,alias
2024-2025,2025,595,Over-exploited,121.75,exact
2024-2025,2025,596,Semi-critical,85.33,exact
2024-2025,2025,597,Safe,64.32,exact
2024-2025,2025,598,Safe,37.5,exact
2024-2025,2025,600,Semi-critical,87.37,alias
2024-2025,2025,602,Safe,3.57,alias
2024-2025,2025,603,Safe,0.9,alias
2024-2025,2025,604,Semi-critical,72.31,alias
2024-2025,2025,605,Over-exploited,219.36,exact
2024-2025,2025,606,Safe,27.94,exact
2024-2025,2025,607,Safe,62.03,exact
2024-2025,2025,608,Over-exploited,116.9,exact
2024-2025,2025,609,Over-exploited,202.49,exact
2024-2025,2025,610,Safe,48.49,exact
2024-2025,2025,611,Safe,52.45,exact
2024-2025,2025,612,Safe,2.97,exact
2024-2025,2025,613,Safe,4.23,exact
2024-2025,2025,614,Safe,1.75,exact
2024-2025,2025,615,Safe,0.47,exact
2024-2025,2025,616,Safe,3.6,exact
2024-2025,2025,617,Safe,12.22,exact
2024-2025,2025,618,Safe,33.82,alias
2024-2025,2025,619,Critical,91.99,exact
2024-2025,2025,620,Safe,15.67,exact
2024-2025,2025,621,Safe,31.82,exact
2024-2025,2025,622,Safe,20.53,exact
2024-2025,2025,623,Safe,15.76,exact
2024-2025,2025,624,Safe,17.5,exact
2024-2025,2025,625,Safe,21.62,exact
2024-2025,2025,626,Safe,45.96,exact
2024-2025,2025,627,Safe,11.0,exact
2024-2025,2025,628,Hilly area,,exact
2024-2025,2025,629,Over-exploited,129.17,exact
2024-2025,2025,630,Over-exploited,165.66,exact
2024-2025,2025,631,Critical,91.18,alias
2024-2025,2025,632,Safe,2.33,alias
2024-2025,2025,633,Safe,69.41,exact
2024-2025,2025,634,Semi-critical,85.94,exact
2024-2025,2025,635,Safe,38.06,exact
2024-2025,2025,636,Safe,11.11,exact
2024-2025,2025,637,Safe,10.39,exact
2024-2025,2025,638,Safe,44.34,exact
2024-2025,2025,639,Safe,41.91,exact
2024-2025,2025,640,Safe,65.88,exact
2024-2025,2025,641,Safe,37.09,exact
2024-2025,2025,642,Safe,5.71,exact
2024-2025,2025,643,Safe,45.21,exact
2024-2025,2025,644,Safe,43.84,exact
2024-2025,2025,645,Safe,62.91,fuzzy
2024-2025,2025,646,Semi-critical,72.61,exact
2024-2025,2025,647,Safe,46.17,exact
2024-2025,2025,648,Safe,64.35,exact
2024-2025,2025,649,Safe,28.64,exact
2024-2025,2025,650,Critical,92.32,exact
2024-2025,2025,651,Safe,65.18,exact
2024-2025,2025,652,Safe,7.39,exact
2024-2025,2025,653,Safe,9.01,exact
2024-2025,2025,654,Safe,5.87,exact
2024-2025,2025,655,Safe,10.39,exact
2024-2025,2025,656,Safe,6.44,exact
2024-2025,2025,657,Safe,1.55,exact
2024-2025,2025,658,Safe,1.07,exact
2024-2025,2025,659,Semi-critical,86.5,exact
2024-2025,2025,660,Over-exploited,100.51,exact
2024-2025,2025,661,Critical,93.93,exact
2024-2025,2025,662,Safe,41.05,exact
2024-2025,2025,663,Safe,19.77,exact
2024-2025,2025,664,Safe,11.17,exact
2024-2025,2025,665,Safe,23.65,exact
2024-2025,2025,667,Critical,92.79,exact
2024-2025,2025,668,Safe,45.35,exact
2024-2025,2025,669,Safe,50.54,exact
2024-2025,2025,670,Semi-critical,88.65,exact
2024-2025,2025,672,Safe,43.99,exact
2024-2025,2025,673,Safe,51.75,exact
2024-2025,2025,674,Semi-critical,70.32,exact
2024-2025,2025,675,Safe,49.05,exact
2024-2025,2025,676,Safe,57.27,exact
2024-2025,2025,680,Safe,37.51,exact
2024-2025,2025,681,Safe,35.88,fuzzy
2024-2025,2025,682,Safe,46.98,fuzzy
2024-2025,2025,683,Safe,69.49,fuzzy
2024-2025,2025,684,Safe,41.82,exact
2024-2025,2025,685,Safe,50.7,exact
2024-2025,2025,686,Safe,60.86,exact
2024-2025,2025,687,Safe,42.81,exact
2024-2025,2025,688,Safe,56.44,exact
2024-2025,2025,689,Safe,59.45,fuzzy
2024-2025,2025,690,Safe,32.94,exact
2024-2025,2025,691,Safe,48.13,exact
2024-2025,2025,692,Safe,68.76,exact
2024-2025,2025,693,Safe,44.21,exact
2024-2025,2025,694,Safe,40.08,exact
2024-2025,2025,695,Safe,30.0,exact
2024-2025,2025,696,Safe,29.99,exact
2024-2025,2025,697,Safe,69.61,exact
2024-2025,2025,698,Safe,60.66,exact
2024-2025,2025,699,Safe,20.95,fuzzy
2024-2025,2025,700,Semi-critical,73.72,exact
2024-2025,2025,701,Over-exploited,139.59,fuzzy
2024-2025,2025,702,Safe,1.8,exact
2024-2025,2025,703,Safe,25.07,exact
2024-2025,2025,704,Safe,53.98,fuzzy
2024-2025,2025,720,Safe,25.26,fuzzy
2024-2025,2025,721,Safe,38.5,exact
2024-2025,2025,722,Safe,67.14,exact
2024-2025,2025,729,Semi-critical,81.05,fuzzy
2024-2025,2025,730,Safe,64.23,exact
2024-2025,2025,731,Semi-critical,84.53,exact
2024-2025,2025,732,Over-exploited,142.87,exact
2024-2025,2025,733,Semi-critical,76.23,exact
2024-2025,2025,734,Safe,41.16,fuzzy
2024-2025,2025,735,Over-exploited,116.62,exact
2024-2025,2025,737,Over-exploited,301.93,exact
2024-2025,2025,738,Semi-critical,80.69,fuzzy
2024-2025,2025,741,Safe,4.87,exact
2024-2025,2025,742,Safe,7.87,exact
2024-2025,2025,743,Safe,25.23,exact
2024-2025,2025,744,Safe,31.37,exact
2024-2025,2025,745,Safe,4.28,exact
2024-2025,2025,746,Safe,16.93,exact
2024-2025,2025,747,Safe,10.51,exact
2024-2025,2025,748,Safe,34.84,exact
2024-2025,2025,749,Safe,35.56,exact
2024-2025,2025,750,Safe,25.73,exact
2024-2025,2025,751,Safe,37.52,exact
2024-2025,2025,752,Safe,36.42,fuzzy
2024-2025,2025,753,Safe,39.15,exact
2024-2025,2025,754,Safe,57.44,exact
2024-2025,2025,755,Safe,12.66,exact
2024-2025,2025,759,Safe,63.28,fuzzy
2024-2025,2025,760,Safe,20.95,fuzzy
2024-2025,2025,761,Safe,38.41,fuzzy
2024-2025,2025,762,Safe,48.21,exact
2024-2025,2025,763,Safe,39.76,fuzzy
2025-2026,2026,1,Safe,23.7,exact
2025-2026,2026,2,Safe,27.93,exact
2025-2026,2026,3,Safe,22.35,exact
2025-2026,2026,4,Safe,20.54,exact
2025-2026,2026,5,Safe,32.7,exact
2025-2026,2026,6,Safe,36.1,exact
2025-2026,2026,7,Safe,23.5,exact
2025-2026,2026,8,Hilly area,,exact
2025-2026,2026,9,Safe,33.83,alias
2025-2026,2026,10,Safe,16.52,exact
2025-2026,2026,11,Safe,38.17,exact
2025-2026,2026,12,Safe,12.23,exact
2025-2026,2026,13,Safe,54.12,exact
2025-2026,2026,14,Safe,20.98,exact
2025-2026,2026,15,,,alias
2025-2026,2026,16,,,alias
2025-2026,2026,17,,,alias
2025-2026,2026,18,Safe,28.13,alias
2025-2026,2026,19,,,alias
2025-2026,2026,20,,,alias
2025-2026,2026,21,,,alias
2025-2026,2026,22,Safe,37.97,alias
2025-2026,2026,23,,,alias
2025-2026,2026,24,Safe,29.12,alias
2025-2026,2026,25,Safe,62.44,alias
2025-2026,2026,26,Safe,56.66,exact
2025-2026,2026,27,Over-exploited,148.78,exact
2025-2026,2026,28,Over-exploited,129.35,exact
2025-2026,2026,29,Over-exploited,128.94,exact
2025-2026,2026,30,Over-exploited,179.54,exact
2025-2026,2026,31,Critical,98.05,alias
2025-2026,2026,32,Over-exploited,112.21,exact
2025-2026,2026,33,Over-exploited,118.84,exact
2025-2026,2026,34,Over-exploited,273.27,exact
2025-2026,2026,35,Over-exploited,250.65,exact
2025-2026,2026,36,Over-exploited,197.42,exact
2025-2026,2026,37,Over-exploited,109.82,exact
2025-2026,2026,38,Over-exploited,221.67,exact
2025-2026,2026,39,Safe,28.73,alias
2025-2026,2026,40,Over-exploited,116.15,alias
2025-2026,2026,41,Over-exploited,207.37,exact
2025-2026,2026,42,Critical,92.48,exact
2025-2026,2026,43,Over-exploited,308.96,exact
2025-2026,2026,44,Safe,68.22,exact
2025-2026,2026,49,Safe,44.97,exact
2025-2026,2026,50,Safe,65.75,exact
2025-2026,2026,51,Safe,54.57,exact
2025-2026,2026,56,Safe,56.7,fuzzy
2025-2026,2026,58,Over-exploited,126.64,exact
2025-2026,2026,59,Critical,99.31,exact
2025-2026,2026,60,Over-exploited,156.21,exact
2025-2026,2026,61,Over-exploited,183.79,exact
2025-2026,2026,62,Over-exploited,180.58,alias
2025-2026,2026,63,Semi-critical,87.34,exact
2025-2026,2026,64,Safe,28.55,exact
2025-2026,2026,65,Over-exploited,100.52,exact
2025-2026,2026,66,Over-exploited,186.06,exact
2025-2026,2026,67,Over-exploited,166.82,exact
2025-2026,2026,68,Over-exploited,205.68,exact
2025-2026,2026,69,Over-exploited,144.95,exact
2025-2026,2026,70,Safe,63.65,exact
2025-2026,2026,71,Over-exploited,208.32,exact
2025-2026,2026,72,Over-exploited,110.73,exact
2025-2026,2026,73,Safe,32.26,exact
2025-2026,2026,74,Over-exploited,161.25,exact
2025-2026,2026,75,Semi-critical,83.79,exact
2025-2026,2026,76,Over-exploited,118.7,exact
2025-2026,2026,77,Semi-critical,88.04,exact
2025-2026,2026,78,Over-exploited,104.51,exact
2025-2026,2026,79,Over-exploited,107.77,exact
2025-2026,2026,80,Safe,66.78,exact
2025-2026,2026,81,Over-exploited,107.33,exact
2025-2026,2026,82,Semi-critical,84.36,exact
2025-2026,2026,83,Over-exploited,121.46,exact
2025-2026,2026,84,Over-exploited,107.77,exact
2025-2026,2026,85,Critical,93.44,exact
2025-2026,2026,86,Over-exploited,131.92,exact
2025-2026,2026,87,Over-exploited,182.17,exact
2025-2026,2026,88,Semi-critical,70.29,exact
2025-2026,2026,89,Over-exploited,131.28,exact
2025-2026,2026,90,Over-exploited,131.01,exact
2025-2026,2026,91,Over-exploited,114.37,exact
2025-2026,2026,92,Over-exploited,142.91,exact
2025-2026,2026,93,Over-exploited,143.09,exact
2025-2026,2026,94,Critical,90.17,exact
2025-2026,2026,95,Over-exploited,151.17,fuzzy
2025-2026,2026,96,Over-exploited,129.59,exact
2025-2026,2026,97,Over-exploited,227.35,exact
2025-2026,2026,98,Over-exploited,126.71,alias
2025-2026,2026,99,Safe,59.46,exact
2025-2026,2026,100,Safe,42.35,exact
2025-2026,2026,101,Safe,64.36,exact
2025-2026,2026,102,Over-exploited,210.41,exact
2025-2026,2026,103,Over-exploited,297.21,exact
2025-2026,2026,104,Over-exploited,167.37,fuzzy
2025-2026,2026,105,Over-exploited,104.05,exact
2025-2026,2026,106,Over-exploited,223.34,exact
2025-2026,2026,107,Over-exploited,251.34,exact
2025-2026,2026,108,Over-exploited,150.29,exact
2025-2026,2026,109,Over-exploited,110.32,exact
2025-2026,2026,110,Over-exploited,177.23,exact
2025-2026,2026,111,Over-exploited,153.49,exact
2025-2026,2026,112,Over-exploited,116.34,exact
2025-2026,2026,113,Over-exploited,148.09,exact
2025-2026,2026,114,Over-exploited,191.98,exact
2025-2026,2026,115,Over-exploited,115.14,exact
2025-2026,2026,116,Critical,91.73,exact
2025-2026,2026,117,Critical,97.8,exact
2025-2026,2026,118,Over-exploited,108.45,exact
2025-2026,2026,119,Semi-critical,78.31,exact
2025-2026,2026,120,Semi-critical,74.04,exact
2025-2026,2026,121,Safe,62.25,exact
2025-2026,2026,122,Safe,63.46,exact
2025-2026,2026,123,Safe,59.62,exact
2025-2026,2026,124,Critical,96.54,fuzzy
2025-2026,2026,125,Safe,59.24,exact
2025-2026,2026,126,Safe,62.74,exact
2025-2026,2026,127,Safe,54.73,exact
2025-2026,2026,128,Semi-critical,70.82,exact
2025-2026,2026,129,Safe,62.1,exact
2025-2026,2026,130,Semi-critical,71.73,exact
2025-2026,2026,131,Safe,61.18,exact
2025-2026,2026,132,Safe,69.79,exact
2025-2026,2026,133,Semi-critical,82.69,exact
2025-2026,2026,134,Critical,91.04,fuzzy
2025-2026,2026,135,Safe,59.9,exact
2025-2026,2026,136,Semi-critical,81.58,exact
2025-2026,2026,137,Safe,62.98,exact
2025-2026,2026,138,Semi-critical,72.25,exact
2025-2026,2026,139,Safe,57.82,exact
2025-2026,2026,140,Safe,61.99,exact
2025-2026,2026,141,Semi-critical,75.09,exact
2025-2026,2026,142,Safe,69.93,exact
2025-2026,2026,143,Critical,95.49,exact
2025-2026,2026,144,Over-exploited,106.31,alias
2025-2026,2026,145,Over-exploited,127.6,exact
2025-2026,2026,146,Safe,56.06,exact
2025-2026,2026,147,Safe,55.43,exact
2025-2026,2026,148,Safe,62.95,exact
2025-2026,2026,149,Safe,65.3,exact
2025-2026,2026,150,Safe,62.07,exact
2025-2026,2026,151,Safe,55.11,exact
2025-2026,2026,152,Safe,69.03,exact
2025-2026,2026,153,Safe,66.59,exact
2025-2026,2026,154,Critical,90.59,exact
2025-2026,2026,155,Semi-critical,78.53,exact
2025-2026,2026,156,Semi-critical,71.13,exact
2025-2026,2026,157,Semi-critical,80.62,exact
2025-2026,2026,158,Semi-critical,81.96,exact
2025-2026,2026,159,Safe,61.14,alias
2025-2026,2026,160,Safe,52.42,exact
2025-2026,2026,161,Semi-critical,80.5,exact
2025-2026,2026,162,Safe,67.3,exact
2025-2026,2026,163,Critical,91.29,exact
2025-2026,2026,164,Safe,64.59,fuzzy
2025-2026,2026,165,Semi-critical,82.83,exact
2025-2026,2026,166,Semi-critical,71.61,exact
2025-2026,2026,167,Safe,66.95,exact
2025-2026,2026,168,Safe,64.89,alias
2025-2026,2026,169,Semi-critical,80.74,exact
2025-2026,2026,170,Safe,65.11,exact
2025-2026,2026,171,Semi-critical,85.41,exact
2025-2026,2026,172,Semi-critical,78.38,exact
2025-2026,2026,173,Safe,63.9,exact
2025-2026,2026,174,Semi-critical,76.36,exact
2025-2026,2026,175,Safe,60.17,fuzzy
2025-2026,2026,176,Safe,69.06,exact
2025-2026,2026,177,Critical,97.64,exact
2025-2026,2026,178,Safe,62.67,fuzzy
2025-2026,2026,179,Semi-critical,73.96,alias
2025-2026,2026,180,Safe,65.03,exact
2025-2026,2026,181,Safe,59.95,fuzzy
2025-2026,2026,182,Safe,61.13,exact
2025-2026,2026,183,Safe,59.22,exact
2025-2026,2026,184,Safe,49.11,exact
2025-2026,2026,185,Safe,63.43,exact
2025-2026,2026,186,Safe,62.3,exact
2025-2026,2026,187,Critical,90.21,exact
2025-2026,2026,188,Safe,23.13,exact
2025-2026,2026,189,Safe,32.79,exact
2025-2026,2026,190,Safe,42.7,exact
2025-2026,2026,191,Safe,66.99,exact
2025-2026,2026,192,Safe,41.07,exact
2025-2026,2026,193,Safe,51.51,exact
2025-2026,2026,194,Safe,48.15,exact
2025-2026,2026,195,Safe,57.11,exact
2025-2026,2026,196,Safe,55.7,exact
2025-2026,2026,197,Safe,54.51,exact
2025-2026,2026,198,Safe,42.17,exact
2025-2026,2026,199,Semi-critical,77.18,exact
2025-2026,2026,200,Safe,43.34,alias
2025-2026,2026,201,Safe,43.07,exact
2025-2026,2026,202,Safe,63.65,exact
2025-2026,2026,203,Safe,38.97,exact
2025-2026,2026,204,Safe,35.36,exact
2025-2026,2026,205,Safe,36.34,exact
2025-2026,2026,206,Safe,46.31,exact
2025-2026,2026,207,Safe,39.84,exact
2025-2026,2026,208,Safe,64.82,exact
2025-2026,2026,209,Semi-critical,75.73,exact
2025-2026,2026,210,Safe,47.76,exact
2025-2026,2026,211,Safe,29.23,alias
2025-2026,2026,212,Safe,62.36,exact
2025-2026,2026,213,Safe,45.77,alias
2025-2026,2026,214,Safe,38.4,alias
2025-2026,2026,215,Safe,30.77,exact
2025-2026,2026,216,Safe,36.35,exact
2025-2026,2026,217,Safe,67.45,exact
2025-2026,2026,218,Safe,45.52,exact
2025-2026,2026,219,Safe,53.18,exact
2025-2026,2026,220,Safe,59.88,exact
2025-2026,2026,221,Safe,46.14,exact
2025-2026,2026,222,Safe,52.9,exact
2025-2026,2026,223,Safe,33.36,exact
2025-2026,2026,224,Safe,60.55,exact
2025-2026,2026,225,Safe,6.7,exact
2025-2026,2026,226,Safe,3.14,exact
2025-2026,2026,227,Safe,6.72,exact
2025-2026,2026,228,Safe,6.97,fuzzy
2025-2026,2026,229,Safe,0.9,exact
2025-2026,2026,230,Hilly area,,exact
2025-2026,2026,231,Safe,0.69,exact
2025-2026,2026,232,Safe,0.25,exact
2025-2026,2026,233,Hilly area,,exact
2025-2026,2026,234,Safe,0.26,exact
2025-2026,2026,235,Safe,0.32,exact
2025-2026,2026,236,Safe,0.9,exact
2025-2026,2026,237,Safe,2.0,exact
2025-2026,2026,238,Hilly area,,exact
2025-2026,2026,239,Safe,0.72,exact
2025-2026,2026,240,Hilly area,,exact
2025-2026,2026,241,Safe,0.88,exact
2025-2026,2026,242,Safe,0.44,exact
2025-2026,2026,243,Safe,0.14,exact
2025-2026,2026,244,Safe,6.83,exact
2025-2026,2026,245,Safe,7.92,exact
2025-2026,2026,246,Safe,1.67,exact
2025-2026,2026,247,Safe,3.66,exact
2025-2026,2026,248,Safe,3.58,exact
2025-2026,2026,249,Safe,3.59,exact
2025-2026,2026,250,Safe,2.6,exact
2025-2026,2026,251,Safe,3.42,exact
2025-2026,2026,252,Safe,9.06,exact
2025-2026,2026,253,Hilly area,,exact
2025-2026,2026,254,Safe,7.75,fuzzy
2025-2026,2026,255,Safe,9.76,exact
2025-2026,2026,256,Safe,10.78,exact
2025-2026,2026,257,Hilly area,,exact
2025-2026,2026,258,Hilly area,,exact
2025-2026,2026,259,Safe,12.86,exact
2025-2026,2026,260,Hilly area,,exact
2025-2026,2026,261,Safe,14.9,exact
2025-2026,2026,262,Safe,3.16,exact
2025-2026,2026,263,Safe,1.28,exact
2025-2026,2026,264,Safe,3.52,exact
2025-2026,2026,265,Safe,4.31,exact
2025-2026,2026,266,Safe,2.28,exact
2025-2026,2026,267,Safe,5.92,exact
2025-2026,2026,268,Safe,6.02,exact
2025-2026,2026,269,Safe,8.36,exact
2025-2026,2026,270,Safe,12.1,exact
2025-2026,2026,271,Safe,10.01,exact
2025-2026,2026,272,Safe,21.39,exact
2025-2026,2026,273,Safe,4.62,exact
2025-2026,2026,274,Safe,3.65,exact
2025-2026,2026,275,Safe,6.23,exact
2025-2026,2026,276,Safe,6.35,exact
2025-2026,2026,277,Safe,1.24,exact
2025-2026,2026,278,Safe,18.87,exact
2025-2026,2026,279,Safe,1.57,exact
2025-2026,2026,280,Safe,28.25,exact
2025-2026,2026,281,Safe,20.89,exact
2025-2026,2026,282,Safe,3.79,exact
2025-2026,2026,283,Safe,18.72,exact
2025-2026,2026,284,Safe,2.17,exact
2025-2026,2026,285,Safe,25.17,exact
2025-2026,2026,286,Safe,4.18,exact
2025-2026,2026,287,Safe,14.83,exact
2025-2026,2026,288,Safe,5.82,exact
2025-2026,2026,289,Safe,5.97,exact
2025-2026,2026,290,Safe,6.61,exact
2025-2026,2026,291,Safe,10.26,exact
2025-2026,2026,292,Safe,1.99,exact
2025-2026,2026,293,Safe,5.29,exact
2025-2026,2026,294,Safe,2.62,exact
2025-2026,2026,295,Safe,7.99,exact
2025-2026,2026,296,Safe,24.95,fuzzy
2025-2026,2026,297,Safe,13.31,exact
2025-2026,2026,298,Safe,10.75,exact
2025-2026,2026,299,Safe,0.8,exact
2025-2026,2026,300,Safe,8.69,alias
2025-2026,2026,301,Safe,7.82,exact
2025-2026,2026,302,Safe,5.93,exact
2025-2026,2026,303,Safe,68.34,alias
2025-2026,2026,304,Saline,-100000.0,alias
2025-2026,2026,305,Safe,37.15,exact
2025-2026,2026,306,Safe,53.95,fuzzy
2025-2026,2026,307,Safe,35.21,exact
2025-2026,2026,308,Safe,47.11,alias
2025-2026,2026,309,Safe,9.74,alias
2025-2026,2026,310,Safe,61.54,alias
2025-2026,2026,311,Safe,47.52,alias
2025-2026,2026,312,Safe,55.23,alias
2025-2026,2026,313,Safe,24.33,alias
2025-2026,2026,314,Safe,12.82,exact
2025-2026,2026,315,Saline,-100000.0,fuzzy
2025-2026,2026,316,Safe,34.71,fuzzy
2025-2026,2026,317,Safe,37.31,alias
2025-2026,2026,318,Safe,53.84,alias
2025-2026,2026,319,Safe,60.25,exact
2025-2026,2026,320,Semi-critical,81.39,exact
2025-2026,2026,321,Safe,13.81,fuzzy
2025-2026,2026,322,Safe,58.44,exact
2025-2026,2026,323,Safe,32.8,exact
2025-2026,2026,324,Safe,55.63,exact
2025-2026,2026,325,Semi-critical,72.18,exact
2025-2026,2026,326,Safe,23.43,exact
2025-2026,2026,327,Safe,24.67,alias
2025-2026,2026,328,Safe,31.24,exact
2025-2026,2026,329,Safe,34.96,exact
2025-2026,2026,330,Safe,16.61,exact
2025-2026,2026,331,Safe,17.1,exact
2025-2026,2026,332,Safe,33.93,exact
2025-2026,2026,333,Safe,40.89,exact
2025-2026,2026,334,Safe,44.16,exact
2025-2026,2026,335,Safe,23.54,exact
2025-2026,2026,336,Safe,19.54,exact
2025-2026,2026,337,Safe,16.9,exact
2025-2026,2026,338,Safe,33.06,exact
2025-2026,2026,339,Safe,38.3,exact
2025-2026,2026,340,Safe,11.09,fuzzy
2025-2026,2026,341,Safe,30.65,exact
2025-2026,2026,342,Safe,18.35,exact
2025-2026,2026,343,Safe,16.37,exact
2025-2026,2026,344,Safe,54.43,fuzzy
2025-2026,2026,345,Safe,52.67,fuzzy
2025-2026,2026,346,Safe,60.76,alias
2025-2026,2026,347,Safe,56.56,exact
2025-2026,2026,348,Safe,62.13,exact
2025-2026,2026,349,Safe,46.37,exact
2025-2026,2026,350,Safe,48.07,exact
2025-2026,2026,351,Safe,58.74,exact
2025-2026,2026,352,Safe,38.7,exact
2025-2026,2026,353,Safe,37.07,exact
2025-2026,2026,354,Safe,45.14,exact
2025-2026,2026,355,Safe,59.76,fuzzy
2025-2026,2026,356,Safe,65.32,fuzzy
2025-2026,2026,357,Safe,53.33,exact
2025-2026,2026,358,Safe,45.54,exact
2025-2026,2026,359,Safe,31.89,exact
2025-2026,2026,360,Safe,64.26,exact
2025-2026,2026,361,Safe,46.13,alias
2025-2026,2026,362,Safe,63.93,alias
2025-2026,2026,363,Safe,27.34,exact
2025-2026,2026,364,Safe,22.08,exact
2025-2026,2026,365,Safe,46.12,exact
2025-2026,2026,366,Safe,39.19,fuzzy
2025-2026,2026,367,Safe,48.85,exact
2025-2026,2026,368,Safe,64.53,exact
2025-2026,2026,369,Safe,55.51,exact
2025-2026,2026,370,Safe,38.29,exact
2025-2026,2026,371,Safe,36.02,exact
2025-2026,2026,372,Safe,52.32,alias
2025-2026,2026,373,Safe,45.9,exact
2025-2026,2026,374,Safe,36.03,exact
2025-2026,2026,375,Safe,61.91,exact
2025-2026,2026,376,Safe,19.74,exact
2025-2026,2026,377,Semi-critical,70.25,exact
2025-2026,2026,378,Semi-critical,77.82,exact
2025-2026,2026,379,Safe,25.31,exact
2025-2026,2026,380,Safe,47.41,exact
2025-2026,2026,381,Safe,42.71,exact
2025-2026,2026,382,Safe,57.78,exact
2025-2026,2026,383,Safe,35.29,exact
2025-2026,2026,384,Safe,46.58,exact
2025-2026,2026,385,Safe,61.16,exact
2025-2026,2026,386,Safe,41.35,exact
2025-2026,2026,387,Safe,59.02,exact
2025-2026,2026,388,Safe,55.64,exact
2025-2026,2026,389,Safe,45.89,exact
2025-2026,2026,390,Safe,27.8,exact
2025-2026,2026,391,Safe,61.02,exact
2025-2026,2026,392,Safe,24.23,exact
2025-2026,2026,393,Semi-critical,71.61,exact
2025-2026,2026,394,Safe,52.03,exact
2025-2026,2026,395,Safe,32.41,exact
2025-2026,2026,396,Semi-critical,82.97,exact
2025-2026,2026,397,Safe,69.78,exact
2025-2026,2026,398,Safe,65.06,exact
2025-2026,2026,399,Safe,59.99,exact
2025-2026,2026,400,Safe,59.24,exact
2025-2026,2026,401,Safe,34.94,exact
2025-2026,2026,402,Semi-critical,79.56,exact
2025-2026,2026,403,Safe,67.66,exact
2025-2026,2026,404,Safe,15.46,exact
2025-2026,2026,405,Safe,40.36,alias
2025-2026,2026,406,Safe,65.27,exact
2025-2026,2026,407,Safe,33.53,exact
2025-2026,2026,408,Safe,38.14,exact
2025-2026,2026,409,Safe,27.16,alias
2025-2026,2026,410,Over-exploited,118.13,exact
2025-2026,2026,411,Safe,55.58,exact
2025-2026,2026,412,Safe,43.87,exact
2025-2026,2026,413,Safe,47.64,exact
2025-2026,2026,414,Safe,45.49,exact
2025-2026,2026,415,Safe,26.03,exact
2025-2026,2026,416,Critical,98.93,exact
2025-2026,2026,417,Safe,42.24,exact
2025-2026,2026,418,Safe,67.2,exact
2025-2026,2026,419,Over-exploited,102.37,exact
2025-2026,2026,420,Safe,38.75,exact
2025-2026,2026,421,Safe,52.98,exact
2025-2026,2026,422,Semi-critical,89.53,exact
2025-2026,2026,423,Over-exploited,133.37,exact
2025-2026,2026,424,Safe,58.78,exact
2025-2026,2026,425,Safe,59.73,exact
2025-2026,2026,426,Safe,64.03,exact
2025-2026,2026,427,Safe,65.13,exact
2025-2026,2026,428,Safe,45.91,exact
2025-2026,2026,429,Safe,17.12,exact
2025-2026,2026,430,Over-exploited,105.94,exact
2025-2026,2026,431,Safe,38.08,exact
2025-2026,2026,432,Safe,66.75,exact
2025-2026,2026,433,Safe,37.42,exact
2025-2026,2026,434,Semi-critical,79.92,exact
2025-2026,2026,435,Over-exploited,108.41,exact
2025-2026,2026,436,Safe,20.48,exact
2025-2026,2026,437,Safe,65.49,exact
2025-2026,2026,438,Semi-critical,79.14,fuzzy
2025-2026,2026,439,Safe,58.74,exact
2025-2026,2026,440,Safe,29.91,exact
2025-2026,2026,441,Over-exploited,116.16,exact
2025-2026,2026,442,Safe,29.68,exact
2025-2026,2026,443,Safe,47.07,exact
2025-2026,2026,444,Safe,13.23,exact
2025-2026,2026,445,Safe,41.99,alias
2025-2026,2026,446,Over-exploited,111.67,exact
2025-2026,2026,447,Safe,46.16,exact
2025-2026,2026,448,Safe,48.71,exact
2025-2026,2026,449,Safe,52.53,exact
2025-2026,2026,450,Safe,43.94,exact
2025-2026,2026,451,Over-exploited,107.98,exact
2025-2026,2026,452,Semi-critical,71.43,exact
2025-2026,2026,453,Safe,31.6,exact
2025-2026,2026,454,Safe,26.96,fuzzy
2025-2026,2026,455,Over-exploited,120.04,exact
2025-2026,2026,456,Safe,56.43,exact
2025-2026,2026,457,Safe,66.44,exact
2025-2026,2026,458,Semi-critical,76.45,exact
2025-2026,2026,459,Safe,45.96,exact
2025-2026,2026,460,Safe,54.59,exact
2025-2026,2026,461,Safe,66.51,exact
2025-2026,2026,462,Safe,31.49,exact
2025-2026,2026,463,Safe,62.85,exact
2025-2026,2026,464,Safe,48.52,exact
2025-2026,2026,465,Safe,35.7,fuzzy
2025-2026,2026,466,Semi-critical,75.8,alias
2025-2026,2026,467,Safe,60.88,exact
2025-2026,2026,468,Semi-critical,75.01,exact
2025-2026,2026,469,Safe,62.22,alias
2025-2026,2026,470,Safe,57.95,exact
2025-2026,2026,471,Safe,30.24,exact
2025-2026,2026,472,Semi-critical,72.01,exact
2025-2026,2026,473,Safe,29.67,exact
2025-2026,2026,474,Safe,51.88,exact
2025-2026,2026,475,Safe,26.09,exact
2025-2026,2026,476,Safe,29.0,fuzzy
2025-2026,2026,477,Safe,37.18,exact
2025-2026,2026,478,Semi-critical,77.46,exact
2025-2026,2026,479,Safe,33.97,exact
2025-2026,2026,480,Safe,42.77,exact
2025-2026,2026,481,Safe,50.92,exact
2025-2026,2026,482,Safe,47.06,exact
2025-2026,2026,483,Safe,33.94,exact
2025-2026,2026,484,Safe,45.3,exact
2025-2026,2026,485,Safe,32.48,exact
2025-2026,2026,486,Safe,43.25,exact
2025-2026,2026,487,Safe,56.81,exact
2025-2026,2026,488,Safe,59.56,alias
2025-2026,2026,489,Safe,46.48,exact
2025-2026,2026,490,Safe,63.73,exact
2025-2026,2026,491,Safe,18.27,exact
2025-2026,2026,492,Safe,17.92,exact
2025-2026,2026,493,Safe,52.94,exact
2025-2026,2026,494,Safe,55.82,exact
2025-2026,2026,495,Safe,44.68,exact
2025-2026,2026,496,Safe,68.43,exact
2025-2026,2026,497,Safe,19.46,exact
2025-2026,2026,498,Safe,46.24,exact
2025-2026,2026,499,Safe,51.79,exact
2025-2026,2026,500,Safe,37.82,exact
2025-2026,2026,501,Safe,37.57,exact
2025-2026,2026,502,Safe,51.02,alias
2025-2026,2026,503,Safe,67.24,exact
2025-2026,2026,504,Safe,42.51,alias
2025-2026,2026,505,Safe,25.84,exact
2025-2026,2026,506,Safe,20.7,exact
2025-2026,2026,507,Over-exploited,101.94,exact
2025-2026,2026,508,Safe,37.0,exact
2025-2026,2026,509,Safe,41.18,exact
2025-2026,2026,510,Safe,33.69,exact
2025-2026,2026,511,Safe,37.76,exact
2025-2026,2026,512,Semi-critical,73.56,exact
2025-2026,2026,513,Safe,65.68,exact
2025-2026,2026,514,Safe,49.62,exact
2025-2026,2026,515,Safe,32.35,alias
2025-2026,2026,516,Safe,51.05,exact
2025-2026,2026,517,Safe,29.73,exact
2025-2026,2026,518,Safe,62.72,exact
2025-2026,2026,519,Safe,33.7,exact
2025-2026,2026,520,Safe,46.16,fuzzy
2025-2026,2026,521,Safe,29.07,exact
2025-2026,2026,522,Safe,56.3,exact
2025-2026,2026,523,Safe,10.29,exact
2025-2026,2026,524,Semi-critical,75.94,fuzzy
2025-2026,2026,525,Over-exploited,179.4,exact
2025-2026,2026,526,Over-exploited,148.31,exact
2025-2026,2026,527,Semi-critical,71.34,exact
2025-2026,2026,528,Safe,31.4,exact
2025-2026,2026,529,Safe,69.72,exact
2025-2026,2026,530,Safe,46.11,exact
2025-2026,2026,531,Critical,90.16,exact
2025-2026,2026,532,Safe,54.77,exact
2025-2026,2026,533,Over-exploited,116.14,exact
2025-2026,2026,534,Safe,46.41,exact
2025-2026,2026,535,Semi-critical,82.11,fuzzy
2025-2026,2026,536,Safe,54.33,exact
2025-2026,2026,537,Semi-critical,76.31,exact
2025-2026,2026,538,Safe,48.81,fuzzy
2025-2026,2026,539,Safe,54.19,exact
2025-2026,2026,540,Safe,63.79,exact
2025-2026,2026,541,Safe,35.25,exact
2025-2026,2026,542,Over-exploited,185.86,fuzzy
2025-2026,2026,543,Safe,59.26,exact
2025-2026,2026,544,Safe,66.09,exact
2025-2026,2026,545,Safe,46.39,exact
2025-2026,2026,546,Safe,42.19,exact
2025-2026,2026,547,Safe,42.54,exact
2025-2026,2026,548,Critical,91.08,exact
2025-2026,2026,549,Safe,33.0,exact
2025-2026,2026,550,Safe,31.52,exact
2025-2026,2026,551,Safe,28.1,alias
2025-2026,2026,552,Safe,20.36,exact
2025-2026,2026,554,Safe,37.56,exact
2025-2026,2026,555,Safe,42.84,exact
2025-2026,2026,556,Safe,49.38,exact
2025-2026,2026,557,Safe,45.47,exact
2025-2026,2026,558,Safe,69.33,fuzzy
2025-2026,2026,559,Safe,47.27,exact
2025-2026,2026,560,Safe,32.6,exact
2025-2026,2026,561,Safe,57.84,fuzzy
2025-2026,2026,562,Safe,68.25,exact
2025-2026,2026,563,Safe,55.23,exact
2025-2026,2026,564,Safe,31.23,exact
2025-2026,2026,565,Safe,62.87,exact
2025-2026,2026,566,Safe,57.03,exact
2025-2026,2026,567,Safe,24.69,exact
2025-2026,2026,568,Over-exploited,120.62,exact
2025-2026,2026,569,Critical,98.23,exact
2025-2026,2026,570,Safe,56.91,exact
2025-2026,2026,571,Semi-critical,86.77,exact
2025-2026,2026,572,Over-exploited,115.68,exact
2025-2026,2026,573,Semi-critical,75.85,exact
2025-2026,2026,574,Safe,46.43,fuzzy
2025-2026,2026,575,Safe,14.11,exact
2025-2026,2026,576,Critical,99.64,exact
2025-2026,2026,577,Critical,97.13,exact
2025-2026,2026,578,Safe,64.75,exact
2025-2026,2026,579,Saline,-100000.0,exact
2025-2026,2026,580,Over-exploited,121.7,exact
2025-2026,2026,581,Over-exploited,114.65,exact
2025-2026,2026,582,Safe,49.03,exact
2025-2026,2026,583,Safe,13.2,exact
2025-2026,2026,584,Over-exploited,150.56,exact
2025-2026,2026,585,Safe,26.05,fuzzy
2025-2026,2026,586,Over-exploited,102.09,exact
2025-2026,2026,587,Safe,9.52,exact
2025-2026,2026,588,Semi-critical,75.28,exact
2025-2026,2026,589,Safe,57.03,fuzzy
2025-2026,2026,590,Safe,54.77,exact
2025-2026,2026,591,Semi-critical,75.04,exact
2025-2026,2026,592,Safe,39.96,exact
2025-2026,2026,593,Semi-critical,84.1,exact
2025-2026,2026,594,Safe,28.21,alias
2025-2026,2026,595,Over-exploited,117.3,exact
2025-2026,2026,596,Semi-critical,89.67,exact
2025-2026,2026,597,Safe,59.64,exact
2025-2026,2026,598,Safe,50.37,exact
2025-2026,2026,600,Semi-critical,87.05,alias
2025-2026,2026,602,Safe,3.62,alias
2025-2026,2026,603,Safe,0.91,alias
2025-2026,2026,604,Safe,62.27,alias
2025-2026,2026,605,Over-exploited,215.64,exact
2025-2026,2026,606,Safe,22.88,exact
2025-2026,2026,607,Safe,69.11,exact
2025-2026,2026,608,Over-exploited,118.32,exact
2025-2026,2026,609,Over-exploited,195.6,exact
2025-2026,2026,610,Safe,53.3,exact
2025-2026,2026,611,Safe,48.32,exact
2025-2026,2026,612,Safe,2.06,exact
2025-2026,2026,613,Safe,4.24,exact
2025-2026,2026,614,Safe,1.66,exact
2025-2026,2026,615,Safe,0.32,exact
2025-2026,2026,616,Safe,3.3,exact
2025-2026,2026,617,Safe,3.55,exact
2025-2026,2026,618,Safe,25.15,alias
2025-2026,2026,619,Safe,66.41,exact
2025-2026,2026,620,Safe,15.67,exact
2025-2026,2026,621,Safe,31.72,exact
2025-2026,2026,622,Safe,20.53,exact
2025-2026,2026,623,Safe,15.82,exact
2025-2026,2026,624,Safe,16.86,exact
2025-2026,2026,625,Safe,21.62,exact
2025-2026,2026,626,Safe,45.65,exact
2025-2026,2026,627,Safe,11.02,exact
2025-2026,2026,628,Hilly area,,exact
2025-2026,2026,629,Over-exploited,117.87,exact
2025-2026,2026,630,Over-exploited,151.41,exact
2025-2026,2026,631,Semi-critical,89.7,alias
2025-2026,2026,632,Safe,2.35,alias
2025-2026,2026,633,Semi-critical,72.37,exact
2025-2026,2026,634,Semi-critical,85.5,exact
2025-2026,2026,635,Safe,38.64,exact
2025-2026,2026,636,Safe,10.79,exact
2025-2026,2026,637,Safe,10.13,exact
2025-2026,2026,638,Safe,44.36,exact
2025-2026,2026,639,Safe,42.06,exact
2025-2026,2026,640,Safe,63.71,exact
2025-2026,2026,641,Safe,39.79,exact
2025-2026,2026,642,Safe,5.63,exact
2025-2026,2026,643,Safe,44.26,exact
2025-2026,2026,644,Safe,43.1,exact
2025-2026,2026,645,Safe,61.52,fuzzy
2025-2026,2026,646,Safe,68.57,exact
2025-2026,2026,647,Safe,45.52,exact
2025-2026,2026,648,Safe,59.0,exact
2025-2026,2026,649,Safe,26.77,exact
2025-2026,2026,650,Semi-critical,82.09,exact
2025-2026,2026,651,Safe,55.79,exact
2025-2026,2026,652,Safe,7.51,exact
2025-2026,2026,653,Safe,9.93,exact
2025-2026,2026,654,Safe,4.64,exact
2025-2026,2026,655,Safe,9.9,exact
2025-2026,2026,656,Safe,6.9,exact
2025-2026,2026,657,Safe,1.83,exact
2025-2026,2026,658,Safe,1.06,exact
2025-2026,2026,659,Semi-critical,80.42,exact
2025-2026,2026,660,Over-exploited,100.29,exact
2025-2026,2026,661,Critical,96.07,exact
2025-2026,2026,662,Safe,42.09,exact
2025-2026,2026,663,Safe,34.13,exact
2025-2026,2026,664,Safe,11.26,exact
2025-2026,2026,665,Safe,24.8,exact
2025-2026,2026,667,Critical,93.36,exact
2025-2026,2026,668,Safe,46.86,exact
2025-2026,2026,669,Safe,52.5,exact
2025-2026,2026,670,Semi-critical,79.94,exact
2025-2026,2026,672,Safe,45.13,exact
2025-2026,2026,673,Safe,51.65,exact
2025-2026,2026,674,Semi-critical,72.73,exact
2025-2026,2026,675,Safe,50.07,exact
2025-2026,2026,676,Safe,59.72,exact
2025-2026,2026,680,Safe,35.89,exact
2025-2026,2026,681,Safe,44.51,fuzzy
2025-2026,2026,682,Safe,48.79,fuzzy
2025-2026,2026,683,Safe,68.09,fuzzy
2025-2026,2026,684,Safe,37.83,exact
2025-2026,2026,685,Safe,48.19,exact
2025-2026,2026,686,Safe,56.3,exact
2025-2026,2026,687,Safe,43.63,exact
2025-2026,2026,688,Safe,53.86,exact
2025-2026,2026,689,Safe,58.18,fuzzy
2025-2026,2026,690,Safe,32.04,exact
2025-2026,2026,691,Safe,45.63,exact
2025-2026,2026,692,Safe,67.94,exact
2025-2026,2026,693,Safe,43.64,exact
2025-2026,2026,694,Safe,38.11,exact
2025-2026,2026,695,Safe,28.29,exact
2025-2026,2026,696,Safe,40.99,exact
2025-2026,2026,697,Safe,65.41,exact
2025-2026,2026,698,Safe,62.39,exact
2025-2026,2026,699,Safe,22.04,fuzzy
2025-2026,2026,700,Semi-critical,71.26,exact
2025-2026,2026,701,Over-exploited,136.6,fuzzy
2025-2026,2026,702,Safe,3.19,exact
2025-2026,2026,703,Safe,25.54,exact
2025-2026,2026,704,Safe,57.26,fuzzy
2025-2026,2026,720,Safe,28.82,fuzzy
2025-2026,2026,721,Safe,41.5,exact
2025-2026,2026,722,Safe,68.52,exact
2025-2026,2026,729,Semi-critical,80.11,fuzzy
2025-2026,2026,730,Safe,65.14,exact
2025-2026,2026,731,Semi-critical,82.55,exact
2025-2026,2026,732,Over-exploited,140.64,exact
2025-2026,2026,733,Semi-critical,77.44,exact
2025-2026,2026,734,Safe,39.11,fuzzy
2025-2026,2026,735,Over-exploited,114.11,exact
2025-2026,2026,737,Over-exploited,281.75,exact
2025-2026,2026,738,Semi-critical,86.4,fuzzy
2025-2026,2026,741,Safe,4.88,exact
2025-2026,2026,742,Safe,7.89,exact
2025-2026,2026,743,Safe,26.01,exact
2025-2026,2026,744,Safe,30.6,exact
2025-2026,2026,745,Safe,6.69,exact
2025-2026,2026,746,Safe,16.8,exact
2025-2026,2026,747,Safe,19.07,exact
2025-2026,2026,748,Safe,37.57,exact
2025-2026,2026,749,Safe,33.99,exact
2025-2026,2026,750,Safe,21.53,exact
2025-2026,2026,751,Safe,31.54,exact
2025-2026,2026,752,Safe,36.24,fuzzy
2025-2026,2026,753,Safe,43.86,exact
2025-2026,2026,754,Safe,56.36,exact
2025-2026,2026,755,Safe,9.0,exact
2025-2026,2026,759,Safe,55.83,fuzzy
2025-2026,2026,760,Safe,21.4,fuzzy
2025-2026,2026,761,Safe,39.57,fuzzy
2025-2026,2026,762,Safe,47.59,exact
2025-2026,2026,763,Safe,37.3,fuzzy
