state,ingres_district,dist_lgd,name,category,stage_pct,recharge_ham,extractable_ham,extraction_ham,poor_quality_category
MADHYA PRADESH,SHEOPUR,431.0,KARAHAL,Safe,50.53,13578.08,12899.18,6517.58,
MADHYA PRADESH,SHEOPUR,431.0,SHEOPUR,Safe,21.88,32403.89,29163.5,6379.85,
MADHYA PRADESH,SHEOPUR,431.0,VIJAYPUR,Semi-critical,70.01,10291.02,9776.48,6844.55,
MADHYA PRADESH,BARWANI,393.0,PATI,Safe,68.1,2904.11,2758.9,1878.83,
MADHYA PRADESH,BARWANI,393.0,BARWANI,Safe,55.34,6714.81,6379.07,3530.39,
MADHYA PRADESH,BARWANI,393.0,NIWALI,Safe,68.51,3905.77,3705.3,2538.66,
MADHYA PRADESH,BARWANI,393.0,PANSEMAL,Over-exploited,138.83,6777.41,6152.05,8540.6,
MADHYA PRADESH,BARWANI,393.0,RAJPUR,Semi-critical,86.17,11159.95,10601.96,9135.32,
MADHYA PRADESH,BARWANI,393.0,SENDHWA,Safe,53.81,9366.08,8897.78,4788.19,
MADHYA PRADESH,BARWANI,393.0,THIKRI,Safe,51.96,15630.59,14485.47,7526.67,
MADHYA PRADESH,SATNA,426.0,RAMPUR-BAGHELAN,Critical,94.82,9341.4,8687.46,8237.83,
MADHYA PRADESH,SATNA,426.0,NAGOD,Semi-critical,71.86,12511.4,11333.73,8144.65,
MADHYA PRADESH,SATNA,426.0,UNCHEHARA,Safe,55.45,9735.73,8834.92,4898.56,
MADHYA PRADESH,SATNA,426.0,MAJHGAWAN,Safe,35.24,15595.79,14816.0,5220.57,
MADHYA PRADESH,SATNA,426.0,SOHAWAL,Semi-critical,78.84,10403.65,9883.46,7792.11,
MADHYA PRADESH,UJJAIN,435.0,BADNAGAR,Over-exploited,139.87,21206.73,19086.06,26696.46,
MADHYA PRADESH,UJJAIN,435.0,GHATIA,Over-exploited,129.79,13124.72,12468.48,16183.27,
MADHYA PRADESH,UJJAIN,435.0,KHCHROD,Semi-critical,74.66,20302.09,19286.99,14400.55,
MADHYA PRADESH,UJJAIN,435.0,MAHIDPUR,Semi-critical,87.16,17438.01,16566.11,14439.25,
MADHYA PRADESH,UJJAIN,435.0,TARANA,Semi-critical,83.17,14728.37,13991.95,11637.17,
MADHYA PRADESH,UJJAIN,435.0,UJJAIN,Over-exploited,145.1,14023.27,13322.11,19330.18,
MADHYA PRADESH,NEEMUCH,419.0,JAWAD,Over-exploited,112.71,12156.22,11548.41,13015.97,
MADHYA PRADESH,NEEMUCH,419.0,MANASA,Semi-critical,83.45,12586.32,11957.0,9977.86,
MADHYA PRADESH,NEEMUCH,419.0,NEEMUCH,Over-exploited,110.01,14713.39,13977.72,15377.13,
MADHYA PRADESH,RAJGARH,422.0,SARANGPUR,Over-exploited,110.37,14806.91,14066.57,15525.01,
MADHYA PRADESH,RAJGARH,422.0,NARSINGHGARH,Critical,94.47,18908.73,17963.29,16970.17,
MADHYA PRADESH,RAJGARH,422.0,BIAORA,Semi-critical,88.35,18489.6,17565.12,15518.34,
MADHYA PRADESH,RAJGARH,422.0,KHILCHIPUR,Semi-critical,88.44,12406.7,11786.37,10423.84,
MADHYA PRADESH,RAJGARH,422.0,RAJGARH,Semi-critical,74.39,17119.55,16263.57,12097.71,
MADHYA PRADESH,RAJGARH,422.0,JIRAPUR,Semi-critical,81.44,13252.89,12590.25,10253.17,
MADHYA PRADESH,DHAR,403.0,TIRLA,Critical,96.1,7908.2,7512.79,7219.84,
MADHYA PRADESH,DHAR,403.0,DHARMPURI,Safe,30.68,8206.99,7714.14,2366.71,
MADHYA PRADESH,DHAR,403.0,BADNAWAR,Over-exploited,117.05,18181.01,17211.06,20145.0,
MADHYA PRADESH,DHAR,403.0,BAGH,Safe,33.84,6410.66,6090.13,2060.72,
MADHYA PRADESH,DHAR,403.0,DAHI,Safe,38.59,9167.48,8537.41,3294.3,
MADHYA PRADESH,DHAR,403.0,DHAR,Over-exploited,153.67,10851.6,10309.02,15842.02,
MADHYA PRADESH,DHAR,403.0,GANDHWANI,Safe,31.07,12973.6,12324.91,3828.79,
MADHYA PRADESH,DHAR,403.0,KUKSHI,Safe,40.59,5326.63,4982.05,2022.05,
MADHYA PRADESH,DHAR,403.0,MANAWAR,Safe,35.15,11089.18,10534.71,3702.75,
MADHYA PRADESH,DHAR,403.0,NALCHHA,Over-exploited,116.94,12647.94,12001.54,14034.71,
MADHYA PRADESH,DHAR,403.0,NISARPUR,Safe,38.04,6829.34,6487.87,2467.7,
MADHYA PRADESH,DHAR,403.0,SARDARPUR,Safe,47.99,19775.43,18528.34,8892.39,
MADHYA PRADESH,DHAR,403.0,UMARBAN,Safe,29.86,8852.02,8409.42,2511.4,
MADHYA PRADESH,GUNA,406.0,ARON,Safe,68.71,12809.33,12168.87,8361.38,
MADHYA PRADESH,GUNA,406.0,BAMORI,Safe,60.97,18803.61,17863.42,10891.61,
MADHYA PRADESH,GUNA,406.0,CHACHODA,Semi-critical,72.5,20713.28,18641.95,13516.04,
MADHYA PRADESH,GUNA,406.0,GUNA,Safe,65.22,19909.97,18914.47,12335.18,
MADHYA PRADESH,GUNA,406.0,RAGHOGARH,Safe,60.65,22473.81,21350.12,12949.44,
MADHYA PRADESH,PANDHURNA,399.0,SAUSAR,Safe,51.04,8336.61,7919.78,4041.99,
MADHYA PRADESH,PANDHURNA,399.0,PANDHURNA,Critical,91.51,11448.48,10876.05,9952.56,
MADHYA PRADESH,BURHANPUR,397.0,KHAKNAR,Safe,65.35,18149.91,17242.41,11268.74,
MADHYA PRADESH,BURHANPUR,397.0,BURHANPUR,Semi-critical,73.99,20023.82,18109.31,13398.99,
MADHYA PRADESH,DEWAS,402.0,KHATEGAON,Semi-critical,86.19,12819.45,12178.47,10496.22,
MADHYA PRADESH,DEWAS,402.0,BAGLI,Safe,65.45,22977.79,21804.39,14271.03,
MADHYA PRADESH,DEWAS,402.0,SONKATCH,Over-exploited,106.25,10908.75,9817.87,10431.46,
MADHYA PRADESH,DEWAS,402.0,DEWAS,Over-exploited,106.99,17754.05,16866.34,18045.36,
MADHYA PRADESH,DEWAS,402.0,TONKHURD,Safe,61.9,11249.85,10124.86,6267.03,
MADHYA PRADESH,DEWAS,402.0,KANNOD,Safe,56.42,15151.94,13781.51,7775.01,
MADHYA PRADESH,SIDHI,433.0,KUSMI,Safe,26.32,8900.14,8455.14,2225.13,
MADHYA PRADESH,SIDHI,433.0,MAJHAULI,Safe,38.6,5449.09,5176.63,1998.32,
MADHYA PRADESH,SIDHI,433.0,RAMPUR NAIKIN,Safe,36.22,7286.3,6921.98,2507.19,
MADHYA PRADESH,SIDHI,433.0,SIDHI,Safe,66.87,4815.48,4574.7,3059.04,
MADHYA PRADESH,SIDHI,433.0,SIHAWAL,Safe,29.99,5598.16,5219.02,1565.41,
MADHYA PRADESH,BETUL,394.0,AMLA,Safe,58.16,13798.59,13108.66,7623.67,
MADHYA PRADESH,BETUL,394.0,ATHNER,Safe,49.09,6723.84,6342.67,3113.59,
MADHYA PRADESH,BETUL,394.0,BETUL,Semi-critical,85.19,14011.89,13311.29,11339.34,
MADHYA PRADESH,BETUL,394.0,BHAINSDEHI,Safe,41.16,10942.56,9848.3,4053.41,
MADHYA PRADESH,BETUL,394.0,BHIMPUR,Safe,33.67,9653.69,8688.32,2925.03,
MADHYA PRADESH,BETUL,394.0,CHICHOLI,Safe,54.6,5662.73,5115.19,2792.76,
MADHYA PRADESH,BETUL,394.0,GHODA DONGRI,Safe,22.63,13744.67,13057.45,2955.37,
MADHYA PRADESH,BETUL,394.0,MULTAI,Semi-critical,85.23,12838.08,12116.97,10327.35,
MADHYA PRADESH,BETUL,394.0,PRABHAT PATTAN,Safe,23.81,11853.5,10668.15,2539.93,
MADHYA PRADESH,BETUL,394.0,SHAHPUR,Safe,59.36,4839.03,4576.53,2716.71,
MADHYA PRADESH,ALIRAJPUR,639.0,SONDWA,Safe,27.61,8476.89,8053.05,2223.64,
MADHYA PRADESH,ALIRAJPUR,639.0,ALIRAJPUR,Safe,39.65,6233.69,5610.32,2224.52,
MADHYA PRADESH,ALIRAJPUR,639.0,BHABRA,Safe,63.48,1987.55,1888.17,1198.54,
MADHYA PRADESH,ALIRAJPUR,639.0,JOBAT,Safe,66.45,2525.25,2272.72,1510.19,
MADHYA PRADESH,ALIRAJPUR,639.0,KATTHIWARA,Safe,48.33,3307.5,2976.75,1438.81,
MADHYA PRADESH,ALIRAJPUR,639.0,UDAIGARH,Safe,48.04,2700.62,2565.58,1232.54,
MADHYA PRADESH,AGAR MALWA,667.0,BADOD,Semi-critical,82.53,10868.05,10324.65,8521.01,
MADHYA PRADESH,AGAR MALWA,667.0,AGAR,Safe,65.07,11691.89,11107.29,7227.46,
MADHYA PRADESH,AGAR MALWA,667.0,SUSNER,Over-exploited,102.93,10419.23,9898.27,10187.84,
MADHYA PRADESH,AGAR MALWA,667.0,NALKHEDA,Over-exploited,127.21,10298.81,9783.87,12446.07,
MADHYA PRADESH,GWALIOR,407.0,BHITARWAR,Safe,24.55,24743.02,23505.87,5769.76,
MADHYA PRADESH,GWALIOR,407.0,DABRA,Safe,19.27,23706.08,22214.65,4279.74,
MADHYA PRADESH,GWALIOR,407.0,GHATIGAON,Safe,30.77,15818.15,14386.53,4426.08,
MADHYA PRADESH,GWALIOR,407.0,MORAR,Safe,61.78,13655.16,12289.65,7592.76,
MADHYA PRADESH,GWALIOR,407.0,GWALIOR URBAN,Semi-critical,74.24,5714.31,5428.59,4030.06,
MADHYA PRADESH,SHIVPURI,432.0,BADARWAS,Semi-critical,79.67,12863.94,11623.62,9260.96,
MADHYA PRADESH,SHIVPURI,432.0,KARERA,Safe,58.36,8825.59,8037.62,4690.74,
MADHYA PRADESH,SHIVPURI,432.0,KHANIYADHANA,Semi-critical,77.3,8402.27,7982.15,6169.9,
MADHYA PRADESH,SHIVPURI,432.0,KOLARAS,Semi-critical,76.75,11322.8,10756.66,8255.23,
MADHYA PRADESH,SHIVPURI,432.0,NARWAR,Semi-critical,70.05,9959.75,9068.53,6352.66,
MADHYA PRADESH,SHIVPURI,432.0,PICHHORE,Semi-critical,75.63,8939.46,8492.49,6422.8,
MADHYA PRADESH,SHIVPURI,432.0,POHARI,Safe,49.17,16100.16,14520.08,7139.43,
MADHYA PRADESH,SHIVPURI,432.0,SHIVPURI,Safe,58.18,15352.96,14585.31,8486.2,
MADHYA PRADESH,SINGRAULI,638.0,CHITRANGI,Safe,44.85,8784.82,8345.58,3743.21,
MADHYA PRADESH,SINGRAULI,638.0,DEOSAR,Safe,38.06,12528.67,11902.23,4529.43,
MADHYA PRADESH,SINGRAULI,638.0,WAIDHAN,Safe,48.97,16183.54,15374.36,7528.27,
MADHYA PRADESH,TIKAMGARH,434.0,PALERA,Semi-critical,80.15,7491.99,7117.39,5704.68,
MADHYA PRADESH,TIKAMGARH,434.0,JATARA,Semi-critical,85.96,12833.2,11634.21,10000.85,
MADHYA PRADESH,TIKAMGARH,434.0,TIKAMGARH,Semi-critical,80.42,11495.5,10920.73,8782.85,
MADHYA PRADESH,TIKAMGARH,434.0,BALDEOGARH,Semi-critical,71.37,9590.41,9057.71,6464.81,
MADHYA PRADESH,UMARIA,436.0,KARKELI,Safe,27.11,10596.03,10066.22,2729.07,
MADHYA PRADESH,UMARIA,436.0,MANPUR,Safe,19.71,18724.15,17787.94,3505.39,
MADHYA PRADESH,UMARIA,436.0,PALI,Safe,12.77,7621.29,6859.16,875.71,
MADHYA PRADESH,VIDISHA,437.0,BASODA,Semi-critical,70.28,14470.09,13726.37,9646.86,
MADHYA PRADESH,VIDISHA,437.0,GYARASPUR,Semi-critical,77.25,11195.36,10635.59,8215.48,
MADHYA PRADESH,VIDISHA,437.0,KURWAI,Semi-critical,77.19,12280.43,11666.41,9005.88,
MADHYA PRADESH,VIDISHA,437.0,LATERI,Safe,56.73,10302.65,9787.52,5552.81,
MADHYA PRADESH,VIDISHA,437.0,NATERAN,Safe,62.64,13605.9,12925.61,8096.15,
MADHYA PRADESH,VIDISHA,437.0,SIRONJ,Safe,65.22,15622.0,14840.89,9679.34,
MADHYA PRADESH,VIDISHA,437.0,VIDISHA,Safe,54.26,19843.66,17859.29,9689.98,
MADHYA PRADESH,NIWARI,722.0,NIWARI,Safe,67.91,7805.77,7415.48,5035.74,
MADHYA PRADESH,NIWARI,722.0,PRITHVIPUR,Safe,68.9,12324.0,11707.79,8067.17,
MADHYA PRADESH,MAIHAR,426.0,RAMNAGAR,Safe,42.87,6210.9,5900.35,2529.41,
MADHYA PRADESH,MAIHAR,426.0,AMARPATAN,Semi-critical,81.76,8644.37,7853.54,6421.08,
MADHYA PRADESH,MAIHAR,426.0,MAIHAR,Semi-critical,81.12,8166.39,7758.07,6293.26,
MADHYA PRADESH,MAUGANJ,424.0,HANUMANA,Safe,37.24,7319.17,6953.21,2589.18,
MADHYA PRADESH,MAUGANJ,424.0,MAUGANJ,Semi-critical,77.8,4199.54,3989.56,3104.03,
MADHYA PRADESH,MAUGANJ,424.0,NAIGARHI,Semi-critical,70.51,2823.51,2682.34,1891.33,
MADHYA PRADESH,DINDORI,404.0,MENHADWANI,Safe,14.1,3646.82,3464.48,488.55,
MADHYA PRADESH,DINDORI,404.0,AMARPUR,Safe,13.39,3143.14,2985.98,399.74,
MADHYA PRADESH,DINDORI,404.0,SAMNAPUR,Safe,18.35,3595.01,3415.26,626.67,
MADHYA PRADESH,DINDORI,404.0,DINDORI,Safe,13.84,5844.96,5260.46,727.95,
MADHYA PRADESH,DINDORI,404.0,BAJAG,Safe,14.51,2824.55,2683.32,389.47,
MADHYA PRADESH,DINDORI,404.0,KARANJIYA,Safe,12.28,4544.96,4317.71,530.43,
MADHYA PRADESH,DINDORI,404.0,SHAHPURA,Safe,19.28,7152.64,6795.01,1309.98,
MADHYA PRADESH,HARDA,408.0,HARDA,Safe,55.36,14421.34,13700.28,7584.54,
MADHYA PRADESH,HARDA,408.0,KHIRKIYA,Safe,67.61,7201.52,6841.44,4625.32,
MADHYA PRADESH,HARDA,408.0,TIMARNI,Safe,20.98,26833.71,25492.02,5349.46,
MADHYA PRADESH,HOSHANGABAD,409.0,BABAI,Safe,10.72,33365.02,31696.77,3397.33,
MADHYA PRADESH,HOSHANGABAD,409.0,BANKHEDI,Semi-critical,83.17,21448.38,20375.96,16947.35,
MADHYA PRADESH,HOSHANGABAD,409.0,HOSHANGABAD,Safe,16.67,28493.27,27068.61,4512.51,
MADHYA PRADESH,HOSHANGABAD,409.0,KESLA,Safe,23.55,19891.28,18896.71,4450.77,
MADHYA PRADESH,HOSHANGABAD,409.0,PIPARIYA,Safe,39.03,23663.08,22197.68,8662.91,
MADHYA PRADESH,HOSHANGABAD,409.0,SEONI MALWA,Safe,10.78,45872.91,42140.35,4544.69,
MADHYA PRADESH,HOSHANGABAD,409.0,SOHAGPUR,Safe,40.72,12295.48,11680.7,4756.82,
MADHYA PRADESH,SEHORE,427.0,ASHTA,Critical,94.08,14552.67,13760.26,12945.43,
MADHYA PRADESH,SEHORE,427.0,BUDNI,Safe,35.64,11719.23,10731.56,3825.18,
MADHYA PRADESH,SEHORE,427.0,NASRULLAGANJ,Safe,49.34,13102.75,12447.61,6142.25,
MADHYA PRADESH,SEHORE,427.0,ICHHAWAR,Safe,69.79,8246.08,7833.77,5467.0,
MADHYA PRADESH,SEHORE,427.0,SEHORE,Safe,68.8,22519.19,21318.58,14666.62,
MADHYA PRADESH,SEONI,428.0,BARGHAT,Safe,61.95,6562.44,6234.32,3862.43,
MADHYA PRADESH,SEONI,428.0,CHHAPARA,Semi-critical,72.16,6537.46,6210.59,4481.85,
MADHYA PRADESH,SEONI,428.0,DHANORA,Safe,35.35,4219.63,4008.65,1417.04,
MADHYA PRADESH,SEONI,428.0,GHANSOR,Safe,31.84,6136.04,5829.24,1855.78,
MADHYA PRADESH,SEONI,428.0,KEOLARI,Safe,29.02,6618.74,6287.81,1824.87,
MADHYA PRADESH,SEONI,428.0,KURAI,Safe,26.59,14355.85,13638.05,3627.02,
MADHYA PRADESH,SEONI,428.0,LAKHNADON,Safe,43.21,13473.12,12799.46,5530.72,
MADHYA PRADESH,SEONI,428.0,SEONI,Semi-critical,70.25,11490.44,10915.91,7668.65,
MADHYA PRADESH,SHAHDOL,429.0,BEOHARI,Safe,27.25,6149.42,5841.94,1591.95,
MADHYA PRADESH,SHAHDOL,429.0,BURHAR,Safe,14.4,11734.8,11148.06,1605.21,
MADHYA PRADESH,SHAHDOL,429.0,GOHPARU,Safe,7.29,8524.67,8098.44,590.65,
MADHYA PRADESH,SHAHDOL,429.0,JAISINGHNAGAR,Safe,13.55,13733.29,13046.62,1767.88,
MADHYA PRADESH,SHAHDOL,429.0,SOHAGPUR,Safe,30.92,7418.49,7047.56,2178.94,
MADHYA PRADESH,SHAJAPUR,430.0,KALAPIPAL,Over-exploited,115.34,14353.52,13635.85,15728.02,
MADHYA PRADESH,SHAJAPUR,430.0,MOMAN BADODIYA,Over-exploited,116.3,15467.09,14693.74,17088.11,
MADHYA PRADESH,SHAJAPUR,430.0,SHAJAPUR,Semi-critical,82.76,13417.88,12746.98,10549.75,
MADHYA PRADESH,SHAJAPUR,430.0,SHUJALPUR,Over-exploited,107.1,13663.73,12980.54,13902.59,
MADHYA PRADESH,ANUPPUR,390.0,KOTMA,Semi-critical,87.13,4435.94,4214.14,3671.73,
MADHYA PRADESH,ANUPPUR,390.0,ANUPPUR,Safe,21.82,5722.25,5436.14,1186.2,
MADHYA PRADESH,ANUPPUR,390.0,JAITHARI,Safe,18.25,8761.74,8323.65,1518.69,
MADHYA PRADESH,ANUPPUR,390.0,PUSHPARAJGARH,Safe,10.94,8616.41,8185.59,895.61,
MADHYA PRADESH,ASHOKNAGAR,391.0,MUNGAOLI,Safe,44.37,13379.78,12710.79,5639.49,
MADHYA PRADESH,ASHOKNAGAR,391.0,CHANDERI,Semi-critical,70.65,7838.46,7446.54,5260.72,
MADHYA PRADESH,ASHOKNAGAR,391.0,ASHOKNAGAR,Safe,63.27,11797.2,11207.33,7090.83,
MADHYA PRADESH,ASHOKNAGAR,391.0,ISAGARH,Semi-critical,74.05,9263.69,8800.51,6516.83,
MADHYA PRADESH,BALAGHAT,392.0,KATANGI,Safe,55.94,6065.24,5761.98,3222.97,
MADHYA PRADESH,BALAGHAT,392.0,LALBARRA,Safe,33.58,6472.35,6048.68,2031.0,
MADHYA PRADESH,BALAGHAT,392.0,BALAGHAT,Safe,22.88,10789.34,10142.02,2320.91,
MADHYA PRADESH,BALAGHAT,392.0,BAIHAR,Safe,5.61,8931.56,8484.98,476.26,
MADHYA PRADESH,BALAGHAT,392.0,KHAIRLANJI,Safe,59.56,4174.33,3965.61,2361.78,
MADHYA PRADESH,BALAGHAT,392.0,BIRSA,Safe,4.94,11110.42,10554.9,521.86,
MADHYA PRADESH,BALAGHAT,392.0,LANJI,Safe,24.6,7487.23,7112.87,1749.65,
MADHYA PRADESH,BALAGHAT,392.0,KIRNAPUR,Safe,29.97,6816.46,6475.63,1940.86,
MADHYA PRADESH,BALAGHAT,392.0,PARASWADA,Safe,4.87,8712.43,8276.81,402.82,
MADHYA PRADESH,BALAGHAT,392.0,WARASEONI,Safe,54.86,4008.87,3808.42,2089.47,
MADHYA PRADESH,BHIND,395.0,ATER,Safe,42.79,13985.99,13286.68,5685.28,
MADHYA PRADESH,BHIND,395.0,MEHGAON,Safe,29.04,24291.9,22294.01,6474.95,
MADHYA PRADESH,BHIND,395.0,RON,Safe,32.77,9184.06,8724.86,2859.37,
MADHYA PRADESH,BHIND,395.0,BHIND,Safe,33.05,16392.79,15202.32,5024.57,
MADHYA PRADESH,BHIND,395.0,GOHAD,Safe,29.09,20761.8,19723.7,5736.71,
MADHYA PRADESH,BHIND,395.0,LAHAR,Safe,31.67,15019.46,14268.5,4519.18,
MADHYA PRADESH,BHOPAL,396.0,BHOPAL URBAN,Semi-critical,78.33,5349.55,5082.07,3980.9,
MADHYA PRADESH,BHOPAL,396.0,BERASIA,Semi-critical,81.84,18888.23,17943.81,14684.6,
MADHYA PRADESH,BHOPAL,396.0,PHANDA,Semi-critical,86.25,14068.7,13365.27,11527.07,
MADHYA PRADESH,CHHATARPUR,398.0,CHHATARPUR,Semi-critical,71.91,10351.84,9834.25,7071.97,
MADHYA PRADESH,CHHATARPUR,398.0,GAURIHAR,Safe,34.8,7421.88,6879.22,2393.73,
MADHYA PRADESH,CHHATARPUR,398.0,LAUNDI,Safe,66.98,9338.23,8871.32,5941.75,
MADHYA PRADESH,CHHATARPUR,398.0,RAJNAGAR,Safe,59.32,18028.75,17127.32,10159.72,
MADHYA PRADESH,CHHATARPUR,398.0,BUXWAHA,Semi-critical,82.2,7025.39,6674.12,5485.95,
MADHYA PRADESH,CHHATARPUR,398.0,BIJAWAR,Semi-critical,71.89,13505.15,12822.41,9218.35,
MADHYA PRADESH,CHHATARPUR,398.0,NOWGONG,Semi-critical,75.05,9542.01,9064.91,6803.58,
MADHYA PRADESH,CHHATARPUR,398.0,BADA MALHERA,Safe,59.53,13633.43,12810.87,7626.64,
MADHYA PRADESH,CHHINDWARA,399.0,CHAURAI,Safe,58.83,14548.01,13820.61,8131.13,
MADHYA PRADESH,CHHINDWARA,399.0,JAMAI,Safe,38.18,12003.91,11403.71,4353.63,
MADHYA PRADESH,CHHINDWARA,399.0,MOHKHED,Semi-critical,75.72,11388.25,10701.27,8103.41,
MADHYA PRADESH,CHHINDWARA,399.0,CHHINDWARA,Critical,99.21,10706.63,10171.3,10090.74,
MADHYA PRADESH,CHHINDWARA,399.0,PARASIA,Safe,63.55,8771.52,8332.94,5295.91,
MADHYA PRADESH,CHHINDWARA,399.0,HARRAI,Safe,43.68,8340.49,7923.47,3461.0,
MADHYA PRADESH,CHHINDWARA,399.0,AMARWARA,Safe,62.81,11352.46,10217.21,6417.53,
MADHYA PRADESH,CHHINDWARA,399.0,TAMIA,Safe,22.87,5623.23,5060.91,1157.65,
MADHYA PRADESH,CHHINDWARA,399.0,BICHHUA,Safe,52.53,6219.0,5908.05,3103.26,
MADHYA PRADESH,DAMOH,400.0,JABERA,Safe,45.61,6168.51,5694.81,2597.25,
MADHYA PRADESH,DAMOH,400.0,TENDUKHEDA,Safe,54.86,3929.71,3733.23,2047.98,
MADHYA PRADESH,DAMOH,400.0,DAMOH,Safe,48.57,8326.8,7587.69,3685.62,
MADHYA PRADESH,DAMOH,400.0,PATHARIA,Semi-critical,76.63,6564.61,6236.38,4779.02,
MADHYA PRADESH,DAMOH,400.0,BATIAGARH,Safe,63.07,8026.5,7625.18,4809.17,
MADHYA PRADESH,DAMOH,400.0,HATTA,Safe,58.69,3403.79,3233.6,1897.87,
MADHYA PRADESH,DAMOH,400.0,PATERA,Safe,69.36,4048.57,3846.14,2667.63,
MADHYA PRADESH,DATIA,401.0,BHANDER,Safe,25.65,15135.28,14378.51,3687.84,
MADHYA PRADESH,DATIA,401.0,DATIA,Safe,46.52,10414.15,9893.44,4602.88,
MADHYA PRADESH,DATIA,401.0,SEONDHA,Safe,35.81,23479.44,21736.69,7784.38,
MADHYA PRADESH,INDORE,410.0,DEPALPUR,Over-exploited,139.95,18667.45,17704.3,24777.76,
MADHYA PRADESH,INDORE,410.0,INDORE,Over-exploited,142.57,9087.27,8632.91,12308.26,
MADHYA PRADESH,INDORE,410.0,MHOW,Semi-critical,78.24,12175.61,11566.82,9049.65,
MADHYA PRADESH,INDORE,410.0,SANWER,Over-exploited,116.58,12965.0,12316.75,14359.03,
MADHYA PRADESH,INDORE,410.0,INDORE URBAN,Critical,99.44,6579.33,6250.37,6215.61,
MADHYA PRADESH,JABALPUR,411.0,JABALPUR URBAN,Semi-critical,89.79,3617.58,3436.7,3085.67,
MADHYA PRADESH,JABALPUR,411.0,SHAHPURA,Safe,61.75,11148.3,10590.89,6540.09,
MADHYA PRADESH,JABALPUR,411.0,PATAN,Safe,48.56,15454.68,14265.47,6927.08,
MADHYA PRADESH,JABALPUR,411.0,KUNDAM,Safe,32.12,4854.1,4611.39,1481.28,
MADHYA PRADESH,JABALPUR,411.0,BARGI,Safe,66.72,5286.48,4935.03,3292.61,
MADHYA PRADESH,JABALPUR,411.0,PANAGAR,Semi-critical,71.48,8310.52,7789.41,5568.23,
MADHYA PRADESH,JABALPUR,411.0,MAJHOLI,Safe,46.63,8376.89,7958.04,3710.69,
MADHYA PRADESH,JABALPUR,411.0,SIHORA,Safe,45.52,8569.77,8141.29,3705.68,
MADHYA PRADESH,JHABUA,412.0,PETLAWAD,Safe,29.35,13257.55,12594.66,3696.35,
MADHYA PRADESH,JHABUA,412.0,THANDLA,Safe,45.22,4986.72,4737.39,2142.14,
MADHYA PRADESH,JHABUA,412.0,MEGHNAGAR,Safe,61.02,3988.77,3589.9,2190.62,
MADHYA PRADESH,JHABUA,412.0,RAMA,Safe,51.15,3519.05,3343.1,1710.0,
MADHYA PRADESH,JHABUA,412.0,JHABUA,Semi-critical,75.69,2569.71,2441.22,1847.82,
MADHYA PRADESH,JHABUA,412.0,RANAPUR,Safe,49.06,2734.44,2460.99,1207.4,
MADHYA PRADESH,KATNI,413.0,MURWARA,Safe,57.2,7332.89,6893.84,3943.04,
MADHYA PRADESH,KATNI,413.0,RITHI,Safe,46.02,4332.43,4115.81,1894.3,
MADHYA PRADESH,KATNI,413.0,VIJAYRAGHAVGARH,Safe,64.04,6227.33,5915.96,3788.65,
MADHYA PRADESH,KATNI,413.0,BADWARA,Safe,50.93,9222.42,8761.3,4462.21,
MADHYA PRADESH,KATNI,413.0,DHIMAR KHEDA,Safe,30.52,6327.36,6010.99,1834.63,
MADHYA PRADESH,KATNI,413.0,BAHORIBAND,Safe,37.86,9330.31,8397.27,3179.24,
MADHYA PRADESH,KHANDWA,405.0,CHHAIGAON MAKHAN,Semi-critical,85.92,13452.4,12107.15,10402.36,
MADHYA PRADESH,KHANDWA,405.0,KHANDWA,Safe,67.9,10547.67,10020.29,6804.0,
MADHYA PRADESH,KHANDWA,405.0,PANDHANA,Safe,56.4,17733.52,16846.84,9500.85,
MADHYA PRADESH,KHANDWA,405.0,BALADI,Safe,62.5,6193.79,5884.1,3677.84,
MADHYA PRADESH,KHANDWA,405.0,HARSUD,Safe,52.84,5876.42,5582.6,2949.59,
MADHYA PRADESH,KHANDWA,405.0,KHALWA,Safe,67.47,10601.85,10071.76,6795.28,
MADHYA PRADESH,KHANDWA,405.0,PUNASA,Safe,12.75,59891.02,56896.46,7254.79,
MADHYA PRADESH,KHARGONE,414.0,GOGAON,Safe,57.26,5782.69,5493.55,3145.44,
MADHYA PRADESH,KHARGONE,414.0,SEGAON,Safe,55.15,5499.17,5171.43,2852.17,
MADHYA PRADESH,KHARGONE,414.0,MAHESHWAR,Safe,46.52,12104.19,11210.32,5215.12,
MADHYA PRADESH,KHARGONE,414.0,BADWAH,Safe,39.58,21488.36,19917.52,7883.47,
MADHYA PRADESH,KHARGONE,414.0,KASRAWAD,Safe,34.45,18845.06,17321.79,5966.59,
MADHYA PRADESH,KHARGONE,414.0,KHARGONE,Semi-critical,77.08,6250.27,5937.77,4576.61,
MADHYA PRADESH,KHARGONE,414.0,BHIKANGAON,Safe,43.25,13225.99,12564.69,5434.49,
MADHYA PRADESH,KHARGONE,414.0,BHAGWANPURA,Safe,42.67,8095.99,7572.92,3231.13,
MADHYA PRADESH,KHARGONE,414.0,JHIRNIYA,Safe,50.4,9684.67,9200.44,4637.08,
MADHYA PRADESH,MANDLA,415.0,GHUGHRI,Safe,10.2,5888.35,5299.52,540.7,
MADHYA PRADESH,MANDLA,415.0,MAWAI,Safe,19.96,7320.82,6588.74,1315.09,
MADHYA PRADESH,MANDLA,415.0,MOHGAON,Safe,59.01,2514.73,2388.99,1409.72,
MADHYA PRADESH,MANDLA,415.0,MANDLA,Safe,36.42,4330.42,4113.9,1498.08,
MADHYA PRADESH,MANDLA,415.0,BICHHIYA,Safe,23.31,7560.73,7122.58,1659.94,
MADHYA PRADESH,MANDLA,415.0,NAINPUR,Safe,27.15,5951.32,5525.06,1500.06,
MADHYA PRADESH,MANDLA,415.0,BIJADANDI,Safe,13.57,3768.27,3391.44,460.16,
MADHYA PRADESH,MANDLA,415.0,NARAYANGANJ,Safe,41.81,2579.05,2450.1,1024.45,
MADHYA PRADESH,MANDLA,415.0,NIWAS,Safe,32.2,3260.48,3097.46,997.47,
MADHYA PRADESH,MANDSAUR,416.0,BHANPURA,Semi-critical,85.46,7987.52,7588.15,6484.7,
MADHYA PRADESH,MANDSAUR,416.0,GAROTH,Semi-critical,79.08,16630.69,15799.16,12494.62,
MADHYA PRADESH,MANDSAUR,416.0,MALHARGARH,Semi-critical,81.34,11812.95,11222.29,9128.06,
MADHYA PRADESH,MANDSAUR,416.0,SITAMAU,Over-exploited,124.05,18804.6,17864.37,22161.31,
MADHYA PRADESH,MANDSAUR,416.0,MANDSAUR,Over-exploited,108.93,17319.69,16453.71,17922.99,
MADHYA PRADESH,MORENA,417.0,PORSA,Safe,46.01,8023.14,7220.82,3322.52,
MADHYA PRADESH,MORENA,417.0,AMBAH,Safe,59.81,8698.35,8263.43,4942.59,
MADHYA PRADESH,MORENA,417.0,SABALGARH,Safe,41.48,13629.54,12266.58,5088.52,
MADHYA PRADESH,MORENA,417.0,MORENA,Safe,39.93,20416.09,19395.27,7744.53,
MADHYA PRADESH,MORENA,417.0,JAURA,Safe,38.57,11589.72,10810.54,4169.96,
MADHYA PRADESH,MORENA,417.0,PAHADGARH,Safe,31.69,9691.68,8722.51,2763.84,
MADHYA PRADESH,MORENA,417.0,KAILARAS,Safe,43.9,8420.44,7999.41,3511.39,
MADHYA PRADESH,NARSINGHPUR,418.0,CHAWARPATHA,Safe,66.07,26755.47,24079.92,15909.45,
MADHYA PRADESH,NARSINGHPUR,418.0,CHICHLI,Safe,62.93,20752.92,18677.63,11753.9,
MADHYA PRADESH,NARSINGHPUR,418.0,KARELI,Safe,67.58,23561.05,21204.95,14330.39,
MADHYA PRADESH,NARSINGHPUR,418.0,GOTEGAON,Safe,62.32,22907.22,20616.49,12847.4,
MADHYA PRADESH,NARSINGHPUR,418.0,NARSINGHPUR,Semi-critical,73.48,25463.76,22917.39,16840.65,
MADHYA PRADESH,NARSINGHPUR,418.0,SAIKHEDA,Semi-critical,71.58,13232.23,12570.61,8997.96,
MADHYA PRADESH,PANNA,420.0,AJAIGARH,Safe,37.27,16300.93,15485.88,5771.91,
MADHYA PRADESH,PANNA,420.0,GUNNOR,Safe,56.32,6521.29,6195.22,3488.86,
MADHYA PRADESH,PANNA,420.0,PANNA,Safe,30.94,12934.11,12213.65,3779.25,
MADHYA PRADESH,PANNA,420.0,PAWAI,Safe,38.96,10998.23,9898.4,3856.78,
MADHYA PRADESH,PANNA,420.0,SHAHNAGAR,Safe,39.76,7764.51,7376.28,2933.16,
MADHYA PRADESH,RAISEN,421.0,BADI,Safe,16.04,25075.28,23821.52,3820.38,
MADHYA PRADESH,RAISEN,421.0,BEGAMGANJ,Safe,58.0,11210.58,10650.05,6177.42,
MADHYA PRADESH,RAISEN,421.0,GAIRATGANJ,Safe,60.64,9819.61,9328.63,5657.21,
MADHYA PRADESH,RAISEN,421.0,OBEDULLAGANJ,Semi-critical,87.87,9928.09,9431.68,8287.61,
MADHYA PRADESH,RAISEN,421.0,SANCHI,Safe,60.29,14201.29,13491.23,8133.56,
MADHYA PRADESH,RAISEN,421.0,SILWANI,Safe,67.09,14236.7,13524.87,9073.52,
MADHYA PRADESH,RAISEN,421.0,UDAIPURA,Safe,65.49,12162.56,10946.31,7168.87,
MADHYA PRADESH,RATLAM,423.0,ALOT,Over-exploited,119.95,16800.12,15960.11,19143.99,
MADHYA PRADESH,RATLAM,423.0,JAORA,Over-exploited,169.43,16354.59,15536.86,26323.93,
MADHYA PRADESH,RATLAM,423.0,PIPLODA,Over-exploited,164.83,12496.32,11871.5,19567.44,
MADHYA PRADESH,RATLAM,423.0,RATLAM,Over-exploited,128.96,25953.09,24655.44,31796.46,
MADHYA PRADESH,RATLAM,423.0,SAILANA,Semi-critical,81.9,6361.45,6043.38,4949.66,
MADHYA PRADESH,RATLAM,423.0,BAJNA,Semi-critical,86.12,7040.89,6336.8,5456.99,
MADHYA PRADESH,REWA,424.0,JAWA,Safe,43.65,8719.04,7847.14,3425.17,
MADHYA PRADESH,REWA,424.0,GANGEV,Safe,69.12,4579.34,4196.27,2900.27,
MADHYA PRADESH,REWA,424.0,REWA,Semi-critical,71.0,6216.11,5722.91,4063.08,
MADHYA PRADESH,REWA,424.0,RAIPUR KARCHULIYAN,Semi-critical,73.8,5041.55,4789.48,3534.72,
MADHYA PRADESH,REWA,424.0,SIRMOUR,Safe,68.55,6208.94,5898.49,4043.34,
MADHYA PRADESH,REWA,424.0,TEONTHAR,Safe,46.15,10930.84,9837.76,4539.95,
MADHYA PRADESH,SAGAR,425.0,KHURAI,Safe,62.64,9011.98,8561.38,5362.66,
MADHYA PRADESH,SAGAR,425.0,MALTHONE,Safe,53.23,7511.65,6760.49,3598.71,
MADHYA PRADESH,SAGAR,425.0,REHLI,Safe,55.55,7524.86,7148.62,3970.83,
MADHYA PRADESH,SAGAR,425.0,KESLI,Safe,68.42,9868.37,9374.95,6414.49,
MADHYA PRADESH,SAGAR,425.0,RAHATGARH,Safe,61.23,9549.3,9071.83,5554.28,
MADHYA PRADESH,SAGAR,425.0,JAISINAGAR,Safe,69.67,9981.12,9482.06,6606.57,
MADHYA PRADESH,SAGAR,425.0,SAGAR,Safe,48.89,16911.96,16066.36,7854.93,
MADHYA PRADESH,SAGAR,425.0,DEORI,Safe,58.56,9839.66,9347.68,5474.13,
MADHYA PRADESH,SAGAR,425.0,BANDA,Safe,57.14,11134.51,10577.78,6043.9,
MADHYA PRADESH,SAGAR,425.0,SHAHGARH,Safe,52.33,6397.47,6077.59,3180.14,
MADHYA PRADESH,SAGAR,425.0,BINA,Safe,69.99,11973.26,11374.59,7961.63,
NAGALAND,Kiphire,614.0,Simiti,Safe,0.91,344.36,309.92,2.81,
NAGALAND,Kiphire,614.0,Kiphire,Safe,6.18,98.69,88.82,5.49,
NAGALAND,Kiphire,614.0,Pungro,Safe,0.31,137.12,123.41,0.38,
NAGALAND,Zunheboto,251.0,Suruhoto,Safe,3.48,182.14,163.93,5.7,
NAGALAND,Zunheboto,251.0,Ghathashi,Safe,2.23,262.42,236.17,5.26,
NAGALAND,Zunheboto,251.0,Satakha,Safe,2.88,365.74,329.16,9.47,
NAGALAND,Zunheboto,251.0,Akuluto,Safe,1.44,593.68,534.31,7.7,
NAGALAND,Zunheboto,251.0,Tokiye,Safe,4.12,252.89,227.6,9.38,
NAGALAND,Zunheboto,251.0,Zunheboto,Safe,9.69,239.2,215.28,20.85,
NAGALAND,Wokha,250.0,Chukitong,Safe,0.63,683.81,615.43,3.88,
NAGALAND,Wokha,250.0,Wozhuru Ralan,Safe,2.83,1178.09,1060.28,29.97,
NAGALAND,Wokha,250.0,Bhandari,Safe,1.31,2559.36,2303.43,30.18,
NAGALAND,Wokha,250.0,Sanis,Safe,3.26,2042.31,1838.07,59.95,
NAGALAND,Wokha,250.0,Wokha,Safe,5.19,1170.26,1053.23,54.7,
NAGALAND,Kohima,245.0,Chiephobozou,Safe,3.46,1193.18,1073.86,37.19,
NAGALAND,Kohima,245.0,Jakhama,Safe,2.48,553.42,498.08,12.34,
NAGALAND,Kohima,245.0,Kohima,Safe,29.04,495.12,445.61,129.41,
NAGALAND,Kohima,245.0,Tseminyu,Safe,5.4,839.72,755.75,40.81,
NAGALAND,Longleng,615.0,Longleng,Safe,0.37,919.94,827.95,3.05,
NAGALAND,Longleng,615.0,Tamlu,Safe,0.25,624.27,561.85,1.38,
NAGALAND,Mon,247.0,Wakching,Safe,1.19,949.46,854.52,10.15,
NAGALAND,Mon,247.0,Tobu,Safe,1.4,379.33,341.4,4.79,
NAGALAND,Mon,247.0,Chen,Safe,3.18,912.08,820.87,26.07,
NAGALAND,Mon,247.0,Mon,Safe,4.26,771.54,694.39,29.59,
NAGALAND,Mon,247.0,Pomching,Safe,4.87,643.87,579.48,28.2,
NAGALAND,Mon,247.0,Tizit,Safe,6.78,774.11,696.67,47.25,
NAGALAND,Peren,613.0,Jalukie,Safe,6.0,2487.83,2238.9,134.26,
NAGALAND,Peren,613.0,Peren,Safe,1.76,952.21,856.98,15.08,
NAGALAND,Peren,613.0,Tening,Safe,2.34,1063.5,957.15,22.38,
NAGALAND,Phek,248.0,Meluri,Safe,3.81,417.8,376.01,14.34,
NAGALAND,Phek,248.0,Sekruzu,Safe,2.67,191.13,172.02,4.59,
NAGALAND,Phek,248.0,Pfutsero,Safe,3.65,296.35,266.71,9.73,
NAGALAND,Phek,248.0,Kikruma,Safe,3.85,113.65,102.29,3.94,
NAGALAND,Phek,248.0,Phek,Safe,3.71,162.49,146.24,5.42,
NAGALAND,Dimapur,244.0,Dhansiripar,Safe,3.91,6360.35,6042.25,236.42,
NAGALAND,Dimapur,244.0,Kuhoboto,Safe,9.25,1849.02,1664.12,153.87,
NAGALAND,Dimapur,244.0,Niuland,Safe,5.26,2801.29,2521.16,132.54,
NAGALAND,Dimapur,244.0,Medziphema,Safe,8.48,11182.48,10623.28,900.75,
NAGALAND,Tuensang,249.0,Chare,Safe,1.68,93.12,83.81,1.41,
NAGALAND,Tuensang,249.0,Chessore,Safe,6.7,130.28,117.25,7.85,
NAGALAND,Tuensang,249.0,Longkhim,Safe,5.95,76.61,68.95,4.1,
NAGALAND,Tuensang,249.0,Noksen,Safe,4.09,152.86,137.57,5.63,
NAGALAND,Tuensang,249.0,Sangsangnyu,Safe,3.75,290.34,261.31,9.79,
NAGALAND,Tuensang,249.0,Shamator,Safe,4.57,155.46,139.91,6.4,
NAGALAND,Tuensang,249.0,Thonoknyu,Safe,1.94,230.42,207.38,4.03,
NAGALAND,Tuensang,249.0,Noklak,Safe,2.65,324.52,292.07,7.75,
NAGALAND,Mokokchung,246.0,Longchem,Safe,2.34,701.55,631.39,14.76,
NAGALAND,Mokokchung,246.0,Mangkolemba,Safe,1.83,1744.22,1569.79,28.71,
NAGALAND,Mokokchung,246.0,Ongpangkong South,Safe,2.05,899.44,809.49,16.63,
NAGALAND,Mokokchung,246.0,Ongpangkong North,Safe,1.82,862.2,775.98,14.15,
NAGALAND,Mokokchung,246.0,Changtongya,Safe,1.42,1545.46,1390.91,19.77,
NAGALAND,Mokokchung,246.0,Kubulong,Safe,0.02,491.94,442.74,0.09,
MIZORAM,CHAMPHAI,262.0,NGOPA,Safe,2.69,309.44,278.49,7.49,
MIZORAM,CHAMPHAI,262.0,KHAWZAWL,Safe,1.52,524.54,472.08,7.18,
MIZORAM,CHAMPHAI,262.0,KHAWBUNG,Safe,0.53,303.85,273.46,1.46,
MIZORAM,CHAMPHAI,262.0,CHAMPHAI,Safe,7.21,447.68,402.91,29.03,
MIZORAM,AIZAWL,261.0,TLANGNUAM,Safe,36.17,452.8,407.52,147.41,
MIZORAM,AIZAWL,261.0,THINGSULTHLIAH,Safe,6.6,290.94,261.84,17.27,
MIZORAM,AIZAWL,261.0,PHULLEN,Safe,6.39,233.74,210.37,13.45,
MIZORAM,AIZAWL,261.0,DARLAWN,Safe,4.15,533.0,479.7,19.92,
MIZORAM,AIZAWL,261.0,AIBAWK,Safe,68.02,9.55,8.6,5.85,
MIZORAM,SERCHHIP,268.0,SERCHHIP,Safe,3.39,688.74,619.86,21.02,
MIZORAM,SERCHHIP,268.0,E LUNGDAR,Safe,14.44,215.01,193.51,27.94,
MIZORAM,LUNGLEI,265.0,WEST BUNGHMUN,Safe,1.77,1654.66,1489.19,26.39,
MIZORAM,LUNGLEI,265.0,LUNGSEN,Safe,2.27,2319.27,2087.34,47.31,
MIZORAM,LUNGLEI,265.0,LUNGLEI,Safe,10.24,659.4,593.46,60.79,
MIZORAM,LUNGLEI,265.0,HNAHTHIAL,Safe,18.56,353.13,317.82,58.98,
MIZORAM,SAIHA,267.0,TUIPANG,Safe,2.1,607.53,546.78,11.5,
MIZORAM,SAIHA,267.0,SAIHA,Safe,20.04,164.0,147.6,29.58,
MIZORAM,KOLASIB,263.0,NORTH THINGDAWL,Safe,0.72,1449.09,1304.18,9.4,
MIZORAM,KOLASIB,263.0,BILKHAWTHLIR,Safe,1.89,1339.09,1205.18,22.83,
MIZORAM,LAWNGTLAI,264.0,SANGAU,Safe,7.84,115.24,103.72,8.13,
MIZORAM,LAWNGTLAI,264.0,LAWNGTLAI,Safe,9.64,717.76,645.99,62.26,
MIZORAM,LAWNGTLAI,264.0,CHAWNGTE,Safe,2.21,1587.97,1429.17,31.61,
MIZORAM,LAWNGTLAI,264.0,BUNGTLANG SOUTH,Safe,0.55,948.5,853.65,4.68,
MIZORAM,MAMIT,266.0,ZAWLNUAM,Safe,1.49,2835.47,2551.92,38.15,
MIZORAM,MAMIT,266.0,WEST PHAILENG,Safe,2.81,1467.81,1321.03,37.1,
MIZORAM,MAMIT,266.0,REIEK,Safe,3.99,835.82,752.24,29.99,
ARUNACHAL PRADESH,TIRAP,239.0,Laju,Hilly area,,0.0,0.0,,Hilly area
ARUNACHAL PRADESH,TIRAP,239.0,Pangchao,Hilly area,,0.0,0.0,,Hilly area
ARUNACHAL PRADESH,TIRAP,239.0,Namsang,Safe,0.73,2482.45,2234.21,16.3,
ARUNACHAL PRADESH,TIRAP,239.0,Kanubari,Safe,0.65,2222.6,2000.34,13.06,
ARUNACHAL PRADESH,TIRAP,239.0,Khonsa,Safe,0.33,2012.06,1810.85,5.92,
ARUNACHAL PRADESH,TIRAP,239.0,Niausa,Safe,1.18,1951.86,1756.67,20.76,
ARUNACHAL PRADESH,TIRAP,239.0,Wakka,Hilly area,,0.0,0.0,,Hilly area
ARUNACHAL PRADESH,DIBANG VALLEY,230.0,Anelih-Kronli (Arzoo),Hilly area,,0.0,0.0,,Hilly area
ARUNACHAL PRADESH,DIBANG VALLEY,230.0,Anini-Mipi,Hilly area,,0.0,0.0,,Hilly area
ARUNACHAL PRADESH,DIBANG VALLEY,230.0,Etalin,Hilly area,,0.0,0.0,,Hilly area
ARUNACHAL PRADESH,TAWANG,238.0,Kitypi,Hilly area,,0.0,0.0,,Hilly area
ARUNACHAL PRADESH,TAWANG,238.0,Mukto-Bongkhar,Hilly area,,0.0,0.0,,Hilly area
ARUNACHAL PRADESH,TAWANG,238.0,Jang-Thingbu,Hilly area,,0.0,0.0,,Hilly area
ARUNACHAL PRADESH,TAWANG,238.0,Lumla,Hilly area,,0.0,0.0,,Hilly area
ARUNACHAL PRADESH,TAWANG,238.0,Tawang,Hilly area,,0.0,0.0,,Hilly area
ARUNACHAL PRADESH,TAWANG,238.0,Zemithang-Dudunghar,Hilly area,,0.0,0.0,,Hilly area
ARUNACHAL PRADESH,WEST SIANG,243.0,Monigong,Hilly area,,0.0,0.0,,Hilly area
ARUNACHAL PRADESH,WEST SIANG,243.0,Gensi,Hilly area,,0.0,0.0,,Hilly area
ARUNACHAL PRADESH,WEST SIANG,243.0,Rumgong,Safe,0.01,1646.99,1482.29,0.16,
ARUNACHAL PRADESH,WEST SIANG,243.0,Aalo East,Hilly area,,0.0,0.0,,Hilly area
ARUNACHAL PRADESH,WEST SIANG,243.0,Darak,Safe,0.07,836.77,753.09,0.51,
ARUNACHAL PRADESH,WEST SIANG,243.0,Aalo West,Hilly area,,0.0,0.0,,Hilly area
ARUNACHAL PRADESH,WEST SIANG,243.0,Basar,Safe,0.21,1688.54,1519.69,3.17,
ARUNACHAL PRADESH,WEST SIANG,243.0,Kaying-Payum,Hilly area,,0.0,0.0,,Hilly area
ARUNACHAL PRADESH,WEST SIANG,243.0,Likabali,Safe,0.23,2027.3,1824.57,4.19,
ARUNACHAL PRADESH,WEST SIANG,243.0,Liromoba,Hilly area,,0.0,0.0,,Hilly area
ARUNACHAL PRADESH,WEST SIANG,243.0,Mechuka,Hilly area,,0.0,0.0,,Hilly area
ARUNACHAL PRADESH,WEST SIANG,243.0,Tirbin,Hilly area,,0.0,0.0,,Hilly area
ARUNACHAL PRADESH,LOWER DIBANG VALLEY,235.0,Roing-Koronu,Safe,0.49,53935.06,48541.56,238.12,
ARUNACHAL PRADESH,LOWER DIBANG VALLEY,235.0,Dambuk,Safe,0.05,32772.44,29495.19,15.3,
ARUNACHAL PRADESH,LOWER DIBANG VALLEY,235.0,Hunli-Desali,Hilly area,,0.0,0.0,,Hilly area
ARUNACHAL PRADESH,UPPER SUBANSIRI,241.0,Puchi Geko,Hilly area,,0.0,0.0,,Hilly area
ARUNACHAL PRADESH,UPPER SUBANSIRI,241.0,Baririjo,Hilly area,,0.0,0.0,,Hilly area
ARUNACHAL PRADESH,UPPER SUBANSIRI,241.0,Daporijo,Safe,1.68,908.31,817.48,13.73,
ARUNACHAL PRADESH,UPPER SUBANSIRI,241.0,Dumporijo,Safe,0.47,1791.47,1612.33,7.65,
ARUNACHAL PRADESH,UPPER SUBANSIRI,241.0,Giba,Hilly area,,0.0,0.0,,Hilly area
ARUNACHAL PRADESH,UPPER SUBANSIRI,241.0,Limeking,Hilly area,,0.0,0.0,,Hilly area
ARUNACHAL PRADESH,UPPER SUBANSIRI,241.0,Nacho,Hilly area,,0.0,0.0,,Hilly area
ARUNACHAL PRADESH,UPPER SUBANSIRI,241.0,Siyum,Hilly area,,0.0,0.0,,Hilly area
ARUNACHAL PRADESH,UPPER SUBANSIRI,241.0,Taliha,Hilly area,,0.0,0.0,,Hilly area
ARUNACHAL PRADESH,CHANGLANG,229.0,Changlang,Safe,0.12,1869.17,1682.25,1.97,
ARUNACHAL PRADESH,CHANGLANG,229.0,Diyun,Safe,1.43,4589.57,4130.61,59.25,
ARUNACHAL PRADESH,CHANGLANG,229.0,Bordumsa,Safe,1.76,5274.78,4747.3,83.53,
ARUNACHAL PRADESH,CHANGLANG,229.0,Khagam,Safe,0.8,14535.51,13081.95,105.12,
ARUNACHAL PRADESH,CHANGLANG,229.0,Khimiyong,Hilly area,,0.0,0.0,,Hilly area
ARUNACHAL PRADESH,CHANGLANG,229.0,Manmao,Hilly area,,0.0,0.0,,Hilly area
ARUNACHAL PRADESH,CHANGLANG,229.0,Nampong,Safe,0.13,5225.94,4964.64,6.63,
ARUNACHAL PRADESH,EAST SIANG,232.0,Ruksin,Safe,0.32,20840.72,18732.92,59.26,
ARUNACHAL PRADESH,EAST SIANG,232.0,Mebo,Safe,0.14,38331.02,34497.92,48.32,
ARUNACHAL PRADESH,EAST SIANG,232.0,Pangin,Hilly area,,0.0,0.0,,Hilly area
ARUNACHAL PRADESH,EAST SIANG,232.0,Pasighat,Safe,0.41,14047.11,12411.33,50.45,
ARUNACHAL PRADESH,EAST SIANG,232.0,Ramle Bango,Safe,0.4,7047.6,6342.84,25.33,
ARUNACHAL PRADESH,EAST SIANG,232.0,Riga,Hilly area,,0.0,0.0,,Hilly area
ARUNACHAL PRADESH,UPPER SIANG,240.0,Yingkong,Hilly area,,0.0,0.0,,Hilly area
ARUNACHAL PRADESH,UPPER SIANG,240.0,Geku,Hilly area,,0.0,0.0,,Hilly area
ARUNACHAL PRADESH,UPPER SIANG,240.0,Jangging,Hilly area,,0.0,0.0,,Hilly area
ARUNACHAL PRADESH,UPPER SIANG,240.0,Mariang,Hilly area,,0.0,0.0,,Hilly area
ARUNACHAL PRADESH,UPPER SIANG,240.0,Singa-Gelling,Hilly area,,0.0,0.0,,Hilly area
ARUNACHAL PRADESH,UPPER SIANG,240.0,Tuting,Hilly area,,0.0,0.0,,Hilly area
ARUNACHAL PRADESH,LOWER SUBANSIRI,236.0,Ziro I,Safe,1.48,1702.99,1532.69,22.72,
ARUNACHAL PRADESH,LOWER SUBANSIRI,236.0,Tame Raga,Safe,1.04,1486.8,1106.36,11.53,
ARUNACHAL PRADESH,LOWER SUBANSIRI,236.0,Yachuli,Safe,0.34,2051.65,1846.49,6.2,
ARUNACHAL PRADESH,EAST KAMENG,231.0,Bameng,Hilly area,,0.0,0.0,,Hilly area
ARUNACHAL PRADESH,EAST KAMENG,231.0,Bana,Hilly area,,0.0,0.0,,Hilly area
ARUNACHAL PRADESH,EAST KAMENG,231.0,Chayangtajo,Safe,0.11,5281.03,4752.93,5.27,
ARUNACHAL PRADESH,EAST KAMENG,231.0,Khenewa,Hilly area,,0.0,0.0,,Hilly area
ARUNACHAL PRADESH,EAST KAMENG,231.0,Pakke-Kessang,Safe,0.29,2835.87,2552.28,7.37,
ARUNACHAL PRADESH,EAST KAMENG,231.0,Pipu,Hilly area,,0.0,0.0,,Hilly area
ARUNACHAL PRADESH,EAST KAMENG,231.0,Seijosa,Safe,0.3,5716.75,5145.08,15.32,
ARUNACHAL PRADESH,EAST KAMENG,231.0,Seppa,Safe,2.42,3732.3,3359.07,81.22,
ARUNACHAL PRADESH,KURUNG KUMEY,233.0,Parsi Parlo,Hilly area,,0.0,0.0,,Hilly area
ARUNACHAL PRADESH,KURUNG KUMEY,233.0,Chambang,Hilly area,,0.0,0.0,,Hilly area
ARUNACHAL PRADESH,KURUNG KUMEY,233.0,Koloriang,Hilly area,,0.0,0.0,,Hilly area
ARUNACHAL PRADESH,KURUNG KUMEY,233.0,Sangram,Hilly area,,0.0,0.0,,Hilly area
ARUNACHAL PRADESH,KURUNG KUMEY,233.0,Palin,Hilly area,,0.0,0.0,,Hilly area
ARUNACHAL PRADESH,KURUNG KUMEY,233.0,Damin,Hilly area,,0.0,0.0,,Hilly area
ARUNACHAL PRADESH,KURUNG KUMEY,233.0,Nyapin,Hilly area,,0.0,0.0,,Hilly area
ARUNACHAL PRADESH,KURUNG KUMEY,233.0,Pipsorang,Hilly area,,0.0,0.0,,Hilly area
ARUNACHAL PRADESH,KURUNG KUMEY,233.0,Sarli,Hilly area,,0.0,0.0,,Hilly area
ARUNACHAL PRADESH,KURUNG KUMEY,233.0,Tali,Hilly area,,0.0,0.0,,Hilly area
ARUNACHAL PRADESH,ANJAW,628.0,Manchal,Hilly area,,0.0,0.0,,Hilly area
ARUNACHAL PRADESH,ANJAW,628.0,Chaglagam,Hilly area,,0.0,0.0,,Hilly area
ARUNACHAL PRADESH,ANJAW,628.0,Hayuliang,Hilly area,,0.0,0.0,,Hilly area
ARUNACHAL PRADESH,ANJAW,628.0,Walong,Hilly area,,0.0,0.0,,Hilly area
ARUNACHAL PRADESH,LOHIT,234.0,Lekang_Mahadevpur,Safe,0.93,8496.23,7646.6,70.89,
ARUNACHAL PRADESH,LOHIT,234.0,Chongkham,Safe,0.14,39488.54,35539.68,49.27,
ARUNACHAL PRADESH,LOHIT,234.0,Namsai,Safe,0.59,24219.52,21730.38,128.86,
ARUNACHAL PRADESH,LOHIT,234.0,Tezu,Safe,0.08,34887.99,31399.19,25.96,
ARUNACHAL PRADESH,LOHIT,234.0,Wakro,Safe,0.1,17010.99,15309.89,15.66,
ARUNACHAL PRADESH,PAPUM PARE,237.0,Doimukh,Safe,5.77,4466.77,2706.76,156.22,
ARUNACHAL PRADESH,PAPUM PARE,237.0,Balijan,Safe,1.13,2784.36,2505.92,28.37,
ARUNACHAL PRADESH,PAPUM PARE,237.0,Kimin,Safe,0.84,1736.36,1392.6,11.73,
ARUNACHAL PRADESH,PAPUM PARE,237.0,Mengio,Hilly area,,0.0,0.0,,Hilly area
ARUNACHAL PRADESH,PAPUM PARE,237.0,Sagalee,Safe,0.21,4013.2,3611.88,7.76,
ARUNACHAL PRADESH,WEST KAMENG,242.0,Dirang,Safe,0.52,996.01,896.41,4.7,
ARUNACHAL PRADESH,WEST KAMENG,242.0,Kalaktang,Safe,0.25,797.33,717.6,1.8,
ARUNACHAL PRADESH,WEST KAMENG,242.0,Nafra,Safe,0.31,594.02,534.62,1.64,
ARUNACHAL PRADESH,WEST KAMENG,242.0,Singchung,Safe,1.45,274.6,247.14,3.59,
ARUNACHAL PRADESH,WEST KAMENG,242.0,Thrizino,Safe,0.25,690.3,621.27,1.56,
BIHAR,BEGUSARAI,191.0,Cheria Bariyarpur,Safe,68.44,3375.98,3038.39,2079.45,
BIHAR,BEGUSARAI,191.0,SAHEBPUR KAMAL,Safe,67.66,4344.2,3909.78,2645.44,
BIHAR,BEGUSARAI,191.0,BALIA,Semi-critical,71.0,4484.07,4035.66,2865.44,
BIHAR,BEGUSARAI,191.0,Chhorahi,Safe,64.54,3066.98,2760.28,1781.52,
BIHAR,BEGUSARAI,191.0,Garhpura,Safe,63.01,1829.48,1646.53,1037.44,
BIHAR,BEGUSARAI,191.0,BARAUNI,Safe,63.1,3454.67,3109.2,1962.03,
BIHAR,BEGUSARAI,191.0,BAKHRI,Safe,67.79,2518.46,2266.62,1536.6,
BIHAR,BEGUSARAI,191.0,Bhagawanpur,Safe,67.52,3343.46,3009.11,2031.9,
BIHAR,BEGUSARAI,191.0,BIRPUR,Semi-critical,86.98,1591.28,1432.15,1245.71,
BIHAR,BEGUSARAI,191.0,KHUDABANDPUR,Semi-critical,85.37,1537.91,1384.11,1181.58,
BIHAR,BEGUSARAI,191.0,Mansoorchak,Safe,69.02,1211.76,1090.58,752.73,
BIHAR,BEGUSARAI,191.0,NAVKOTHI,Semi-critical,80.36,1248.43,1123.58,902.88,
BIHAR,BEGUSARAI,191.0,Samho-Akha-Kurha,Safe,57.56,1990.98,1791.88,1031.47,
BIHAR,BEGUSARAI,191.0,Teghra,Safe,68.74,4056.79,3651.11,2509.86,
BIHAR,BEGUSARAI,191.0,Dandari,Safe,64.42,2161.23,1945.11,1253.13,
BIHAR,BEGUSARAI,191.0,Matihani,Safe,55.43,5020.1,4518.1,2504.4,
BIHAR,BEGUSARAI,191.0,Bachwara,Safe,69.6,4233.44,3810.1,2651.8,
BIHAR,BEGUSARAI,191.0,BEGUSARAI,Safe,64.43,6049.88,5742.84,3700.33,
BIHAR,SUPAUL,223.0,Trivenganj,Safe,22.69,17891.22,16102.09,3652.85,
BIHAR,SUPAUL,223.0,KISHANPUR,Safe,44.68,6730.65,6247.29,2791.04,
BIHAR,SUPAUL,223.0,NIRMALI,Safe,36.79,3319.23,3151.16,1159.18,
BIHAR,SUPAUL,223.0,CHHATAPUR,Safe,26.56,18135.11,16629.67,4417.63,
BIHAR,SUPAUL,223.0,RAGHOPUR,Safe,33.01,11286.8,10158.12,3353.13,
BIHAR,SUPAUL,223.0,BASANTPUR,Safe,46.54,10817.47,10015.82,4661.84,
BIHAR,SUPAUL,223.0,PIPRA,Safe,36.46,12130.75,10917.67,3981.01,
BIHAR,SUPAUL,223.0,SUPAUL,Safe,36.5,13411.85,12070.67,4405.28,
BIHAR,SUPAUL,223.0,Saraigarh-Bhaptiyahi,Safe,29.75,8463.73,7617.34,2266.45,
BIHAR,SUPAUL,223.0,PRATAPGANJ,Safe,31.33,6493.04,5843.74,1831.01,
BIHAR,SUPAUL,223.0,MARAUNA,Safe,44.24,4158.88,3948.41,1746.71,
BIHAR,BANKA,190.0,BARAHAT,Safe,38.93,4929.43,4436.48,1726.9,
BIHAR,BANKA,190.0,Rajoun,Safe,66.7,5997.2,5556.05,3705.9,
BIHAR,BANKA,190.0,AMARPUR,Semi-critical,72.92,6093.71,5484.34,3999.45,
BIHAR,BANKA,190.0,Dhoraiya,Semi-critical,71.72,7163.19,6446.87,4623.57,
BIHAR,BANKA,190.0,Fullidumar,Safe,45.0,4520.24,4220.91,1899.29,
BIHAR,BANKA,190.0,SHAMBHUGANJ,Safe,67.12,6305.24,5674.72,3808.65,
BIHAR,BANKA,190.0,BELHAR,Safe,36.38,6405.22,5764.7,2097.42,
BIHAR,BANKA,190.0,Chandan,Safe,11.2,7253.92,6528.53,730.88,
BIHAR,BANKA,190.0,Katoriya,Safe,25.71,13450.88,12105.78,3112.73,
BIHAR,BANKA,190.0,Bounsi,Safe,22.86,6468.59,5821.73,1330.74,
BIHAR,BANKA,190.0,BANKA,Safe,34.83,7664.95,6898.45,2402.8,
BIHAR,NAWADA,210.0,Govindpur,Safe,48.12,4597.63,4137.87,1990.96,
BIHAR,NAWADA,210.0,HISUA,Semi-critical,87.96,3842.7,3458.43,3042.1,
BIHAR,NAWADA,210.0,Kashichak,Safe,20.55,2311.88,2080.7,427.52,
BIHAR,NAWADA,210.0,Kawakole,Safe,35.49,8216.87,7395.19,2624.67,
BIHAR,NAWADA,210.0,Meskaur,Critical,92.7,1668.92,1580.87,1465.45,
BIHAR,NAWADA,210.0,NARDIGANJ,Semi-critical,75.67,2930.26,2637.23,1995.59,
BIHAR,NAWADA,210.0,RAJAULI,Safe,41.92,10861.34,9775.21,4098.24,
BIHAR,NAWADA,210.0,ROH,Safe,40.42,5324.5,4792.06,1936.98,
BIHAR,NAWADA,210.0,Sirdala,Safe,27.0,7116.18,6404.55,1728.91,
BIHAR,NAWADA,210.0,NARHAT,Safe,68.14,2450.56,2205.5,1502.75,
BIHAR,NAWADA,210.0,AKBARPUR,Semi-critical,71.77,5967.46,5370.72,3854.61,
BIHAR,NAWADA,210.0,NAWADA,Safe,45.4,5607.44,5116.7,2322.79,
BIHAR,NAWADA,210.0,WARISALIGANJ,Safe,50.64,6066.5,5459.85,2765.03,
BIHAR,NAWADA,210.0,Pakaribarawan,Safe,31.64,6226.43,5603.78,1772.86,
BIHAR,AURANGABAD,189.0,GOH,Safe,26.59,14037.74,12633.96,3359.41,
BIHAR,AURANGABAD,189.0,RAFIGANJ,Safe,38.72,9832.92,8849.62,3426.57,
BIHAR,AURANGABAD,189.0,DAUDNAGAR,Safe,24.42,10417.33,9375.6,2289.93,
BIHAR,AURANGABAD,189.0,AURANGABAD,Safe,33.03,12728.03,11604.62,3833.13,
BIHAR,AURANGABAD,189.0,BARUN,Safe,25.76,13453.93,12108.54,3119.42,
BIHAR,AURANGABAD,189.0,NABINAGAR,Safe,39.46,17328.14,15595.32,6153.88,
BIHAR,AURANGABAD,189.0,DEO,Safe,26.57,9420.17,8478.15,2252.32,
BIHAR,AURANGABAD,189.0,KUTUMBA,Safe,42.0,12593.5,11334.15,4760.25,
BIHAR,AURANGABAD,189.0,MADANPUR,Safe,26.05,11404.65,10399.47,2709.52,
BIHAR,AURANGABAD,189.0,HASPURA,Safe,46.44,7524.16,6771.75,3144.61,
BIHAR,AURANGABAD,189.0,OBRA,Safe,33.57,12565.52,11308.98,3796.81,
BIHAR,BHAGALPUR,192.0,SABOUR,Safe,35.53,3061.98,2755.79,979.2,
BIHAR,BHAGALPUR,192.0,BIHPUR,Safe,39.97,4264.12,3837.71,1533.99,
BIHAR,BHAGALPUR,192.0,RANGRA CHOWK,Safe,46.7,3545.18,3190.66,1490.13,
BIHAR,BHAGALPUR,192.0,GOPALPUR,Safe,42.69,3787.67,3408.9,1455.36,
BIHAR,BHAGALPUR,192.0,ISMAILPUR,Safe,48.01,2476.69,2229.02,1070.19,
BIHAR,BHAGALPUR,192.0,JAGDISHPUR,Safe,54.55,2871.0,2583.89,1409.49,
BIHAR,BHAGALPUR,192.0,KAHALGAON,Safe,33.22,9828.91,8846.02,2938.82,
BIHAR,BHAGALPUR,192.0,KHARIK,Safe,43.48,3725.93,3353.33,1457.91,
BIHAR,BHAGALPUR,192.0,NARAYANPUR,Safe,49.75,4249.21,3824.29,1902.62,
BIHAR,BHAGALPUR,192.0,NATHNAGAR,Safe,53.77,3854.29,3468.86,1865.06,
BIHAR,BHAGALPUR,192.0,NAUGACHHIA,Safe,65.3,3193.3,2873.97,1876.69,
BIHAR,BHAGALPUR,192.0,Pirpainty,Safe,29.14,9504.23,8553.8,2492.83,
BIHAR,BHAGALPUR,192.0,Sanhoula,Safe,34.24,6318.97,5687.08,1947.13,
BIHAR,BHAGALPUR,192.0,SHAHKUND,Safe,44.01,5307.72,4884.26,2149.47,
BIHAR,BHAGALPUR,192.0,Gauradih,Safe,49.27,5026.81,4524.13,2228.92,
BIHAR,BHAGALPUR,192.0,SULTANGANJ,Safe,32.24,6364.28,5727.84,1846.69,
BIHAR,KAIMUR,200.0,RAMPUR,Safe,42.72,5277.75,4749.97,2029.05,
BIHAR,KAIMUR,200.0,BHAGWANPUR,Semi-critical,76.55,4365.27,3928.75,3007.52,
BIHAR,KAIMUR,200.0,Adhaura,Safe,12.05,4407.02,4179.58,503.47,
BIHAR,KAIMUR,200.0,BHABHUA,Safe,37.53,13184.75,12208.07,4581.25,
BIHAR,KAIMUR,200.0,CHAINPUR,Safe,44.99,12245.59,11021.02,4958.66,
BIHAR,KAIMUR,200.0,CHAND,Safe,37.56,7188.46,6469.61,2429.91,
BIHAR,KAIMUR,200.0,DURGAWATI,Safe,42.33,5022.77,4676.07,1979.36,
BIHAR,KAIMUR,200.0,MOHANIA,Safe,52.71,9480.1,8622.03,4545.05,
BIHAR,KAIMUR,200.0,KUDRA,Safe,59.52,7250.1,6525.09,3883.44,
BIHAR,KAIMUR,200.0,NUAON,Safe,32.1,8125.91,7606.64,2441.86,
BIHAR,KAIMUR,200.0,RAMGARH,Safe,42.93,6684.13,6144.94,2637.78,
BIHAR,SAHARSA,216.0,Banma Itahri,Safe,29.02,2952.76,2774.25,805.18,
BIHAR,SAHARSA,216.0,MAHISHI,Safe,33.07,9137.87,8306.7,2746.88,
BIHAR,SAHARSA,216.0,NAUHATTA,Safe,31.84,7039.61,6406.66,2040.03,
BIHAR,SAHARSA,216.0,PATARGHAT,Safe,25.97,6707.33,6036.59,1567.71,
BIHAR,SAHARSA,216.0,SALKHUA,Safe,37.39,5538.03,4984.22,1863.75,
BIHAR,SAHARSA,216.0,Sattar Kataiya,Safe,34.51,9234.14,8310.73,2868.44,
BIHAR,SAHARSA,216.0,Sour Bazar,Safe,37.38,9811.87,8830.68,3300.9,
BIHAR,SAHARSA,216.0,Sonbarsa,Safe,39.61,11186.93,10068.24,3988.26,
BIHAR,SAHARSA,216.0,KAHARA,Safe,44.32,6423.52,5989.07,2654.46,
BIHAR,SAHARSA,216.0,Simri Bakhtiyarpur,Safe,44.83,7803.78,7023.41,3148.35,
BIHAR,BHOJPUR,193.0,UDWANTNAGAR,Safe,39.42,7753.38,6978.04,2750.66,
BIHAR,BHOJPUR,193.0,PIRO,Safe,43.42,9905.87,8915.27,3870.71,
BIHAR,BHOJPUR,193.0,CHARPOKHRI,Safe,42.0,6921.17,6254.28,2626.52,
BIHAR,BHOJPUR,193.0,GARHANI,Safe,56.15,3574.43,3216.98,1806.4,
BIHAR,BHOJPUR,193.0,Barhara,Safe,62.36,3557.06,3201.35,1996.4,
BIHAR,BHOJPUR,193.0,JAGDISHPUR,Safe,57.71,9897.73,8907.95,5140.48,
BIHAR,BHOJPUR,193.0,SAHAR,Safe,27.17,6267.96,5641.16,1532.66,
BIHAR,BHOJPUR,193.0,SANDESH,Safe,54.51,4954.75,4459.27,2430.93,
BIHAR,BHOJPUR,193.0,Bihiya,Semi-critical,84.31,4363.54,4127.82,3480.01,
BIHAR,BHOJPUR,193.0,Ara Sadar,Semi-critical,80.7,5445.43,4900.89,3955.13,
BIHAR,BHOJPUR,193.0,SHAHPUR,Semi-critical,71.5,4009.63,3608.66,2580.29,
BIHAR,BHOJPUR,193.0,Agiaon,Safe,36.15,6881.18,6193.06,2239.1,
BIHAR,BHOJPUR,193.0,KOILWAR,Safe,68.17,3800.47,3420.43,2331.57,
BIHAR,BHOJPUR,193.0,TARARI,Safe,42.61,9652.31,8687.07,3701.82,
BIHAR,SITAMARHI,221.0,Bathnaha,Safe,47.25,6274.51,5957.91,2814.89,
BIHAR,SITAMARHI,221.0,PARIHAR,Safe,48.36,5725.94,5422.87,2622.31,
BIHAR,SITAMARHI,221.0,MAJORGANJ,Safe,43.83,2551.99,2296.78,1006.76,
BIHAR,SITAMARHI,221.0,Bairgania,Safe,49.99,2142.1,2031.3,1015.45,
BIHAR,SITAMARHI,221.0,BAJPATTI,Safe,39.57,4463.26,4016.93,1589.6,
BIHAR,SITAMARHI,221.0,Belsand,Safe,57.78,2280.16,2161.06,1248.68,
BIHAR,SITAMARHI,221.0,Choraut,Safe,50.51,2515.74,2264.15,1143.54,
BIHAR,SITAMARHI,221.0,DUMRA,Safe,44.52,6368.96,5732.06,2552.11,
BIHAR,SITAMARHI,221.0,PARSAUNI,Safe,60.62,2110.07,1899.06,1151.18,
BIHAR,SITAMARHI,221.0,SONBARSA,Safe,58.54,5727.25,5437.6,3182.96,
BIHAR,SITAMARHI,221.0,SUPPI,Safe,50.91,2801.37,2652.26,1350.22,
BIHAR,SITAMARHI,221.0,Runni Saidpur,Safe,39.63,8772.66,7895.39,3128.88,
BIHAR,SITAMARHI,221.0,NANPUR,Safe,38.72,2801.59,2658.44,1029.28,
BIHAR,SITAMARHI,221.0,Bokhra,Safe,55.62,3001.52,2701.36,1502.45,
BIHAR,SITAMARHI,221.0,PUPRI,Safe,51.41,3301.9,2971.7,1527.8,
BIHAR,SITAMARHI,221.0,SURSAND,Safe,22.02,4575.69,4118.11,906.67,
BIHAR,SITAMARHI,221.0,RIGA,Safe,46.45,4181.0,3965.67,1841.94,
BIHAR,SIWAN,222.0,ANDAR,Safe,54.48,5079.14,4571.22,2490.3,
BIHAR,SIWAN,222.0,BARHARIA,Safe,65.5,8866.82,7980.13,5226.96,
BIHAR,SIWAN,222.0,BASANTPUR,Safe,67.86,3119.54,2807.58,1905.26,
BIHAR,SIWAN,222.0,BHAGWANPUR,Safe,58.91,6560.42,5904.38,3478.04,
BIHAR,SIWAN,222.0,Darauli,Safe,42.59,10163.67,9500.01,4045.68,
BIHAR,SIWAN,222.0,GORIAKOTHI,Safe,42.28,6122.43,5636.13,2382.77,
BIHAR,SIWAN,222.0,GUTHANI,Safe,60.01,5056.41,4550.78,2730.7,
BIHAR,SIWAN,222.0,LAKRI NABIGANJ,Safe,52.15,3966.42,3671.46,1914.6,
BIHAR,SIWAN,222.0,MAIRWA,Safe,45.9,4460.91,4014.82,1842.84,
BIHAR,SIWAN,222.0,NAUTAN,Safe,61.68,3441.63,3158.15,1947.79,
BIHAR,SIWAN,222.0,RAGHUNATHPUR,Safe,45.52,7117.02,6405.32,2915.49,
BIHAR,SIWAN,222.0,SISWAN,Safe,38.45,4444.9,4000.41,1538.16,
BIHAR,SIWAN,222.0,Siwan Sadar,Safe,57.93,6727.63,6262.52,3627.75,
BIHAR,SIWAN,222.0,PACHRUKHI,Safe,54.0,5060.36,4554.32,2459.35,
BIHAR,SIWAN,222.0,ZIRADEI,Safe,49.28,7126.12,6413.51,3160.27,
BIHAR,SIWAN,222.0,HUSSAINGANJ,Safe,54.45,4384.63,3946.16,2148.79,
BIHAR,SIWAN,222.0,HASANPURA,Safe,65.41,3730.43,3427.54,2242.0,
BIHAR,SIWAN,222.0,MAHARAJGANJ,Safe,45.31,3478.09,3130.28,1418.18,
BIHAR,SIWAN,222.0,Daraundha,Safe,54.62,6566.8,5910.11,3227.96,
BIHAR,WEST CHAMPARAN,211.0,RAMNAGAR,Safe,34.92,9816.54,8834.89,3084.9,
BIHAR,WEST CHAMPARAN,211.0,Bairiya,Safe,22.49,11192.65,10073.38,2265.67,
BIHAR,WEST CHAMPARAN,211.0,Narkatiaganj,Safe,32.56,14605.72,13145.15,4279.76,
BIHAR,WEST CHAMPARAN,211.0,Majhaulia,Safe,29.77,13606.53,12633.45,3761.31,
BIHAR,WEST CHAMPARAN,211.0,Mainatand,Safe,25.5,12114.67,11000.07,2805.01,
BIHAR,WEST CHAMPARAN,211.0,Bagaha 2,Safe,22.09,20514.69,18667.48,4124.46,
BIHAR,WEST CHAMPARAN,211.0,NAUTAN,Safe,37.26,11275.49,10251.09,3819.67,
BIHAR,WEST CHAMPARAN,211.0,Bagaha 1,Safe,20.49,22565.14,20308.62,4162.17,
BIHAR,WEST CHAMPARAN,211.0,BETTIAH,Safe,69.33,2891.33,2602.19,1804.08,
BIHAR,WEST CHAMPARAN,211.0,BHITAHA,Safe,56.94,4731.75,4487.54,2555.34,
BIHAR,WEST CHAMPARAN,211.0,Yogapatti,Safe,32.8,13048.82,11743.93,3852.18,
BIHAR,WEST CHAMPARAN,211.0,PIPRASI,Safe,33.73,3436.19,3092.58,1043.23,
BIHAR,WEST CHAMPARAN,211.0,Thakaraha,Safe,39.74,3408.65,3067.79,1219.28,
BIHAR,WEST CHAMPARAN,211.0,LAURIYA,Safe,36.7,10686.97,9618.27,3530.08,
BIHAR,WEST CHAMPARAN,211.0,MADHUBANI,Safe,41.37,4233.78,4017.84,1662.04,
BIHAR,WEST CHAMPARAN,211.0,GAUNAHA,Safe,41.75,6873.85,6381.22,2664.09,
BIHAR,WEST CHAMPARAN,211.0,SIKTA,Safe,21.8,8636.7,7902.8,1723.09,
BIHAR,WEST CHAMPARAN,211.0,CHANPATIA,Safe,10.91,13480.79,12132.71,1323.2,
BIHAR,ARARIA,188.0,NARPATGANJ,Safe,17.0,21527.36,19747.46,3356.52,
BIHAR,ARARIA,188.0,FORBESGANJ,Safe,21.59,30652.64,27768.43,5994.73,
BIHAR,ARARIA,188.0,BHARGAMA,Safe,17.28,18434.25,16590.83,2866.87,
BIHAR,ARARIA,188.0,ARARIA,Safe,31.66,22290.57,20061.52,6351.91,
BIHAR,ARARIA,188.0,Kursakanta,Safe,31.96,4705.96,4456.61,1424.29,
BIHAR,ARARIA,188.0,JOKIHAT,Safe,27.65,9984.27,8985.84,2484.18,
BIHAR,ARARIA,188.0,PALASI,Safe,29.72,7888.35,7487.78,2225.03,
BIHAR,ARARIA,188.0,RANIGANJ,Safe,20.08,29003.27,26102.94,5241.15,
BIHAR,ARARIA,188.0,SIKTI,Safe,30.65,5616.16,5331.14,1633.92,
BIHAR,ARWAL,611.0,KURTHA,Safe,67.28,2189.7,2043.16,1374.67,
BIHAR,ARWAL,611.0,KARPI,Safe,42.17,4908.59,4417.73,1862.84,
BIHAR,ARWAL,611.0,Sonbhadra Banshi Surypur,Safe,45.27,2719.87,2447.88,1108.19,
BIHAR,ARWAL,611.0,KALER,Safe,54.72,6853.79,6168.41,3375.52,
BIHAR,ARWAL,611.0,ARWAL,Safe,39.0,5205.38,4684.84,1826.99,
BIHAR,DARBHANGA,195.0,SINGHWARA,Safe,59.88,5148.33,4633.49,2774.55,
BIHAR,DARBHANGA,195.0,JALE,Safe,33.6,5107.19,4596.47,1544.29,
BIHAR,DARBHANGA,195.0,BIRAUL,Safe,58.07,5610.76,5049.68,2932.45,
BIHAR,DARBHANGA,195.0,Gaura Bauram,Safe,55.96,3540.47,3186.43,1783.28,
BIHAR,DARBHANGA,195.0,DARBHANGA,Safe,69.65,5926.53,5333.88,3714.93,
BIHAR,DARBHANGA,195.0,KIRATPUR,Safe,39.77,1756.14,1580.53,628.58,
BIHAR,DARBHANGA,195.0,Hanuman Nagar,Safe,66.03,4222.54,3800.28,2509.19,
BIHAR,DARBHANGA,195.0,Hayaghat,Safe,66.03,2587.35,2328.62,1537.63,
BIHAR,DARBHANGA,195.0,Keoti,Safe,53.33,5121.34,4609.21,2457.96,
BIHAR,DARBHANGA,195.0,Kusheswar Asthan,Safe,54.87,2520.6,2391.61,1312.29,
BIHAR,DARBHANGA,195.0,Kusheswar Asthan East,Safe,60.02,3496.49,3146.85,1888.64,
BIHAR,DARBHANGA,195.0,MANIGACHHI,Safe,65.98,4521.01,4068.91,2684.85,
BIHAR,DARBHANGA,195.0,TARDIH,Safe,60.79,2694.3,2424.88,1474.05,
BIHAR,DARBHANGA,195.0,BENIPUR,Safe,55.67,5046.49,4541.83,2528.6,
BIHAR,DARBHANGA,195.0,BAHERI,Safe,68.94,6692.6,6023.33,4152.6,
BIHAR,DARBHANGA,195.0,ALINAGAR,Safe,66.78,3130.51,2817.45,1881.41,
BIHAR,DARBHANGA,195.0,Ghanshyampur,Safe,26.12,4439.17,3995.24,1043.42,
BIHAR,DARBHANGA,195.0,Bahadurpur,Safe,57.21,5464.44,4918.0,2813.71,
BIHAR,EAST CHAMPARAN,213.0,Adapur,Safe,42.45,8690.64,7821.57,3320.28,
BIHAR,EAST CHAMPARAN,213.0,Pakaridayal,Safe,59.53,5133.94,4620.54,2750.47,
BIHAR,EAST CHAMPARAN,213.0,Mehsi,Safe,44.6,6141.0,5526.9,2465.03,
BIHAR,EAST CHAMPARAN,213.0,Chakia,Safe,47.88,7586.26,6827.63,3269.28,
BIHAR,EAST CHAMPARAN,213.0,Harsiddhi,Safe,41.67,12173.37,10956.04,4565.73,
BIHAR,EAST CHAMPARAN,213.0,KALYANPUR,Safe,49.8,11495.85,10712.65,5334.64,
BIHAR,EAST CHAMPARAN,213.0,MOTIHARI,Safe,41.69,8851.88,8174.62,3408.26,
BIHAR,EAST CHAMPARAN,213.0,ARERAJ,Safe,37.79,8810.05,7929.04,2996.15,
BIHAR,EAST CHAMPARAN,213.0,Banjariya,Safe,55.45,5530.96,4977.86,2760.45,
BIHAR,EAST CHAMPARAN,213.0,DHAKA,Safe,63.33,8449.39,7604.45,4815.81,
BIHAR,EAST CHAMPARAN,213.0,KESARIA,Safe,38.9,8268.5,7441.65,2894.7,
BIHAR,EAST CHAMPARAN,213.0,KOTWA,Safe,41.69,9266.01,8339.4,3477.06,
BIHAR,EAST CHAMPARAN,213.0,MADHUBAN,Safe,60.23,3908.46,3517.61,2118.67,
BIHAR,EAST CHAMPARAN,213.0,PAHARPUR,Safe,46.39,10993.72,9894.34,4590.09,
BIHAR,EAST CHAMPARAN,213.0,Phenhara,Safe,61.25,1846.72,1662.05,1017.98,
BIHAR,EAST CHAMPARAN,213.0,Piprakothi,Safe,64.61,2934.07,2681.49,1732.51,
BIHAR,EAST CHAMPARAN,213.0,RAMGARHWA,Safe,44.12,7948.52,7316.32,3227.92,
BIHAR,EAST CHAMPARAN,213.0,RAXAUL,Safe,35.15,6586.27,5927.64,2083.59,
BIHAR,EAST CHAMPARAN,213.0,SANGRAMPUR,Safe,45.47,6335.82,5819.12,2645.74,
BIHAR,EAST CHAMPARAN,213.0,SUGAULI,Safe,41.95,9227.59,8385.73,3517.51,
BIHAR,EAST CHAMPARAN,213.0,TETARIA,Safe,52.28,2584.81,2326.33,1216.31,
BIHAR,EAST CHAMPARAN,213.0,TURKAULIYA,Safe,40.57,7889.66,7100.69,2880.8,
BIHAR,EAST CHAMPARAN,213.0,Chauradano,Safe,39.58,7797.1,7094.97,2807.91,
BIHAR,EAST CHAMPARAN,213.0,Chiraiya,Safe,37.36,11461.79,10464.55,3909.63,
BIHAR,EAST CHAMPARAN,213.0,BANKATWA,Safe,48.36,5178.73,4660.86,2253.93,
BIHAR,EAST CHAMPARAN,213.0,Ghorasahan,Safe,52.44,6174.97,5557.47,2914.21,
BIHAR,EAST CHAMPARAN,213.0,Patahi,Safe,53.31,5116.14,4754.42,2534.78,
BIHAR,GAYA,196.0,Bodh Gaya,Safe,62.29,8501.46,8051.76,5015.15,
BIHAR,GAYA,196.0,TANKUPPA,Safe,47.46,4046.17,3641.55,1728.46,
BIHAR,GAYA,196.0,BELAGANJ,Semi-critical,72.94,6184.83,5566.35,4059.99,
BIHAR,GAYA,196.0,AMAS,Safe,58.5,3322.19,2989.97,1749.01,
BIHAR,GAYA,196.0,GURUA,Safe,50.67,6573.14,5915.82,2997.36,
BIHAR,GAYA,196.0,GURARU,Safe,67.07,5194.19,4674.77,3135.5,
BIHAR,GAYA,196.0,MOHANPUR,Safe,43.64,8842.03,7957.83,3473.08,
BIHAR,GAYA,196.0,Banke Bazar,Safe,34.77,5254.25,4728.83,1644.22,
BIHAR,GAYA,196.0,IMAMGANJ,Safe,53.62,7318.75,6586.88,3531.76,
BIHAR,GAYA,196.0,ATRI,Safe,52.44,3593.43,3234.09,1695.99,
BIHAR,GAYA,196.0,Dumariya,Safe,67.4,3773.75,3396.36,2289.0,
BIHAR,GAYA,196.0,FATEHPUR,Safe,36.25,8019.7,7217.72,2616.4,
BIHAR,GAYA,196.0,Khizar Sarai,Safe,68.01,6318.12,5686.31,3867.25,
BIHAR,GAYA,196.0,MANPUR,Safe,68.7,3377.04,3039.34,2088.16,
BIHAR,GAYA,196.0,MUHRA,Safe,37.4,3894.88,3505.38,1311.16,
BIHAR,GAYA,196.0,Neemchak Bathani,Safe,49.52,3517.63,3165.86,1567.79,
BIHAR,GAYA,196.0,Paraiya,Safe,67.32,4618.96,4157.06,2798.68,
BIHAR,GAYA,196.0,Gaya Sadar,Semi-critical,89.75,4769.11,4292.19,3852.16,
BIHAR,GAYA,196.0,Barachatty,Safe,24.35,6651.72,5986.55,1457.65,
BIHAR,GAYA,196.0,DOBHI,Safe,43.9,4878.38,4390.54,1927.25,
BIHAR,GAYA,196.0,WAZIRGANJ,Safe,64.34,7458.02,6780.4,4362.34,
BIHAR,GAYA,196.0,Tekari,Semi-critical,74.7,8251.8,7426.62,5547.75,
BIHAR,GAYA,196.0,KONCH,Safe,56.2,8397.4,7557.67,4247.76,
BIHAR,GAYA,196.0,SHERGHATI,Safe,51.14,3811.84,3430.66,1754.38,
BIHAR,JAMUI,198.0,KHAIRA,Safe,40.12,9509.3,8558.36,3433.96,
BIHAR,JAMUI,198.0,JHAJHA,Safe,58.15,4488.47,4233.14,2461.71,
BIHAR,JAMUI,198.0,BARHAT,Safe,26.41,5444.67,4900.21,1294.04,
BIHAR,JAMUI,198.0,GIDHAUR,Safe,57.97,2543.17,2288.86,1326.85,
BIHAR,JAMUI,198.0,SONO,Safe,54.47,3342.96,3027.9,1649.39,
BIHAR,JAMUI,198.0,CHAKAI,Safe,24.49,6852.0,6166.79,1510.15,
BIHAR,JAMUI,198.0,JAMUI,Safe,63.7,5220.11,4698.09,2992.69,
BIHAR,JAMUI,198.0,Islamnagar Aliganj,Safe,37.05,5138.28,4624.45,1713.13,
BIHAR,JAMUI,198.0,SIKANDRA,Safe,38.27,4749.38,4274.45,1635.73,
BIHAR,JAMUI,198.0,Laxmipur,Safe,42.8,3199.01,2879.12,1232.35,
BIHAR,JEHANABAD,199.0,KAKO,Critical,90.82,6615.38,5953.84,5407.47,
BIHAR,JEHANABAD,199.0,RATNI FARIDPUR,Over-exploited,106.58,5095.55,4585.99,4887.8,
BIHAR,JEHANABAD,199.0,Hulasgunj,Safe,51.44,4961.16,4465.05,2296.89,
BIHAR,JEHANABAD,199.0,Modanganj,Semi-critical,74.7,3608.86,3247.97,2426.12,
BIHAR,JEHANABAD,199.0,GHOSHI,Safe,66.89,4612.93,4151.64,2777.01,
BIHAR,JEHANABAD,199.0,JEHANABAD,Semi-critical,80.41,7184.1,6608.22,5313.98,
BIHAR,JEHANABAD,199.0,Makhdumpur,Safe,68.35,9018.35,8116.51,5547.49,
BIHAR,KATIHAR,201.0,FALKA,Safe,28.5,10481.7,9433.54,2688.79,
BIHAR,KATIHAR,201.0,Sameli,Safe,28.69,5039.29,4706.99,1350.46,
BIHAR,KATIHAR,201.0,BARSOI,Safe,69.08,10328.79,9806.56,6774.55,
BIHAR,KATIHAR,201.0,DANDKHORA,Safe,61.22,3305.78,2975.19,1821.41,
BIHAR,KATIHAR,201.0,AMDABAD,Safe,38.38,6471.12,5824.01,2235.48,
BIHAR,KATIHAR,201.0,AZAMNAGAR,Safe,54.86,10535.36,10000.59,5486.52,
BIHAR,KATIHAR,201.0,BALRAMPUR,Safe,46.08,6819.44,6137.49,2828.11,
BIHAR,KATIHAR,201.0,KATIHAR,Safe,50.76,5230.06,4707.07,2389.19,
BIHAR,KATIHAR,201.0,KORHA,Safe,24.3,18216.31,16394.68,3984.57,
BIHAR,KATIHAR,201.0,KURSELA,Safe,42.17,1463.15,1316.83,555.33,
BIHAR,KATIHAR,201.0,MANIHARI,Safe,37.83,5803.71,5223.34,1976.01,
BIHAR,KATIHAR,201.0,Mansahi,Safe,56.01,2570.04,2313.03,1295.52,
BIHAR,KATIHAR,201.0,PRANPUR,Safe,57.75,5858.17,5272.35,3044.93,
BIHAR,KATIHAR,201.0,KADWA,Safe,46.79,11685.91,10517.32,4921.2,
BIHAR,KATIHAR,201.0,HASANGANJ,Safe,44.93,3089.58,2892.28,1299.53,
BIHAR,KATIHAR,201.0,BARARI,Safe,37.04,11978.15,10780.33,3992.87,
BIHAR,KHAGARIA,202.0,PARBATTA,Safe,64.34,7559.05,7177.81,4618.55,
BIHAR,KHAGARIA,202.0,KHAGARIA,Safe,54.52,8289.42,7460.48,4067.37,
BIHAR,KHAGARIA,202.0,BELDAUR,Safe,60.98,7074.85,6713.99,4094.0,
BIHAR,KHAGARIA,202.0,GOGRI,Safe,67.96,8379.37,7541.44,5125.19,
BIHAR,KHAGARIA,202.0,CHAUTHAM,Safe,67.53,4602.47,4367.74,2949.45,
BIHAR,KHAGARIA,202.0,MANSI,Safe,68.89,2126.21,2016.58,1389.25,
BIHAR,KHAGARIA,202.0,Alauli,Safe,66.23,9164.81,8248.32,5462.46,
BIHAR,KISHANGANJ,203.0,DIGHALBANK,Safe,51.02,8760.27,7884.24,4022.18,
BIHAR,KISHANGANJ,203.0,BAHADURGANJ,Safe,40.27,8245.95,7421.37,2988.53,
BIHAR,KISHANGANJ,203.0,Kochadhaman,Safe,35.13,13498.87,12820.96,4503.92,
BIHAR,KISHANGANJ,203.0,KISHANGANJ,Safe,45.57,6149.39,5534.45,2521.86,
BIHAR,KISHANGANJ,203.0,Terhagachh,Safe,37.7,6456.63,5810.97,2190.98,
BIHAR,KISHANGANJ,203.0,THAKURGANJ,Safe,29.07,13415.18,12740.33,3703.2,
BIHAR,KISHANGANJ,203.0,POTHIA,Safe,42.84,12014.45,10813.01,4631.94,
BIHAR,LAKHISARAI,204.0,RAMGARH CHOWK,Safe,38.05,5705.23,5134.71,1953.89,
BIHAR,LAKHISARAI,204.0,Barahia,Safe,20.09,7292.53,6781.98,1362.83,
BIHAR,LAKHISARAI,204.0,Channan,Safe,57.3,2888.2,2599.38,1489.47,
BIHAR,LAKHISARAI,204.0,HALSI,Safe,44.07,6761.57,6085.41,2682.09,
BIHAR,LAKHISARAI,204.0,PIPARIA,Safe,64.52,1537.25,1383.53,892.6,
BIHAR,LAKHISARAI,204.0,SURAJGARHA,Safe,19.88,11315.47,10183.92,2024.58,
BIHAR,LAKHISARAI,204.0,LAKHISARAI,Safe,52.07,6435.66,5792.08,3016.12,
BIHAR,MADHEPURA,205.0,Bihariganj,Safe,38.96,7702.63,6932.37,2700.85,
BIHAR,MADHEPURA,205.0,GAMHARIA,Safe,43.56,3896.38,3506.74,1527.53,
BIHAR,MADHEPURA,205.0,Gheladh,Safe,30.66,6233.1,5609.79,1720.23,
BIHAR,MADHEPURA,205.0,GWALPARA,Safe,51.36,6672.14,6004.93,3083.9,
BIHAR,MADHEPURA,205.0,KUMARKHAND,Safe,33.61,16611.33,14950.2,5024.35,
BIHAR,MADHEPURA,205.0,MURLIGANJ,Safe,28.14,13806.84,12426.15,3496.2,
BIHAR,MADHEPURA,205.0,Sigheshwarsthan,Safe,39.99,8491.04,7641.94,3056.29,
BIHAR,MADHEPURA,205.0,SHANKARPUR,Safe,36.18,7798.68,7018.81,2539.52,
BIHAR,MADHEPURA,205.0,Uda Kishanganj,Safe,43.13,8555.52,7814.54,3370.24,
BIHAR,MADHEPURA,205.0,PURAINI,Safe,37.52,4927.03,4504.19,1689.99,
BIHAR,MADHEPURA,205.0,MADHEPURA,Safe,21.53,11712.35,10541.11,2269.29,
BIHAR,MADHEPURA,205.0,ALAMNAGAR,Safe,36.22,8065.4,7258.86,2629.21,
BIHAR,MADHEPURA,205.0,CHAUSA,Safe,56.44,6090.34,5605.76,3163.64,
BIHAR,MADHUBANI,206.0,Andharathari,Safe,30.08,6549.07,5894.17,1773.04,
BIHAR,MADHUBANI,206.0,Madhepur,Safe,40.91,7754.42,6978.98,2855.18,
BIHAR,MADHUBANI,206.0,PHULPARAS,Safe,38.97,8016.69,7215.02,2811.64,
BIHAR,MADHUBANI,206.0,Kaluahi,Safe,56.37,3405.24,3064.72,1727.6,
BIHAR,MADHUBANI,206.0,Babubarhi,Safe,35.31,8877.84,7990.06,2821.21,
BIHAR,MADHUBANI,206.0,JAINAGAR,Safe,38.52,5705.14,5134.62,1977.64,
BIHAR,MADHUBANI,206.0,KHAJAULI,Safe,32.64,5725.32,5242.65,1711.12,
BIHAR,MADHUBANI,206.0,Ladania,Safe,55.34,6645.39,5980.84,3309.69,
BIHAR,MADHUBANI,206.0,LAUKAHI,Safe,39.61,14626.91,13164.22,5213.99,
BIHAR,MADHUBANI,206.0,Madhwapur,Safe,63.21,3859.5,3473.55,2195.71,
BIHAR,MADHUBANI,206.0,Rahika,Safe,32.5,6223.83,5762.0,1872.54,
BIHAR,MADHUBANI,206.0,RAJNAGAR,Safe,61.12,7601.54,6841.4,4181.18,
BIHAR,MADHUBANI,206.0,KHUTAUNA,Safe,34.07,9792.64,8813.37,3002.93,
BIHAR,MADHUBANI,206.0,JHANJHARPUR,Safe,54.83,5754.31,5178.88,2839.7,
BIHAR,MADHUBANI,206.0,Lakhanaur,Safe,53.38,4946.43,4451.79,2376.53,
BIHAR,MADHUBANI,206.0,GHOGHARDIHA,Safe,66.52,5645.28,5303.14,3527.47,
BIHAR,MADHUBANI,206.0,PANDAUL,Safe,50.71,6809.09,6128.17,3107.31,
BIHAR,MADHUBANI,206.0,HARLAKHI,Safe,47.0,6197.84,5578.07,2621.89,
BIHAR,MADHUBANI,206.0,Basopatti,Safe,69.53,5824.35,5241.92,3644.92,
BIHAR,MADHUBANI,206.0,Benipatti,Safe,45.12,9202.04,8618.59,3888.9,
BIHAR,MADHUBANI,206.0,Bisfi,Safe,62.86,6182.05,5563.85,3497.29,
BIHAR,MUNGER,207.0,Tetiyabambar,Safe,49.87,3275.14,2947.62,1470.01,
BIHAR,MUNGER,207.0,Haveli Kharagpur,Safe,41.41,8409.55,7568.59,3133.88,
BIHAR,MUNGER,207.0,ASARGANJ,Safe,39.95,2327.92,2095.13,836.95,
BIHAR,MUNGER,207.0,Bariyarpur,Safe,42.75,4181.29,3763.15,1608.86,
BIHAR,MUNGER,207.0,Jamalpur,Safe,28.6,4677.09,4209.39,1203.96,
BIHAR,MUNGER,207.0,Sangrampur,Safe,52.15,3231.96,2908.76,1516.79,
BIHAR,MUNGER,207.0,Tarapura,Safe,65.43,3277.54,3074.83,2011.78,
BIHAR,MUNGER,207.0,Dharahara,Safe,28.12,7673.99,6906.59,1941.99,
BIHAR,MUNGER,207.0,Munger Sadar,Safe,32.92,6223.05,5600.75,1843.55,
BIHAR,MUZAFFARPUR,208.0,KATRA,Safe,61.78,5959.93,5363.93,3313.93,
BIHAR,MUZAFFARPUR,208.0,Motipur,Safe,50.19,14159.33,12743.39,6395.86,
BIHAR,MUZAFFARPUR,208.0,Bochahan,Semi-critical,85.57,5920.79,5328.71,4559.91,
BIHAR,MUZAFFARPUR,208.0,GAIGHAT,Safe,63.36,6564.77,5908.29,3743.46,
BIHAR,MUZAFFARPUR,208.0,AURAI,Safe,60.39,6778.81,6100.93,3684.11,
BIHAR,MUZAFFARPUR,208.0,PAROO,Safe,48.32,13290.97,12303.49,5945.44,
BIHAR,MUZAFFARPUR,208.0,KURHANI,Semi-critical,75.77,11847.07,10662.36,8078.89,
BIHAR,MUZAFFARPUR,208.0,MINAPUR,Semi-critical,79.52,8080.06,7272.06,5782.56,
BIHAR,MUZAFFARPUR,208.0,SAHEBGANJ,Safe,63.93,8568.02,7711.21,4929.43,
BIHAR,MUZAFFARPUR,208.0,SAKRA,Semi-critical,83.23,5817.82,5236.04,4357.88,
BIHAR,MUZAFFARPUR,208.0,MARWAN,Safe,53.3,6014.68,5413.21,2884.98,
BIHAR,MUZAFFARPUR,208.0,Mushahari,Critical,96.81,5226.21,4703.59,4553.43,
BIHAR,MUZAFFARPUR,208.0,KANTI,Safe,60.77,7743.36,6969.02,4235.39,
BIHAR,MUZAFFARPUR,208.0,Muraul (Dholi),Safe,68.46,2178.07,1960.27,1342.07,
BIHAR,MUZAFFARPUR,208.0,Bandra,Semi-critical,84.33,3847.17,3462.45,2919.8,
BIHAR,MUZAFFARPUR,208.0,SARAIYA,Safe,53.5,11497.55,10347.79,5536.56,
BIHAR,NALANDA,209.0,Biharsharif,Semi-critical,81.03,4877.51,4389.76,3556.88,
BIHAR,NALANDA,209.0,ASTHAWAN,Semi-critical,87.62,5119.81,4607.83,4037.27,
BIHAR,NALANDA,209.0,Ben,Safe,53.83,2122.01,2000.9,1077.08,
BIHAR,NALANDA,209.0,BIND,Semi-critical,82.54,2360.17,2124.15,1753.26,
BIHAR,NALANDA,209.0,ISLAMPUR,Safe,69.88,4829.82,4346.84,3037.46,
BIHAR,NALANDA,209.0,Karai Parsarai,Semi-critical,85.02,2014.57,1813.1,1541.57,
BIHAR,NALANDA,209.0,Katrisarai,Safe,63.03,1466.71,1320.05,832.07,
BIHAR,NALANDA,209.0,NOORSARAI,Semi-critical,88.38,3992.37,3593.14,3175.57,
BIHAR,NALANDA,209.0,Parwalpur,Safe,43.5,1671.98,1504.78,654.6,
BIHAR,NALANDA,209.0,RAJGIR,Semi-critical,77.6,4234.55,3850.36,2988.07,
BIHAR,NALANDA,209.0,Sarmera,Safe,65.28,3329.23,2996.3,1955.87,
BIHAR,NALANDA,209.0,THARTHARI,Safe,69.45,1841.2,1657.08,1150.79,
BIHAR,NALANDA,209.0,Ekangarsarai,Semi-critical,71.44,3460.88,3114.78,2225.11,
BIHAR,NALANDA,209.0,Nagarnausa,Over-exploited,102.73,2803.37,2523.03,2591.79,
BIHAR,NALANDA,209.0,HARNAUT,Semi-critical,77.54,4590.98,4356.69,3378.0,
BIHAR,NALANDA,209.0,CHANDI,Semi-critical,78.95,3801.16,3421.04,2701.01,
BIHAR,NALANDA,209.0,Rahui,Semi-critical,86.91,3679.98,3311.98,2878.28,
BIHAR,NALANDA,209.0,Giriyak,Semi-critical,82.88,2560.26,2304.23,1909.86,
BIHAR,NALANDA,209.0,HILSA,Safe,64.28,4794.14,4314.72,2773.54,
BIHAR,NALANDA,209.0,SILAO,Safe,58.52,4113.97,3702.58,2166.75,
BIHAR,PATNA,212.0,NAUBATPUR,Safe,66.64,7260.65,6534.58,4354.4,
BIHAR,PATNA,212.0,MANER,Safe,47.27,4730.29,4257.26,2012.5,
BIHAR,PATNA,212.0,MASAURHI,Semi-critical,72.18,6431.01,5787.9,4177.81,
BIHAR,PATNA,212.0,Patna Urban,Over-exploited,128.3,2699.14,2511.66,3222.4,
BIHAR,PATNA,212.0,ATHMALGOLA,Critical,93.71,1322.62,1190.35,1115.42,
BIHAR,PATNA,212.0,Bakhtiyarpur,Safe,60.86,5752.8,5177.52,3150.82,
BIHAR,PATNA,212.0,BIHTA,Safe,53.77,6348.95,5908.89,3177.05,
BIHAR,PATNA,212.0,Danapur,Safe,63.26,3694.17,3324.75,2103.18,
BIHAR,PATNA,212.0,Fatuha,Semi-critical,74.94,4027.57,3624.81,2716.56,
BIHAR,PATNA,212.0,Ghoswari,Safe,53.7,4305.25,3874.72,2080.65,
BIHAR,PATNA,212.0,KHUSRUPUR,Semi-critical,75.4,2082.83,1874.55,1413.37,
BIHAR,PATNA,212.0,PALIGANJ,Safe,45.47,10566.49,9509.84,4323.71,
BIHAR,PATNA,212.0,PANDARAK,Safe,48.98,6185.86,5567.27,2726.8,
BIHAR,PATNA,212.0,PATNA SADAR,Semi-critical,73.06,1888.81,1699.94,1241.95,
BIHAR,PATNA,212.0,Phulwari Sharif,Semi-critical,89.87,5291.11,4761.99,4279.8,
BIHAR,PATNA,212.0,SAMPATCHAK,Semi-critical,79.39,2108.81,1897.93,1506.86,
BIHAR,PATNA,212.0,DULHIN BAZAR,Safe,47.07,4198.82,3778.93,1778.8,
BIHAR,PATNA,212.0,PUNPUN,Semi-critical,79.13,4348.43,3913.59,3096.77,
BIHAR,PATNA,212.0,BIKRAM,Safe,48.31,7970.47,7173.41,3465.26,
BIHAR,PATNA,212.0,DHANARUA,Safe,69.48,5838.15,5254.33,3650.96,
BIHAR,PATNA,212.0,Daniyawan,Safe,67.07,2130.42,1917.37,1285.99,
BIHAR,PATNA,212.0,Belchhia,Safe,49.86,2156.33,1940.7,967.58,
BIHAR,PATNA,212.0,BARH,Safe,68.46,3261.16,2935.05,2009.43,
BIHAR,PATNA,212.0,MOKAMA,Safe,41.93,5309.49,4778.54,2003.75,
BIHAR,PURNEA,214.0,Dhamdaha,Safe,24.06,18161.73,16345.55,3933.15,
BIHAR,PURNEA,214.0,BAISI,Safe,69.46,5779.35,5201.42,3613.06,
BIHAR,PURNEA,214.0,Purnea,Safe,42.5,14181.61,13179.1,5600.73,
BIHAR,PURNEA,214.0,JALALGARH,Safe,42.63,8935.67,8042.1,3428.36,
BIHAR,PURNEA,214.0,Amour,Safe,63.89,7383.0,7011.29,4479.59,
BIHAR,PURNEA,214.0,Dagarua,Safe,64.99,7919.06,7127.16,4632.18,
BIHAR,PURNEA,214.0,KASBA,Safe,32.45,9879.43,8891.49,2885.42,
BIHAR,PURNEA,214.0,Krityanandnagar,Safe,26.79,22658.67,20421.36,5470.93,
BIHAR,PURNEA,214.0,RUPAULI,Safe,39.67,10468.58,9421.73,3737.32,
BIHAR,PURNEA,214.0,SRINAGAR,Safe,30.25,8360.32,7524.3,2275.83,
BIHAR,PURNEA,214.0,BAISA,Safe,65.7,5884.69,5296.22,3479.65,
BIHAR,PURNEA,214.0,BANMANKHI,Safe,32.91,23123.84,20811.45,6849.11,
BIHAR,PURNEA,214.0,Barhara Kothi,Safe,32.0,13931.31,12715.34,4068.75,
BIHAR,PURNEA,214.0,BHAWANIPUR,Safe,39.19,9303.56,8373.21,3281.14,
BIHAR,ROHTAS,215.0,CHENARI,Safe,21.85,6604.54,5944.09,1298.64,
BIHAR,ROHTAS,215.0,DAWATH,Safe,33.98,5272.67,4745.39,1612.4,
BIHAR,ROHTAS,215.0,KARAKAT,Safe,35.31,7877.12,7089.4,2503.47,
BIHAR,ROHTAS,215.0,NAUHATTA,Safe,11.14,8930.3,8037.27,895.72,
BIHAR,ROHTAS,215.0,RAJPUR,Safe,43.82,2444.91,2200.41,964.15,
BIHAR,ROHTAS,215.0,Rohtas,Safe,18.28,7208.62,6487.75,1186.19,
BIHAR,ROHTAS,215.0,SANJHAULI,Safe,22.34,2604.22,2343.8,523.7,
BIHAR,ROHTAS,215.0,SHEOSAGAR,Safe,14.36,12492.8,11243.52,1614.62,
BIHAR,ROHTAS,215.0,Surajpura,Safe,24.98,2521.17,2269.06,566.72,
BIHAR,ROHTAS,215.0,Tilouthu,Safe,37.44,3671.74,3304.56,1237.25,
BIHAR,ROHTAS,215.0,NOKHA,Safe,42.67,5023.85,4521.47,1929.42,
BIHAR,ROHTAS,215.0,DINARA,Safe,16.15,12486.3,11237.67,1814.81,
BIHAR,ROHTAS,215.0,Akorhigola,Safe,38.72,4448.95,4004.06,1550.31,
BIHAR,ROHTAS,215.0,Kargahar,Safe,25.91,9650.26,8685.22,2249.94,
BIHAR,ROHTAS,215.0,DEHRI,Semi-critical,77.9,5622.0,5059.8,3941.59,
BIHAR,ROHTAS,215.0,KOCHAS,Semi-critical,70.8,9407.97,8467.17,5994.63,
BIHAR,ROHTAS,215.0,SASARAM,Safe,20.06,8017.86,7476.71,1499.48,
BIHAR,ROHTAS,215.0,BIKRAMGANJ,Safe,47.4,5785.1,5283.84,2504.47,
BIHAR,ROHTAS,215.0,Nasriganj,Safe,19.87,5480.85,4932.76,980.37,
BIHAR,SAMASTIPUR,217.0,Bithan,Safe,67.01,2686.57,2417.9,1620.3,
BIHAR,SAMASTIPUR,217.0,BIBHUTIPUR,Semi-critical,72.49,7047.75,6342.96,4598.09,
BIHAR,SAMASTIPUR,217.0,Dalsingsarai,Critical,95.61,3389.62,3050.65,2916.62,
BIHAR,SAMASTIPUR,217.0,HASANPUR,Safe,46.21,4719.74,4247.76,1963.02,
BIHAR,SAMASTIPUR,217.0,MOHANPUR,Safe,69.31,2342.59,2108.34,1461.33,
BIHAR,SAMASTIPUR,217.0,Mohiuddin Nagar,Semi-critical,73.55,4573.88,4116.5,3027.77,
BIHAR,SAMASTIPUR,217.0,PATORI,Safe,62.92,3493.57,3144.21,1978.2,
BIHAR,SAMASTIPUR,217.0,PUSA,Safe,47.35,2355.83,2120.24,1004.0,
BIHAR,SAMASTIPUR,217.0,Rosera,Safe,60.48,3115.96,2955.7,1787.52,
BIHAR,SAMASTIPUR,217.0,SAMASTIPUR,Semi-critical,71.08,4671.53,4204.38,2988.42,
BIHAR,SAMASTIPUR,217.0,SARAIRANJAN,Safe,53.99,4726.21,4253.58,2296.5,
BIHAR,SAMASTIPUR,217.0,Singhiya,Safe,53.27,4855.9,4370.31,2328.09,
BIHAR,SAMASTIPUR,217.0,TAJPUR,Semi-critical,89.05,2464.5,2218.04,1975.24,
BIHAR,SAMASTIPUR,217.0,VIDYAPATINAGAR,Safe,69.76,2998.81,2698.93,1882.8,
BIHAR,SAMASTIPUR,217.0,KALYANPUR,Safe,66.02,8057.8,7252.01,4788.07,
BIHAR,SAMASTIPUR,217.0,Ujiyarpur,Semi-critical,79.17,6084.3,5475.87,4335.52,
BIHAR,SAMASTIPUR,217.0,MORWA,Semi-critical,79.3,4417.68,3975.91,3153.06,
BIHAR,SAMASTIPUR,217.0,SHIVAJINAGAR,Safe,66.94,4625.63,4163.07,2786.86,
BIHAR,SAMASTIPUR,217.0,KHANPUR,Safe,65.14,4650.97,4185.88,2726.67,
BIHAR,SAMASTIPUR,217.0,WARISNAGAR,Safe,63.73,4979.81,4666.88,2974.43,
BIHAR,SARAN,218.0,EKMA,Safe,48.54,7150.31,6435.28,3123.51,
BIHAR,SARAN,218.0,Chapra Sadar,Safe,45.55,7001.35,6301.22,2870.39,
BIHAR,SARAN,218.0,GARKHA,Safe,44.66,6914.39,6222.95,2779.42,
BIHAR,SARAN,218.0,Baniyapur,Safe,36.19,10401.0,9874.47,3573.9,
BIHAR,SARAN,218.0,Isuapur,Safe,37.33,4827.53,4344.78,1621.84,
BIHAR,SARAN,218.0,Dariyapur,Safe,48.48,7254.2,6528.78,3164.96,
BIHAR,SARAN,218.0,DIGHWARA,Safe,66.86,2505.46,2254.92,1507.73,
BIHAR,SARAN,218.0,Lahladpur,Safe,69.3,1958.95,1830.76,1268.72,
BIHAR,SARAN,218.0,MAKER,Safe,54.09,2774.64,2497.17,1350.72,
BIHAR,SARAN,218.0,MANJHI,Safe,48.36,8992.26,8093.03,3913.54,
BIHAR,SARAN,218.0,Marhaura,Safe,44.82,8329.92,7496.93,3360.1,
BIHAR,SARAN,218.0,Mashrakh,Safe,38.87,7664.65,6966.17,2707.42,
BIHAR,SARAN,218.0,PANAPUR,Safe,55.9,3136.34,2930.49,1638.22,
BIHAR,SARAN,218.0,PARSA,Safe,43.97,5673.34,5106.0,2245.07,
BIHAR,SARAN,218.0,Rivilganj,Safe,43.68,3773.87,3396.48,1483.51,
BIHAR,SARAN,218.0,SONEPUR,Safe,55.86,4558.92,4103.03,2291.91,
BIHAR,SARAN,218.0,JALALPUR,Safe,37.51,6136.79,5523.11,2071.5,
BIHAR,SARAN,218.0,NAGRA,Safe,47.24,3597.18,3401.18,1606.83,
BIHAR,SARAN,218.0,AMNOUR,Safe,36.88,6090.97,5481.87,2021.52,
BIHAR,SARAN,218.0,TARAIYA,Safe,55.33,4220.08,3798.07,2101.33,
BIHAR,SHEIKHPURA,219.0,Sheikhpura,Safe,50.5,4413.3,3971.97,2005.7,
BIHAR,SHEIKHPURA,219.0,Ariyari,Safe,40.46,4471.1,4088.52,1654.11,
BIHAR,SHEIKHPURA,219.0,Barbigha,Critical,90.62,2775.53,2507.09,2272.02,
BIHAR,SHEIKHPURA,219.0,Sheikhopur Sarai,Safe,58.55,1959.5,1763.55,1032.62,
BIHAR,SHEIKHPURA,219.0,GHAT KUSUMBA,Safe,45.45,2430.03,2187.02,994.03,
BIHAR,SHEIKHPURA,219.0,Chewara,Safe,44.97,3205.67,2885.1,1297.29,
BIHAR,SHEOHAR,220.0,DUMRI KATSARI,Safe,54.57,2366.84,2130.16,1162.35,
BIHAR,SHEOHAR,220.0,PURNAHIYA,Safe,60.15,2627.57,2414.19,1452.13,
BIHAR,SHEOHAR,220.0,PIPRAHI,Safe,51.9,3421.89,3079.71,1598.37,
BIHAR,SHEOHAR,220.0,SHEOHAR,Safe,55.11,3592.75,3348.0,1844.95,
BIHAR,SHEOHAR,220.0,Tariyani,Safe,69.23,6097.77,5487.99,3799.11,
BIHAR,VAISHALI,224.0,JANDAHA,Semi-critical,83.91,5285.37,4756.83,3991.37,
BIHAR,VAISHALI,224.0,CHEHRA KALAN,Safe,63.18,3068.85,2824.77,1784.64,
BIHAR,VAISHALI,224.0,HAJIPUR,Critical,97.35,4528.9,4076.01,3968.0,
BIHAR,VAISHALI,224.0,Mahnar,Semi-critical,81.76,2984.72,2686.25,2196.17,
BIHAR,VAISHALI,224.0,Patehri Belsar,Safe,44.91,7891.13,7102.02,3189.58,
BIHAR,VAISHALI,224.0,RAGHOPUR,Safe,35.63,6547.46,5892.71,2099.7,
BIHAR,VAISHALI,224.0,RAJA PAKAR,Critical,98.24,2745.81,2471.24,2427.71,
BIHAR,VAISHALI,224.0,BIDUPUR,Semi-critical,78.5,4137.73,3723.96,2923.19,
BIHAR,VAISHALI,224.0,MAHUA,Safe,43.44,9162.38,8701.88,3780.17,
BIHAR,VAISHALI,224.0,BHAGWANPUR,Safe,33.45,6489.22,5840.3,1953.51,
BIHAR,VAISHALI,224.0,Sahdai,Safe,60.59,2867.12,2580.41,1563.55,
BIHAR,VAISHALI,224.0,Desri,Safe,63.96,2487.64,2238.87,1431.91,
BIHAR,VAISHALI,224.0,VAISHALI,Safe,40.57,5373.52,4836.16,1962.04,
BIHAR,VAISHALI,224.0,PATEPUR,Semi-critical,82.81,5995.36,5395.82,4468.05,
BIHAR,VAISHALI,224.0,GORAUL,Safe,63.23,3634.34,3270.91,2068.35,
BIHAR,VAISHALI,224.0,LALGANJ,Safe,68.34,5678.77,5110.89,3492.56,
BIHAR,BUXAR,194.0,Nawanagar,Safe,26.51,4944.57,4450.11,1179.51,
BIHAR,BUXAR,194.0,CHAUSA,Safe,59.45,3736.58,3460.28,2057.23,
BIHAR,BUXAR,194.0,ITARHI,Safe,37.72,12490.36,11241.31,4240.29,
BIHAR,BUXAR,194.0,KESATH,Safe,20.32,3204.29,2883.86,586.04,
BIHAR,BUXAR,194.0,RAJPUR,Safe,49.88,14373.59,12936.24,6452.23,
BIHAR,BUXAR,194.0,SIMRI,Safe,69.84,4236.82,3813.14,2663.06,
BIHAR,BUXAR,194.0,DUMRAON,Safe,39.92,7221.34,6690.81,2671.24,
BIHAR,BUXAR,194.0,Brahmpur,Safe,62.33,6040.56,5436.5,3388.79,
BIHAR,BUXAR,194.0,BUXAR,Safe,67.25,5069.44,4656.09,3131.19,
BIHAR,BUXAR,194.0,CHAKKI,Safe,51.03,1831.55,1648.39,841.17,
BIHAR,BUXAR,194.0,CHAUGAIN,Safe,65.72,2139.62,1925.65,1265.45,
BIHAR,GOPALGANJ,197.0,PHULWARIA,Safe,62.74,6277.27,5649.54,3544.58,
BIHAR,GOPALGANJ,197.0,THAWE,Safe,55.12,4364.66,3928.19,2165.23,
BIHAR,GOPALGANJ,197.0,Kateya,Safe,31.46,8334.08,7500.67,2359.35,
BIHAR,GOPALGANJ,197.0,Hathua,Safe,53.59,7859.93,7073.93,3790.94,
BIHAR,GOPALGANJ,197.0,UCHKAGAON,Safe,63.75,5741.86,5167.68,3294.51,
BIHAR,GOPALGANJ,197.0,Bhore,Safe,62.35,8721.15,7849.03,4893.54,
BIHAR,GOPALGANJ,197.0,Vijayipur,Safe,60.46,6792.59,6113.33,3696.07,
BIHAR,GOPALGANJ,197.0,KUCHAIKOT,Safe,55.45,12684.18,11641.22,6455.41,
BIHAR,GOPALGANJ,197.0,Panchdevari,Safe,56.47,5545.05,4990.54,2818.13,
BIHAR,GOPALGANJ,197.0,SIDHWALIA,Safe,47.49,6121.02,5574.28,2647.35,
BIHAR,GOPALGANJ,197.0,MANJHA,Safe,57.59,7598.53,6838.68,3938.29,
BIHAR,GOPALGANJ,197.0,BARAULI,Safe,55.39,9298.76,8368.89,4635.33,
BIHAR,GOPALGANJ,197.0,GOPALGANJ,Safe,44.4,7048.36,6343.52,2816.58,
BIHAR,GOPALGANJ,197.0,BAIKUNTHPUR,Safe,60.01,7613.3,7103.97,4263.19,
DAMAN AND DIU,DAMAN,463.0,DAMAN,Safe,62.85,2530.3,2403.79,1510.77,none
DAMAN AND DIU,DIU,464.0,DIU,Safe,48.52,214.72,193.25,93.76,none
JAMMU AND KASHMIR,Baramulla,3.0,Not Accessed,Hilly area,,0.0,0.0,,Hilly area
JAMMU AND KASHMIR,Baramulla,3.0,Pattan,Safe,19.57,1119.16,1007.24,197.12,
JAMMU AND KASHMIR,Baramulla,3.0,Singhpora,Safe,28.93,221.51,199.35,57.68,
JAMMU AND KASHMIR,Baramulla,3.0,Baramula,Safe,25.51,928.59,835.73,213.18,
JAMMU AND KASHMIR,Baramulla,3.0,Uri,Hilly area,,0.0,0.0,,Hilly area
JAMMU AND KASHMIR,Baramulla,3.0,Sopore,Safe,27.71,812.13,730.91,202.52,
JAMMU AND KASHMIR,Baramulla,3.0,Tujjer Sharief,Safe,21.6,669.75,602.78,130.21,
JAMMU AND KASHMIR,Baramulla,3.0,Zaingeer,Safe,19.36,910.73,819.65,158.67,
JAMMU AND KASHMIR,Baramulla,3.0,Rafiabad,Safe,21.08,823.56,741.2,156.24,
JAMMU AND KASHMIR,Baramulla,3.0,Nadihal,Safe,20.52,933.13,839.82,172.29,
JAMMU AND KASHMIR,Baramulla,3.0,Sangrama,Safe,20.18,836.24,752.62,151.86,
JAMMU AND KASHMIR,Baramulla,3.0,Wagoora,Safe,18.35,1332.37,1199.13,219.99,
JAMMU AND KASHMIR,Baramulla,3.0,Narwah,Hilly area,,0.0,0.0,,Hilly area
JAMMU AND KASHMIR,Baramulla,3.0,Bijhama,Hilly area,,0.0,0.0,,Hilly area
JAMMU AND KASHMIR,Baramulla,3.0,Wailoo,Safe,25.15,400.02,360.02,90.54,
JAMMU AND KASHMIR,Baramulla,3.0,Noorkha,Hilly area,,0.0,0.0,,Hilly area
JAMMU AND KASHMIR,Baramulla,3.0,Boniyar,Hilly area,,0.0,0.0,,Hilly area
JAMMU AND KASHMIR,Baramulla,3.0,Sheerabad Khore,Safe,33.79,193.69,174.32,58.9,
JAMMU AND KASHMIR,Baramulla,3.0,Khaipora,Hilly area,,0.0,0.0,,Hilly area
JAMMU AND KASHMIR,Baramulla,3.0,Hardaboora,Safe,20.21,504.37,453.93,91.75,
JAMMU AND KASHMIR,Baramulla,3.0,Chandil Wanigam,Hilly area,,0.0,0.0,,Hilly area
JAMMU AND KASHMIR,Baramulla,3.0,Kunzer,Safe,26.86,576.77,519.09,139.43,
JAMMU AND KASHMIR,Baramulla,3.0,Tangmarg,Hilly area,,0.0,0.0,,Hilly area
JAMMU AND KASHMIR,Baramulla,3.0,Rohama,Hilly area,,0.0,0.0,,Hilly area
JAMMU AND KASHMIR,Baramulla,3.0,Kandi Rafiabad,Safe,32.23,265.16,238.65,76.91,
JAMMU AND KASHMIR,Baramulla,3.0,Paranpeela,Hilly area,,0.0,0.0,,Hilly area
JAMMU AND KASHMIR,Baramulla,3.0,Lalpora,Safe,22.4,488.78,439.9,98.55,
JAMMU AND KASHMIR,Baramulla,3.0,Not Accessed,Hilly area,,0.0,0.0,,Hilly area
JAMMU AND KASHMIR,Baramulla,3.0,Not Accessed,Hilly area,,0.0,0.0,,Hilly area
JAMMU AND KASHMIR,Baramulla,3.0,Not Accessed,Hilly area,,0.0,0.0,,Hilly area
JAMMU AND KASHMIR,Poonch,10.0,Sathra,Hilly area,,0.0,0.0,,Hilly area
JAMMU AND KASHMIR,Poonch,10.0,Bala Kote,Hilly area,,0.0,0.0,,Hilly area
JAMMU AND KASHMIR,Poonch,10.0,Loran,Hilly area,,0.0,0.0,,Hilly area
JAMMU AND KASHMIR,Poonch,10.0,Poonch,Safe,21.87,2133.93,1920.53,420.0,
JAMMU AND KASHMIR,Poonch,10.0,Mandi,Safe,12.99,1017.6,915.84,119.0,
JAMMU AND KASHMIR,Poonch,10.0,Lassana,Hilly area,,0.0,0.0,,Hilly area
JAMMU AND KASHMIR,Poonch,10.0,Mankote,Hilly area,,0.0,0.0,,Hilly area
JAMMU AND KASHMIR,Poonch,10.0,Surankote,Safe,16.07,1053.91,948.52,152.4,
JAMMU AND KASHMIR,Poonch,10.0,Mendhar,Hilly area,,0.0,0.0,,Hilly area
JAMMU AND KASHMIR,Poonch,10.0,Bafliaz,Hilly area,,0.0,0.0,,Hilly area
JAMMU AND KASHMIR,Poonch,10.0,Not Accessed,Hilly area,,0.0,0.0,,Hilly area
JAMMU AND KASHMIR,Poonch,10.0,Not Accessed,Hilly area,,0.0,0.0,,Hilly area
JAMMU AND KASHMIR,Poonch,10.0,Not Accessed,Hilly area,,0.0,0.0,,Hilly area
JAMMU AND KASHMIR,Poonch,10.0,Not Accessed,Hilly area,,0.0,0.0,,Hilly area
JAMMU AND KASHMIR,Poonch,10.0,Not Accessed,Hilly area,,0.0,0.0,,Hilly area
JAMMU AND KASHMIR,Poonch,10.0,Not Accessed,Hilly area,,0.0,0.0,,Hilly area
JAMMU AND KASHMIR,Poonch,10.0,Not Accessed,Hilly area,,0.0,0.0,,Hilly area
JAMMU AND KASHMIR,Poonch,10.0,Nanglai sahib,Safe,9.58,1055.48,949.94,91.0,
JAMMU AND KASHMIR,Kupwarar,8.0,Qadirabad,Safe,20.87,646.49,581.84,121.42,
JAMMU AND KASHMIR,Kupwarar,8.0,Keran,Hilly area,,0.0,0.0,,Hilly area
JAMMU AND KASHMIR,Kupwarar,8.0,Machil,Hilly area,,0.0,0.0,,Hilly area
JAMMU AND KASHMIR,Kupwarar,8.0,Kalarooch,Safe,18.03,587.74,528.97,95.38,
JAMMU AND KASHMIR,Kupwarar,8.0,Hayhama,Safe,16.12,516.49,464.84,74.95,
JAMMU AND KASHMIR,Kupwarar,8.0,Kupwara,Safe,21.7,957.95,862.16,187.06,
JAMMU AND KASHMIR,Kupwarar,8.0,Trehgam,Hilly area,,0.0,0.0,,Hilly area
JAMMU AND KASHMIR,Kupwarar,8.0,Wavoora,Hilly area,,0.0,0.0,,Hilly area
JAMMU AND KASHMIR,Kupwarar,8.0,Kralpora,Hilly area,,0.0,0.0,,Hilly area
JAMMU AND KASHMIR,Kupwarar,8.0,Drugmulla,Safe,21.94,511.42,460.28,100.98,
JAMMU AND KASHMIR,Kupwarar,8.0,Sogam,Hilly area,,0.0,0.0,,Hilly area
JAMMU AND KASHMIR,Kupwarar,8.0,Magam,Hilly area,,0.0,0.0,,Hilly area
JAMMU AND KASHMIR,Kupwarar,8.0,Nutnoosa,Safe,24.03,581.96,523.76,125.87,
JAMMU AND KASHMIR,Kupwarar,8.0,Tangdar,Hilly area,,0.0,0.0,,Hilly area
JAMMU AND KASHMIR,Kupwarar,8.0,Teetwal,Hilly area,,0.0,0.0,,Hilly area
JAMMU AND KASHMIR,Kupwarar,8.0,Handwara,Safe,21.47,862.99,776.69,166.75,
JAMMU AND KASHMIR,Kupwarar,8.0,Rajwar,Hilly area,,0.0,0.0,,Hilly area
JAMMU AND KASHMIR,Kupwarar,8.0,Langet,Safe,27.73,846.4,761.76,211.2,
JAMMU AND KASHMIR,Kupwarar,8.0,Qaziabad Supernagama,Safe,18.5,695.76,626.19,115.82,
JAMMU AND KASHMIR,Kupwarar,8.0,Mawar Kalamabad,Hilly area,,0.0,0.0,,Hilly area
JAMMU AND KASHMIR,Kupwarar,8.0,Ramhal,Hilly area,,0.0,0.0,,Hilly area
JAMMU AND KASHMIR,Kupwarar,8.0,Meliyal,Hilly area,,0.0,0.0,,Hilly area
JAMMU AND KASHMIR,Kupwarar,8.0,Tarathpora,Hilly area,,0.0,0.0,,Hilly area
JAMMU AND KASHMIR,Kupwarar,8.0,Redi Chowkibal,Hilly area,,0.0,0.0,,Hilly area
JAMMU AND KASHMIR,Reasi,627.0,Thuroo,Hilly area,,0.03,0.03,,Hilly area
JAMMU AND KASHMIR,Reasi,627.0,Gulab Garh,Hilly area,,0.42,0.37,,Hilly area
JAMMU AND KASHMIR,Reasi,627.0,Chassana,Hilly area,,0.03,0.03,,Hilly area
JAMMU AND KASHMIR,Reasi,627.0,Mahore,Hilly area,,0.0,0.0,,Hilly area
JAMMU AND KASHMIR,Reasi,627.0,Jij Bagli,Hilly area,,0.0,0.0,,Hilly area
JAMMU AND KASHMIR,Reasi,627.0,Arnas,Hilly area,,0.0,0.0,,Hilly area
JAMMU AND KASHMIR,Reasi,627.0,Thakrakote,Hilly area,,0.0,0.0,,Hilly area
JAMMU AND KASHMIR,Reasi,627.0,Bamagh,Hilly area,,1.62,1.46,,Hilly area
JAMMU AND KASHMIR,Reasi,627.0,Pouni,Safe,7.74,7982.93,7184.64,556.25,
JAMMU AND KASHMIR,Reasi,627.0,Katra,Safe,14.23,5434.18,4890.76,695.83,
JAMMU AND KASHMIR,Reasi,627.0,Panthal,Safe,10.51,4688.76,4219.88,443.61,
JAMMU AND KASHMIR,Reasi,627.0,Reasi,Safe,12.83,6130.1,5517.08,707.94,
JAMMU AND KASHMIR,Ramban,621.0,Batote,Hilly area,,0.06,0.05,,Hilly area
JAMMU AND KASHMIR,Ramban,621.0,Banihal,Safe,35.13,243.53,219.18,77.0,
JAMMU AND KASHMIR,Ramban,621.0,Khari,Hilly area,,0.29,0.26,,Hilly area
JAMMU AND KASHMIR,Ramban,621.0,Ramsoo,Hilly area,,0.08,0.07,,Hilly area
JAMMU AND KASHMIR,Ramban,621.0,Gool,Hilly area,,0.22,0.2,,Hilly area
JAMMU AND KASHMIR,Ramban,621.0,Sangaldan,Safe,23.19,268.3,241.46,56.0,
JAMMU AND KASHMIR,Ramban,621.0,Gandhri,Hilly area,,0.39,0.36,,Hilly area
JAMMU AND KASHMIR,Ramban,621.0,Ramban,Safe,38.33,228.76,205.88,78.91,
JAMMU AND KASHMIR,Ramban,621.0,Not Accessed,Hilly area,,0.0,0.0,,Hilly area
JAMMU AND KASHMIR,Ramban,621.0,Gundi Dharam,Hilly area,,0.01,0.01,,Hilly area
JAMMU AND KASHMIR,Ramban,621.0,Rajgarh,Hilly area,,0.31,0.28,,Hilly area
JAMMU AND KASHMIR,Ramban,621.0,Not Accessed,Hilly area,,0.0,0.0,,Hilly area
JAMMU AND KASHMIR,Ramban,621.0,Ukhral,Hilly area,,0.41,0.37,,Hilly area
JAMMU AND KASHMIR,Ramban,621.0,Not Accessed,Hilly area,,0.0,0.0,,Hilly area
JAMMU AND KASHMIR,Kishtwar,620.0,Warwan,Hilly area,,0.0,0.0,,Hilly area
JAMMU AND KASHMIR,Kishtwar,620.0,Marwah,Hilly area,,0.0,0.0,,Hilly area
JAMMU AND KASHMIR,Kishtwar,620.0,Dachhan,Hilly area,,0.0,0.0,,Hilly area
JAMMU AND KASHMIR,Kishtwar,620.0,Thakrair,Hilly area,,0.17,0.15,,Hilly area
JAMMU AND KASHMIR,Kishtwar,620.0,Kishtwar,Safe,19.08,636.67,573.0,109.34,
JAMMU AND KASHMIR,Kishtwar,620.0,Padder,Safe,12.5,684.34,615.91,77.0,
JAMMU AND KASHMIR,Kishtwar,620.0,Drabshalla,Hilly area,,0.0,0.0,,Hilly area
JAMMU AND KASHMIR,Kishtwar,620.0,Bounjwah,Hilly area,,0.0,0.0,,Hilly area
JAMMU AND KASHMIR,Kishtwar,620.0,Mughalmaidan,Hilly area,,0.0,0.0,,Hilly area
JAMMU AND KASHMIR,Kishtwar,620.0,Inderwal,Hilly area,,0.0,0.0,,Hilly area
JAMMU AND KASHMIR,Kishtwar,620.0,Palmar,Hilly area,,0.0,0.0,,Hilly area
JAMMU AND KASHMIR,Kishtwar,620.0,Not Accessed,Hilly area,,0.0,0.0,,Hilly area
JAMMU AND KASHMIR,Kishtwar,620.0,Nagseni,Hilly area,,0.0,0.0,,Hilly area
JAMMU AND KASHMIR,Kishtwar,620.0,Trigam,Hilly area,,0.0,0.0,,Hilly area
JAMMU AND KASHMIR,Doda,4.0,Khellani,Hilly area,,0.0,0.0,,Hilly area
JAMMU AND KASHMIR,Doda,4.0,Bhalessa,Hilly area,,0.03,0.03,,Hilly area
JAMMU AND KASHMIR,Doda,4.0,Jakyas,Hilly area,,0.0,0.0,,Hilly area
JAMMU AND KASHMIR,Doda,4.0,Chilly Pingal,Hilly area,,0.02,0.02,,Hilly area
JAMMU AND KASHMIR,Doda,4.0,Changa,Hilly area,,0.02,0.02,,Hilly area
JAMMU AND KASHMIR,Doda,4.0,Not Accessed,Hilly area,,0.0,0.0,,Hilly area
JAMMU AND KASHMIR,Doda,4.0,Not Accessed,Hilly area,,0.0,0.0,,Hilly area
JAMMU AND KASHMIR,Doda,4.0,Not Accessed,Hilly area,,0.0,0.0,,Hilly area
JAMMU AND KASHMIR,Doda,4.0,Bhaderwah,Safe,20.57,1039.93,935.94,192.52,
JAMMU AND KASHMIR,Doda,4.0,Marmat,Hilly area,,0.0,0.0,,Hilly area
JAMMU AND KASHMIR,Doda,4.0,Desa,Hilly area,,0.0,0.0,,Hilly area
JAMMU AND KASHMIR,Doda,4.0,Dali Udhyanpur,Hilly area,,0.01,0.01,,Hilly area
JAMMU AND KASHMIR,Doda,4.0,Gundna,Hilly area,,0.0,0.0,,Hilly area
JAMMU AND KASHMIR,Doda,4.0,Doda,Hilly area,,0.62,0.56,,Hilly area
JAMMU AND KASHMIR,Doda,4.0,Bhagwah,Hilly area,,0.61,0.55,,Hilly area
JAMMU AND KASHMIR,Doda,4.0,Kasti Garh,Hilly area,,0.01,0.01,,Hilly area
JAMMU AND KASHMIR,Doda,4.0,Assar,Hilly area,,0.24,0.21,,Hilly area
JAMMU AND KASHMIR,Doda,4.0,Thathri,Hilly area,,0.0,0.0,,Hilly area
JAMMU AND KASHMIR,Doda,4.0,Bhalla,Hilly area,,0.0,0.0,,Hilly area
JAMMU AND KASHMIR,Doda,4.0,Kahara,Hilly area,,0.0,0.0,,Hilly area
JAMMU AND KASHMIR,Doda,4.0,Chiralla,Hilly area,,0.0,0.0,,Hilly area
JAMMU AND KASHMIR,Ganderbal,626.0,Not Accessed,Hilly area,,0.0,0.0,,Hilly area
JAMMU AND KASHMIR,Ganderbal,626.0,Kangan,Safe,44.99,521.24,469.11,211.05,
JAMMU AND KASHMIR,Ganderbal,626.0,Gund,Hilly area,,0.0,0.0,,Hilly area
JAMMU AND KASHMIR,Ganderbal,626.0,Not Accessed,Hilly area,,0.0,0.0,,Hilly area
JAMMU AND KASHMIR,Ganderbal,626.0,Ganderbal,Safe,57.64,235.5,211.95,122.16,
JAMMU AND KASHMIR,Ganderbal,626.0,Wakoora,Hilly area,,0.0,0.0,,Hilly area
JAMMU AND KASHMIR,Ganderbal,626.0,Safapora,Safe,38.13,329.07,296.17,112.94,
JAMMU AND KASHMIR,Ganderbal,626.0,Lar,Hilly area,,0.0,0.0,,Hilly area
JAMMU AND KASHMIR,Kulgam,622.0,Kulgam,Safe,20.18,1363.89,1227.5,247.65,
JAMMU AND KASHMIR,Kulgam,622.0,D H Pora,Hilly area,,0.0,0.0,,Hilly area
JAMMU AND KASHMIR,Kulgam,622.0,D K Marg,Hilly area,,0.0,0.0,,Hilly area
JAMMU AND KASHMIR,Kulgam,622.0,Pahloo,Hilly area,,0.0,0.0,,Hilly area
JAMMU AND KASHMIR,Kulgam,622.0,Pombay,Safe,21.52,950.38,855.34,184.1,
JAMMU AND KASHMIR,Kulgam,622.0,Behibagh,Safe,25.52,847.24,762.52,194.62,
JAMMU AND KASHMIR,Kulgam,622.0,Frisal,Safe,31.87,568.41,511.57,163.06,
JAMMU AND KASHMIR,Kulgam,622.0,Qaimoh,Safe,23.67,1147.28,1032.55,244.4,
JAMMU AND KASHMIR,Kulgam,622.0,Kund,Hilly area,,0.0,0.0,,Hilly area
JAMMU AND KASHMIR,Kulgam,622.0,Devsar,Safe,13.99,1295.23,1165.71,163.06,
JAMMU AND KASHMIR,Kulgam,622.0,Not Accessed,Hilly area,,0.0,0.0,,Hilly area
JAMMU AND KASHMIR,Kulgam,622.0,Manzgam,Safe,10.39,618.9,557.01,57.86,
JAMMU AND KASHMIR,Kulgam,622.0,Not Accessed,Hilly area,,0.0,0.0,,Hilly area
JAMMU AND KASHMIR,Pulwama,11.0,Shadimarg,Safe,41.48,524.84,472.35,195.92,
JAMMU AND KASHMIR,Pulwama,11.0,Pulwama,Safe,38.2,985.46,886.92,338.81,
JAMMU AND KASHMIR,Pulwama,11.0,Newa,Safe,34.62,624.82,562.33,194.69,
JAMMU AND KASHMIR,Pulwama,11.0,Litter,Safe,36.19,576.78,519.1,187.88,
JAMMU AND KASHMIR,Pulwama,11.0,Ichegoza,Safe,37.45,318.5,286.65,107.35,
JAMMU AND KASHMIR,Pulwama,11.0,Dadsara,Safe,38.81,508.05,457.24,177.44,
JAMMU AND KASHMIR,Pulwama,11.0,Aripal,Hilly area,,0.0,0.0,,Hilly area
JAMMU AND KASHMIR,Pulwama,11.0,Not Accessed,Hilly area,,0.0,0.0,,Hilly area
JAMMU AND KASHMIR,Pulwama,11.0,Tral,Safe,36.41,656.49,590.84,215.13,
JAMMU AND KASHMIR,Pulwama,11.0,Pampore,Safe,48.26,208.46,187.62,90.54,
JAMMU AND KASHMIR,Pulwama,11.0,Awantipora,Safe,37.57,806.77,726.09,272.82,
JAMMU AND KASHMIR,Pulwama,11.0,Kakapora,Safe,39.93,579.65,521.68,208.32,
JAMMU AND KASHMIR,Rajouri,12.0,Budhal,Hilly area,,0.13,0.11,,Hilly area
JAMMU AND KASHMIR,Rajouri,12.0,Darhal,Hilly area,,0.0,0.0,,Hilly area
JAMMU AND KASHMIR,Rajouri,12.0,Dhangri,Hilly area,,0.08,0.08,,Hilly area
JAMMU AND KASHMIR,Rajouri,12.0,Doongi,Hilly area,,0.03,0.03,,Hilly area
JAMMU AND KASHMIR,Rajouri,12.0,Khawas,Safe,26.61,526.22,473.6,126.01,
JAMMU AND KASHMIR,Rajouri,12.0,Lamberi,Safe,12.52,1442.13,1370.03,171.51,
JAMMU AND KASHMIR,Rajouri,12.0,Manjakote,Hilly area,,0.06,0.06,,Hilly area
JAMMU AND KASHMIR,Rajouri,12.0,Moughla,Hilly area,,0.05,0.05,,Hilly area
JAMMU AND KASHMIR,Rajouri,12.0,Nowshera,Safe,9.84,4029.31,3626.38,357.0,
JAMMU AND KASHMIR,Rajouri,12.0,Panjgrian,Hilly area,,0.07,0.06,,Hilly area
JAMMU AND KASHMIR,Rajouri,12.0,Planger,Safe,21.31,748.16,673.35,143.5,
JAMMU AND KASHMIR,Rajouri,12.0,Qila Darhal,Hilly area,,0.01,0.01,,Hilly area
JAMMU AND KASHMIR,Rajouri,12.0,Budhal New/Raj Nagar,Hilly area,,0.05,0.05,,Hilly area
JAMMU AND KASHMIR,Rajouri,12.0,Rajouri,Safe,14.83,1824.07,1641.66,243.4,
JAMMU AND KASHMIR,Rajouri,12.0,Sunderbani,Safe,17.04,3514.01,3162.6,539.0,
JAMMU AND KASHMIR,Rajouri,12.0,Not Accessed,Hilly area,,0.0,0.0,,Hilly area
JAMMU AND KASHMIR,Rajouri,12.0,Kalakote,Safe,3.81,3162.94,2846.64,108.5,
JAMMU AND KASHMIR,Rajouri,12.0,Thana Mandi,Hilly area,,0.0,0.0,,Hilly area
JAMMU AND KASHMIR,Rajouri,12.0,Not Accessed,Hilly area,,0.0,0.0,,Hilly area
JAMMU AND KASHMIR,Rajouri,12.0,Seri,Safe,18.63,1106.46,995.81,185.5,
JAMMU AND KASHMIR,Rajouri,12.0,Siot,Safe,8.47,1929.1,1736.18,147.0,
JAMMU AND KASHMIR,Budgam,2.0,Badgam,Safe,27.96,152.0,136.8,38.25,
JAMMU AND KASHMIR,Budgam,2.0,Chadoora,Safe,26.11,366.6,329.94,86.16,
JAMMU AND KASHMIR,Budgam,2.0,Not Accessed,Hilly area,,0.0,0.0,,Hilly area
JAMMU AND KASHMIR,Budgam,2.0,Rathsun,Safe,28.24,343.7,309.32,87.35,
JAMMU AND KASHMIR,Budgam,2.0,Khag,Hilly area,,0.0,0.0,,Hilly area
JAMMU AND KASHMIR,Budgam,2.0,Surasyar,Safe,30.51,318.07,286.27,87.35,
JAMMU AND KASHMIR,Budgam,2.0,Nagam,Safe,26.7,306.82,276.13,73.73,
JAMMU AND KASHMIR,Budgam,2.0,Khan Sahib,Hilly area,,0.0,0.0,,Hilly area
JAMMU AND KASHMIR,Budgam,2.0,Sukhnag Hard Panzoo,Safe,27.09,525.89,473.3,128.23,
JAMMU AND KASHMIR,Budgam,2.0,Beerwah,Safe,27.52,925.51,832.96,229.23,
JAMMU AND KASHMIR,Budgam,2.0,Narbal,Safe,34.82,231.47,208.32,72.53,
JAMMU AND KASHMIR,Budgam,2.0,S K Pora,Hilly area,,0.0,0.0,,Hilly area
JAMMU AND KASHMIR,Budgam,2.0,Charisharief,Safe,23.51,477.24,429.52,100.98,
JAMMU AND KASHMIR,Budgam,2.0,Waterhail,Safe,27.67,296.08,266.48,73.73,
JAMMU AND KASHMIR,Budgam,2.0,Soibugh,Safe,27.9,293.67,264.3,73.73,
JAMMU AND KASHMIR,Budgam,2.0,Parnewa,Safe,30.84,412.92,371.62,114.6,
JAMMU AND KASHMIR,Budgam,2.0,Not Accessed,Hilly area,,0.0,0.0,,Hilly area
JAMMU AND KASHMIR,Budgam,2.0,Pakherpora,Safe,30.35,335.93,302.34,91.75,
JAMMU AND KASHMIR,Budgam,2.0,B K Pora,Safe,26.26,283.18,254.86,66.92,
JAMMU AND KASHMIR,Srinagar,13.0,Srinagar UA,Safe,54.12,14264.75,12838.28,6947.93,
JAMMU AND KASHMIR,Udhampur,14.0,Narsoo,Hilly area,,0.29,0.26,,Hilly area
JAMMU AND KASHMIR,Udhampur,14.0,Chanunta Dalsar,Hilly area,,0.0,0.0,,Hilly area
JAMMU AND KASHMIR,Udhampur,14.0,Panchari,Hilly area,,0.38,0.34,,Hilly area
JAMMU AND KASHMIR,Udhampur,14.0,Moungri,Hilly area,,1.09,0.98,,Hilly area
JAMMU AND KASHMIR,Udhampur,14.0,Sewna,Hilly area,,0.16,0.14,,Hilly area
JAMMU AND KASHMIR,Udhampur,14.0,Ghordi,Hilly area,,0.14,0.13,,Hilly area
JAMMU AND KASHMIR,Udhampur,14.0,Tikri,Safe,29.92,1356.8,1221.12,365.33,
JAMMU AND KASHMIR,Udhampur,14.0,Latti,Hilly area,,0.0,0.0,,Hilly area
JAMMU AND KASHMIR,Udhampur,14.0,Dudu,Hilly area,,0.0,0.0,,Hilly area
JAMMU AND KASHMIR,Udhampur,14.0,Kulwanta,Hilly area,,0.0,0.0,,Hilly area
JAMMU AND KASHMIR,Udhampur,14.0,Majalta,Safe,19.93,2338.6,2221.67,442.7,
JAMMU AND KASHMIR,Udhampur,14.0,Khoon,Safe,18.54,2804.03,2523.63,467.97,
JAMMU AND KASHMIR,Udhampur,14.0,Ramnagar,Hilly area,,0.84,0.75,,Hilly area
JAMMU AND KASHMIR,Udhampur,14.0,Chenani,Hilly area,,0.0,0.0,,Hilly area
JAMMU AND KASHMIR,Udhampur,14.0,Jaganoo,Hilly area,,0.06,0.05,,Hilly area
JAMMU AND KASHMIR,Udhampur,14.0,Parli Dhar,Hilly area,,0.09,0.08,,Hilly area
JAMMU AND KASHMIR,Udhampur,14.0,Udhampur,Safe,20.54,5641.86,5259.55,1080.22,
JAMMU AND KASHMIR,Udhampur,14.0,Not Accessed,Hilly area,,0.0,0.0,,Hilly area
JAMMU AND KASHMIR,Barmulla,3.0,Not Accessed,Hilly area,,0.0,0.0,,Hilly area
JAMMU AND KASHMIR,Barmulla,3.0,Not Accessed,Hilly area,,0.0,0.0,,Hilly area
JAMMU AND KASHMIR,Barmulla,3.0,Not Accessed,Hilly area,,0.0,0.0,,Hilly area
JAMMU AND KASHMIR,Mirpur,,Not Accessed,Hilly area,,0.0,0.0,,Hilly area
JAMMU AND KASHMIR,Srinagar Hilly Area,13.0,Not Accessed,Hilly area,,0.0,0.0,,Hilly area
JAMMU AND KASHMIR,Srinagar Hilly Area,13.0,Not Accessed,Hilly area,,0.0,0.0,,Hilly area
JAMMU AND KASHMIR,Jammu,5.0,Maira Mandrian,Hilly area,,0.27,0.24,,Hilly area
JAMMU AND KASHMIR,Jammu,5.0,Kharah Balli,Hilly area,,0.05,0.05,,Hilly area
JAMMU AND KASHMIR,Jammu,5.0,Mathwar,Hilly area,,0.78,0.7,,Hilly area
JAMMU AND KASHMIR,Jammu,5.0,Chowki Choura,Hilly area,,0.05,0.05,,Hilly area
JAMMU AND KASHMIR,Jammu,5.0,Samwan,Hilly area,,0.04,0.04,,Hilly area
JAMMU AND KASHMIR,Jammu,5.0,Bhalwal Brahmana,Safe,23.75,3537.74,3183.97,756.11,
JAMMU AND KASHMIR,Jammu,5.0,Akhnoor,Safe,22.36,4234.92,3811.43,852.08,
JAMMU AND KASHMIR,Jammu,5.0,Khour,Safe,30.94,3375.34,3037.8,939.9,
JAMMU AND KASHMIR,Jammu,5.0,Bhalwal,Safe,23.95,4041.98,3637.78,871.31,
JAMMU AND KASHMIR,Jammu,5.0,Pargwal,Safe,28.73,1251.86,1126.68,323.69,
JAMMU AND KASHMIR,Jammu,5.0,Jammu UA,Safe,55.2,5122.03,4609.82,2544.82,
JAMMU AND KASHMIR,Jammu,5.0,Marh,Safe,26.77,3376.38,3038.74,813.47,
JAMMU AND KASHMIR,Jammu,5.0,Mandal Phallain,Safe,32.12,2977.46,2679.71,860.7,
JAMMU AND KASHMIR,Jammu,5.0,Miran Sahib,Safe,50.7,2071.28,1889.56,958.06,
JAMMU AND KASHMIR,Jammu,5.0,Bishnah,Safe,36.92,3166.45,2849.8,1052.08,
JAMMU AND KASHMIR,Jammu,5.0,Arnia,Safe,43.1,2228.05,2005.25,864.19,
JAMMU AND KASHMIR,Jammu,5.0,Suchetgarh,Safe,42.48,3396.56,3056.91,1298.7,
JAMMU AND KASHMIR,Jammu,5.0,Nagrota,Safe,7.62,4071.0,3867.45,294.78,
JAMMU AND KASHMIR,Jammu,5.0,R.S PURA,Safe,41.42,3244.85,2920.37,1209.55,
JAMMU AND KASHMIR,Jammu,5.0,Dansal,Hilly area,,0.06,0.06,,Hilly area
JAMMU AND KASHMIR,Bandipora,623.0,Nowgam,Safe,46.28,245.38,220.84,102.2,
JAMMU AND KASHMIR,Bandipora,623.0,Tulail,Hilly area,,0.0,0.0,,Hilly area
JAMMU AND KASHMIR,Bandipora,623.0,Naidkhay,Safe,17.18,747.84,674.08,115.82,
JAMMU AND KASHMIR,Bandipora,623.0,Hajin,Safe,2.85,2659.66,2393.7,68.13,
JAMMU AND KASHMIR,Bandipora,623.0,Gurez,Hilly area,,0.0,0.0,,Hilly area
JAMMU AND KASHMIR,Bandipora,623.0,Arin,Hilly area,,0.0,0.0,,Hilly area
JAMMU AND KASHMIR,Bandipora,623.0,Bonkoot,Hilly area,,0.0,0.0,,Hilly area
JAMMU AND KASHMIR,Bandipora,623.0,Bandipora,Safe,43.11,421.06,378.95,163.38,
JAMMU AND KASHMIR,Bandipora,623.0,Baktoor,Hilly area,,0.0,0.0,,Hilly area
JAMMU AND KASHMIR,Bandipora,623.0,Aloosa,Safe,35.88,395.97,357.4,128.23,
JAMMU AND KASHMIR,Bandipora,623.0,Not Accessed,Hilly area,,0.0,0.0,,Hilly area
JAMMU AND KASHMIR,Bandipora,623.0,Sumbal,Safe,41.39,256.05,230.44,95.38,
JAMMU AND KASHMIR,Muzaffarabad,,Not Accessed,Hilly area,,0.0,0.0,,Hilly area
JAMMU AND KASHMIR,Shopian,625.0,Kaprin,Safe,29.43,434.89,391.4,115.2,
JAMMU AND KASHMIR,Shopian,625.0,Zainpora,Safe,29.85,428.86,385.98,115.2,
JAMMU AND KASHMIR,Shopian,625.0,Shopian,Safe,19.16,791.41,712.27,136.44,
JAMMU AND KASHMIR,Shopian,625.0,Ramnagri,Safe,29.3,447.82,403.04,118.08,
JAMMU AND KASHMIR,Shopian,625.0,Keller,Safe,12.78,1001.64,901.47,115.2,
JAMMU AND KASHMIR,Shopian,625.0,Kanji Ullar,Safe,21.57,489.54,440.59,95.04,
JAMMU AND KASHMIR,Shopian,625.0,Imamsahib,Safe,21.62,666.07,599.47,129.6,
JAMMU AND KASHMIR,Shopian,625.0,Harman,Safe,28.89,443.02,398.71,115.2,
JAMMU AND KASHMIR,Shopian,625.0,Chitragam,Safe,16.77,572.5,515.25,86.4,
JAMMU AND KASHMIR,Shopian,625.0,Not Accessed,Hilly area,,0.0,0.0,,Hilly area
JAMMU AND KASHMIR,Shopian,625.0,Not Accessed,Hilly area,,0.0,0.0,,Hilly area
JAMMU AND KASHMIR,Kupwara,8.0,Not Accessed,Hilly area,,0.0,0.0,,Hilly area
JAMMU AND KASHMIR,Kupwara,8.0,Not Accessed,Hilly area,,0.0,0.0,,Hilly area
JAMMU AND KASHMIR,Kupwara,8.0,Not Accessed,Hilly area,,0.0,0.0,,Hilly area
JAMMU AND KASHMIR,Kupwara,8.0,Not Accessed,Hilly area,,0.0,0.0,,Hilly area
JAMMU AND KASHMIR,Kupwara,8.0,Not Accessed,Hilly area,,0.0,0.0,,Hilly area
JAMMU AND KASHMIR,Kupwara,8.0,Not Accessed,Hilly area,,0.0,0.0,,Hilly area
JAMMU AND KASHMIR,Samba,624.0,Purmandal,Safe,12.82,1322.6,1256.47,161.09,
JAMMU AND KASHMIR,Samba,624.0,Nud,Safe,11.6,1761.25,1585.13,183.95,
JAMMU AND KASHMIR,Samba,624.0,Vijaypur,Safe,12.09,1974.87,1876.13,226.8,
JAMMU AND KASHMIR,Samba,624.0,Samba,Safe,17.14,3572.63,3215.37,551.26,
JAMMU AND KASHMIR,Samba,624.0,Ramgarh,Safe,16.13,2880.4,2592.36,418.18,
JAMMU AND KASHMIR,Samba,624.0,Raj Pura,Safe,28.35,1744.64,1570.17,445.11,
JAMMU AND KASHMIR,Samba,624.0,Sumb,Safe,12.82,1208.74,1087.87,139.43,
JAMMU AND KASHMIR,Samba,624.0,Ghagwal,Safe,13.43,1907.08,1716.37,230.45,
JAMMU AND KASHMIR,Samba,624.0,Bari Brahmana,Safe,29.18,1411.93,1270.73,370.76,
JAMMU AND KASHMIR,Kathua,7.0,Mandli,Safe,28.85,586.07,527.46,152.16,
JAMMU AND KASHMIR,Kathua,7.0,Duggain,Hilly area,,0.02,0.02,,Hilly area
JAMMU AND KASHMIR,Kathua,7.0,Lohai-Malhar,Hilly area,,6.26,5.64,,Hilly area
JAMMU AND KASHMIR,Kathua,7.0,Duggan,Hilly area,,0.0,0.0,,Hilly area
JAMMU AND KASHMIR,Kathua,7.0,Bani,Hilly area,,1.44,1.29,,Hilly area
JAMMU AND KASHMIR,Kathua,7.0,Nagrota Gujroo,Safe,20.46,1455.07,1309.56,267.98,
JAMMU AND KASHMIR,Kathua,7.0,Billawar,Safe,14.33,1308.1,1177.29,168.67,
JAMMU AND KASHMIR,Kathua,7.0,Bhoond,Hilly area,,0.01,0.01,,Hilly area
JAMMU AND KASHMIR,Kathua,7.0,Dhar Mahanpur,Hilly area,,0.01,0.01,,Hilly area
JAMMU AND KASHMIR,Kathua,7.0,Mahanpur,Hilly area,,1.46,1.31,,Hilly area
JAMMU AND KASHMIR,Kathua,7.0,Dinga Amb,Safe,17.76,2549.44,2294.49,407.41,
JAMMU AND KASHMIR,Kathua,7.0,Barnoti,Safe,6.32,8466.13,7619.52,481.91,
JAMMU AND KASHMIR,Kathua,7.0,Basohli,Hilly area,,0.15,0.13,,Hilly area
JAMMU AND KASHMIR,Kathua,7.0,Keerian Gangyal,Safe,34.01,874.86,831.12,282.66,
JAMMU AND KASHMIR,Kathua,7.0,Nagri,Safe,39.21,2991.18,2731.88,1071.15,
JAMMU AND KASHMIR,Kathua,7.0,Hiranagar,Safe,30.48,4465.91,4115.77,1254.65,
JAMMU AND KASHMIR,Kathua,7.0,Kathua,Safe,40.25,4665.35,4198.81,1689.95,
JAMMU AND KASHMIR,Kathua,7.0,Marheen,Safe,24.35,7160.59,6444.52,1569.11,
JAMMU AND KASHMIR,Kathua,7.0,Baggan,Hilly area,,0.73,0.65,,Hilly area
JAMMU AND KASHMIR,Anantnag,1.0,Pahalgam,Safe,16.18,715.16,643.64,104.16,
JAMMU AND KASHMIR,Anantnag,1.0,Hillar Shahabad,Safe,11.19,522.43,470.19,52.6,
JAMMU AND KASHMIR,Anantnag,1.0,Chhathergul,Safe,20.08,465.71,419.14,84.16,
JAMMU AND KASHMIR,Anantnag,1.0,Vessu,Safe,22.91,408.26,367.43,84.17,
JAMMU AND KASHMIR,Anantnag,1.0,Shangas,Safe,20.97,557.35,501.61,105.21,
JAMMU AND KASHMIR,Anantnag,1.0,Shahabad,Safe,18.53,788.36,709.52,131.5,
JAMMU AND KASHMIR,Anantnag,1.0,Sagam,Safe,28.32,515.96,464.37,131.5,
JAMMU AND KASHMIR,Anantnag,1.0,Qazigund,Safe,36.6,510.98,459.87,168.32,
JAMMU AND KASHMIR,Anantnag,1.0,Larnoo,Hilly area,,0.0,0.0,,Hilly area
JAMMU AND KASHMIR,Anantnag,1.0,Khoveripora,Safe,24.32,1345.95,1211.35,294.56,
JAMMU AND KASHMIR,Anantnag,1.0,Dachnipora,Safe,17.34,1146.24,1031.61,178.84,
JAMMU AND KASHMIR,Anantnag,1.0,Breng,Safe,26.91,304.02,273.62,73.64,
JAMMU AND KASHMIR,Anantnag,1.0,Bijbehara,Safe,21.36,1423.03,1280.72,273.52,
JAMMU AND KASHMIR,Anantnag,1.0,Anantnag,Safe,32.79,1391.84,1252.65,410.7,
JAMMU AND KASHMIR,Anantnag,1.0,Verinag,Hilly area,,0.0,0.0,,Hilly area
JAMMU AND KASHMIR,Anantnag,1.0,Not Accessed,Hilly area,,0.0,0.0,,Hilly area
JAMMU AND KASHMIR,Anantnag,1.0,Not Accessed,Hilly area,,0.0,0.0,,Hilly area
JAMMU AND KASHMIR,Anantnag,1.0,Achabal,Safe,30.45,1000.07,900.06,274.08,
PUNJAB,Fazilka,651.0,Fazilka,Safe,33.91,32742.49,29468.24,11247.74,Safe
PUNJAB,Fazilka,651.0,Jalalabad,Over-exploited,120.04,25857.97,23272.17,31405.1,Over-exploited
PUNJAB,Fazilka,651.0,Khuian Sarwar,Safe,47.72,36724.81,33649.05,17645.82,Safe
PUNJAB,Fazilka,651.0,Arniwala Sheikh Subanpur,Safe,64.38,14131.6,12718.43,6283.66,Safe
PUNJAB,Fazilka,651.0,Abohar,Safe,20.16,31207.24,28086.51,7346.32,Safe
PUNJAB,Pathankot,662.0,Bamial,Semi-critical,78.34,1600.77,1520.73,1191.33,
PUNJAB,Pathankot,662.0,Dhar Kalan,Safe,27.24,4967.34,4470.6,1217.7,
PUNJAB,Pathankot,662.0,Narot Jaimal Singh,Safe,66.47,7071.57,6364.41,4230.25,
PUNJAB,Pathankot,662.0,Sujanpur,Safe,29.75,17439.05,15695.15,4669.21,
PUNJAB,Pathankot,662.0,Gharota,Safe,56.53,4922.68,4430.41,2504.35,
PUNJAB,Pathankot,662.0,Pathankot,Safe,40.63,10850.58,9765.52,3967.56,
PUNJAB,SAS Nagar,608.0,Derabassi,Over-exploited,154.14,8748.98,7874.08,12137.05,none
PUNJAB,SAS Nagar,608.0,Kharar,Over-exploited,100.75,8674.53,7807.07,7865.48,
PUNJAB,SAS Nagar,608.0,Majri,Semi-critical,84.12,4704.11,4233.69,3561.27,
PUNJAB,Muktsar,39.0,Kot Bhai At Gidderbaha,Safe,32.56,24770.9,22293.81,9794.18,Semi-critical
PUNJAB,Muktsar,39.0,Lambi,Safe,20.86,42096.45,37886.8,9853.73,Safe
PUNJAB,Muktsar,39.0,Muktsar,Safe,28.09,68800.74,61920.67,35127.62,Semi-critical
PUNJAB,Muktsar,39.0,Malout,Safe,37.79,28378.82,25540.94,15858.24,Over-exploited
PUNJAB,Kapurthala,35.0,Dhilwan,Over-exploited,148.68,10903.46,10997.27,16350.32,
PUNJAB,Kapurthala,35.0,Nadala,Over-exploited,199.25,12000.7,10041.27,20007.11,
PUNJAB,Kapurthala,35.0,Phagwara,Over-exploited,379.93,8971.14,8074.02,30675.6,
PUNJAB,Kapurthala,35.0,Sultanpur Lodhi,Over-exploited,261.83,19308.24,17379.01,45502.66,
PUNJAB,Kapurthala,35.0,Kapurthala,Over-exploited,296.36,9716.32,8744.69,25915.4,
PUNJAB,Hoshiarpur,33.0,Dasuya,Over-exploited,134.48,11557.8,9525.7,12810.58,
PUNJAB,Hoshiarpur,33.0,Hajipur,Safe,62.16,10630.05,9567.05,5946.41,
PUNJAB,Hoshiarpur,33.0,Mahilpur,Critical,92.23,7266.85,6540.16,6032.0,
PUNJAB,Hoshiarpur,33.0,Mukerian,Over-exploited,110.66,10520.58,8066.44,8926.5,
PUNJAB,Hoshiarpur,33.0,Tanda,Over-exploited,178.81,11013.22,9210.94,16470.11,
PUNJAB,Hoshiarpur,33.0,Garh Shankar,Over-exploited,194.71,11478.94,10331.04,20115.61,
PUNJAB,Hoshiarpur,33.0,Hoshiarpur-1,Over-exploited,175.4,6870.85,6183.77,10846.44,
PUNJAB,Hoshiarpur,33.0,Hoshiarpur-2,Semi-critical,78.53,9114.21,8202.79,6441.83,
PUNJAB,Hoshiarpur,33.0,Bhunga,Semi-critical,84.17,14321.04,12888.94,10849.25,
PUNJAB,Hoshiarpur,33.0,Talwara,Safe,61.33,5315.71,4784.14,2934.06,
PUNJAB,Amritsar,27.0,Chogawan,Over-exploited,133.45,25060.82,22554.74,30099.66,
PUNJAB,Amritsar,27.0,Harsha Chhina,Over-exploited,170.61,13454.8,12109.32,20660.04,
PUNJAB,Amritsar,27.0,Majitha,Over-exploited,138.89,22303.32,20072.98,27879.45,
PUNJAB,Amritsar,27.0,Rayya,Over-exploited,144.05,17159.74,14730.18,21219.36,
PUNJAB,Amritsar,27.0,Tarsikka,Over-exploited,168.65,13822.93,12440.63,20980.92,
PUNJAB,Amritsar,27.0,Amritsar Urban,Over-exploited,294.75,1297.76,1167.99,3442.7,
PUNJAB,Amritsar,27.0,Attari,Over-exploited,174.01,9587.11,8628.4,15014.48,
PUNJAB,Amritsar,27.0,Jandiala Guru,Over-exploited,162.26,9670.33,8703.29,14121.97,
PUNJAB,Amritsar,27.0,Verka,Over-exploited,209.38,8962.16,8065.95,16888.46,
PUNJAB,Amritsar,27.0,Ajnala,Over-exploited,114.39,28810.98,25929.88,29660.34,
PUNJAB,Barnala,605.0,Mahal Kalan,Over-exploited,121.94,16634.86,14971.37,18256.09,
PUNJAB,Barnala,605.0,Sehna,Over-exploited,192.86,19088.42,17179.58,33132.53,
PUNJAB,Barnala,605.0,Barnala,Over-exploited,317.67,19540.27,17586.24,55866.77,none
PUNJAB,Sangrur,43.0,Andana,Over-exploited,276.77,8713.42,7842.08,21704.37,
PUNJAB,Sangrur,43.0,Bhawanigarh,Over-exploited,323.34,9022.12,8119.91,26255.03,
PUNJAB,Sangrur,43.0,Dhuri,Over-exploited,326.13,7064.57,6358.11,20735.48,
PUNJAB,Sangrur,43.0,Sangrur,Over-exploited,276.65,13305.78,11975.2,33129.27,
PUNJAB,Sangrur,43.0,Sher Pur,Over-exploited,295.46,7164.92,6448.43,19052.5,
PUNJAB,Sangrur,43.0,Sunam,Over-exploited,389.92,9492.47,8543.23,33311.66,
PUNJAB,Sangrur,43.0,Lehra Gaga,Over-exploited,277.24,8971.97,8074.77,22386.36,
PUNJAB,Sangrur,43.0,Dirba,Over-exploited,319.3,6987.63,6288.87,20080.08,
PUNJAB,Malerkotla,737.0,Malerkotla-2,Over-exploited,262.89,11448.23,10303.4,27086.17,
PUNJAB,Malerkotla,737.0,Malerkotla-1,Over-exploited,299.72,12019.71,10817.74,32423.43,
PUNJAB,Jalandhar,34.0,Adampur,Over-exploited,227.61,11654.6,10489.14,23874.53,
PUNJAB,Jalandhar,34.0,Bhogpur,Over-exploited,209.5,12579.41,11321.47,23718.27,
PUNJAB,Jalandhar,34.0,Nur Mahal,Over-exploited,188.93,7287.96,6540.29,12356.56,
PUNJAB,Jalandhar,34.0,Phillaur,Over-exploited,243.57,10615.88,9629.49,23454.31,
PUNJAB,Jalandhar,34.0,Rurka Kalan,Over-exploited,252.3,11350.45,10215.4,25773.63,
PUNJAB,Jalandhar,34.0,Shahkot,Over-exploited,315.7,4979.23,4462.43,14088.06,
PUNJAB,Jalandhar,34.0,Mehatpur,Over-exploited,253.82,4552.17,4078.07,10350.99,
PUNJAB,Jalandhar,34.0,Jalandhar East,Over-exploited,528.85,9421.44,8479.29,44843.12,
PUNJAB,Jalandhar,34.0,Jalandhar West,Over-exploited,228.29,10615.31,9553.78,21810.21,
PUNJAB,Jalandhar,34.0,Lohian,Over-exploited,290.18,7818.83,7013.9,20352.64,
PUNJAB,Jalandhar,34.0,Nakodar,Over-exploited,296.65,7016.41,6314.77,18732.72,
PUNJAB,Jalandhar,34.0,Jalandhar City,Over-exploited,372.48,1559.49,1403.54,5227.85,
PUNJAB,Mansa,37.0,Bhikhi,Over-exploited,215.07,10584.17,9525.76,20487.31,
PUNJAB,Mansa,37.0,Mansa,Over-exploited,117.33,23680.89,21312.8,25432.11,Over-exploited
PUNJAB,Mansa,37.0,Sardulgarh,Semi-critical,77.65,13274.68,11947.21,9968.86,Critical
PUNJAB,Mansa,37.0,Jhunir,Safe,66.97,22591.14,20332.04,12467.59,Safe
PUNJAB,Mansa,37.0,Budhlada,Critical,99.92,43472.05,39124.84,41699.67,Over-exploited
PUNJAB,Bathinda,28.0,Rampura,Semi-critical,81.66,18990.88,17091.79,13956.85,
PUNJAB,Bathinda,28.0,Bhagta Bhai Ka,Over-exploited,369.69,4984.04,4485.63,16582.82,
PUNJAB,Bathinda,28.0,Goniana Mandi,Over-exploited,199.34,9280.29,8352.25,16466.52,Over-exploited
PUNJAB,Bathinda,28.0,Maur,Over-exploited,184.94,19136.22,17222.6,30118.34,Over-exploited
PUNJAB,Bathinda,28.0,Nathana,Over-exploited,157.9,11582.9,11003.75,17375.36,
PUNJAB,Bathinda,28.0,Phul,Over-exploited,198.55,14071.42,12664.28,25145.02,
PUNJAB,Bathinda,28.0,Sangat,Semi-critical,76.88,19384.04,18414.84,14157.83,
PUNJAB,Bathinda,28.0,Talwandi Sabo,Semi-critical,70.79,21554.31,19398.88,13733.15,
PUNJAB,Bathinda,28.0,Bathinda,Semi-critical,85.19,27413.62,25532.68,20841.0,Semi-critical
PUNJAB,Fatehgarh Sahib,30.0,Khamanon,Over-exploited,201.08,8956.41,8060.77,16208.92,
PUNJAB,Fatehgarh Sahib,30.0,Khera,Over-exploited,173.59,4823.21,4340.89,7535.39,
PUNJAB,Fatehgarh Sahib,30.0,Bassi Pathanan,Over-exploited,218.42,4740.66,4266.59,9319.16,
PUNJAB,Fatehgarh Sahib,30.0,Amloh,Over-exploited,252.38,8413.35,7572.02,19109.98,
PUNJAB,Fatehgarh Sahib,30.0,Sirhind,Over-exploited,110.46,13918.65,12526.78,13836.78,
PUNJAB,Faridkot,29.0,Faridkot,Over-exploited,108.17,37477.41,33729.67,34506.86,Critical
PUNJAB,Faridkot,29.0,Jaiton,Over-exploited,152.0,15321.51,13789.36,18414.39,Semi-critical
PUNJAB,Faridkot,29.0,Kot Kapura,Over-exploited,133.74,23962.27,21566.04,27293.68,Over-exploited
PUNJAB,Rupnagar,42.0,Chamkaur Sahib,Over-exploited,102.45,11005.96,10039.68,10285.84,
PUNJAB,Rupnagar,42.0,Morinda,Over-exploited,169.48,5202.44,4682.2,7935.62,
PUNJAB,Rupnagar,42.0,Anandpur Sahib,Semi-critical,86.13,8406.07,7565.46,6516.49,
PUNJAB,Rupnagar,42.0,Nurpur Bedi,Safe,63.52,8104.59,8712.69,5534.08,
PUNJAB,Rupnagar,42.0,Rupnagar,Semi-critical,73.58,7852.89,8486.16,6244.13,
PUNJAB,Moga,38.0,Moga-1,Over-exploited,320.79,11435.97,10292.38,33016.79,
PUNJAB,Moga,38.0,Moga-2,Over-exploited,348.6,8406.84,7566.15,26375.63,
PUNJAB,Moga,38.0,Nihal Singh Wala,Over-exploited,370.79,11196.67,10077.0,37364.87,
PUNJAB,Moga,38.0,Bagha Purana,Over-exploited,212.3,20768.5,18691.65,39321.72,
PUNJAB,Moga,38.0,Kot Ise Khan At Dharamkot,Critical,97.67,29714.95,26691.14,26069.26,
PUNJAB,Tarn Taran,609.0,Bhikhiwind,Over-exploited,224.96,9223.79,8301.41,18674.98,
PUNJAB,Tarn Taran,609.0,Chohla Sahib,Over-exploited,195.94,6254.56,5630.71,11032.91,
PUNJAB,Tarn Taran,609.0,Gandiwind Tatla,Over-exploited,109.55,9026.6,8123.94,8899.43,
PUNJAB,Tarn Taran,609.0,Khadur Sahib,Over-exploited,175.11,9254.03,9512.79,16657.82,
PUNJAB,Tarn Taran,609.0,Naushera Pannuan,Over-exploited,278.8,5798.6,5218.74,14549.59,
PUNJAB,Tarn Taran,609.0,Patti,Over-exploited,212.72,10424.21,12513.63,26618.93,
PUNJAB,Tarn Taran,609.0,Valtoha,Over-exploited,152.9,10593.39,9752.29,14910.87,
PUNJAB,Tarn Taran,609.0,Tarn Taran,Over-exploited,242.63,9838.62,8854.76,21484.05,
PUNJAB,Patiala,41.0,Bhunarheri,Over-exploited,258.98,9886.45,8897.8,23043.44,none
PUNJAB,Patiala,41.0,Ghanaur,Over-exploited,115.09,10643.87,9579.49,10110.59,Safe
PUNJAB,Patiala,41.0,Nabha,Over-exploited,190.52,21379.19,19241.27,36657.65,
PUNJAB,Patiala,41.0,Patiala,Over-exploited,156.19,18728.29,16855.46,26326.65,
PUNJAB,Patiala,41.0,Patran,Over-exploited,293.99,10248.37,9223.54,27116.41,
PUNJAB,Patiala,41.0,Samana,Over-exploited,217.3,10318.65,9286.78,20180.5,
PUNJAB,Patiala,41.0,Sanaur,Over-exploited,251.96,9587.47,8628.73,21741.09,none
PUNJAB,Patiala,41.0,Rajpura,Over-exploited,206.01,6238.29,5614.46,11565.1,Safe
PUNJAB,Patiala,41.0,Shambu Kalan,Over-exploited,265.7,5145.57,4631.01,12304.48,none
PUNJAB,SBS Nagar,40.0,Aur,Semi-critical,89.91,20608.52,18597.81,16720.38,
PUNJAB,SBS Nagar,40.0,Saroya,Semi-critical,72.62,3890.62,3501.55,2542.96,
PUNJAB,SBS Nagar,40.0,Banga,Over-exploited,212.1,6419.97,5777.97,12254.88,
PUNJAB,SBS Nagar,40.0,Nawan Shahr,Over-exploited,141.66,10943.24,9899.06,14022.88,
PUNJAB,SBS Nagar,40.0,Balachaur,Over-exploited,100.65,12454.6,11302.27,11138.86,Safe
PUNJAB,Ludhiana,36.0,Doraha,Over-exploited,131.41,22036.43,19832.78,26061.72,
PUNJAB,Ludhiana,36.0,Dehlon,Over-exploited,198.78,7957.95,7162.16,14237.11,
PUNJAB,Ludhiana,36.0,Khanna,Over-exploited,274.77,6595.09,5935.58,16309.34,
PUNJAB,Ludhiana,36.0,Machhiwara,Over-exploited,205.93,10111.62,9167.61,18878.98,
PUNJAB,Ludhiana,36.0,Sidhwan Bet,Over-exploited,221.95,10206.59,9124.81,20252.36,
PUNJAB,Ludhiana,36.0,Sudhar,Over-exploited,137.67,8948.04,8053.24,11086.92,
PUNJAB,Ludhiana,36.0,Jagraon,Over-exploited,153.04,19756.08,17780.47,27211.16,
PUNJAB,Ludhiana,36.0,Maloud,Over-exploited,170.02,8049.34,7244.4,12316.85,
PUNJAB,Ludhiana,36.0,Raikot,Over-exploited,235.28,8184.2,7365.78,17330.54,
PUNJAB,Ludhiana,36.0,Samrala,Over-exploited,178.17,6374.54,5737.08,10221.49,
PUNJAB,Ludhiana,36.0,Ludhiana-1,Over-exploited,353.39,8407.46,7566.71,26739.66,
PUNJAB,Ludhiana,36.0,Ludhiana-2,Over-exploited,241.44,12198.65,11113.1,26831.74,
PUNJAB,Ludhiana,36.0,Pakhowal,Over-exploited,158.26,6811.61,6130.45,9701.94,
PUNJAB,Ludhiana,36.0,Ludhiana City,Over-exploited,489.62,1400.48,1403.15,6870.1,
PUNJAB,Firozpur,31.0,Firozpur,Semi-critical,76.66,34456.11,31228.74,23939.98,
PUNJAB,Firozpur,31.0,Ghall Khurd,Over-exploited,113.85,49248.25,44323.43,45618.49,Semi-critical
PUNJAB,Firozpur,31.0,Guruhar Sahai,Safe,62.05,34829.0,31346.09,22382.16,Critical
PUNJAB,Firozpur,31.0,Makhu,Safe,66.82,24043.51,25108.05,16777.13,
PUNJAB,Firozpur,31.0,Mamdot,Semi-critical,86.59,19731.99,17758.79,15377.67,
PUNJAB,Firozpur,31.0,Zira,Over-exploited,244.6,16673.42,15006.07,34012.23,
PUNJAB,Gurdaspur,32.0,Batala,Over-exploited,151.24,18006.65,16205.99,24509.16,
PUNJAB,Gurdaspur,32.0,Dhariwal,Over-exploited,145.66,14966.94,13470.25,19620.1,
PUNJAB,Gurdaspur,32.0,Fatehgarh Churian,Over-exploited,116.13,16772.74,15095.47,17530.55,
PUNJAB,Gurdaspur,32.0,Kalanaur,Over-exploited,168.99,9772.78,8640.24,14601.14,
PUNJAB,Gurdaspur,32.0,Qadian,Critical,97.97,14218.13,12672.63,12414.75,
PUNJAB,Gurdaspur,32.0,Sri Hargobindpur,Semi-critical,75.54,24896.85,21408.16,16172.6,
PUNJAB,Gurdaspur,32.0,Dorangala,Semi-critical,84.5,3449.31,3021.58,2553.22,
PUNJAB,Gurdaspur,32.0,Gurdaspur,Critical,92.93,16462.24,15422.97,14332.97,
PUNJAB,Gurdaspur,32.0,Kahnuwan,Critical,98.01,18802.26,15685.17,15373.53,
PUNJAB,Gurdaspur,32.0,Dera Baba Nanak,Over-exploited,149.76,14892.18,13247.71,19839.65,
PUNJAB,Gurdaspur,32.0,Dina Nagar,Safe,61.41,12801.77,11045.87,6783.57,
MEGHALAYA,SOUTH WEST GARO HILLS,663.0,Betasing,Safe,43.57,4842.12,38640.05,606.78,
MEGHALAYA,SOUTH WEST GARO HILLS,663.0,Zikzak,Safe,21.83,3204.68,16620.55,233.41,
MEGHALAYA,SOUTH WEST KHASI HILLS,658.0,Mawkyrwat,Safe,2.21,5238.8,8999.32,104.13,
MEGHALAYA,SOUTH WEST KHASI HILLS,658.0,Ranikor,Safe,0.43,9466.92,13943.23,36.77,
MEGHALAYA,EAST GARO HILLS,273.0,Samanda,Safe,2.91,3432.14,9587.74,89.75,
MEGHALAYA,EAST GARO HILLS,273.0,Songsak,Safe,5.49,2551.29,12733.19,125.98,
MEGHALAYA,EAST GARO HILLS,273.0,Dambo Rongjeng,Safe,6.08,2509.32,12955.85,137.41,
MEGHALAYA,WEST GARO HILLS,278.0,Selsella,Safe,30.12,10925.41,44766.43,2401.09,
MEGHALAYA,WEST GARO HILLS,278.0,Tikrikilla,Safe,32.37,3284.09,10754.29,877.67,
MEGHALAYA,WEST GARO HILLS,278.0,Dadenggiri,Safe,3.66,4450.68,23558.38,95.78,
MEGHALAYA,WEST GARO HILLS,278.0,Gambegre,Safe,3.13,2527.36,7796.4,49.88,
MEGHALAYA,WEST GARO HILLS,278.0,Dalu,Safe,2.76,5483.64,13900.48,108.45,
MEGHALAYA,WEST GARO HILLS,278.0,Rongram,Safe,20.1,3366.61,7826.14,278.31,
MEGHALAYA,WEST KHASI HILLS,279.0,Mairang,Safe,2.15,6412.9,9042.34,124.14,
MEGHALAYA,WEST KHASI HILLS,279.0,Mawthadraishan,Safe,2.31,4099.63,5863.01,85.12,
MEGHALAYA,WEST KHASI HILLS,279.0,Mawshynrut,Safe,1.14,15160.92,20545.8,155.39,
MEGHALAYA,WEST KHASI HILLS,279.0,Nongstoin,Safe,1.54,8291.95,13566.56,115.21,
MEGHALAYA,EAST JAINTIA HILLS,657.0,Khliehriat,Safe,2.15,10978.43,25014.09,212.59,
MEGHALAYA,EAST JAINTIA HILLS,657.0,Saipung,Safe,1.22,5860.35,11732.32,64.17,
MEGHALAYA,RI BHOI,276.0,Umsning,Safe,5.56,3713.06,6579.29,185.89,
MEGHALAYA,RI BHOI,276.0,Umling,Safe,11.6,1350.3,4805.34,141.03,
MEGHALAYA,RI BHOI,276.0,Jirang,Safe,3.46,1444.92,4693.4,44.99,
MEGHALAYA,SOUTH GARO HILLS,277.0,Rongara,Safe,0.76,7268.08,13517.27,49.46,
MEGHALAYA,SOUTH GARO HILLS,277.0,Baghmara,Safe,2.35,4802.15,12649.83,101.73,
MEGHALAYA,SOUTH GARO HILLS,277.0,Chokpot,Safe,1.06,5359.43,13395.41,50.91,
MEGHALAYA,SOUTH GARO HILLS,277.0,Gasuapara,Safe,1.1,6044.0,13543.72,59.93,
MEGHALAYA,WEST JAINTIA HILLS,275.0,Amlarem,Safe,1.07,3283.71,7632.07,31.75,
MEGHALAYA,WEST JAINTIA HILLS,275.0,Thadlaskein,Safe,7.73,4832.08,10330.47,336.29,
MEGHALAYA,WEST JAINTIA HILLS,275.0,Laskein,Safe,9.4,3047.86,5610.63,257.86,
MEGHALAYA,EAST KHASI HILLS,274.0,Mawkynrew,Safe,2.14,2361.55,3819.19,45.52,
MEGHALAYA,EAST KHASI HILLS,274.0,Mylliem,Safe,11.15,653.01,1509.61,65.51,
MEGHALAYA,EAST KHASI HILLS,274.0,Greater Shillong,Safe,51.19,564.81,1277.02,260.19,
MEGHALAYA,EAST KHASI HILLS,274.0,Pynursla,Safe,0.5,3886.15,5909.34,17.49,
MEGHALAYA,EAST KHASI HILLS,274.0,Shella Bholaganj,Safe,1.79,3116.04,4642.11,50.21,
MEGHALAYA,EAST KHASI HILLS,274.0,Khatarshnong Laitkroh,Safe,2.32,2960.08,7798.07,61.86,
MEGHALAYA,EAST KHASI HILLS,274.0,Mawryngkneng,Safe,5.65,1900.42,3029.47,96.7,
MEGHALAYA,EAST KHASI HILLS,274.0,Mawsynram,Safe,1.53,4077.1,5375.47,56.27,
MEGHALAYA,EAST KHASI HILLS,274.0,Mawphlang,Safe,3.06,2298.63,3596.22,63.29,
MEGHALAYA,NORTH GARO HILLS,656.0,Resubelpara,Safe,8.43,6291.21,28614.55,350.47,
MEGHALAYA,NORTH GARO HILLS,656.0,Kharkutta,Safe,4.78,3570.99,16802.72,143.88,
CHHATTISGARH,KANKER,381.0,ANTAGARH,Safe,27.11,7102.65,21315.5,1733.23,
CHHATTISGARH,KANKER,381.0,CHARAMA,Semi-critical,70.67,9734.86,17125.49,6191.91,
CHHATTISGARH,KANKER,381.0,BHANUPRATAPUR,Safe,31.04,9455.5,25684.96,2783.45,
CHHATTISGARH,KANKER,381.0,NARHARPUR,Safe,61.49,9205.27,22411.62,5342.44,
CHHATTISGARH,KANKER,381.0,KOYALIBEDA,Safe,36.29,20502.97,55256.56,6697.01,
CHHATTISGARH,KANKER,381.0,KANKER,Safe,53.41,8624.97,22598.52,4146.08,
CHHATTISGARH,KANKER,381.0,DURGUKONDAL,Safe,21.15,8233.81,19343.95,1651.01,
CHHATTISGARH,DANTEWADA,376.0,DANTEWADA,Safe,15.72,12684.85,41642.89,1893.5,
CHHATTISGARH,DANTEWADA,376.0,GEEDAM,Safe,32.31,4918.76,14765.66,1507.37,
CHHATTISGARH,DANTEWADA,376.0,KATEKALYAN,Safe,16.61,3735.17,11511.96,558.3,
CHHATTISGARH,DANTEWADA,376.0,KUAKONDA,Safe,19.81,4623.66,14053.85,869.32,
CHHATTISGARH,BALRAMPUR,649.0,WADRAFNAGAR,Safe,16.51,15326.22,31869.53,2283.99,
CHHATTISGARH,BALRAMPUR,649.0,SHANKARGARH,Safe,30.12,5679.56,16870.62,1539.39,
CHHATTISGARH,BALRAMPUR,649.0,BALRAMPUR,Safe,39.22,6463.83,20963.28,2281.67,
CHHATTISGARH,BALRAMPUR,649.0,RAJPUR,Safe,30.0,8917.7,24560.88,2408.1,
CHHATTISGARH,BALRAMPUR,649.0,RAMCHANDRAPUR,Safe,41.39,9805.0,28300.05,3652.22,
CHHATTISGARH,BALRAMPUR,649.0,KUSMI,Safe,17.13,11262.34,31760.05,1827.53,
CHHATTISGARH,SURAJPUR,648.0,PREMNAGAR,Safe,48.16,4125.09,9022.66,1882.27,
CHHATTISGARH,SURAJPUR,648.0,ODGI,Safe,54.55,5360.67,11991.88,2763.74,
CHHATTISGARH,SURAJPUR,648.0,BHAIYATHAN,Safe,49.29,7278.82,14774.06,3383.85,
CHHATTISGARH,SURAJPUR,648.0,PRATAPPUR,Safe,59.7,8480.23,18661.55,4556.32,
CHHATTISGARH,SURAJPUR,648.0,RAMANUJNAGAR,Safe,65.22,6525.03,13128.82,3829.92,
CHHATTISGARH,SURAJPUR,648.0,SURAJPUR,Safe,68.44,10039.54,19870.67,6496.2,
CHHATTISGARH,KHAIRAGARH-CHHUIKHADAN_GANDAI,759.0,CHHUIKHADAN,Safe,46.94,9459.97,21552.78,4098.73,
CHHATTISGARH,KHAIRAGARH-CHHUIKHADAN_GANDAI,759.0,KHAIRAGARH,Safe,64.4,10057.41,23533.26,5829.63,
CHHATTISGARH,BILASPUR,375.0,MASTURI,Safe,47.96,6203.35,19597.32,2756.65,
CHHATTISGARH,BILASPUR,375.0,TAKHATPUR,Semi-critical,78.66,18460.72,29777.16,13068.91,
CHHATTISGARH,BILASPUR,375.0,KOTA,Safe,25.26,13734.67,27772.08,3122.56,
CHHATTISGARH,BILASPUR,375.0,BELHA,Semi-critical,82.27,13631.47,28339.3,10293.79,
CHHATTISGARH,GARIABAND,645.0,CHHURA,Safe,65.9,6052.52,13872.96,3709.05,
CHHATTISGARH,GARIABAND,645.0,DEOBHOG,Safe,52.22,4141.97,9376.5,2040.91,
CHHATTISGARH,GARIABAND,645.0,GARIABAND,Safe,58.33,10886.17,24649.55,5714.99,
CHHATTISGARH,GARIABAND,645.0,RAJIM/FINGESHWAR,Semi-critical,83.27,10053.38,20033.89,7534.0,
CHHATTISGARH,GARIABAND,645.0,MAINPUR,Safe,41.49,8168.98,16745.17,3186.05,
CHHATTISGARH,BIJAPUR,636.0,USOOR,Safe,5.23,13794.33,33823.66,685.43,
CHHATTISGARH,BIJAPUR,636.0,BIJAPUR,Safe,20.99,11304.31,23863.28,2135.1,
CHHATTISGARH,BIJAPUR,636.0,BHOPALPATTNAM,Safe,14.73,9973.74,24200.95,1322.28,
CHHATTISGARH,BIJAPUR,636.0,BHAIRAMGARH,Safe,6.72,17182.71,43575.41,1096.38,
CHHATTISGARH,BASTAR,374.0,BASTANAR,Safe,12.56,3828.5,12294.38,432.62,
CHHATTISGARH,BASTAR,374.0,BAKAWAND,Safe,54.47,5644.81,18074.3,2767.16,
CHHATTISGARH,BASTAR,374.0,BASTAR,Safe,50.02,5964.3,22482.8,2827.36,
CHHATTISGARH,BASTAR,374.0,DARBHA,Safe,21.54,2592.17,8711.54,502.61,
CHHATTISGARH,BASTAR,374.0,JAGDALPUR,Safe,43.97,4413.71,13371.82,1746.6,
CHHATTISGARH,BASTAR,374.0,LOHANDIGUDA,Safe,16.4,4394.7,15188.14,682.95,
CHHATTISGARH,BASTAR,374.0,TOKAPAL,Safe,33.15,2911.55,9629.98,914.1,
CHHATTISGARH,BALODA BAZAR,644.0,SIMGA,Safe,56.36,15873.83,25651.28,8052.2,
CHHATTISGARH,BALODA BAZAR,644.0,BALODA BAZAR,Safe,43.96,13435.87,23739.48,5316.02,
CHHATTISGARH,BALODA BAZAR,644.0,BHATAPARA,Safe,44.85,13216.32,20480.36,5334.88,
CHHATTISGARH,BALODA BAZAR,644.0,KASDOL,Safe,43.78,14820.21,46249.36,5839.85,
CHHATTISGARH,BALODA BAZAR,644.0,PALARI,Safe,22.42,12217.32,22335.49,2489.55,
CHHATTISGARH,SUKMA,642.0,CHHINDGARH,Safe,13.41,9430.4,23033.93,1138.12,
CHHATTISGARH,SUKMA,642.0,KONTA,Safe,2.15,29534.31,89468.03,572.28,
CHHATTISGARH,SUKMA,642.0,SUKMA,Safe,9.18,8223.13,23368.01,679.5,
CHHATTISGARH,KOREA,384.0,BAIKUNTHPUR,Safe,53.65,9478.83,16934.87,4754.23,
CHHATTISGARH,KOREA,384.0,SONHAT,Safe,36.5,6685.14,11665.55,2269.59,
CHHATTISGARH,GOURELA-PENDRA-MARWAHI,734.0,PENDRA,Safe,59.78,4137.43,10317.28,2329.31,
CHHATTISGARH,GOURELA-PENDRA-MARWAHI,734.0,MARWAHI,Safe,30.65,6048.25,20068.15,1668.59,
CHHATTISGARH,GOURELA-PENDRA-MARWAHI,734.0,GAURELA,Safe,30.95,4691.16,13605.71,1306.67,
CHHATTISGARH,KONDAGAON,643.0,BADERAJPUR,Safe,57.33,4397.86,12962.03,2382.97,
CHHATTISGARH,KONDAGAON,643.0,KESHKAL,Safe,47.41,7446.47,20736.03,3340.28,
CHHATTISGARH,KONDAGAON,643.0,KONDAGAON,Safe,24.59,11412.08,34719.77,2525.53,
CHHATTISGARH,KONDAGAON,643.0,PHARASGAON,Safe,46.52,9006.53,20000.05,3770.92,
CHHATTISGARH,KONDAGAON,643.0,MAKDI,Safe,58.96,7665.15,17327.62,4292.22,
CHHATTISGARH,DURG,378.0,DHAMDHA,Semi-critical,83.69,16292.68,30848.45,12271.58,
CHHATTISGARH,DURG,378.0,DURG,Semi-critical,85.74,12294.86,23776.83,9487.67,
CHHATTISGARH,DURG,378.0,PATAN,Safe,65.82,15766.03,28938.77,9522.5,
CHHATTISGARH,JANJGIR-CHAMPA,379.0,AKALTARA,Safe,26.62,8619.7,15284.93,2097.32,
CHHATTISGARH,JANJGIR-CHAMPA,379.0,BAMHANIDIH,Safe,26.98,10237.87,15613.13,2485.52,
CHHATTISGARH,JANJGIR-CHAMPA,379.0,JANJGIR (NAWAGARH),Safe,20.83,14515.89,24423.29,2721.04,
CHHATTISGARH,JANJGIR-CHAMPA,379.0,PAMGARH,Safe,22.21,10254.84,17760.55,2064.14,
CHHATTISGARH,JANJGIR-CHAMPA,379.0,BALODA,Safe,36.36,5969.95,12112.4,2021.6,
CHHATTISGARH,MAHASAMUND,385.0,BAGBAHARA,Safe,47.23,27946.63,42714.69,11880.01,
CHHATTISGARH,MAHASAMUND,385.0,BASNA,Semi-critical,85.26,14509.02,25320.36,11560.33,
CHHATTISGARH,MAHASAMUND,385.0,MAHASAMUND,Safe,53.12,27195.92,46214.9,13339.11,
CHHATTISGARH,MAHASAMUND,385.0,PITHORA,Semi-critical,74.61,21071.52,33398.06,14148.75,
CHHATTISGARH,MAHASAMUND,385.0,SARAIPALI,Safe,58.73,13683.39,30843.12,7233.15,
CHHATTISGARH,NARAYANPUR,637.0,ORCHHA,Safe,2.68,19799.1,62202.82,503.9,
CHHATTISGARH,NARAYANPUR,637.0,NARAYANPUR,Safe,29.79,7539.18,26109.83,2123.47,
CHHATTISGARH,BEMETARA,650.0,BEMETARA,Semi-critical,85.67,13100.29,24760.19,10100.8,
CHHATTISGARH,BEMETARA,650.0,BERLA,Semi-critical,80.77,11899.45,24814.41,8649.77,
CHHATTISGARH,BEMETARA,650.0,NAWAGARH,Semi-critical,88.82,7916.56,18721.1,6328.17,
CHHATTISGARH,BEMETARA,650.0,SAJA,Semi-critical,75.35,12516.11,24406.45,8487.35,
CHHATTISGARH,DHAMTARI,377.0,DHAMTARI,Semi-critical,76.23,22585.48,33145.31,15494.78,
CHHATTISGARH,DHAMTARI,377.0,KURUD,Safe,67.43,20224.4,29368.97,12273.44,
CHHATTISGARH,DHAMTARI,377.0,MAGARLOD,Safe,68.2,16248.91,31189.84,10138.71,
CHHATTISGARH,DHAMTARI,377.0,NAGRI,Safe,66.02,10415.77,15575.52,6188.9,
CHHATTISGARH,JASHPUR,380.0,MANORA,Safe,36.04,4895.96,14845.35,1588.16,
CHHATTISGARH,JASHPUR,380.0,JASHPUR,Safe,63.65,3884.13,11946.15,2342.13,
CHHATTISGARH,JASHPUR,380.0,KANSABEL,Safe,49.64,4116.75,11066.21,1936.09,
CHHATTISGARH,JASHPUR,380.0,KUNKURI,Safe,56.27,3510.85,12025.64,1777.95,
CHHATTISGARH,JASHPUR,380.0,PATHALGAON,Safe,62.17,5591.07,15669.14,3128.34,
CHHATTISGARH,JASHPUR,380.0,PHARSABAHAR,Safe,36.62,7028.4,18252.09,2316.11,
CHHATTISGARH,JASHPUR,380.0,DULDULA,Safe,50.59,2321.77,8160.27,1112.27,
CHHATTISGARH,JASHPUR,380.0,BAGICHA,Safe,40.64,9248.48,29295.06,3555.22,
CHHATTISGARH,KABIRDHAM,382.0,SAHASPUR LOHARA,Safe,59.35,21545.09,36748.01,11508.73,
CHHATTISGARH,KABIRDHAM,382.0,PANDARIYA,Semi-critical,80.85,12119.37,30799.81,8819.05,
CHHATTISGARH,KABIRDHAM,382.0,KAWARDHA,Safe,65.96,18677.59,26431.14,11087.37,
CHHATTISGARH,KABIRDHAM,382.0,BODLA,Safe,36.54,21951.65,49111.89,7218.46,
CHHATTISGARH,KORBA,383.0,KORBA,Safe,36.37,9336.75,25150.11,3215.25,
CHHATTISGARH,KORBA,383.0,KATGHORA,Safe,63.07,6876.26,14917.88,3903.42,
CHHATTISGARH,KORBA,383.0,PODI UPRORA,Safe,14.81,16418.14,39894.3,2307.37,
CHHATTISGARH,KORBA,383.0,PALI,Safe,48.55,9778.61,27717.67,4497.51,
CHHATTISGARH,KORBA,383.0,KARTALA,Safe,37.18,8278.96,19897.21,2911.11,
CHHATTISGARH,BALOD,646.0,GURUR,Semi-critical,89.37,8455.15,13765.13,6801.02,
CHHATTISGARH,BALOD,646.0,GUNDERDEHI,Safe,66.64,9857.98,21775.62,5912.72,
CHHATTISGARH,BALOD,646.0,DOUNDI,Safe,60.75,5106.7,12147.94,2882.85,
CHHATTISGARH,BALOD,646.0,DOUNDI LOHARA,Safe,54.71,13170.89,28108.71,6485.0,
CHHATTISGARH,BALOD,646.0,BALOD,Semi-critical,81.8,5054.78,10199.96,3721.4,
CHHATTISGARH,MUNGELI,647.0,LORMI,Safe,32.55,12765.47,20955.33,3778.94,
CHHATTISGARH,MUNGELI,647.0,PATHARIA,Safe,57.34,7497.59,16662.13,4007.5,
CHHATTISGARH,MUNGELI,647.0,MUNGELI,Safe,56.14,7100.79,17517.36,3587.96,
CHHATTISGARH,RAIGARH,386.0,TAMNAR,Safe,60.29,4876.74,8780.47,2646.3,
CHHATTISGARH,RAIGARH,386.0,RAIGARH,Safe,36.05,8728.71,22502.39,2974.68,
CHHATTISGARH,RAIGARH,386.0,PUSAUR,Semi-critical,83.4,4848.33,13904.86,3639.31,
CHHATTISGARH,RAIGARH,386.0,LAILUNGA,Safe,16.66,7737.12,21111.81,1218.19,
CHHATTISGARH,RAIGARH,386.0,KHARSIYA,Safe,49.45,4252.33,9603.19,1892.66,
CHHATTISGARH,RAIGARH,386.0,DHARAMJAIGARH,Safe,32.42,10837.8,27340.46,3162.63,
CHHATTISGARH,RAIGARH,386.0,GHARGHODA,Safe,45.09,4042.85,9159.33,1640.72,
CHHATTISGARH,RAIPUR,387.0,ABHANPUR,Safe,44.18,11832.11,22114.38,4704.79,
CHHATTISGARH,RAIPUR,387.0,ARANG,Safe,52.63,12095.76,28005.9,5830.87,
CHHATTISGARH,RAIPUR,387.0,DHARSIWA,Semi-critical,89.48,9685.4,20625.55,7799.44,
CHHATTISGARH,RAIPUR,387.0,TILDA,Safe,56.77,18105.59,29957.06,9251.19,
CHHATTISGARH,RAJNANDGAON,388.0,DONGARGAON,Safe,64.5,7689.05,14494.93,4463.47,
CHHATTISGARH,RAJNANDGAON,388.0,CHHURIYA,Safe,32.79,12703.24,25087.33,3749.28,
CHHATTISGARH,RAJNANDGAON,388.0,DONGARGARH,Safe,68.75,11502.48,23495.66,7407.91,
CHHATTISGARH,RAJNANDGAON,388.0,RAJNANDGAON,Safe,61.93,9787.03,23172.28,5757.99,
CHHATTISGARH,SURGUJA,389.0,UDAIPUR,Safe,33.16,12439.18,34556.47,3911.01,
CHHATTISGARH,SURGUJA,389.0,SITAPUR,Safe,48.7,5944.8,14284.35,2605.81,
CHHATTISGARH,SURGUJA,389.0,MAINPAT,Safe,32.8,3557.91,9526.46,1050.43,
CHHATTISGARH,SURGUJA,389.0,AMBIKAPUR,Safe,64.02,7242.68,17192.74,4173.03,
CHHATTISGARH,SURGUJA,389.0,BATAULI,Safe,58.12,4216.79,9853.79,2205.69,
CHHATTISGARH,SURGUJA,389.0,LAKHANPUR,Safe,44.87,7739.14,18856.59,3125.15,
CHHATTISGARH,SURGUJA,389.0,LUNDRA,Safe,49.36,6185.3,17003.91,2759.94,
CHHATTISGARH,MANENDRAGARH-CHIRMIRI_BHARATPUR,760.0,MANENDRAGARH,Safe,41.36,5759.44,11296.95,2237.57,
CHHATTISGARH,MANENDRAGARH-CHIRMIRI_BHARATPUR,760.0,KHADGAWAN,Safe,44.02,10833.11,23533.42,4502.84,
CHHATTISGARH,MANENDRAGARH-CHIRMIRI_BHARATPUR,760.0,BHARATPUR,Safe,10.36,32455.31,72932.53,3185.49,
CHHATTISGARH,MOHLA-MANPUR_AMBAGARHCHOWKI,761.0,MOHLA,Safe,42.6,4732.35,13443.32,1814.29,
CHHATTISGARH,MOHLA-MANPUR_AMBAGARHCHOWKI,761.0,MANPUR,Safe,26.68,6064.92,16180.08,1456.1,
CHHATTISGARH,MOHLA-MANPUR_AMBAGARHCHOWKI,761.0,AMBAGARH CHOWKI,Safe,51.04,5563.05,13589.84,2555.39,
CHHATTISGARH,SAKTI,762.0,SAKTI,Safe,47.76,5071.25,11027.97,2251.2,
CHHATTISGARH,SAKTI,762.0,DABHARA,Safe,63.13,7584.3,14762.67,4309.46,
CHHATTISGARH,SAKTI,762.0,JAIJAIPUR,Safe,36.33,13081.71,19985.7,4277.51,
CHHATTISGARH,SAKTI,762.0,MALKHARODA,Safe,51.35,7575.36,12964.34,3501.27,
CHHATTISGARH,SARANGARH-BILAIRAGH,763.0,BILAIGARH,Safe,16.44,12485.61,28893.55,1846.95,
CHHATTISGARH,SARANGARH-BILAIRAGH,763.0,BARAMKELA,Semi-critical,73.52,7516.32,18006.01,5214.97,
CHHATTISGARH,SARANGARH-BILAIRAGH,763.0,SARANGARH,Safe,33.44,6195.64,19693.78,1942.75,
KERALA,KOTTAYAM,560.0,VAZHOOR,Safe,38.27,2752.38,2477.14,948.09,
KERALA,KOTTAYAM,560.0,VAIKOM,Safe,22.18,3272.9,2945.61,653.28,
KERALA,KOTTAYAM,560.0,UZHAVOOR,Safe,37.3,3605.47,3244.92,1210.51,
KERALA,KOTTAYAM,560.0,PAMPADY,Safe,30.52,3257.82,2932.04,894.91,
KERALA,KOTTAYAM,560.0,PALLOM,Safe,35.03,5101.49,4846.42,1697.82,
KERALA,KOTTAYAM,560.0,MADAPPALLY,Safe,34.61,5106.52,4595.86,1590.68,
KERALA,KOTTAYAM,560.0,LALAM,Safe,29.36,2948.69,2653.82,779.25,
KERALA,KOTTAYAM,560.0,KANJIRAPPALLY,Safe,32.95,4560.65,4104.58,1352.49,
KERALA,KOTTAYAM,560.0,KADUTHURUTHY,Safe,27.26,4663.95,4197.56,1144.13,
KERALA,KOTTAYAM,560.0,ETTUMANOOR,Safe,33.39,3863.74,3477.36,1160.98,
KERALA,KOTTAYAM,560.0,ERATTUPETTA,Safe,37.63,2959.16,2663.25,1002.31,
KERALA,IDUKKI,556.0,THODUPUZHA,Safe,57.24,2363.96,2127.57,1217.8,
KERALA,IDUKKI,556.0,NEDUMKANDAM,Semi-critical,73.35,2573.42,2316.08,1698.91,
KERALA,IDUKKI,556.0,KATTAPPANA,Semi-critical,76.25,2650.88,2385.79,1819.18,
KERALA,IDUKKI,556.0,IDUKKI,Safe,40.12,3120.69,2808.62,1126.82,
KERALA,IDUKKI,556.0,ELAM DESOM,Safe,65.44,2113.09,1901.78,1244.43,
KERALA,IDUKKI,556.0,DEVIKULAM,Safe,32.29,2387.47,2148.72,693.79,
KERALA,IDUKKI,556.0,AZHUTHA,Safe,32.92,3773.61,3396.24,1117.89,
KERALA,IDUKKI,556.0,ADIMALI,Safe,35.66,3904.88,3514.39,1253.26,
KERALA,WAYANAD,567.0,SULTHANBATHERY,Safe,25.05,6390.45,5751.4,1440.88,
KERALA,WAYANAD,567.0,PANAMARAM,Safe,31.09,4063.19,3656.87,1137.06,
KERALA,WAYANAD,567.0,MANANTHAVADY,Safe,23.39,6200.33,5580.3,1305.04,
KERALA,WAYANAD,567.0,KALPETTA,Safe,21.89,7267.9,6541.11,1432.08,
KERALA,ERNAKULAM,555.0,PAMPAKKUDA,Safe,38.97,3499.21,3149.29,1227.3,
KERALA,ERNAKULAM,555.0,VAZHAKKULAM,Safe,58.1,4074.14,3666.73,2130.4,
KERALA,ERNAKULAM,555.0,PARAKKADAVU,Safe,55.13,2720.06,2448.06,1349.59,
KERALA,ERNAKULAM,555.0,MOOVATTUPUZHA,Safe,57.83,3569.91,3212.92,1858.12,
KERALA,ERNAKULAM,555.0,KOTHAMANGALAM,Safe,38.03,3969.58,3572.62,1358.68,
KERALA,ERNAKULAM,555.0,ANGAMALY,Safe,37.15,4560.44,4104.39,1524.89,
KERALA,ERNAKULAM,555.0,VADAVUKODU,Safe,32.08,3876.09,3488.48,1118.96,
KERALA,ERNAKULAM,555.0,PARAVOOR,Safe,47.61,1912.23,1721.01,819.44,
KERALA,ERNAKULAM,555.0,PALLURUTHY,Safe,20.26,1653.07,1487.76,301.38,
KERALA,ERNAKULAM,555.0,MULAMTHURUTHY,Safe,58.18,2961.64,2665.47,1550.7,
KERALA,ERNAKULAM,555.0,KOOVAPPADY,Safe,25.34,6251.73,5626.55,1425.52,
KERALA,ERNAKULAM,555.0,EDAPPALLY,Safe,46.25,3847.8,3463.02,1601.55,
KERALA,ERNAKULAM,555.0,ALANGAD,Safe,63.26,1743.66,1656.48,1047.86,
KERALA,ERNAKULAM,555.0,VYPEEN,Safe,37.64,1401.9,1261.71,474.9,
KERALA,THIRUVANANTHAPURAM,565.0,VAMANAPURAM,Safe,42.29,3474.73,3300.99,1395.85,
KERALA,THIRUVANANTHAPURAM,565.0,VARKALA,Safe,68.14,1683.36,1515.03,1032.27,
KERALA,THIRUVANANTHAPURAM,565.0,VELLANAD,Safe,46.7,3663.19,3296.87,1539.76,
KERALA,THIRUVANANTHAPURAM,565.0,POTHENCODE,Semi-critical,87.4,1489.79,1340.81,1171.83,
KERALA,THIRUVANANTHAPURAM,565.0,ATHIYANNUR,Semi-critical,87.72,1361.54,1225.39,1074.92,
KERALA,THIRUVANANTHAPURAM,565.0,PERUMKADAVILA,Safe,52.36,3008.02,2707.22,1417.54,
KERALA,THIRUVANANTHAPURAM,565.0,PARASSALA,Semi-critical,79.35,1637.82,1474.04,1169.65,
KERALA,THIRUVANANTHAPURAM,565.0,NEMOM,Safe,64.35,5159.65,4643.69,2988.36,
KERALA,THIRUVANANTHAPURAM,565.0,NEDUMANGAD,Semi-critical,83.29,1819.07,1728.11,1439.27,
KERALA,THIRUVANANTHAPURAM,565.0,KILIMANOOR,Safe,58.08,2618.51,2487.58,1444.75,
KERALA,THIRUVANANTHAPURAM,565.0,CHIRAYINKIL,Semi-critical,78.63,1682.02,1513.82,1190.33,
KERALA,THRISSUR,566.0,MALA,Safe,59.54,4275.48,3847.93,2291.02,
KERALA,THRISSUR,566.0,KODAKARA,Safe,55.16,5178.61,4660.75,2570.82,
KERALA,THRISSUR,566.0,IRINGALAKKUDA,Safe,58.75,3324.19,2991.77,1757.81,
KERALA,THRISSUR,566.0,CHOWANNUR,Semi-critical,74.11,4318.72,4102.78,3040.69,
KERALA,THRISSUR,566.0,CHALAKKUDY,Safe,68.99,4171.1,3753.99,2589.99,
KERALA,THRISSUR,566.0,THALIKKULAM,Safe,67.04,2355.22,2237.46,1499.94,
KERALA,THRISSUR,566.0,MULLASSERY,Safe,41.62,3342.79,3008.51,1252.02,
KERALA,THRISSUR,566.0,CHERPU,Safe,46.56,3818.74,3436.86,1600.18,
KERALA,THRISSUR,566.0,CHAVAKKAD,Safe,62.61,3930.89,3734.35,2338.02,
KERALA,THRISSUR,566.0,ANTHIKKAD,Safe,43.58,4133.97,3720.57,1621.32,
KERALA,THRISSUR,566.0,VELLANGALLUR,Safe,69.43,2334.84,2218.1,1540.01,
KERALA,THRISSUR,566.0,VADAKKANCHERRY,Safe,66.84,3993.29,3593.96,2402.2,
KERALA,THRISSUR,566.0,PUZHAKKAL,Safe,44.04,5712.97,5141.68,2264.56,
KERALA,THRISSUR,566.0,PAZHAYANNUR,Safe,44.3,4503.72,4053.35,1795.62,
KERALA,THRISSUR,566.0,OLLUKKARA,Safe,43.36,3688.36,3319.52,1439.21,
KERALA,THRISSUR,566.0,MATHILAKOM,Semi-critical,76.89,3863.46,3477.11,2673.43,
KERALA,PATHANAMTHITTA,564.0,RANNI,Safe,23.03,4209.6,3788.64,872.64,
KERALA,PATHANAMTHITTA,564.0,PULIKEEZH,Safe,40.21,2000.4,1900.38,764.16,
KERALA,PATHANAMTHITTA,564.0,PARAKODE,Safe,30.74,5369.0,4832.1,1485.51,
KERALA,PATHANAMTHITTA,564.0,PANDALAM,Safe,54.28,2339.8,2105.82,1143.04,
KERALA,PATHANAMTHITTA,564.0,MALLAPPALLY,Safe,28.39,2688.88,2419.99,687.09,
KERALA,PATHANAMTHITTA,564.0,KONNI,Safe,21.65,5056.02,4550.42,985.23,
KERALA,PATHANAMTHITTA,564.0,KOIPURAM,Safe,35.83,2248.06,2023.26,724.86,
KERALA,PATHANAMTHITTA,564.0,ELANTHOOR,Safe,36.38,1908.16,1717.35,624.84,
KERALA,KANNUR,557.0,THALASSERY,Semi-critical,80.15,2140.1,1926.09,1543.72,
KERALA,KANNUR,557.0,TALIPARAMBA,Safe,34.7,7387.98,6649.18,2307.23,
KERALA,KANNUR,557.0,PERAVOOR,Safe,45.51,3570.8,3213.72,1462.51,
KERALA,KANNUR,557.0,PAYYANNUR,Safe,27.4,7061.51,6355.36,1741.33,
KERALA,KANNUR,557.0,PANUR,Semi-critical,84.34,1423.46,1281.11,1080.49,
KERALA,KANNUR,557.0,KUTHUPARAMBA,Safe,64.98,1972.75,1775.48,1153.74,
KERALA,KANNUR,557.0,KANNUR,Semi-critical,81.13,2748.19,2473.37,2006.73,
KERALA,KANNUR,557.0,KALLYASSERI,Safe,54.96,3051.13,2746.02,1509.27,
KERALA,KANNUR,557.0,IRITTY,Safe,41.64,5368.02,4831.22,2011.65,
KERALA,KANNUR,557.0,IRIKKUR,Safe,33.26,6343.07,5708.76,1898.76,
KERALA,KANNUR,557.0,EDAKKAD,Safe,51.68,1605.45,1444.91,746.8,
KERALA,MALAPPURAM,562.0,WANDOOR,Safe,61.56,2819.76,2537.79,1562.32,
KERALA,MALAPPURAM,562.0,VENGARA,Semi-critical,79.88,2502.71,2252.43,1799.33,
KERALA,MALAPPURAM,562.0,THRIURANGADI,Semi-critical,83.91,2767.94,2491.15,2090.21,
KERALA,MALAPPURAM,562.0,NILAMBOOR,Safe,52.45,3545.73,3191.15,1673.85,
KERALA,MALAPPURAM,562.0,MANKADA,Safe,69.82,2623.13,2491.97,1739.97,
KERALA,MALAPPURAM,562.0,MALAPPURAM,Semi-critical,74.3,3092.05,2782.84,2067.74,
KERALA,MALAPPURAM,562.0,KONDOTTY,Semi-critical,83.69,3063.42,2757.08,2307.5,
KERALA,MALAPPURAM,562.0,KALIKAVU,Safe,52.63,4304.14,3873.72,2038.67,
KERALA,MALAPPURAM,562.0,AREACODE,Safe,61.43,4793.22,4313.9,2650.11,
KERALA,MALAPPURAM,562.0,PERUMPADAPPU,Safe,68.12,2263.57,2037.21,1387.83,
KERALA,MALAPPURAM,562.0,TIRUR,Semi-critical,85.27,2197.71,1977.94,1686.68,
KERALA,MALAPPURAM,562.0,THANUR,Semi-critical,87.05,2437.26,2193.53,1909.49,
KERALA,MALAPPURAM,562.0,PONNANI,Safe,62.31,2973.99,2676.59,1667.72,
KERALA,MALAPPURAM,562.0,KUTTIPPURAM,Semi-critical,79.43,3210.91,2889.81,2295.29,
KERALA,MALAPPURAM,562.0,PERINTHALMANNA,Safe,54.68,5093.4,4584.05,2506.67,
KERALA,KOZHIKKODE,561.0,TUNERI,Safe,65.84,1937.02,1743.32,1147.78,
KERALA,KOZHIKKODE,561.0,PERAMBRA,Safe,45.69,3412.55,3071.3,1403.28,
KERALA,KOZHIKKODE,561.0,PANTHALAYANI,Safe,40.49,3463.11,3116.8,1261.84,
KERALA,KOZHIKKODE,561.0,MELADY,Safe,40.23,2295.72,2066.15,831.15,
KERALA,KOZHIKKODE,561.0,KUNNUMMAL,Safe,52.66,2746.5,2471.85,1301.77,
KERALA,KOZHIKKODE,561.0,KUNNAMANGALAM,Semi-critical,82.72,3158.51,2842.65,2351.52,
KERALA,KOZHIKKODE,561.0,KODUVALLY,Safe,45.84,4876.43,4388.78,2011.67,
KERALA,KOZHIKKODE,561.0,CHELANNUR,Safe,64.15,2561.44,2305.29,1478.79,
KERALA,KOZHIKKODE,561.0,BALLUSSERY,Semi-critical,77.82,2716.33,2444.7,1902.52,
KERALA,KOZHIKKODE,561.0,VADAKARA,Safe,67.43,1860.37,1767.35,1191.66,
KERALA,KOZHIKKODE,561.0,THODANNUR,Safe,54.94,1669.12,1502.21,825.34,
KERALA,KOZHIKKODE,561.0,KOZHIKODE,Semi-critical,70.61,2831.68,2548.51,1799.54,
KERALA,KOLLAM,559.0,VETTIKKAVALA,Safe,54.98,2620.37,2358.34,1296.5,
KERALA,KOLLAM,559.0,PATHANAPURAM,Safe,46.06,3161.02,2844.92,1310.25,
KERALA,KOLLAM,559.0,OACHIRA,Safe,47.01,3136.16,2822.55,1326.91,
KERALA,KOLLAM,559.0,MUKHATHALA,Safe,69.75,3755.25,3379.73,2357.52,
KERALA,KOLLAM,559.0,KOTTARAKKARA,Safe,62.18,2090.47,1881.42,1169.81,
KERALA,KOLLAM,559.0,ITHIKKARA,Safe,59.88,2603.09,2342.79,1402.81,
KERALA,KOLLAM,559.0,CHADAYAMANGALAM,Safe,48.56,3327.07,2994.36,1454.05,
KERALA,KOLLAM,559.0,ANCHAL,Safe,13.94,8611.99,7750.79,1080.57,
KERALA,KOLLAM,559.0,CHITTUMALA,Safe,62.42,2412.34,2171.1,1355.17,
KERALA,KOLLAM,559.0,CHAVARA,Safe,62.66,1904.61,1809.38,1133.68,
KERALA,KOLLAM,559.0,SASTHAMKOTTA,Safe,68.78,2379.71,2141.74,1473.14,
KERALA,KASARGOD,558.0,PARAPPA,Safe,61.55,7169.67,6452.71,3971.95,
KERALA,KASARGOD,558.0,NILESWARAM,Safe,59.53,4033.52,3630.17,2161.18,
KERALA,KASARGOD,558.0,MANJESWAR,Semi-critical,81.04,7391.12,6652.01,5390.86,
KERALA,KASARGOD,558.0,KASARAGOD,Semi-critical,81.05,5242.37,4718.14,3823.99,
KERALA,KASARGOD,558.0,KARADKA,Safe,64.34,6072.37,5465.14,3516.48,
KERALA,KASARGOD,558.0,KANHANGAD,Safe,64.8,4989.58,4490.63,2909.84,
KERALA,ALAPPUZHA,554.0,VELIYANAD,Safe,14.08,4000.8,3600.72,507.13,
KERALA,ALAPPUZHA,554.0,BHARANIKKAVU,Safe,40.38,3180.97,2862.87,1156.15,
KERALA,ALAPPUZHA,554.0,MUTHUKULAM,Safe,59.33,2810.55,2670.02,1584.01,
KERALA,ALAPPUZHA,554.0,MAVELIKKARA,Safe,30.65,3617.48,3255.73,997.81,
KERALA,ALAPPUZHA,554.0,THYCATTUSSERY,Safe,26.54,3607.72,3246.95,861.87,
KERALA,ALAPPUZHA,554.0,PATTANAKKAD,Safe,43.09,2928.73,2635.85,1135.73,
KERALA,ALAPPUZHA,554.0,HARIPPAD,Safe,45.2,3532.78,3356.15,1516.88,
KERALA,ALAPPUZHA,554.0,ARYAD,Safe,69.05,2441.36,2319.29,1601.52,
KERALA,ALAPPUZHA,554.0,AMBALAPPUZHA,Safe,40.66,2059.12,1956.16,795.47,
KERALA,ALAPPUZHA,554.0,KANJIKKUZHY,Safe,44.43,2502.99,2252.69,1000.85,
KERALA,ALAPPUZHA,554.0,CHENGANNUR,Safe,47.14,3549.35,3371.88,1589.35,
KERALA,ALAPPUZHA,554.0,CHAMPAKKULAM,Safe,14.58,4367.94,3931.14,573.18,
KERALA,PALAKKAD,563.0,MANNARKKAD,Safe,63.77,3811.68,3430.51,2187.7,
KERALA,PALAKKAD,563.0,MALAMPUZHA,Critical,90.41,3757.13,3381.41,3057.16,
KERALA,PALAKKAD,563.0,KUZHALMANNAM,Safe,27.81,7661.07,6894.96,1917.22,
KERALA,PALAKKAD,563.0,KOLLENGODE,Safe,37.86,6284.48,5656.03,2141.41,
KERALA,PALAKKAD,563.0,CHITTUR,Critical,94.52,6688.98,6020.09,5690.31,
KERALA,PALAKKAD,563.0,ATTAPPADI,Safe,24.7,4285.35,3856.81,952.59,
KERALA,PALAKKAD,563.0,ALATHUR,Safe,45.34,8113.84,7708.14,3494.69,
KERALA,PALAKKAD,563.0,OTTAPPALAM,Safe,52.13,4257.99,3832.19,1997.73,
KERALA,PALAKKAD,563.0,THRITHALA,Semi-critical,76.69,2336.32,2102.68,1612.46,
KERALA,PALAKKAD,563.0,SREEKRISHNAPURAM,Safe,60.44,3409.13,3068.22,1854.28,
KERALA,PALAKKAD,563.0,PATTAMBI,Semi-critical,81.06,3623.02,3260.72,2643.28,
KERALA,PALAKKAD,563.0,PALAKKAD,Safe,45.45,5640.99,5076.89,2307.4,
KERALA,PALAKKAD,563.0,NENMARA,Safe,59.71,3172.01,2854.81,1704.53,
TRIPURA,DHALAI,269.0,SALEMA,Safe,12.62,3190.07,19639.03,351.72,
TRIPURA,DHALAI,269.0,AMBASA,Safe,6.88,3129.45,17463.0,186.45,
TRIPURA,DHALAI,269.0,MANU,Safe,6.94,5414.63,39342.28,327.68,
TRIPURA,DHALAI,269.0,DURGACHOWMOHANI,Safe,15.99,2020.25,9196.03,205.46,
TRIPURA,DHALAI,269.0,RAISHYABARI,Safe,6.38,1450.71,10792.42,73.46,
TRIPURA,DHALAI,269.0,GANGANAGAR,Safe,17.71,990.11,6741.97,84.76,
TRIPURA,DHALAI,269.0,DUMBURNAGAR,Safe,7.12,2254.98,17828.71,111.34,
TRIPURA,DHALAI,269.0,CHAWMANU,Safe,3.88,3742.13,25771.9,97.32,
TRIPURA,NORTH TRIPURA,270.0,PANISAGAR,Safe,15.25,1385.75,7655.65,177.86,
TRIPURA,NORTH TRIPURA,270.0,LALJURI,Safe,9.57,1616.02,10222.51,132.78,
TRIPURA,NORTH TRIPURA,270.0,KADAMTALA,Safe,12.72,2670.25,14894.56,232.93,
TRIPURA,NORTH TRIPURA,270.0,JUBARAJNAGAR,Safe,13.26,2147.95,13021.81,216.12,
TRIPURA,NORTH TRIPURA,270.0,JAMPUI HILL,Safe,4.12,873.99,6556.2,29.63,
TRIPURA,NORTH TRIPURA,270.0,DASDA,Safe,8.42,2262.03,16290.9,156.39,
TRIPURA,NORTH TRIPURA,270.0,DAMCHHERA,Safe,27.29,334.52,2181.11,73.13,
TRIPURA,NORTH TRIPURA,270.0,KALACHERRA,Safe,16.13,1872.85,11949.38,213.31,
TRIPURA,KHOWAI,652.0,TULASIKHAR,Safe,7.07,1908.66,11713.8,112.26,
TRIPURA,KHOWAI,652.0,TELIAMURA,Safe,14.14,1733.98,9657.83,207.59,
TRIPURA,KHOWAI,652.0,PADMABIL,Safe,6.85,1526.2,9137.97,92.56,
TRIPURA,KHOWAI,652.0,MUNGIAKAMI,Safe,4.05,2085.92,16881.57,75.75,
TRIPURA,KHOWAI,652.0,KHOWAI,Safe,6.43,3378.71,16677.09,182.63,
TRIPURA,KHOWAI,652.0,KALYANPUR,Safe,8.3,1981.48,10726.19,147.99,
TRIPURA,GOMATI,654.0,OMPI,Safe,3.76,3378.78,22939.24,113.79,
TRIPURA,GOMATI,654.0,KILLA,Safe,3.61,3406.94,24496.57,101.52,
TRIPURA,GOMATI,654.0,KAKRABAN,Safe,10.95,2301.93,9373.1,226.44,
TRIPURA,GOMATI,654.0,AMARPUR,Safe,2.81,6082.83,39949.25,150.22,
TRIPURA,GOMATI,654.0,TEPANIA,Safe,4.49,2486.82,9921.88,94.15,
TRIPURA,GOMATI,654.0,SILACHHARI,Safe,5.29,997.36,6598.02,47.09,
TRIPURA,GOMATI,654.0,MATABARI,Safe,6.37,4728.31,28463.38,254.56,
TRIPURA,GOMATI,654.0,KARBOOK,Safe,2.93,3125.15,21784.77,81.23,
TRIPURA,WEST TRIPURA,272.0,DUKLI,Safe,18.18,2425.72,14947.22,394.67,
TRIPURA,WEST TRIPURA,272.0,OLD AGARTALA,Safe,17.16,1413.86,10073.5,210.71,
TRIPURA,WEST TRIPURA,272.0,MOHANPUR,Safe,16.96,2281.58,16168.46,328.9,
TRIPURA,WEST TRIPURA,272.0,MANDWI,Safe,7.09,2215.75,17343.03,136.31,
TRIPURA,WEST TRIPURA,272.0,LEFUNGA,Safe,26.51,704.95,5249.46,155.7,
TRIPURA,WEST TRIPURA,272.0,JIRANIA,Safe,23.52,1357.91,7508.18,279.26,
TRIPURA,WEST TRIPURA,272.0,HEZAMARA,Safe,6.68,2141.07,15997.19,125.13,
TRIPURA,WEST TRIPURA,272.0,BELBARI,Safe,21.17,1363.15,10365.48,244.3,
TRIPURA,WEST TRIPURA,272.0,BAMUTIA,Safe,20.92,1490.66,8466.74,275.81,
TRIPURA,WEST TRIPURA,272.0,AMC,Safe,61.73,1872.04,10748.68,1089.76,
TRIPURA,UNAKOTI,655.0,PENCHARTHAL,Safe,7.59,1753.28,11630.16,118.67,
TRIPURA,UNAKOTI,655.0,KUMARGHAT,Safe,8.93,3834.93,25451.47,296.98,
TRIPURA,UNAKOTI,655.0,GOURNAGAR,Safe,11.51,2178.94,12968.16,182.32,
TRIPURA,UNAKOTI,655.0,CHANDIPUR,Safe,13.2,1858.77,11483.6,170.67,
TRIPURA,SOUTH TRIPURA,271.0,BHARAT CH NAGAR,Safe,9.58,2133.97,13420.89,179.45,
TRIPURA,SOUTH TRIPURA,271.0,POANGBARI,Safe,8.4,1130.84,6360.4,81.04,
TRIPURA,SOUTH TRIPURA,271.0,JOLAIBARI,Safe,4.5,3465.24,19032.26,133.2,
TRIPURA,SOUTH TRIPURA,271.0,HRISHYAMUKH,Safe,14.96,3348.83,18256.32,433.94,
TRIPURA,SOUTH TRIPURA,271.0,BAGAFA,Safe,6.93,4698.85,29449.39,286.15,
TRIPURA,SOUTH TRIPURA,271.0,RUPAICHARI,Safe,14.1,2255.86,12254.69,280.13,
TRIPURA,SOUTH TRIPURA,271.0,RAJNAGAR,Safe,7.32,3763.79,23952.39,245.38,
TRIPURA,SOUTH TRIPURA,271.0,SATCHAND,Safe,14.05,5148.07,27001.19,623.44,
TRIPURA,SEPAHIJALA,653.0,JAMPUIJALA,Safe,6.31,5010.04,37491.99,271.27,
TRIPURA,SEPAHIJALA,653.0,CHARILAM,Safe,10.59,3122.65,17965.89,266.15,
TRIPURA,SEPAHIJALA,653.0,KANTHALIA,Safe,10.94,3280.46,18760.13,314.65,
TRIPURA,SEPAHIJALA,653.0,NALCHAR,Safe,11.34,2694.49,12000.31,248.89,
TRIPURA,SEPAHIJALA,653.0,MOHANBHOG,Safe,7.36,1972.12,9963.59,129.86,
TRIPURA,SEPAHIJALA,653.0,BOXANAGAR,Safe,9.91,2988.93,16821.22,210.43,
TRIPURA,SEPAHIJALA,653.0,BISHALGARH,Safe,14.28,3935.2,21382.18,412.93,
UTTAR PRADESH,LALITPUR,161.0,BAR,Semi-critical,71.51,5451.3,5178.73,3703.51,
UTTAR PRADESH,LALITPUR,161.0,BIRDHA,Semi-critical,82.7,7882.9,7488.75,6192.95,
UTTAR PRADESH,LALITPUR,161.0,JAKHORA,Semi-critical,81.48,7759.69,7371.71,6006.62,
UTTAR PRADESH,LALITPUR,161.0,MANDWARA,Semi-critical,81.61,6271.31,5957.74,4862.4,
UTTAR PRADESH,LALITPUR,161.0,MAHRONI,Semi-critical,81.2,6942.44,6595.32,5355.54,
UTTAR PRADESH,LALITPUR,161.0,TALBEHAT,Semi-critical,82.29,7205.35,6484.82,5336.11,
UTTAR PRADESH,SAHARANPUR,177.0,BALLIA KHERI,Semi-critical,72.93,12692.87,11423.59,8331.64,
UTTAR PRADESH,SAHARANPUR,177.0,DEOBAND,Semi-critical,77.26,14019.36,12617.42,9747.77,
UTTAR PRADESH,SAHARANPUR,177.0,GANGOH,Over-exploited,141.94,14564.27,13836.06,19639.16,
UTTAR PRADESH,SAHARANPUR,177.0,MUZAFFARABAD,Semi-critical,78.88,16202.11,15392.01,12140.53,
UTTAR PRADESH,SAHARANPUR,177.0,NAGAL,Over-exploited,149.01,12546.84,11919.5,17761.5,
UTTAR PRADESH,SAHARANPUR,177.0,NAKUR,Over-exploited,111.25,11985.99,10787.39,12000.57,
UTTAR PRADESH,SAHARANPUR,177.0,NANAUTA,Semi-critical,82.2,11394.14,10254.72,8429.88,
UTTAR PRADESH,SAHARANPUR,177.0,PUNWARKA,Safe,59.52,12982.35,11684.11,6954.58,
UTTAR PRADESH,SAHARANPUR,177.0,RAMPUR MANIHARAN,Semi-critical,80.06,10423.09,9380.78,7510.04,
UTTAR PRADESH,SAHARANPUR,177.0,SADHAULI KADEEM,Semi-critical,89.94,16205.92,14585.32,13117.92,
UTTAR PRADESH,SAHARANPUR,177.0,SARSAWA,Over-exploited,124.86,13742.05,12367.84,15442.0,
UTTAR PRADESH,BANDA,128.0,BABERU,Semi-critical,81.93,11356.41,10220.77,8373.79,
UTTAR PRADESH,BANDA,128.0,BAROKHAR,Semi-critical,71.27,9381.41,8443.27,6017.6,
UTTAR PRADESH,BANDA,128.0,BISANDA,Safe,65.26,9654.81,8689.33,5670.94,
UTTAR PRADESH,BANDA,128.0,JASPURA,Semi-critical,83.6,5247.09,4722.38,3948.11,
UTTAR PRADESH,BANDA,128.0,KAMASIN,Safe,69.82,8457.43,8034.56,5609.42,
UTTAR PRADESH,BANDA,128.0,MAHUVA,Safe,47.76,10880.96,9792.86,4677.36,
UTTAR PRADESH,BANDA,128.0,NARAINI,Safe,67.01,4943.1,4695.95,3146.74,
UTTAR PRADESH,BANDA,128.0,TINDWARI,Semi-critical,85.06,9535.61,8582.04,7299.74,
UTTAR PRADESH,MATHURA,167.0,BALDEO,Critical,95.78,10875.82,9788.23,9375.49,
UTTAR PRADESH,MATHURA,167.0,CHAUMUHAN,Safe,63.31,15138.83,13624.95,8626.33,
UTTAR PRADESH,MATHURA,167.0,CHHATA,Safe,52.49,21739.42,20652.45,10840.98,
UTTAR PRADESH,MATHURA,167.0,FARAH,Safe,63.27,12655.41,11389.86,7206.57,
UTTAR PRADESH,MATHURA,167.0,GOVARDHAN,Safe,69.62,15057.79,14304.9,9959.17,
UTTAR PRADESH,MATHURA,167.0,MAT,Safe,60.79,12713.4,11442.06,6955.46,
UTTAR PRADESH,MATHURA,167.0,MATHURA,Safe,60.74,12811.72,11530.55,7003.47,
UTTAR PRADESH,MATHURA,167.0,NANDGAON,Safe,40.95,17089.81,16235.32,6647.67,
UTTAR PRADESH,MATHURA,167.0,NOHJHIL,Semi-critical,84.63,15898.25,14308.43,12109.21,
UTTAR PRADESH,MATHURA,167.0,RAYA,Critical,98.88,13278.69,11950.82,11816.72,
UTTAR PRADESH,SHAMLI,660.0,KAIRANA,Critical,98.31,9371.16,8434.04,8291.84,
UTTAR PRADESH,SHAMLI,660.0,KANDHALA,Critical,99.99,9712.22,9226.61,9225.85,
UTTAR PRADESH,SHAMLI,660.0,SHAMLI,Over-exploited,108.46,10075.91,9068.32,9835.81,
UTTAR PRADESH,SHAMLI,660.0,THANA BHAWAN,Critical,94.07,8557.88,7702.09,7245.11,
UTTAR PRADESH,SHAMLI,660.0,UN,Critical,99.61,10504.96,9979.71,9940.49,
UTTAR PRADESH,CHANDAULI,135.0,BARAHANI,Safe,52.96,9031.64,8128.47,4304.79,
UTTAR PRADESH,CHANDAULI,135.0,CHAHNIYA,Safe,56.31,6855.23,6169.71,3474.46,
UTTAR PRADESH,CHANDAULI,135.0,CHAKIA,Semi-critical,75.7,5492.19,4942.97,3741.7,
UTTAR PRADESH,CHANDAULI,135.0,CHANDAULI,Safe,67.6,7331.3,6964.74,4708.27,
UTTAR PRADESH,CHANDAULI,135.0,DHANAPUR,Safe,56.68,7889.48,7100.53,4024.54,
UTTAR PRADESH,CHANDAULI,135.0,NAUGARH,Safe,51.75,2981.63,2683.47,1388.63,
UTTAR PRADESH,CHANDAULI,135.0,NIYAMATABAD,Safe,60.79,5912.01,5616.41,3414.31,
UTTAR PRADESH,CHANDAULI,135.0,SAKALDIHA,Safe,55.17,7734.97,6961.47,3840.31,
UTTAR PRADESH,CHANDAULI,135.0,SHAHABGANJ,Safe,65.09,4213.75,3792.38,2468.4,
UTTAR PRADESH,MIRZAPUR,170.0,CHANBEY,Safe,59.43,5170.76,4653.69,2765.5,
UTTAR PRADESH,MIRZAPUR,170.0,CITY,Semi-critical,86.35,5058.19,4552.37,3931.19,
UTTAR PRADESH,MIRZAPUR,170.0,HALLIA,Safe,30.05,6548.98,5894.09,1771.36,
UTTAR PRADESH,MIRZAPUR,170.0,JAMALPUR,Safe,61.59,9122.57,8210.31,5057.08,
UTTAR PRADESH,MIRZAPUR,170.0,KON,Critical,99.01,1621.8,1459.62,1445.12,
UTTAR PRADESH,MIRZAPUR,170.0,LALGANJ,Safe,55.37,6283.66,5655.3,3131.07,
UTTAR PRADESH,MIRZAPUR,170.0,MAJHAWAN,Critical,98.29,3236.61,2912.95,2863.0,
UTTAR PRADESH,MIRZAPUR,170.0,MARIHAN,Safe,63.42,4812.18,4330.97,2746.69,
UTTAR PRADESH,MIRZAPUR,170.0,NARAYANPUR,Safe,65.24,6384.19,5745.77,3748.51,
UTTAR PRADESH,MIRZAPUR,170.0,PAHARI,Safe,67.85,4698.03,4228.22,2868.72,
UTTAR PRADESH,MIRZAPUR,170.0,RAJGARH,Safe,65.55,6015.9,5715.1,3746.15,
UTTAR PRADESH,MIRZAPUR,170.0,SIKHAR,Semi-critical,88.37,3197.06,2877.36,2542.66,
UTTAR PRADESH,UNNAO,186.0,ASOHA,Safe,62.81,11079.47,9971.52,6263.55,
UTTAR PRADESH,UNNAO,186.0,AURAS,Safe,61.39,11406.25,10265.62,6301.68,
UTTAR PRADESH,UNNAO,186.0,BANGARMAU,Safe,54.81,8779.75,7901.77,4331.35,
UTTAR PRADESH,UNNAO,186.0,BICHHIA,Safe,56.13,16231.92,14608.73,8200.5,
UTTAR PRADESH,UNNAO,186.0,BIGHAPUR,Safe,56.87,9085.09,8176.58,4649.72,
UTTAR PRADESH,UNNAO,186.0,FATEHPUR CHAURASI,Safe,50.1,11383.47,10245.12,5132.54,
UTTAR PRADESH,UNNAO,186.0,GANG MURADABAD,Safe,66.92,9272.53,8345.28,5585.05,
UTTAR PRADESH,UNNAO,186.0,HASANGANJ,Safe,66.57,13145.0,12487.75,8313.34,
UTTAR PRADESH,UNNAO,186.0,HILAULI,Safe,67.0,9182.31,8264.08,5536.7,
UTTAR PRADESH,UNNAO,186.0,MIANGANJ,Safe,60.07,15418.93,13877.04,8335.93,
UTTAR PRADESH,UNNAO,186.0,NAWABGANJ,Safe,65.22,10235.5,9211.95,6008.39,
UTTAR PRADESH,UNNAO,186.0,PURWA,Safe,65.1,10716.83,10180.99,6627.52,
UTTAR PRADESH,UNNAO,186.0,SAFIPUR,Safe,68.9,8945.07,8050.57,5547.09,
UTTAR PRADESH,UNNAO,186.0,SIKANDAR SIRAUSI,Safe,66.66,10940.17,9846.15,6563.64,
UTTAR PRADESH,UNNAO,186.0,SIKANDARPUR KARAN,Safe,64.65,9516.01,8564.41,5537.1,
UTTAR PRADESH,UNNAO,186.0,SUMERPUR,Safe,67.81,10406.57,9365.91,6351.01,
UTTAR PRADESH,BAGPAT,124.0,BAGHPAT,Semi-critical,87.56,5086.72,4578.05,4008.33,
UTTAR PRADESH,BAGPAT,124.0,BARAUT,Semi-critical,81.26,8632.39,7769.15,6312.87,
UTTAR PRADESH,BAGPAT,124.0,BINAULI,Over-exploited,115.98,6039.66,5737.67,6654.83,
UTTAR PRADESH,BAGPAT,124.0,CHHAPRAULI,Semi-critical,74.28,7155.16,6439.64,4783.11,
UTTAR PRADESH,BAGPAT,124.0,KHEKRA,Over-exploited,115.25,3908.52,3517.67,4054.18,
UTTAR PRADESH,BAGPAT,124.0,PILANA,Over-exploited,128.46,4385.9,3947.31,5070.66,
UTTAR PRADESH,KANPUR DEHAT,156.0,AKBARPUR,Semi-critical,80.79,8539.9,7685.91,6209.57,
UTTAR PRADESH,KANPUR DEHAT,156.0,AMRAUDHA,Safe,66.25,8272.12,7444.91,4932.44,
UTTAR PRADESH,KANPUR DEHAT,156.0,DERAPUR,Semi-critical,84.78,8176.43,7358.79,6238.52,
UTTAR PRADESH,KANPUR DEHAT,156.0,JHINJHAK,Safe,65.22,8684.26,7815.83,5097.29,
UTTAR PRADESH,KANPUR DEHAT,156.0,MAITHA,Safe,63.41,8024.92,7222.42,4579.7,
UTTAR PRADESH,KANPUR DEHAT,156.0,MALSA,Semi-critical,79.36,6866.62,6523.29,5176.84,
UTTAR PRADESH,KANPUR DEHAT,156.0,RAJPUR,Safe,63.35,7460.63,6714.56,4253.42,
UTTAR PRADESH,KANPUR DEHAT,156.0,RASULABAD,Safe,69.57,13194.44,11875.0,8261.21,
UTTAR PRADESH,KANPUR DEHAT,156.0,SANDALPUR,Safe,62.64,7104.64,6394.17,4005.56,
UTTAR PRADESH,KANPUR DEHAT,156.0,SARWAN KHERA,Semi-critical,76.02,7966.05,7169.44,5450.37,
UTTAR PRADESH,CHITRAKOOT,136.0,KARWI,Critical,97.68,11293.56,10164.21,9928.36,
UTTAR PRADESH,CHITRAKOOT,136.0,MANIKPUR,Safe,54.01,9727.83,8755.05,4728.62,
UTTAR PRADESH,CHITRAKOOT,136.0,MAU,Semi-critical,87.11,8919.49,8027.54,6992.72,
UTTAR PRADESH,CHITRAKOOT,136.0,PAHARI,Semi-critical,83.94,10291.77,9262.59,7774.66,
UTTAR PRADESH,CHITRAKOOT,136.0,RAMNAGAR,Semi-critical,85.25,3496.59,3146.93,2682.68,
UTTAR PRADESH,SHAHJAHANPUR,180.0,BANDA,Safe,59.75,13213.31,12552.65,7499.82,
UTTAR PRADESH,SHAHJAHANPUR,180.0,BHAWAL KHERA,Safe,69.69,9706.68,8736.01,6087.87,
UTTAR PRADESH,SHAHJAHANPUR,180.0,DADROL,Safe,67.59,7756.43,7368.61,4980.54,
UTTAR PRADESH,SHAHJAHANPUR,180.0,JAITPUR,Safe,69.83,5397.94,5128.04,3580.84,
UTTAR PRADESH,SHAHJAHANPUR,180.0,JALALABAD,Safe,69.82,13162.57,11846.31,8271.16,
UTTAR PRADESH,SHAHJAHANPUR,180.0,KALAN,Safe,68.25,5928.01,5335.2,3641.08,
UTTAR PRADESH,SHAHJAHANPUR,180.0,KANTH,Safe,62.2,8166.99,7758.64,4825.94,
UTTAR PRADESH,SHAHJAHANPUR,180.0,KATRA,Safe,66.7,8155.28,7339.75,4895.57,
UTTAR PRADESH,SHAHJAHANPUR,180.0,KHUTAR,Safe,53.18,12764.05,11487.64,6109.57,
UTTAR PRADESH,SHAHJAHANPUR,180.0,MADANAPUR,Safe,69.16,6929.77,6583.28,4552.83,
UTTAR PRADESH,SHAHJAHANPUR,180.0,MIRZAPUR,Safe,69.84,7797.13,7017.42,4901.02,
UTTAR PRADESH,SHAHJAHANPUR,180.0,NIGOHI,Safe,60.11,10288.65,9259.79,5565.66,
UTTAR PRADESH,SHAHJAHANPUR,180.0,PUYAWAN,Safe,67.82,8372.2,7534.98,5110.16,
UTTAR PRADESH,SHAHJAHANPUR,180.0,SINDHAULI,Safe,66.72,8081.48,7273.33,4852.92,
UTTAR PRADESH,SHAHJAHANPUR,180.0,TILHAR,Safe,65.83,7406.75,6666.08,4388.38,
UTTAR PRADESH,PILIBHIT,173.0,AMARIA,Safe,69.63,13128.07,11815.26,8227.52,
UTTAR PRADESH,PILIBHIT,173.0,BARKHERA,Safe,68.81,11109.51,10554.03,7261.8,
UTTAR PRADESH,PILIBHIT,173.0,BILSANDA,Safe,68.59,11847.77,10662.99,7313.32,
UTTAR PRADESH,PILIBHIT,173.0,BISALPUR,Safe,65.5,9547.0,9069.65,5940.26,
UTTAR PRADESH,PILIBHIT,173.0,LALAURIKHERA,Safe,68.33,8094.28,7689.57,5254.39,
UTTAR PRADESH,PILIBHIT,173.0,MARAURI,Safe,61.97,8840.82,7956.74,4931.01,
UTTAR PRADESH,PILIBHIT,173.0,PURANPUR,Safe,58.65,42818.17,38536.35,22600.86,
UTTAR PRADESH,JAUNPUR,152.0,BADLAPUR,Semi-critical,86.41,6251.45,5938.88,5131.54,
UTTAR PRADESH,JAUNPUR,152.0,BAKSHA,Safe,67.7,5255.06,4729.55,3201.97,
UTTAR PRADESH,JAUNPUR,152.0,BARSATHI,Safe,61.87,6021.94,5419.75,3353.29,
UTTAR PRADESH,JAUNPUR,152.0,DHARMAPUR,Semi-critical,87.57,3782.2,3403.98,2980.82,
UTTAR PRADESH,JAUNPUR,152.0,DOBHI,Safe,59.55,6808.43,6468.01,3851.56,
UTTAR PRADESH,JAUNPUR,152.0,JALALPUR,Safe,60.59,7973.58,7176.22,4348.29,
UTTAR PRADESH,JAUNPUR,152.0,KARANJA KALAN,Semi-critical,75.93,7339.67,6605.71,5015.52,
UTTAR PRADESH,JAUNPUR,152.0,KERAKAT,Semi-critical,86.19,5564.05,5007.64,4316.08,
UTTAR PRADESH,JAUNPUR,152.0,KHUTAHAN,Safe,65.04,6435.81,5792.23,3767.21,
UTTAR PRADESH,JAUNPUR,152.0,MACHHLISHAHR,Safe,66.97,8313.02,7897.37,5289.17,
UTTAR PRADESH,JAUNPUR,152.0,MAHARAJGANJ,Semi-critical,89.96,5517.3,4965.57,4467.24,
UTTAR PRADESH,JAUNPUR,152.0,MARIAHU,Safe,62.55,8715.67,7844.1,4906.39,
UTTAR PRADESH,JAUNPUR,152.0,MUFTIGANJ,Semi-critical,81.03,5503.42,5228.25,4236.62,
UTTAR PRADESH,JAUNPUR,152.0,MUNGRA BADSHAHPUR,Safe,53.5,7470.73,7097.2,3796.73,
UTTAR PRADESH,JAUNPUR,152.0,RAMNAGAR,Safe,63.24,4949.72,4454.75,2817.25,
UTTAR PRADESH,JAUNPUR,152.0,RAMPUR,Safe,69.89,4833.02,4349.71,3039.89,
UTTAR PRADESH,JAUNPUR,152.0,SHAHGANJ,Safe,60.31,10028.23,9025.41,5443.04,
UTTAR PRADESH,JAUNPUR,152.0,SIKRARA,Semi-critical,79.3,3920.48,3528.43,2797.98,
UTTAR PRADESH,JAUNPUR,152.0,SIRKONI,Semi-critical,78.73,4058.5,3855.57,3035.43,
UTTAR PRADESH,JAUNPUR,152.0,SUITHA KALAN,Safe,65.59,7077.76,6369.99,4178.23,
UTTAR PRADESH,JAUNPUR,152.0,SUJANGANJ,Safe,62.19,7804.26,7023.83,4368.37,
UTTAR PRADESH,MAHRAJGANJ,164.0,BRIJMANGANJ,Safe,64.76,6841.34,6499.27,4209.01,
UTTAR PRADESH,MAHRAJGANJ,164.0,DHANI,Safe,58.61,2636.31,2504.49,1467.8,
UTTAR PRADESH,MAHRAJGANJ,164.0,GHUGHULI,Safe,61.63,8536.27,8109.45,4997.73,
UTTAR PRADESH,MAHRAJGANJ,164.0,LAKSHMIPUR,Safe,68.2,8658.17,8225.26,5609.53,
UTTAR PRADESH,MAHRAJGANJ,164.0,MAHARAJGANJ,Safe,63.71,11306.49,10175.84,6483.22,
UTTAR PRADESH,MAHRAJGANJ,164.0,MITHAURA,Safe,64.44,10144.54,9637.32,6210.18,
UTTAR PRADESH,MAHRAJGANJ,164.0,NAUTANWA,Safe,62.95,11054.67,9949.2,6263.0,
UTTAR PRADESH,MAHRAJGANJ,164.0,NICHLAUL,Safe,65.36,13540.87,12863.83,8407.72,
UTTAR PRADESH,MAHRAJGANJ,164.0,PANIARA,Safe,65.87,8015.29,7213.76,4751.66,
UTTAR PRADESH,MAHRAJGANJ,164.0,PARTAWAL,Safe,66.73,9808.26,8827.44,5890.17,
UTTAR PRADESH,MAHRAJGANJ,164.0,PHARENDA,Safe,66.63,6607.05,5946.35,3962.35,
UTTAR PRADESH,MAHRAJGANJ,164.0,SISWA BAZAR,Safe,63.02,10350.28,9832.76,6196.77,
UTTAR PRADESH,AMBEDKAR NAGAR,121.0,AKBARPUR,Safe,61.06,11821.3,10639.17,6495.94,
UTTAR PRADESH,AMBEDKAR NAGAR,121.0,BASKHARI,Safe,63.14,6988.22,6289.4,3971.35,
UTTAR PRADESH,AMBEDKAR NAGAR,121.0,BHITI,Safe,65.38,5736.01,5162.41,3375.29,
UTTAR PRADESH,AMBEDKAR NAGAR,121.0,BHIYAON,Safe,61.14,6746.53,6071.88,3712.33,
UTTAR PRADESH,AMBEDKAR NAGAR,121.0,JAHANGIRGANI,Safe,65.31,7357.28,6621.55,4324.28,
UTTAR PRADESH,AMBEDKAR NAGAR,121.0,JALALPUR,Safe,66.8,9673.68,8706.31,5815.41,
UTTAR PRADESH,AMBEDKAR NAGAR,121.0,KATEHARI,Safe,64.92,7793.19,7013.87,4553.17,
UTTAR PRADESH,AMBEDKAR NAGAR,121.0,RAMNAGAR,Safe,57.83,11115.14,10003.62,5785.5,
UTTAR PRADESH,AMBEDKAR NAGAR,121.0,TANDA,Safe,59.16,13243.18,11918.86,7051.01,
UTTAR PRADESH,MAUNATH BHANJAN,168.0,BADRAON,Safe,65.57,5736.92,5163.23,3385.34,
UTTAR PRADESH,MAUNATH BHANJAN,168.0,DOHRI GHAT,Safe,67.08,5617.51,5336.63,3579.98,
UTTAR PRADESH,MAUNATH BHANJAN,168.0,FATEHPUR MADRAUN,Safe,55.86,7058.65,6352.78,3548.63,
UTTAR PRADESH,MAUNATH BHANJAN,168.0,GHOSI,Safe,65.61,6724.11,6051.7,3970.22,
UTTAR PRADESH,MAUNATH BHANJAN,168.0,KOPAGANJ,Safe,66.29,5529.07,4976.16,3298.7,
UTTAR PRADESH,MAUNATH BHANJAN,168.0,MOHAMMADABAD,Safe,69.71,4068.58,3661.72,2552.6,
UTTAR PRADESH,MAUNATH BHANJAN,168.0,PARDAHA,Safe,66.15,3481.88,3133.69,2072.92,
UTTAR PRADESH,MAUNATH BHANJAN,168.0,RANIPUR,Safe,65.0,7449.26,6704.33,4357.98,
UTTAR PRADESH,MAUNATH BHANJAN,168.0,RATANPURA,Safe,66.64,5359.38,4823.44,3214.45,
UTTAR PRADESH,KAUSHAMBI,158.0,CHAIL,Over-exploited,146.75,2087.08,1878.37,2756.44,
UTTAR PRADESH,KAUSHAMBI,158.0,KARA,Semi-critical,89.8,7622.18,6859.97,6159.92,
UTTAR PRADESH,KAUSHAMBI,158.0,KAUSHAMBI,Safe,56.21,7479.53,6731.57,3783.52,
UTTAR PRADESH,KAUSHAMBI,158.0,MANJHANPUR,Critical,91.9,6010.37,5409.33,4971.04,
UTTAR PRADESH,KAUSHAMBI,158.0,MURATGANJ,Over-exploited,110.7,5167.47,4650.72,5148.29,
UTTAR PRADESH,KAUSHAMBI,158.0,NEWADA,Semi-critical,81.97,6996.8,6297.11,5161.46,
UTTAR PRADESH,KAUSHAMBI,158.0,SARSAWAN,Safe,58.99,8164.9,7348.41,4334.6,
UTTAR PRADESH,KAUSHAMBI,158.0,SIRATHU,Semi-critical,79.29,8694.66,7825.19,6204.62,
UTTAR PRADESH,RAIBARELI,175.0,AMAWAN,Safe,37.24,4730.91,4494.36,1673.69,
UTTAR PRADESH,RAIBARELI,175.0,BACHRAWAN,Safe,60.75,11302.35,10737.24,6523.17,
UTTAR PRADESH,RAIBARELI,175.0,DALMAU,Safe,64.84,7462.07,6715.86,4354.33,
UTTAR PRADESH,RAIBARELI,175.0,DEENSAH GAURA,Safe,62.42,5565.07,5008.56,3126.42,
UTTAR PRADESH,RAIBARELI,175.0,HARCHANDPUR,Safe,59.05,7084.01,6375.6,3764.6,
UTTAR PRADESH,RAIBARELI,175.0,JAGATPUR,Safe,59.17,3212.99,3052.34,1806.2,
UTTAR PRADESH,RAIBARELI,175.0,KHIRON,Safe,62.92,6989.28,6639.81,4177.7,
UTTAR PRADESH,RAIBARELI,175.0,LALGANJ,Safe,67.5,8983.4,8534.23,5761.01,
UTTAR PRADESH,RAIBARELI,175.0,MAHARAJGANJ,Safe,61.84,8743.77,7869.39,4866.21,
UTTAR PRADESH,RAIBARELI,175.0,RAHI,Safe,66.81,8490.93,8066.38,5389.39,
UTTAR PRADESH,RAIBARELI,175.0,ROHANIYA,Safe,58.67,3804.52,3424.07,2008.78,
UTTAR PRADESH,RAIBARELI,175.0,SARAINI,Safe,51.37,6327.49,6011.11,3087.83,
UTTAR PRADESH,RAIBARELI,175.0,SATAWAN,Safe,64.43,6452.47,5807.22,3741.78,
UTTAR PRADESH,RAIBARELI,175.0,SHIVGARH,Safe,67.68,7036.59,6332.93,4286.28,
UTTAR PRADESH,RAIBARELI,175.0,UNCHAHAR,Safe,56.81,5610.84,5049.75,2868.78,
UTTAR PRADESH,RAIBARELI,175.0,CHHATOH,Safe,60.54,5365.25,4828.72,2923.54,
UTTAR PRADESH,RAIBARELI,175.0,DIH,Safe,61.86,8584.09,7725.68,4778.87,
UTTAR PRADESH,RAIBARELI,175.0,SALAON,Safe,49.11,9554.75,8599.28,4222.82,
UTTAR PRADESH,AURAIYA,122.0,ACHHALDA,Safe,54.53,12213.55,10992.2,5993.72,
UTTAR PRADESH,AURAIYA,122.0,AJITMAL,Safe,67.8,7651.57,6886.41,4669.25,
UTTAR PRADESH,AURAIYA,122.0,AURRAIYA,Semi-critical,72.78,14857.58,13371.82,9731.64,
UTTAR PRADESH,AURAIYA,122.0,BHAGYANAGAR,Safe,56.2,10241.11,9217.0,5179.72,
UTTAR PRADESH,AURAIYA,122.0,BIDHUNA,Safe,63.46,8114.1,7302.69,4634.27,
UTTAR PRADESH,AURAIYA,122.0,ERWA KATRA,Safe,68.23,7296.19,6566.57,4480.68,
UTTAR PRADESH,AURAIYA,122.0,SAHAR,Safe,60.97,9198.34,8278.51,5047.52,
UTTAR PRADESH,ETAWAH,139.0,BARAHPURA,Semi-critical,73.12,8143.73,7329.36,5359.15,
UTTAR PRADESH,ETAWAH,139.0,BASREHAR,Safe,53.32,12756.56,12118.74,6461.62,
UTTAR PRADESH,ETAWAH,139.0,BHARTHNA,Safe,50.33,11329.8,10763.31,5417.28,
UTTAR PRADESH,ETAWAH,139.0,CHAKARANAGAR,Semi-critical,72.02,5536.81,4983.13,3589.0,
UTTAR PRADESH,ETAWAH,139.0,JASWANTNAGAR,Semi-critical,71.53,5926.62,5333.96,3815.62,
UTTAR PRADESH,ETAWAH,139.0,MAHEWA,Safe,47.06,13523.71,12171.34,5727.75,
UTTAR PRADESH,ETAWAH,139.0,SEFAI,Safe,54.92,8181.34,7363.2,4044.14,
UTTAR PRADESH,ETAWAH,139.0,TAKHA,Safe,61.88,8122.54,7716.41,4774.83,
UTTAR PRADESH,MAHOBA,165.0,CHARKHARI,Semi-critical,73.06,6467.64,5820.88,4252.71,
UTTAR PRADESH,MAHOBA,165.0,JAITPUR,Semi-critical,89.93,6756.95,6081.25,5469.07,
UTTAR PRADESH,MAHOBA,165.0,KABRAI,Semi-critical,78.68,13692.58,12323.32,9696.54,
UTTAR PRADESH,MAHOBA,165.0,PANWARI,Critical,92.17,7297.66,6932.78,6389.64,
UTTAR PRADESH,SITAPUR,183.0,AILIA,Safe,55.36,7128.11,6415.3,3551.59,
UTTAR PRADESH,SITAPUR,183.0,BEHTA,Safe,57.1,9540.65,8586.59,4903.12,
UTTAR PRADESH,SITAPUR,183.0,BISWAN,Safe,57.55,12516.7,11265.03,6483.03,
UTTAR PRADESH,SITAPUR,183.0,GONDLAMAU,Safe,49.2,9667.52,8700.77,4280.37,
UTTAR PRADESH,SITAPUR,183.0,HARGAON,Safe,58.2,15830.89,14247.8,8291.79,
UTTAR PRADESH,SITAPUR,183.0,KASMANDA,Safe,65.33,11053.93,9948.54,6499.07,
UTTAR PRADESH,SITAPUR,183.0,KHAIRABAD,Safe,56.39,9773.58,8796.23,4960.58,
UTTAR PRADESH,SITAPUR,183.0,LAHARPUR,Safe,60.77,19162.61,17246.35,10479.86,
UTTAR PRADESH,SITAPUR,183.0,MACHHREHTA,Safe,59.57,7979.91,7181.92,4278.14,
UTTAR PRADESH,SITAPUR,183.0,MAHMUDABAD,Safe,59.73,6273.88,5960.18,3560.12,
UTTAR PRADESH,SITAPUR,183.0,MAHOLI,Safe,58.59,9024.71,8122.24,4758.75,
UTTAR PRADESH,SITAPUR,183.0,MISRIKH,Safe,44.28,9914.06,9418.35,4170.78,
UTTAR PRADESH,SITAPUR,183.0,PAHALA,Safe,64.37,19405.66,17465.09,11241.47,
UTTAR PRADESH,SITAPUR,183.0,PARSENDI,Safe,52.92,11370.22,10801.71,5715.86,
UTTAR PRADESH,SITAPUR,183.0,PISAWAN,Safe,60.92,10770.59,10232.06,6233.02,
UTTAR PRADESH,SITAPUR,183.0,RAMPUR MATHURA,Safe,62.23,8847.67,7962.9,4955.4,
UTTAR PRADESH,SITAPUR,183.0,REWSA,Safe,68.16,11587.54,10428.78,7108.39,
UTTAR PRADESH,SITAPUR,183.0,SAKRAN,Safe,63.75,8065.16,7258.64,4627.58,
UTTAR PRADESH,SITAPUR,183.0,SIDHAULI,Safe,65.61,9125.53,8212.98,5388.63,
UTTAR PRADESH,HATHRAS,163.0,HASAYAN,Safe,67.58,17630.26,16748.75,11318.05,
UTTAR PRADESH,HATHRAS,163.0,HATHRAS,Critical,95.29,9128.85,8215.96,7828.76,
UTTAR PRADESH,HATHRAS,163.0,MURSAN,Over-exploited,117.0,7014.71,6313.24,7386.76,
UTTAR PRADESH,HATHRAS,163.0,SADABAD,Semi-critical,73.92,9828.19,9336.78,6901.88,
UTTAR PRADESH,HATHRAS,163.0,SAHPAU,Over-exploited,105.4,6416.24,5774.62,6086.72,
UTTAR PRADESH,HATHRAS,163.0,SASNI,Over-exploited,135.19,7817.77,7035.99,9512.24,
UTTAR PRADESH,HATHRAS,163.0,SIKANDRA RAO,Semi-critical,89.5,16268.67,14641.8,13103.89,
UTTAR PRADESH,BUDAUN,133.0,AMBIAPUR,Critical,96.25,5027.71,4776.32,4597.35,
UTTAR PRADESH,BUDAUN,133.0,ASAFPUR,Critical,92.18,4045.62,3843.34,3542.68,
UTTAR PRADESH,BUDAUN,133.0,BISAULI,Semi-critical,86.11,4672.42,4205.18,3620.93,
UTTAR PRADESH,BUDAUN,133.0,DAHGAWAN,Safe,61.69,6810.68,6129.61,3781.53,
UTTAR PRADESH,BUDAUN,133.0,DATAGANJ,Safe,61.21,4934.73,4441.26,2718.55,
UTTAR PRADESH,BUDAUN,133.0,ISLAMNAGAR,Over-exploited,107.51,4930.98,4437.88,4771.24,
UTTAR PRADESH,BUDAUN,133.0,JAGAT,Semi-critical,86.35,4729.22,4492.76,3879.47,
UTTAR PRADESH,BUDAUN,133.0,MIAON,Semi-critical,88.63,5890.28,5301.25,4698.47,
UTTAR PRADESH,BUDAUN,133.0,QUADAR CHOWK,Critical,90.95,5464.75,5191.51,4721.86,
UTTAR PRADESH,BUDAUN,133.0,SAHASWAN,Semi-critical,87.75,8687.84,7819.06,6860.93,
UTTAR PRADESH,BUDAUN,133.0,SALARPUR,Semi-critical,76.4,4246.71,4034.37,3082.29,
UTTAR PRADESH,BUDAUN,133.0,SAMRER,Safe,69.37,4013.42,3812.75,2645.07,
UTTAR PRADESH,BUDAUN,133.0,UJHANI,Semi-critical,84.04,7182.01,6463.81,5432.16,
UTTAR PRADESH,BUDAUN,133.0,USAWAN,Safe,68.02,5895.07,5600.32,3809.41,
UTTAR PRADESH,BUDAUN,133.0,WAZIRGANJ,Semi-critical,88.78,3080.64,2926.61,2598.11,
UTTAR PRADESH,BULANDSHAHAR,134.0,AGAUTA,Safe,59.07,9902.58,9407.45,5556.59,
UTTAR PRADESH,BULANDSHAHAR,134.0,ANUP SHAHAR,Semi-critical,72.05,11598.33,10438.5,7520.53,
UTTAR PRADESH,BULANDSHAHAR,134.0,ARNIA KHURD,Critical,95.77,9149.13,8234.22,7885.66,
UTTAR PRADESH,BULANDSHAHAR,134.0,BHAWAN BAHADUR NAGAR,Critical,96.84,7220.26,6859.25,6642.29,
UTTAR PRADESH,BULANDSHAHAR,134.0,BULANDSHAHAR,Over-exploited,128.56,7734.36,6960.93,8948.87,
UTTAR PRADESH,BULANDSHAHAR,134.0,DANPUR,Critical,99.22,9089.75,8180.78,8116.9,
UTTAR PRADESH,BULANDSHAHAR,134.0,DEBAI,Semi-critical,83.95,7783.16,7004.84,5880.79,
UTTAR PRADESH,BULANDSHAHAR,134.0,GULAOTHI,Over-exploited,110.48,6490.14,6165.64,6811.7,
UTTAR PRADESH,BULANDSHAHAR,134.0,JAHANGIRABAD,Semi-critical,81.96,13457.21,12784.35,10478.57,
UTTAR PRADESH,BULANDSHAHAR,134.0,KHURJA,Critical,97.58,9563.93,9085.74,8865.99,
UTTAR PRADESH,BULANDSHAHAR,134.0,LAKHAOTHI,Semi-critical,80.32,7915.44,7123.89,5722.1,
UTTAR PRADESH,BULANDSHAHAR,134.0,PAHASU,Semi-critical,74.56,19600.36,17640.32,13153.41,
UTTAR PRADESH,BULANDSHAHAR,134.0,SHIKARPUR,Critical,92.41,13442.82,12098.54,11180.19,
UTTAR PRADESH,BULANDSHAHAR,134.0,SIANA,Over-exploited,101.15,9047.71,8142.94,8236.44,
UTTAR PRADESH,BULANDSHAHAR,134.0,SIKANDRABAD,Over-exploited,121.95,13041.03,11736.92,14312.63,
UTTAR PRADESH,BULANDSHAHAR,134.0,UNCHAGAON,Semi-critical,87.9,5668.23,5101.41,4484.29,
UTTAR PRADESH,AMETHI,640.0,AMETHI,Safe,69.65,5807.42,5226.68,3640.45,
UTTAR PRADESH,AMETHI,640.0,BAHADURPUR,Safe,67.05,6223.8,5601.42,3755.52,
UTTAR PRADESH,AMETHI,640.0,BHADAR,Safe,64.83,6905.05,6214.55,4028.93,
UTTAR PRADESH,AMETHI,640.0,BHETUA,Safe,58.23,6231.82,5608.64,3266.03,
UTTAR PRADESH,AMETHI,640.0,GAURIGANJ,Safe,68.75,7994.6,7195.14,4946.69,
UTTAR PRADESH,AMETHI,640.0,JAGDISHPUR,Semi-critical,70.61,8680.18,7812.16,5516.27,
UTTAR PRADESH,AMETHI,640.0,JAMO,Safe,58.95,12298.51,11068.66,6524.6,
UTTAR PRADESH,AMETHI,640.0,MUSAFIRKHANA,Safe,63.76,7485.92,6737.32,4295.6,
UTTAR PRADESH,AMETHI,640.0,SANGRAMPUR,Semi-critical,80.08,3835.91,3452.32,2764.53,
UTTAR PRADESH,AMETHI,640.0,SHAHGARH,Safe,60.69,4207.99,3787.19,2298.34,
UTTAR PRADESH,AMETHI,640.0,SHUKUL BAZAR,Safe,66.24,5506.19,4955.57,3282.55,
UTTAR PRADESH,AMETHI,640.0,SINGHPUR,Safe,57.06,8593.25,7733.93,4412.77,
UTTAR PRADESH,AMETHI,640.0,TILOI,Safe,55.5,9404.36,8463.92,4697.39,
UTTAR PRADESH,BAREILLY,130.0,ALAMPUR JAFARABAD,Critical,97.18,5054.43,4801.71,4666.49,
UTTAR PRADESH,BAREILLY,130.0,BAHERI,Safe,63.54,12783.98,12144.78,7716.79,
UTTAR PRADESH,BAREILLY,130.0,BHADPURA,Safe,65.09,7437.04,6693.33,4356.75,
UTTAR PRADESH,BAREILLY,130.0,BHOJPURA,Safe,65.84,8963.22,8066.9,5311.35,
UTTAR PRADESH,BAREILLY,130.0,BHUTAH,Safe,64.35,9629.72,8666.75,5576.94,
UTTAR PRADESH,BAREILLY,130.0,BITHERI CHAINPUR,Safe,62.9,8304.55,7889.33,4962.18,
UTTAR PRADESH,BAREILLY,130.0,FARIDPUR,Safe,69.77,8324.54,7908.31,5517.56,
UTTAR PRADESH,BAREILLY,130.0,FATEHGANJ,Semi-critical,77.86,5940.76,5643.72,4394.4,
UTTAR PRADESH,BAREILLY,130.0,KYARA,Safe,68.02,5492.29,5217.67,3548.94,
UTTAR PRADESH,BAREILLY,130.0,MAJHGAWA,Semi-critical,89.88,4022.16,3821.05,3434.23,
UTTAR PRADESH,BAREILLY,130.0,MEERGANJ,Safe,64.1,5449.03,4904.13,3143.67,
UTTAR PRADESH,BAREILLY,130.0,NAWABGANJ,Safe,63.3,9516.61,9040.78,5722.82,
UTTAR PRADESH,BAREILLY,130.0,RAMNAGAR,Semi-critical,89.7,4662.51,4429.38,3973.15,
UTTAR PRADESH,BAREILLY,130.0,RICHHA,Safe,66.95,10548.36,10020.94,6709.32,
UTTAR PRADESH,BAREILLY,130.0,SHERGARH,Safe,65.23,8393.04,7973.39,5200.82,
UTTAR PRADESH,BAREILLY,130.0,BAREILLY CITY,Over-exploited,187.0,2582.13,2323.91,4345.77,
UTTAR PRADESH,GONDA,147.0,BABHANJOT,Safe,51.67,7328.45,6595.61,3408.07,
UTTAR PRADESH,GONDA,147.0,BELSAR,Safe,18.01,5935.96,5639.16,1015.73,
UTTAR PRADESH,GONDA,147.0,CHHAPIA,Safe,59.25,6987.78,6289.0,3726.54,
UTTAR PRADESH,GONDA,147.0,COLONELGANJ,Safe,49.1,6344.25,5709.82,2803.37,
UTTAR PRADESH,GONDA,147.0,HALDHARMAU,Safe,61.82,4711.64,4476.06,2767.26,
UTTAR PRADESH,GONDA,147.0,ITIA THOK,Safe,59.91,10383.13,9344.82,5598.55,
UTTAR PRADESH,GONDA,147.0,JHANJHRI,Safe,65.06,7871.86,7084.68,4609.14,
UTTAR PRADESH,GONDA,147.0,KATRA BAZAR,Safe,53.85,7735.21,6961.69,3748.65,
UTTAR PRADESH,GONDA,147.0,MANKAPUR,Safe,48.01,9048.78,8143.9,3909.57,
UTTAR PRADESH,GONDA,147.0,MUJHANA,Safe,58.7,8511.44,7660.29,4496.3,
UTTAR PRADESH,GONDA,147.0,NAWABGANJ,Safe,55.46,9300.93,8370.83,4642.5,
UTTAR PRADESH,GONDA,147.0,PANDRI KRIPAL,Safe,64.26,6087.04,5478.33,3520.56,
UTTAR PRADESH,GONDA,147.0,PARASPUR,Safe,55.62,9818.7,8836.83,4915.41,
UTTAR PRADESH,GONDA,147.0,RUPAIDIHA,Safe,59.16,11584.51,10426.06,6168.15,
UTTAR PRADESH,GONDA,147.0,TARABGANJ,Safe,60.5,8655.26,7789.74,4712.68,
UTTAR PRADESH,GONDA,147.0,WAZIRGANJ,Safe,59.95,6302.15,5987.04,3588.98,
UTTAR PRADESH,JHANSI,153.0,BABINA,Semi-critical,87.26,6760.55,6084.49,5309.04,
UTTAR PRADESH,JHANSI,153.0,BAMAUR,Safe,63.94,10192.95,9173.66,5865.91,
UTTAR PRADESH,JHANSI,153.0,BANGRA,Semi-critical,83.23,6256.72,5631.05,4686.62,
UTTAR PRADESH,JHANSI,153.0,BARAGAON,Semi-critical,77.78,7227.9,6505.11,5059.44,
UTTAR PRADESH,JHANSI,153.0,CHIRGAON,Safe,61.89,13554.86,12199.37,7549.59,
UTTAR PRADESH,JHANSI,153.0,GURSARAI,Safe,51.91,8339.43,7505.48,3896.44,
UTTAR PRADESH,JHANSI,153.0,MAURANIPUR,Semi-critical,75.78,7763.38,6987.04,5294.48,
UTTAR PRADESH,JHANSI,153.0,MOTH,Safe,53.32,13769.51,12392.55,6607.17,
UTTAR PRADESH,ALIGARH,119.0,AKRABAD,Semi-critical,72.9,10234.73,9211.26,6714.56,
UTTAR PRADESH,ALIGARH,119.0,ATRAULI,Safe,68.08,7779.41,7390.44,5031.36,
UTTAR PRADESH,ALIGARH,119.0,BIJAULI,Safe,67.07,6989.24,6639.77,4453.3,
UTTAR PRADESH,ALIGARH,119.0,CHANDAUS,Semi-critical,87.97,7443.78,6699.41,5893.71,
UTTAR PRADESH,ALIGARH,119.0,DHANIPUR,Safe,68.49,9810.77,8829.69,6047.76,
UTTAR PRADESH,ALIGARH,119.0,GANGIRI,Semi-critical,87.05,8865.92,8422.63,7332.08,
UTTAR PRADESH,ALIGARH,119.0,GONDA,Safe,55.39,9382.97,8913.82,4937.49,
UTTAR PRADESH,ALIGARH,119.0,IGLAS,Critical,97.73,6134.11,5827.41,5695.03,
UTTAR PRADESH,ALIGARH,119.0,JAWA SIKANDAIRPUR,Semi-critical,81.01,8336.15,7502.54,6078.04,
UTTAR PRADESH,ALIGARH,119.0,KHAIR,Semi-critical,77.17,9928.95,9432.51,7278.93,
UTTAR PRADESH,ALIGARH,119.0,LODHA,Semi-critical,79.69,6582.07,6252.97,4982.74,
UTTAR PRADESH,ALIGARH,119.0,TAPPAL,Safe,66.5,8934.09,8040.68,5347.34,
UTTAR PRADESH,ALIGARH,119.0,ALIGARH CITY,Over-exploited,227.79,2351.92,2116.73,4821.74,
UTTAR PRADESH,BIJNOR,132.0,AFZALGARH,Safe,69.9,16208.61,14587.75,10197.04,
UTTAR PRADESH,BIJNOR,132.0,DHANPUR (ALHEPUR),Safe,67.99,9204.01,8283.6,5631.9,
UTTAR PRADESH,BIJNOR,132.0,HALDAUR (KHARI JHALU),Safe,63.34,15507.18,13956.46,8839.78,
UTTAR PRADESH,BIJNOR,132.0,JALEELPUR,Semi-critical,89.1,12958.69,11662.82,10391.35,
UTTAR PRADESH,BIJNOR,132.0,KIRATPUR,Safe,61.0,9873.42,9379.75,5721.81,
UTTAR PRADESH,BIJNOR,132.0,KOTWALI,Semi-critical,71.6,23130.58,20817.53,14905.97,
UTTAR PRADESH,BIJNOR,132.0,MOHAMMADPUR DEOMAL,Safe,60.99,16436.12,14792.51,9022.6,
UTTAR PRADESH,BIJNOR,132.0,NAJIBABAD,Safe,57.88,20456.0,18410.4,10656.17,
UTTAR PRADESH,BIJNOR,132.0,NEHTAUR (AAKU),Semi-critical,76.08,7167.58,6809.2,5180.3,
UTTAR PRADESH,BIJNOR,132.0,NOORPUR,Semi-critical,87.25,10902.63,9812.37,8560.86,
UTTAR PRADESH,BIJNOR,132.0,SEOHARA (BUDHANPUR),Semi-critical,76.15,10233.53,9210.18,7013.82,
UTTAR PRADESH,G.B.NAGAR,144.0,BISRAKH,Over-exploited,158.29,12873.72,11586.34,18339.86,
UTTAR PRADESH,G.B.NAGAR,144.0,DADRI,Semi-critical,89.87,10991.94,9892.74,8890.17,
UTTAR PRADESH,G.B.NAGAR,144.0,JEWAR,Semi-critical,88.31,27133.51,24420.16,21565.03,
UTTAR PRADESH,GORAKHPUR,148.0,BANSGAON,Safe,53.73,9523.04,8570.73,4604.69,
UTTAR PRADESH,GORAKHPUR,148.0,BARAHALGANJ,Safe,68.47,11399.14,10259.23,7024.13,
UTTAR PRADESH,GORAKHPUR,148.0,BELGHAT,Safe,59.12,11876.77,11282.93,6670.73,
UTTAR PRADESH,GORAKHPUR,148.0,BHATAHAT,Safe,66.93,8961.56,8065.4,5398.18,
UTTAR PRADESH,GORAKHPUR,148.0,BRAHMPUR,Safe,60.37,11142.41,10585.29,6390.8,
UTTAR PRADESH,GORAKHPUR,148.0,CAMPIERGANJ,Safe,65.13,10879.01,9791.11,6377.31,
UTTAR PRADESH,GORAKHPUR,148.0,CHIRGAWAN,Safe,67.04,7027.9,6325.11,4240.52,
UTTAR PRADESH,GORAKHPUR,148.0,GAGAHA,Safe,69.07,7764.45,6988.0,4826.69,
UTTAR PRADESH,GORAKHPUR,148.0,GOLA,Safe,66.45,9724.11,8751.69,5815.41,
UTTAR PRADESH,GORAKHPUR,148.0,JANGAL KAUDIA,Safe,48.82,8446.57,8024.24,3917.32,
UTTAR PRADESH,GORAKHPUR,148.0,KAURIRAM,Safe,66.51,7564.68,6808.21,4528.37,
UTTAR PRADESH,GORAKHPUR,148.0,KHAJNI,Safe,57.22,10076.42,9068.77,5189.21,
UTTAR PRADESH,GORAKHPUR,148.0,KHORABAR,Safe,67.69,8641.31,7777.18,5264.69,
UTTAR PRADESH,GORAKHPUR,148.0,PALI,Safe,60.8,9313.07,8381.77,5096.25,
UTTAR PRADESH,GORAKHPUR,148.0,PIPRAICH,Safe,66.05,10830.93,9747.83,6438.9,
UTTAR PRADESH,GORAKHPUR,148.0,PIPRAULI,Safe,69.66,7058.67,6352.81,4425.06,
UTTAR PRADESH,GORAKHPUR,148.0,SAHJANWA,Safe,62.47,8474.9,7627.41,4765.16,
UTTAR PRADESH,GORAKHPUR,148.0,SARDAR NAGAR,Safe,62.96,9159.26,8701.29,5478.43,
UTTAR PRADESH,GORAKHPUR,148.0,URUA,Safe,59.45,10290.82,9261.74,5505.9,
UTTAR PRADESH,GORAKHPUR,148.0,BHAROHIYA,Safe,68.82,4461.96,4238.87,2917.35,
UTTAR PRADESH,KANNAUJ,155.0,CHHIBRAMAU,Semi-critical,87.25,10500.36,9450.32,8245.06,
UTTAR PRADESH,KANNAUJ,155.0,GOGRAPUR,Critical,93.0,2450.43,2205.38,2050.94,
UTTAR PRADESH,KANNAUJ,155.0,HASERAN,Semi-critical,71.74,7605.61,6845.04,4910.86,
UTTAR PRADESH,KANNAUJ,155.0,JALALABAD,Over-exploited,203.51,2995.24,2695.71,5485.95,
UTTAR PRADESH,KANNAUJ,155.0,KANNAUJ,Semi-critical,88.93,6427.79,5785.01,5144.78,
UTTAR PRADESH,KANNAUJ,155.0,SAURIKH,Safe,63.48,10703.21,9632.89,6115.24,
UTTAR PRADESH,KANNAUJ,155.0,TALGRAM,Over-exploited,159.79,4989.32,4739.86,7573.98,
UTTAR PRADESH,KANNAUJ,155.0,UMARDA,Safe,38.53,19592.0,17632.8,6793.56,
UTTAR PRADESH,ETAH,138.0,ALIGANJ,Semi-critical,80.51,10646.8,10114.46,8143.11,
UTTAR PRADESH,ETAH,138.0,AWAGARH,Safe,66.17,12261.38,11035.24,7301.95,
UTTAR PRADESH,ETAH,138.0,JAITHARA,Semi-critical,70.95,9548.99,8594.09,6097.13,
UTTAR PRADESH,ETAH,138.0,JALESAR,Semi-critical,80.12,7146.8,6432.12,5153.64,
UTTAR PRADESH,ETAH,138.0,MARHARA,Safe,62.77,7007.28,6306.55,3958.52,
UTTAR PRADESH,ETAH,138.0,NIDHAULI KALAN,Semi-critical,77.43,14604.92,13144.43,10177.19,
UTTAR PRADESH,ETAH,138.0,SAKIT,Safe,62.61,12003.19,11403.03,7138.95,
UTTAR PRADESH,ETAH,138.0,SHITALPUR,Semi-critical,75.83,14210.45,12789.4,9697.84,
UTTAR PRADESH,VARANASI,187.0,ARAZILINE,Critical,99.29,6512.03,5860.83,5819.37,
UTTAR PRADESH,VARANASI,187.0,BARAGAON,Semi-critical,72.86,5723.33,5151.0,3752.84,
UTTAR PRADESH,VARANASI,187.0,CHIRAIGAON,Critical,96.44,5351.46,4816.31,4644.87,
UTTAR PRADESH,VARANASI,187.0,CHOLAPUR,Semi-critical,70.49,8201.31,7381.18,5203.1,
UTTAR PRADESH,VARANASI,187.0,HARAHUA,Critical,97.36,5861.24,5275.11,5135.7,
UTTAR PRADESH,VARANASI,187.0,KASHI VIDYAPITH,Semi-critical,81.79,4868.63,4381.77,3583.68,
UTTAR PRADESH,VARANASI,187.0,PINDRA,Semi-critical,78.85,7723.84,6951.46,5480.88,
UTTAR PRADESH,VARANASI,187.0,SEVAPURI,Semi-critical,77.85,6246.27,5621.64,4376.44,
UTTAR PRADESH,VARANASI,187.0,VARANASI City,Over-exploited,207.06,2845.69,2561.12,5302.99,
UTTAR PRADESH,LUCKNOW,162.0,BAKSHI KA TALAB,Safe,50.13,10736.69,10199.85,5112.92,
UTTAR PRADESH,LUCKNOW,162.0,CHINHAT,Safe,52.98,2844.87,2560.39,1356.62,
UTTAR PRADESH,LUCKNOW,162.0,GOSAIGANJ,Safe,59.81,11480.65,10906.61,6523.1,
UTTAR PRADESH,LUCKNOW,162.0,KAKORI,Safe,53.88,7743.67,6969.3,3754.9,
UTTAR PRADESH,LUCKNOW,162.0,MAL,Safe,59.59,8445.4,7600.86,4529.06,
UTTAR PRADESH,LUCKNOW,162.0,MALIHABAD,Semi-critical,76.42,7268.19,6541.37,4999.21,
UTTAR PRADESH,LUCKNOW,162.0,MOHANLALGANJ,Safe,69.32,13901.93,13206.84,9154.53,
UTTAR PRADESH,LUCKNOW,162.0,SAROJNI NAGAR,Safe,59.24,7890.14,7101.12,4206.36,
UTTAR PRADESH,LUCKNOW,162.0,LUCKNOW CITY,Over-exploited,132.76,7075.31,6367.78,8453.77,
UTTAR PRADESH,FIROZABAD,143.0,ARON,Semi-critical,85.74,6917.46,6225.72,5337.76,
UTTAR PRADESH,FIROZABAD,143.0,EKA,Safe,67.7,16238.02,14614.22,9894.29,
UTTAR PRADESH,FIROZABAD,143.0,FIROZABAD,Over-exploited,140.58,6903.37,6213.03,8734.51,
UTTAR PRADESH,FIROZABAD,143.0,KHAIRGARH(HATHWANT),Critical,96.99,9034.75,8131.27,7886.67,
UTTAR PRADESH,FIROZABAD,143.0,JASRANA,Semi-critical,75.01,12146.38,10931.74,8199.69,
UTTAR PRADESH,FIROZABAD,143.0,MADANPUR,Semi-critical,70.81,14517.07,13065.36,9251.58,
UTTAR PRADESH,FIROZABAD,143.0,NARKHI,Over-exploited,133.05,7646.16,6881.55,9156.1,
UTTAR PRADESH,FIROZABAD,143.0,SHIKOHABAD,Over-exploited,150.23,7394.16,6654.74,9997.1,
UTTAR PRADESH,FIROZABAD,143.0,TUNDLA,Over-exploited,106.67,9762.55,8786.3,9371.92,
UTTAR PRADESH,AZAMGARH,123.0,AHIRAULA,Safe,61.63,6391.66,5752.5,3545.24,
UTTAR PRADESH,AZAMGARH,123.0,ATRAULIA,Safe,68.92,3212.97,2891.67,1993.05,
UTTAR PRADESH,AZAMGARH,123.0,AZAMATGARH,Safe,53.81,6559.64,5903.68,3176.48,
UTTAR PRADESH,AZAMGARH,123.0,BILHARIYAGANJ,Safe,53.4,5697.26,5127.53,2738.12,
UTTAR PRADESH,AZAMGARH,123.0,HARAIYA,Safe,64.87,6824.56,6142.11,3984.54,
UTTAR PRADESH,AZAMGARH,123.0,JAHANGANJ,Safe,64.19,6232.6,5609.34,3600.83,
UTTAR PRADESH,AZAMGARH,123.0,KOILSA,Safe,67.68,5678.26,5110.44,3458.8,
UTTAR PRADESH,AZAMGARH,123.0,LALGANJ,Safe,50.92,7574.59,6817.14,3471.14,
UTTAR PRADESH,AZAMGARH,123.0,MAHARAJGANJ,Safe,58.83,7004.95,6304.45,3708.97,
UTTAR PRADESH,AZAMGARH,123.0,MARTINGANJ,Safe,52.86,10221.93,9199.73,4863.3,
UTTAR PRADESH,AZAMGARH,123.0,MEHNAGAR,Safe,59.09,8171.79,7354.61,4345.56,
UTTAR PRADESH,AZAMGARH,123.0,MIRZAPUR,Safe,66.36,5033.13,4529.82,3005.85,
UTTAR PRADESH,AZAMGARH,123.0,MOHAMMADPUR,Safe,54.78,7425.75,6683.17,3661.09,
UTTAR PRADESH,AZAMGARH,123.0,PALHANA,Safe,63.72,4462.64,4239.51,2701.31,
UTTAR PRADESH,AZAMGARH,123.0,PALHANI,Safe,68.85,3988.64,3589.77,2471.41,
UTTAR PRADESH,AZAMGARH,123.0,PAWAI,Safe,60.48,6627.04,5964.34,3607.43,
UTTAR PRADESH,AZAMGARH,123.0,PHULPUR,Safe,57.55,6890.34,6201.3,3568.59,
UTTAR PRADESH,AZAMGARH,123.0,RANI KI SARAI,Safe,60.92,5738.56,5164.7,3146.27,
UTTAR PRADESH,AZAMGARH,123.0,SATHIYAON,Safe,67.16,3843.05,3458.74,2323.0,
UTTAR PRADESH,AZAMGARH,123.0,TAHBARPUR,Safe,58.0,6526.62,5873.96,3407.08,
UTTAR PRADESH,AZAMGARH,123.0,TARWA,Safe,67.84,7009.04,6308.13,4279.22,
UTTAR PRADESH,AZAMGARH,123.0,THEKMA,Safe,51.95,8278.81,7450.93,3870.5,
UTTAR PRADESH,DEORIA,137.0,BANKATA,Safe,65.21,7531.51,6778.35,4419.94,
UTTAR PRADESH,DEORIA,137.0,BARHAJ,Safe,67.45,8227.75,7404.97,4994.68,
UTTAR PRADESH,DEORIA,137.0,BETALPUR,Safe,64.15,8948.93,8494.97,5449.92,
UTTAR PRADESH,DEORIA,137.0,BHAGALPUR,Safe,66.66,8253.99,7428.58,4952.01,
UTTAR PRADESH,DEORIA,137.0,BHALUANI,Safe,64.01,8988.51,8089.67,5177.99,
UTTAR PRADESH,DEORIA,137.0,BHATNI,Safe,64.39,7629.25,6866.33,4421.31,
UTTAR PRADESH,DEORIA,137.0,BHATPARANI,Safe,62.83,8242.89,7418.6,4661.17,
UTTAR PRADESH,DEORIA,137.0,DEORIA SADAR,Safe,61.77,11762.52,10586.26,6538.77,
UTTAR PRADESH,DEORIA,137.0,DESAHI DEORIA,Safe,59.8,10228.19,9205.37,5504.82,
UTTAR PRADESH,DEORIA,137.0,GAURI BAZAR,Safe,61.06,8953.41,8058.07,4920.12,
UTTAR PRADESH,DEORIA,137.0,LAR,Safe,60.55,12211.0,10989.91,6653.89,
UTTAR PRADESH,DEORIA,137.0,PATHER DEWA,Safe,58.33,9752.67,9249.22,5395.39,
UTTAR PRADESH,DEORIA,137.0,RAMPUR KARHANI,Safe,64.03,7811.93,7030.74,4502.04,
UTTAR PRADESH,DEORIA,137.0,RUDRAPUR,Safe,68.85,11658.33,10492.49,7223.95,
UTTAR PRADESH,DEORIA,137.0,SALEMPUR,Safe,57.44,10563.68,9507.32,5461.18,
UTTAR PRADESH,DEORIA,137.0,TARKULWA,Safe,64.26,6570.03,6237.83,4008.13,
UTTAR PRADESH,BALRAMPUR,127.0,BALRAMPUR,Safe,63.56,16446.2,14801.58,9407.63,
UTTAR PRADESH,BALRAMPUR,127.0,GAINDAS BUZURG,Safe,48.54,15990.95,14391.86,6985.65,
UTTAR PRADESH,BALRAMPUR,127.0,GAINSARA,Safe,61.24,7911.87,7120.68,4360.86,
UTTAR PRADESH,BALRAMPUR,127.0,HARRAIYA SATGHARWA,Safe,46.39,18981.6,17083.44,7925.61,
UTTAR PRADESH,BALRAMPUR,127.0,PACHPERWA,Safe,51.83,13971.88,13273.29,6879.69,
UTTAR PRADESH,BALRAMPUR,127.0,REHRA BAZAR,Safe,64.71,7426.93,6684.24,4325.28,
UTTAR PRADESH,BALRAMPUR,127.0,SHRI DATT GANJ,Safe,62.69,8418.09,7576.28,4749.58,
UTTAR PRADESH,BALRAMPUR,127.0,TULSIPUR,Safe,48.81,15350.29,14582.78,7118.55,
UTTAR PRADESH,BALRAMPUR,127.0,UTRAULA,Safe,62.73,7276.83,6549.15,4108.29,
UTTAR PRADESH,BASTI,131.0,BAHADURPUR,Safe,66.2,7142.47,6428.22,4255.77,
UTTAR PRADESH,BASTI,131.0,BANKATI,Safe,61.02,5156.04,4640.43,2831.74,
UTTAR PRADESH,BASTI,131.0,BASTI SADAR,Safe,62.15,5977.6,5379.84,3343.34,
UTTAR PRADESH,BASTI,131.0,DUBAULIYA,Safe,63.63,3820.36,3438.32,2187.74,
UTTAR PRADESH,BASTI,131.0,GAUR,Safe,57.72,6602.79,5942.51,3430.27,
UTTAR PRADESH,BASTI,131.0,HARRAIYA,Safe,64.01,6570.15,5913.14,3785.04,
UTTAR PRADESH,BASTI,131.0,KAPTANGANJ,Safe,62.91,6273.76,5960.07,3749.45,
UTTAR PRADESH,BASTI,131.0,KUDRAHA,Safe,63.84,3768.55,3391.69,2165.39,
UTTAR PRADESH,BASTI,131.0,PARASRAMPUR,Safe,61.47,5884.2,5295.78,3255.36,
UTTAR PRADESH,BASTI,131.0,RAMNAGAR,Safe,60.06,6628.15,5965.34,3582.85,
UTTAR PRADESH,BASTI,131.0,RUDHAULI,Safe,51.15,5463.82,4917.44,2515.09,
UTTAR PRADESH,BASTI,131.0,SALATUA,Safe,63.7,6081.05,5472.94,3486.07,
UTTAR PRADESH,BASTI,131.0,SAUGHAT,Safe,61.41,5467.39,4920.65,3021.69,
UTTAR PRADESH,BASTI,131.0,VIKRAMJOT,Safe,58.9,10344.14,9309.73,5483.51,
UTTAR PRADESH,AYODHYA,140.0,AMANIGANJ,Safe,55.85,10274.49,9247.04,5164.79,
UTTAR PRADESH,AYODHYA,140.0,BIKAPUR,Safe,66.25,4968.51,4471.66,2962.41,
UTTAR PRADESH,AYODHYA,140.0,HARRINGTANGANJ,Safe,59.6,6533.66,5880.29,3504.64,
UTTAR PRADESH,AYODHYA,140.0,MASODHA,Safe,67.75,8534.16,7680.74,5203.8,
UTTAR PRADESH,AYODHYA,140.0,MAYA BAZAR,Safe,64.1,7186.18,6467.57,4145.46,
UTTAR PRADESH,AYODHYA,140.0,MILKIPUR,Safe,65.09,6715.29,6043.76,3933.93,
UTTAR PRADESH,AYODHYA,140.0,PURA BAZAR,Safe,66.25,8882.01,7993.81,5295.96,
UTTAR PRADESH,AYODHYA,140.0,SOHAWAL,Safe,57.18,10747.64,10210.26,5837.74,
UTTAR PRADESH,AYODHYA,140.0,TARUN,Safe,66.09,9188.39,8269.55,5465.29,
UTTAR PRADESH,AYODHYA,140.0,MAWAI,Safe,55.83,9518.07,8566.26,4782.18,
UTTAR PRADESH,AYODHYA,140.0,RUDAULI,Safe,62.9,11644.7,10480.23,6591.66,
UTTAR PRADESH,AGRA,118.0,ACHHNERA,Semi-critical,80.58,11976.04,11377.24,9168.31,
UTTAR PRADESH,AGRA,118.0,AKOLA,Critical,99.06,5881.85,5293.66,5244.02,
UTTAR PRADESH,AGRA,118.0,BAH,Over-exploited,101.63,5217.01,4695.31,4771.97,
UTTAR PRADESH,AGRA,118.0,BARAULI AHIR,Over-exploited,159.78,5910.03,5614.53,8970.77,
UTTAR PRADESH,AGRA,118.0,BICHPURI,Over-exploited,155.35,3666.1,3299.49,5125.6,
UTTAR PRADESH,AGRA,118.0,ETMADPUR,Over-exploited,116.69,5244.85,4982.61,5814.15,
UTTAR PRADESH,AGRA,118.0,FATEHABAD,Over-exploited,158.15,4643.03,4410.88,6975.69,
UTTAR PRADESH,AGRA,118.0,FATEHPUR SIKRI,Semi-critical,84.36,11940.39,10746.35,9065.99,
UTTAR PRADESH,AGRA,118.0,JAGNER,Safe,62.7,5864.43,5277.99,3309.17,
UTTAR PRADESH,AGRA,118.0,JAITPUR KALAN,Semi-critical,83.13,5093.9,4584.51,3811.0,
UTTAR PRADESH,AGRA,118.0,KHANDAULI,Over-exploited,130.69,4635.8,4172.22,5452.54,
UTTAR PRADESH,AGRA,118.0,KHERAGARH,Semi-critical,87.91,6133.78,5520.4,4853.04,
UTTAR PRADESH,AGRA,118.0,PINAHAT,Semi-critical,79.03,5026.61,4523.95,3575.1,
UTTAR PRADESH,AGRA,118.0,SAIYANA,Over-exploited,122.76,5465.07,4918.56,6037.91,
UTTAR PRADESH,AGRA,118.0,SHAMSABAD,Over-exploited,182.99,5173.02,4655.72,8519.42,
UTTAR PRADESH,AGRA,118.0,AGRA CITY,Over-exploited,122.13,3928.2,3555.95,4342.96,
UTTAR PRADESH,HAPUR,661.0,DHOLANA,Semi-critical,89.92,9828.03,8845.23,7953.23,
UTTAR PRADESH,HAPUR,661.0,GARH,Critical,99.95,17723.04,15950.73,15942.67,
UTTAR PRADESH,HAPUR,661.0,HAPUR,Critical,95.75,10231.6,9208.44,8817.25,
UTTAR PRADESH,HAPUR,661.0,SIMBHOLI,Critical,95.73,14343.22,12908.89,12357.25,
UTTAR PRADESH,PRATAPGARH,174.0,ASPUR DEOSARA,Safe,64.01,7522.04,6769.84,4333.28,
UTTAR PRADESH,PRATAPGARH,174.0,BABA BELKHAR NATH,Semi-critical,74.08,5351.28,4816.15,3568.02,
UTTAR PRADESH,PRATAPGARH,174.0,BABAGANJ,Safe,63.03,12538.95,11285.06,7112.85,
UTTAR PRADESH,PRATAPGARH,174.0,BIHAR,Safe,57.75,11314.08,10182.67,5880.55,
UTTAR PRADESH,PRATAPGARH,174.0,GAURA,Semi-critical,81.47,8149.65,7334.69,5975.47,
UTTAR PRADESH,PRATAPGARH,174.0,KALANKER,Safe,62.79,12033.89,10830.5,6800.54,
UTTAR PRADESH,PRATAPGARH,174.0,KUNDA,Safe,68.42,10837.01,9753.31,6672.77,
UTTAR PRADESH,PRATAPGARH,174.0,LAKSHAMANPUR,Semi-critical,78.47,7798.62,7018.75,5507.85,
UTTAR PRADESH,PRATAPGARH,174.0,LALGANJ,Semi-critical,78.77,7480.79,6732.71,5303.05,
UTTAR PRADESH,PRATAPGARH,174.0,MANDHATA,Critical,94.06,8332.22,7915.6,7445.33,
UTTAR PRADESH,PRATAPGARH,174.0,MANGARAURA,Semi-critical,82.24,6673.21,6005.89,4939.54,
UTTAR PRADESH,PRATAPGARH,174.0,PATTI,Semi-critical,78.09,6698.82,6028.93,4708.22,
UTTAR PRADESH,PRATAPGARH,174.0,RAMPUR-SANGRAMGARH,Semi-critical,78.31,6473.31,5825.97,4562.24,
UTTAR PRADESH,PRATAPGARH,174.0,SADAR,Critical,97.44,7848.19,7063.37,6882.25,
UTTAR PRADESH,PRATAPGARH,174.0,SANDWA CHANDIKA,Critical,98.75,8885.57,8441.29,8335.37,
UTTAR PRADESH,PRATAPGARH,174.0,SANGAIPUR,Safe,65.91,7300.76,6935.72,4571.32,
UTTAR PRADESH,PRATAPGARH,174.0,SHIVGARH,Critical,94.24,7942.83,7148.55,6736.45,
UTTAR PRADESH,BAHRAICH,125.0,BALHA,Safe,54.91,10913.18,10367.53,5692.75,
UTTAR PRADESH,BAHRAICH,125.0,BISHESHWARGANJ,Safe,62.63,11966.14,10769.53,6744.56,
UTTAR PRADESH,BAHRAICH,125.0,CHITTAURA,Safe,64.95,14692.53,13957.91,9066.35,
UTTAR PRADESH,BAHRAICH,125.0,FAKHARPUR,Safe,53.88,11536.52,10382.87,5594.11,
UTTAR PRADESH,BAHRAICH,125.0,HUZURPUR,Safe,65.07,9800.81,9310.77,6058.69,
UTTAR PRADESH,BAHRAICH,125.0,JARWAL,Safe,51.32,10514.17,9462.75,4856.48,
UTTAR PRADESH,BAHRAICH,125.0,KAISARGANJ,Safe,55.9,7834.27,7442.55,4160.6,
UTTAR PRADESH,BAHRAICH,125.0,MAHASI,Safe,60.27,10759.03,10221.08,6159.74,
UTTAR PRADESH,BAHRAICH,125.0,MIHIPURWA,Safe,57.81,14245.41,12820.87,7411.53,
UTTAR PRADESH,BAHRAICH,125.0,NAWABGANJ,Safe,54.44,9518.03,9042.13,4922.58,
UTTAR PRADESH,BAHRAICH,125.0,PAYAGPUR,Safe,63.06,12176.33,10958.69,6910.09,
UTTAR PRADESH,BAHRAICH,125.0,RISIYA,Safe,60.49,12302.18,11687.07,7069.78,
UTTAR PRADESH,BAHRAICH,125.0,SHIVPUR,Safe,61.44,10207.83,9697.44,5958.3,
UTTAR PRADESH,BAHRAICH,125.0,TEJWAPUR,Safe,59.65,8994.74,8545.0,5096.68,
UTTAR PRADESH,MAINPURI,166.0,BARNAHAL,Over-exploited,120.73,4754.18,4278.76,5165.85,
UTTAR PRADESH,MAINPURI,166.0,BEWAR,Safe,69.35,9436.68,8493.01,5889.66,
UTTAR PRADESH,MAINPURI,166.0,GHIROR,Safe,53.44,15107.25,13596.52,7266.36,
UTTAR PRADESH,MAINPURI,166.0,JAGIR,Semi-critical,79.4,7661.41,6895.27,5474.87,
UTTAR PRADESH,MAINPURI,166.0,KARHAL,Safe,69.29,16184.16,14565.74,10092.14,
UTTAR PRADESH,MAINPURI,166.0,KISHNI,Safe,56.6,11539.32,10385.39,5878.03,
UTTAR PRADESH,MAINPURI,166.0,KURAWALI,Semi-critical,77.91,12047.55,10842.8,8447.93,
UTTAR PRADESH,MAINPURI,166.0,MAINPURI,Semi-critical,88.11,13052.57,11747.31,10350.75,
UTTAR PRADESH,MAINPURI,166.0,SULTANGANJ,Safe,65.37,12513.14,11261.82,7361.94,
UTTAR PRADESH,KUSHI NAGAR,160.0,DUDHAHI,Safe,40.33,13800.52,13110.49,5287.87,
UTTAR PRADESH,KUSHI NAGAR,160.0,FAZIL NAGAR,Safe,66.27,9066.66,8159.99,5407.84,
UTTAR PRADESH,KUSHI NAGAR,160.0,HATA,Safe,47.88,10984.71,9886.24,4733.54,
UTTAR PRADESH,KUSHI NAGAR,160.0,KAPTANGANJ,Safe,59.07,11799.29,10619.36,6273.21,
UTTAR PRADESH,KUSHI NAGAR,160.0,KASYA,Safe,56.57,10397.52,9357.77,5293.26,
UTTAR PRADESH,KUSHI NAGAR,160.0,KHADDA,Safe,44.0,14833.72,13350.34,5873.73,
UTTAR PRADESH,KUSHI NAGAR,160.0,MOTICHAK,Safe,61.44,11252.8,10690.16,6567.96,
UTTAR PRADESH,KUSHI NAGAR,160.0,NEDUA NAURANGIYA,Safe,55.68,14552.98,13097.68,7292.78,
UTTAR PRADESH,KUSHI NAGAR,160.0,PADRAUNA,Safe,44.53,17660.61,15894.55,7078.44,
UTTAR PRADESH,KUSHI NAGAR,160.0,RAMKOLA,Safe,61.98,13523.1,12170.79,7543.27,
UTTAR PRADESH,KUSHI NAGAR,160.0,SIWARHI,Safe,51.37,12618.44,11356.6,5833.58,
UTTAR PRADESH,KUSHI NAGAR,160.0,SUKRAULI,Safe,51.51,11104.48,10549.26,5433.4,
UTTAR PRADESH,KUSHI NAGAR,160.0,TAMKUHI RAJ,Safe,51.89,13101.02,11790.91,6118.57,
UTTAR PRADESH,KUSHI NAGAR,160.0,VISHUNPURWA,Safe,51.75,15251.99,13726.79,7104.12,
UTTAR PRADESH,MEERUT,169.0,DAURALA,Semi-critical,79.15,5764.97,5188.47,4106.79,
UTTAR PRADESH,MEERUT,169.0,HASTINAPUR,Semi-critical,72.06,15251.93,13726.74,9891.81,
UTTAR PRADESH,MEERUT,169.0,JANI,Safe,61.3,8889.7,8000.73,4904.73,
UTTAR PRADESH,MEERUT,169.0,KHARKHODA,Critical,96.26,3782.15,3593.05,3458.61,
UTTAR PRADESH,MEERUT,169.0,MACHHRA,Critical,92.79,6401.56,6081.48,5642.91,
UTTAR PRADESH,MEERUT,169.0,MAWANA KALAN,Semi-critical,86.23,7427.43,6684.68,5764.39,
UTTAR PRADESH,MEERUT,169.0,MEERUT,Semi-critical,84.01,4151.23,3736.11,3138.53,
UTTAR PRADESH,MEERUT,169.0,PARICHHATGARH,Semi-critical,84.98,9907.14,9411.78,7998.33,
UTTAR PRADESH,MEERUT,169.0,RAJPURA,Semi-critical,89.52,4848.2,4363.38,3906.28,
UTTAR PRADESH,MEERUT,169.0,ROHTA,Safe,65.33,5722.32,5436.2,3551.38,
UTTAR PRADESH,MEERUT,169.0,SARDHANA,Safe,65.35,6674.14,6340.43,4143.61,
UTTAR PRADESH,MEERUT,169.0,SARURPUR,Semi-critical,71.09,5188.75,4669.88,3319.97,
UTTAR PRADESH,MEERUT,169.0,MEERUT CITY,Over-exploited,202.05,2315.57,2084.01,4210.72,
UTTAR PRADESH,GHAZIABAD,145.0,BHOJPUR,Over-exploited,131.39,9622.03,8659.83,11378.05,
UTTAR PRADESH,GHAZIABAD,145.0,LONI,Over-exploited,148.27,6568.97,5912.08,8766.08,
UTTAR PRADESH,GHAZIABAD,145.0,MURADNAGAR,Semi-critical,86.9,12888.34,11599.5,10080.16,
UTTAR PRADESH,GHAZIABAD,145.0,RAZAPUR,Over-exploited,116.28,8680.95,7812.85,9084.68,
UTTAR PRADESH,GHAZIABAD,145.0,GAZIABAD CITY,Over-exploited,276.99,3015.14,2713.62,7516.46,
UTTAR PRADESH,FATEHPUR,142.0,AIRAYA,Semi-critical,71.52,6693.0,6358.35,4547.46,
UTTAR PRADESH,FATEHPUR,142.0,AMAULI,Safe,68.43,6751.72,6076.55,4158.19,
UTTAR PRADESH,FATEHPUR,142.0,ASODHAR,Safe,61.06,12121.36,10909.23,6661.19,
UTTAR PRADESH,FATEHPUR,142.0,BAHUA,Semi-critical,70.34,9534.8,8581.32,6036.47,
UTTAR PRADESH,FATEHPUR,142.0,BHITAURA,Semi-critical,89.66,13059.99,12406.99,11124.18,
UTTAR PRADESH,FATEHPUR,142.0,DEOMAI,Safe,67.97,8328.09,7495.28,5094.66,
UTTAR PRADESH,FATEHPUR,142.0,DHATA,Safe,67.19,8823.67,7941.3,5335.5,
UTTAR PRADESH,FATEHPUR,142.0,HASWA,Safe,69.07,8298.1,7468.29,5158.16,
UTTAR PRADESH,FATEHPUR,142.0,HATHGAON,Safe,59.31,10824.47,9742.02,5777.74,
UTTAR PRADESH,FATEHPUR,142.0,KHAJUHA,Semi-critical,74.25,10889.72,9800.74,7277.51,
UTTAR PRADESH,FATEHPUR,142.0,MALAWAN,Safe,64.1,11906.55,11311.22,7250.25,
UTTAR PRADESH,FATEHPUR,142.0,TELYANI,Semi-critical,75.5,8262.61,7436.35,5614.11,
UTTAR PRADESH,FATEHPUR,142.0,VIJAYIPUR,Safe,67.22,9888.76,8899.89,5982.93,
UTTAR PRADESH,KASGANJ,633.0,AMANPUR,Safe,67.1,12538.44,11911.52,7992.3,
UTTAR PRADESH,KASGANJ,633.0,GANJDUNDWARA,Semi-critical,89.82,9006.24,8105.61,7280.38,
UTTAR PRADESH,KASGANJ,633.0,KASGANJ,Semi-critical,87.49,8931.52,8038.37,7032.58,
UTTAR PRADESH,KASGANJ,633.0,PATIYALI,Semi-critical,74.25,8743.25,8306.08,6167.48,
UTTAR PRADESH,KASGANJ,633.0,SAHAWAR,Safe,68.39,9284.78,8820.54,6032.53,
UTTAR PRADESH,KASGANJ,633.0,SIDHPURA,Safe,61.16,12765.62,12127.34,7416.73,
UTTAR PRADESH,KASGANJ,633.0,SORON,Safe,68.15,11156.59,10598.76,7222.78,
UTTAR PRADESH,MORADABAD,171.0,BILARI,Semi-critical,87.69,6625.22,5962.7,5228.63,
UTTAR PRADESH,MORADABAD,171.0,CHHAJLET,Semi-critical,87.8,9617.2,8655.48,7599.85,
UTTAR PRADESH,MORADABAD,171.0,DILARI,Semi-critical,84.57,9383.54,8445.18,7142.0,
UTTAR PRADESH,MORADABAD,171.0,KUNDARKI (DENGAPUR),Semi-critical,86.28,9856.67,9363.83,8078.8,
UTTAR PRADESH,MORADABAD,171.0,MORADABAD,Semi-critical,86.7,7254.56,6529.11,5660.6,
UTTAR PRADESH,MORADABAD,171.0,MUNDAPANDEY,Semi-critical,88.76,7138.6,6424.74,5702.61,
UTTAR PRADESH,MORADABAD,171.0,THAKURDWARA,Safe,59.26,13830.97,12447.88,7376.77,
UTTAR PRADESH,MORADABAD,171.0,BHAGATPUR,Safe,68.88,6182.92,5564.62,3832.71,
UTTAR PRADESH,MORADABAD,171.0,MORADABAD City,Over-exploited,268.83,2131.94,1918.74,5158.06,
UTTAR PRADESH,BARABANKI,129.0,BANI KODAR,Safe,67.62,14684.66,13216.2,8937.02,
UTTAR PRADESH,BARABANKI,129.0,BANKI,Safe,58.02,11210.65,10089.58,5853.92,
UTTAR PRADESH,BARABANKI,129.0,DARIYABAD,Safe,61.38,14515.39,13789.62,8464.2,
UTTAR PRADESH,BARABANKI,129.0,DEWA,Safe,63.87,17044.32,15339.89,9798.27,
UTTAR PRADESH,BARABANKI,129.0,FATEHPUR,Safe,64.66,21972.94,19775.65,12785.96,
UTTAR PRADESH,BARABANKI,129.0,HAIDERGARH,Safe,56.65,12700.81,11430.73,6475.46,
UTTAR PRADESH,BARABANKI,129.0,HARAK,Safe,67.5,12441.63,11197.46,7558.65,
UTTAR PRADESH,BARABANKI,129.0,MASAULI,Safe,68.92,10986.18,9887.57,6814.22,
UTTAR PRADESH,BARABANKI,129.0,NINDAURA,Safe,55.69,16938.7,15244.83,8489.62,
UTTAR PRADESH,BARABANKI,129.0,PURE DALAI,Safe,62.3,10061.4,9055.26,5641.36,
UTTAR PRADESH,BARABANKI,129.0,RAMNAGAR,Safe,60.91,13397.11,12057.4,7344.55,
UTTAR PRADESH,BARABANKI,129.0,SIDDHAUR,Safe,62.75,14713.77,13242.4,8309.47,
UTTAR PRADESH,BARABANKI,129.0,SIRAULI GAUSPUR,Safe,54.51,13508.32,12832.9,6994.76,
UTTAR PRADESH,BARABANKI,129.0,SURATGANJ,Safe,64.24,10182.5,9164.24,5887.23,
UTTAR PRADESH,BARABANKI,129.0,TRIVEDIGANJ,Safe,63.1,16534.5,14881.05,9389.81,
UTTAR PRADESH,SAMBHAL,659.0,ASMOLI,Semi-critical,80.72,5978.7,5380.83,4343.52,
UTTAR PRADESH,SAMBHAL,659.0,BAHJOI,Semi-critical,77.33,5610.42,5049.38,3904.63,
UTTAR PRADESH,SAMBHAL,659.0,BANIAKHERA,Semi-critical,87.59,6868.12,6181.31,5414.15,
UTTAR PRADESH,SAMBHAL,659.0,GUNNAUR,Semi-critical,87.98,5922.75,5626.61,4950.21,
UTTAR PRADESH,SAMBHAL,659.0,JANAWAI,Semi-critical,78.0,6113.19,5807.53,4529.66,
UTTAR PRADESH,SAMBHAL,659.0,PAWANSA,Semi-critical,80.81,8470.07,7623.06,6160.51,
UTTAR PRADESH,SAMBHAL,659.0,RAJPURA,Safe,66.22,6377.5,6058.62,4012.17,
UTTAR PRADESH,SAMBHAL,659.0,SAMBHAL,Semi-critical,84.22,7087.91,6379.12,5372.22,
UTTAR PRADESH,SANT KABIR NAGAR,178.0,BAGHAULI,Safe,65.2,6525.88,5873.29,3829.54,
UTTAR PRADESH,SANT KABIR NAGAR,178.0,HAISAR BAZAR,Safe,60.13,7407.04,6666.34,4008.36,
UTTAR PRADESH,SANT KABIR NAGAR,178.0,KHALILABAD,Safe,65.19,5729.51,5156.56,3361.45,
UTTAR PRADESH,SANT KABIR NAGAR,178.0,MEHDAWAL,Safe,59.64,6380.96,5742.86,3424.79,
UTTAR PRADESH,SANT KABIR NAGAR,178.0,NATH NAGAR,Safe,60.27,7187.92,6469.13,3899.03,
UTTAR PRADESH,SANT KABIR NAGAR,178.0,PAULI,Safe,63.1,4239.56,3815.6,2407.59,
UTTAR PRADESH,SANT KABIR NAGAR,178.0,SANTHA,Safe,68.44,6166.95,5550.26,3798.36,
UTTAR PRADESH,SANT KABIR NAGAR,178.0,SEMARIYAWAN,Safe,65.75,7014.29,6312.86,4150.75,
UTTAR PRADESH,SANT KABIR NAGAR,178.0,VELHAR KALAN,Safe,53.49,3741.63,3367.46,1801.09,
UTTAR PRADESH,LAKHIMPUR KHERI,159.0,BANKEYGANJ,Safe,66.53,18345.26,17428.0,11594.21,
UTTAR PRADESH,LAKHIMPUR KHERI,159.0,BEHJAM,Safe,66.53,19264.14,17337.73,11535.65,
UTTAR PRADESH,LAKHIMPUR KHERI,159.0,BIJUA,Safe,66.79,23299.59,22134.61,14783.94,
UTTAR PRADESH,LAKHIMPUR KHERI,159.0,DHAURAHARA,Safe,67.58,8986.46,8537.14,5769.62,
UTTAR PRADESH,LAKHIMPUR KHERI,159.0,ISANAGAR,Safe,60.7,11260.81,10697.77,6493.33,
UTTAR PRADESH,LAKHIMPUR KHERI,159.0,KUMBHIGOLA,Safe,57.53,16057.87,14452.09,8314.08,
UTTAR PRADESH,LAKHIMPUR KHERI,159.0,LAKHIMPUR,Safe,61.34,13746.91,12372.22,7588.63,
UTTAR PRADESH,LAKHIMPUR KHERI,159.0,MITAULI,Safe,60.6,20766.64,18689.98,11325.35,
UTTAR PRADESH,LAKHIMPUR KHERI,159.0,MOHAMMADI,Safe,60.99,11790.95,10611.86,6472.59,
UTTAR PRADESH,LAKHIMPUR KHERI,159.0,NAKAHA,Safe,58.05,9832.62,9340.99,5422.83,
UTTAR PRADESH,LAKHIMPUR KHERI,159.0,NIGHASAN,Safe,55.75,19784.67,18795.44,10478.65,
UTTAR PRADESH,LAKHIMPUR KHERI,159.0,PALIA,Safe,65.98,14997.25,14247.38,9400.77,
UTTAR PRADESH,LAKHIMPUR KHERI,159.0,PASGAWAN,Safe,52.45,11620.61,11039.58,5790.62,
UTTAR PRADESH,LAKHIMPUR KHERI,159.0,PHULBEHAR,Safe,51.73,14921.63,14175.55,7332.61,
UTTAR PRADESH,LAKHIMPUR KHERI,159.0,RAMIABEHAR,Safe,60.42,17151.15,15436.04,9325.92,
UTTAR PRADESH,SANT RAVIDAS NAGAR,179.0,ABHAULI,Semi-critical,78.72,5798.24,5508.33,4335.96,
UTTAR PRADESH,SANT RAVIDAS NAGAR,179.0,AURAI,Safe,65.45,10376.85,9339.16,6112.07,
UTTAR PRADESH,SANT RAVIDAS NAGAR,179.0,BHADOHI,Semi-critical,81.43,8077.0,7269.3,5919.59,
UTTAR PRADESH,SANT RAVIDAS NAGAR,179.0,DEEGH,Semi-critical,70.99,41656.31,37490.68,26615.91,
UTTAR PRADESH,SANT RAVIDAS NAGAR,179.0,GYANPUR,Semi-critical,78.14,17543.71,15789.33,12337.75,
UTTAR PRADESH,SANT RAVIDAS NAGAR,179.0,SURIYAWAN,Semi-critical,83.49,5119.88,4607.89,3847.17,
UTTAR PRADESH,SHRAWASTI,181.0,GILAULA,Safe,64.72,10879.88,9791.9,6337.55,
UTTAR PRADESH,SHRAWASTI,181.0,HARIHARPUR RANI,Safe,65.57,11387.63,10248.87,6719.93,
UTTAR PRADESH,SHRAWASTI,181.0,IKAUNA,Safe,66.77,10638.35,9574.51,6393.24,
UTTAR PRADESH,SHRAWASTI,181.0,JAMUNAHA,Safe,68.6,12125.66,10913.1,7486.03,
UTTAR PRADESH,SHRAWASTI,181.0,SIRSIYA,Safe,40.76,15294.59,13765.13,5610.43,
UTTAR PRADESH,AMROHA,154.0,DHANAURA,Semi-critical,85.18,10927.24,9834.52,8377.52,
UTTAR PRADESH,AMROHA,154.0,GAJRAULA,Semi-critical,82.36,7041.5,6689.42,5509.51,
UTTAR PRADESH,AMROHA,154.0,HASANPUR,Semi-critical,76.44,8618.52,8187.59,6258.67,
UTTAR PRADESH,AMROHA,154.0,JOYA,Over-exploited,116.44,9044.41,8592.19,10004.39,
UTTAR PRADESH,AMROHA,154.0,AMROHA,Critical,98.85,11026.45,9923.81,9809.41,
UTTAR PRADESH,AMROHA,154.0,GANGESHWARI,Semi-critical,81.3,9573.31,8615.98,7005.14,
UTTAR PRADESH,KANPUR NAGAR,157.0,BHITARGAON,Safe,59.89,8157.21,7341.49,4397.16,
UTTAR PRADESH,KANPUR NAGAR,157.0,BIDHNU,Semi-critical,88.13,9266.63,8339.97,7350.1,
UTTAR PRADESH,KANPUR NAGAR,157.0,BILHAUR,Semi-critical,87.73,7502.18,6751.96,5923.54,
UTTAR PRADESH,KANPUR NAGAR,157.0,CHAUBEPUR,Critical,96.65,9363.34,8895.17,8597.14,
UTTAR PRADESH,KANPUR NAGAR,157.0,GHATAMPUR,Semi-critical,88.6,11126.69,10014.02,8872.17,
UTTAR PRADESH,KANPUR NAGAR,157.0,KAKWAN,Safe,66.5,6504.07,5853.67,3892.54,
UTTAR PRADESH,KANPUR NAGAR,157.0,KALYANPUR,Safe,60.73,9362.04,8425.84,5116.72,
UTTAR PRADESH,KANPUR NAGAR,157.0,PARARA,Safe,69.61,5792.06,5502.46,3830.08,
UTTAR PRADESH,KANPUR NAGAR,157.0,SARSOL,Semi-critical,88.08,7156.02,6798.22,5988.07,
UTTAR PRADESH,KANPUR NAGAR,157.0,SHIVRAJAPUR,Semi-critical,79.1,9196.59,8276.93,6546.84,
UTTAR PRADESH,KANPUR NAGAR,157.0,KANPUR CITY,Over-exploited,102.39,4666.08,4199.48,4299.98,
UTTAR PRADESH,SIDDHARTH NAGAR,182.0,BANSI,Safe,67.13,6397.78,5758.0,3865.35,
UTTAR PRADESH,SIDDHARTH NAGAR,182.0,BARHANI,Safe,56.09,5753.77,5178.4,2904.66,
UTTAR PRADESH,SIDDHARTH NAGAR,182.0,BHANWAPUR,Safe,62.68,9975.79,9477.0,5940.08,
UTTAR PRADESH,SIDDHARTH NAGAR,182.0,BIRDPUR,Safe,62.07,7206.27,6485.64,4025.58,
UTTAR PRADESH,SIDDHARTH NAGAR,182.0,DOMARIAGANJ,Safe,61.62,8977.63,8079.86,4978.44,
UTTAR PRADESH,SIDDHARTH NAGAR,182.0,ITWA,Safe,65.93,8266.75,7853.41,5177.73,
UTTAR PRADESH,SIDDHARTH NAGAR,182.0,JOGIYA,Safe,61.17,6394.36,5754.93,3520.34,
UTTAR PRADESH,SIDDHARTH NAGAR,182.0,KHESRHA,Safe,62.52,6879.77,6191.79,3870.95,
UTTAR PRADESH,SIDDHARTH NAGAR,182.0,KHUNIYAW,Safe,64.99,8794.26,8354.55,5429.76,
UTTAR PRADESH,SIDDHARTH NAGAR,182.0,LOTAN,Safe,67.22,4203.06,3782.75,2542.59,
UTTAR PRADESH,SIDDHARTH NAGAR,182.0,MITHWAL,Safe,54.39,7117.32,6405.59,3483.82,
UTTAR PRADESH,SIDDHARTH NAGAR,182.0,NAUGARH,Safe,62.53,4685.71,4217.14,2637.09,
UTTAR PRADESH,SIDDHARTH NAGAR,182.0,SHOHATGARH,Safe,48.96,6589.32,5930.39,2903.28,
UTTAR PRADESH,SIDDHARTH NAGAR,182.0,USKA BAZAR,Safe,54.99,4627.73,4164.96,2290.13,
UTTAR PRADESH,GHAZIPUR,146.0,BHADAURA,Safe,47.93,8241.33,7417.19,3554.87,
UTTAR PRADESH,GHAZIPUR,146.0,BHANWARKOL,Safe,53.05,6961.34,6265.21,3323.73,
UTTAR PRADESH,GHAZIPUR,146.0,BIRNO,Safe,55.03,5811.74,5230.57,2878.28,
UTTAR PRADESH,GHAZIPUR,146.0,DEOKALI,Safe,59.61,8453.13,7607.82,4534.82,
UTTAR PRADESH,GHAZIPUR,146.0,GHAZIPUR,Safe,57.42,4694.29,4224.86,2425.93,
UTTAR PRADESH,GHAZIPUR,146.0,JAKHANIA,Safe,54.87,5996.73,5397.05,2961.27,
UTTAR PRADESH,GHAZIPUR,146.0,KARANDA,Safe,62.04,4602.83,4142.55,2569.96,
UTTAR PRADESH,GHAZIPUR,146.0,KASIMABAD,Safe,57.49,6093.02,5483.71,3152.77,
UTTAR PRADESH,GHAZIPUR,146.0,MANIHARI,Safe,64.27,9491.98,8542.78,5490.5,
UTTAR PRADESH,GHAZIPUR,146.0,MARADH,Safe,53.66,6091.79,5482.61,2942.14,
UTTAR PRADESH,GHAZIPUR,146.0,MOHAMMADABAD,Safe,54.41,4513.92,4062.53,2210.32,
UTTAR PRADESH,GHAZIPUR,146.0,REVATIPUR,Safe,60.01,7597.61,6837.85,4103.47,
UTTAR PRADESH,GHAZIPUR,146.0,SADAT,Safe,53.4,8892.92,8003.63,4273.85,
UTTAR PRADESH,GHAZIPUR,146.0,SAIDPUR,Semi-critical,75.81,7415.9,6674.31,5060.0,
UTTAR PRADESH,GHAZIPUR,146.0,VARACHAKWAR,Safe,60.82,7103.6,6748.42,4104.45,
UTTAR PRADESH,GHAZIPUR,146.0,ZAMANIA,Safe,33.9,9740.92,8766.83,2972.17,
UTTAR PRADESH,SONBHADRA,184.0,BABHANI,Safe,54.75,2875.21,2587.69,1416.83,
UTTAR PRADESH,SONBHADRA,184.0,CHATRA,Safe,66.78,4406.12,4185.81,2795.34,
UTTAR PRADESH,SONBHADRA,184.0,CHOPAN,Safe,53.83,5406.88,4866.19,2619.57,
UTTAR PRADESH,SONBHADRA,184.0,DUDHI,Semi-critical,76.22,4418.84,3976.95,3031.39,
UTTAR PRADESH,SONBHADRA,184.0,GHORAWAL,Safe,48.68,10347.03,9312.33,4533.24,
UTTAR PRADESH,SONBHADRA,184.0,MYORPUR,Safe,47.66,6944.69,6250.22,2978.94,
UTTAR PRADESH,SONBHADRA,184.0,NAGAWA,Safe,65.64,2897.08,2607.37,1711.43,
UTTAR PRADESH,SONBHADRA,184.0,ROBERTSGANJ,Safe,36.28,15625.85,14063.26,5101.67,
UTTAR PRADESH,SONBHADRA,184.0,KARMA,Safe,31.81,5402.59,4862.33,1546.59,
UTTAR PRADESH,SONBHADRA,184.0,KONE,Safe,57.64,2006.32,1805.69,1040.83,
UTTAR PRADESH,HAMIRPUR,149.0,GOHAND,Semi-critical,84.42,5678.63,5110.76,4314.42,
UTTAR PRADESH,HAMIRPUR,149.0,KURARA,Safe,52.89,5787.83,5209.04,2755.12,
UTTAR PRADESH,HAMIRPUR,149.0,MAUDAHA,Safe,53.59,8157.36,7749.49,4153.14,
UTTAR PRADESH,HAMIRPUR,149.0,MUSKARA,Safe,65.27,5122.04,4609.83,3008.85,
UTTAR PRADESH,HAMIRPUR,149.0,RATH,Safe,61.12,7182.36,6823.24,4170.48,
UTTAR PRADESH,HAMIRPUR,149.0,SARILA,Safe,67.0,6344.83,5710.34,3826.06,
UTTAR PRADESH,HAMIRPUR,149.0,SUMERPUR,Semi-critical,75.52,8330.06,7497.05,5661.94,
UTTAR PRADESH,BALLIA,126.0,BAIRIA KHERA,Safe,64.86,3678.02,3310.21,2147.15,
UTTAR PRADESH,BALLIA,126.0,BANSDIH,Safe,58.36,5249.4,4724.46,2757.14,
UTTAR PRADESH,BALLIA,126.0,BELHARI,Safe,64.43,3698.6,3328.74,2144.87,
UTTAR PRADESH,BALLIA,126.0,BERUAR,Safe,65.99,4532.71,4079.44,2692.04,
UTTAR PRADESH,BALLIA,126.0,CHILKAHAR,Safe,60.72,7770.76,6993.68,4246.47,
UTTAR PRADESH,BALLIA,126.0,DUBAHAND,Safe,69.51,4221.2,3799.08,2640.65,
UTTAR PRADESH,BALLIA,126.0,GARWAR,Safe,63.11,5570.81,5013.73,3164.09,
UTTAR PRADESH,BALLIA,126.0,HANUMANGANJ BRAHMIN,Safe,63.53,4605.53,4144.98,2633.27,
UTTAR PRADESH,BALLIA,126.0,MANIYAR,Safe,67.44,6377.66,5739.9,3871.06,
UTTAR PRADESH,BALLIA,126.0,MURLI CHHAPRA,Safe,61.75,4345.69,3911.12,2415.04,
UTTAR PRADESH,BALLIA,126.0,NAWA NAGAR,Safe,64.3,6261.48,5635.34,3623.66,
UTTAR PRADESH,BALLIA,126.0,NEGARA,Safe,62.95,10601.91,9541.72,6006.8,
UTTAR PRADESH,BALLIA,126.0,PANDAH,Safe,54.1,6879.42,6191.48,3349.84,
UTTAR PRADESH,BALLIA,126.0,RASRA,Safe,68.14,4864.67,4378.2,2983.42,
UTTAR PRADESH,BALLIA,126.0,REOTI,Safe,49.75,4300.98,3870.88,1925.74,
UTTAR PRADESH,BALLIA,126.0,SIAR,Safe,65.08,7766.14,6989.53,4548.68,
UTTAR PRADESH,BALLIA,126.0,SOHAON,Safe,64.65,4693.85,4224.47,2731.03,
UTTAR PRADESH,FARRUKHABAD,141.0,BARHPUR,Semi-critical,85.27,4098.67,3688.8,3145.56,
UTTAR PRADESH,FARRUKHABAD,141.0,KAIMGANJ,Safe,62.88,10500.19,9450.17,5942.54,
UTTAR PRADESH,FARRUKHABAD,141.0,KAMALGANJ,Semi-critical,87.14,6198.83,5888.88,5131.63,
UTTAR PRADESH,FARRUKHABAD,141.0,MOHAMADABAD,Semi-critical,83.07,8247.91,7835.51,6509.02,
UTTAR PRADESH,FARRUKHABAD,141.0,NAWABGANJ,Critical,95.13,5815.78,5234.2,4979.54,
UTTAR PRADESH,FARRUKHABAD,141.0,RAJEPUR,Safe,60.09,8509.58,7658.62,4602.3,
UTTAR PRADESH,FARRUKHABAD,141.0,SHAMSABAD,Safe,69.68,9417.27,8475.55,5905.9,
UTTAR PRADESH,HARDOI,150.0,AHIRORI,Safe,64.2,12640.5,11376.44,7303.96,
UTTAR PRADESH,HARDOI,150.0,BAWAN,Safe,64.96,11220.07,10098.06,6559.2,
UTTAR PRADESH,HARDOI,150.0,BHARAWAN,Safe,54.13,7795.71,7016.14,3797.56,
UTTAR PRADESH,HARDOI,150.0,BHARKHANI,Safe,46.95,9310.48,8844.95,4153.07,
UTTAR PRADESH,HARDOI,150.0,BHENDER KALAN,Safe,69.31,8532.7,8106.07,5617.97,
UTTAR PRADESH,HARDOI,150.0,BILGRAM,Safe,66.41,9943.9,8949.51,5942.94,
UTTAR PRADESH,HARDOI,150.0,HARIYAWAN,Safe,55.36,10658.9,9593.01,5311.02,
UTTAR PRADESH,HARDOI,150.0,HARPALPUR,Safe,60.48,6885.82,6197.24,3747.91,
UTTAR PRADESH,HARDOI,150.0,KACHHAUNA,Safe,61.32,7199.34,6839.37,4194.02,
UTTAR PRADESH,HARDOI,150.0,KOTHAWAN,Safe,60.11,9548.73,9071.29,5452.33,
UTTAR PRADESH,HARDOI,150.0,MADHAVGANJ,Safe,58.52,8389.67,7550.7,4418.73,
UTTAR PRADESH,HARDOI,150.0,MALLAWAN,Safe,57.53,7054.42,6348.98,3652.52,
UTTAR PRADESH,HARDOI,150.0,PIHANI,Safe,66.94,12209.32,10988.39,7355.67,
UTTAR PRADESH,HARDOI,150.0,SANDI,Safe,61.99,7587.66,6828.89,4233.05,
UTTAR PRADESH,HARDOI,150.0,SANDILA,Safe,64.02,8848.78,7963.9,5098.12,
UTTAR PRADESH,HARDOI,150.0,SHAHABAD,Safe,67.89,11312.18,10746.57,7295.58,
UTTAR PRADESH,HARDOI,150.0,SURSA,Safe,58.75,10934.14,10387.43,6102.28,
UTTAR PRADESH,HARDOI,150.0,TADIYAWAN,Safe,69.39,10498.4,9448.56,6556.78,
UTTAR PRADESH,HARDOI,150.0,TODARPUR,Safe,64.89,10349.93,9314.94,6044.63,
UTTAR PRADESH,JALAUN,151.0,DAKOR,Safe,48.53,22953.87,20658.48,10025.86,
UTTAR PRADESH,JALAUN,151.0,JALAUN,Safe,53.55,11646.96,10482.26,5613.06,
UTTAR PRADESH,JALAUN,151.0,KADAURA,Safe,48.38,13093.67,11784.3,5701.5,
UTTAR PRADESH,JALAUN,151.0,KONCH,Safe,62.45,12587.97,11329.17,7075.02,
UTTAR PRADESH,JALAUN,151.0,KUTHOND,Safe,65.27,9625.1,8662.59,5653.97,
UTTAR PRADESH,JALAUN,151.0,MADHOGANJ,Safe,58.4,9292.3,8363.07,4884.08,
UTTAR PRADESH,JALAUN,151.0,MAHEWA,Safe,59.28,11188.28,10069.45,5969.65,
UTTAR PRADESH,JALAUN,151.0,NADIGAON,Safe,51.06,12127.36,10914.62,5572.64,
UTTAR PRADESH,JALAUN,151.0,RAMPURA,Safe,61.23,6299.72,5669.75,3471.81,
UTTAR PRADESH,MUZAFFARNAGAR,172.0,BHAGHARA,Over-exploited,109.77,10004.81,9004.32,9884.26,
UTTAR PRADESH,MUZAFFARNAGAR,172.0,BUDHANA,Critical,99.53,7257.88,6894.98,6862.69,
UTTAR PRADESH,MUZAFFARNAGAR,172.0,CHARTHAWAL,Semi-critical,88.21,11619.65,10457.69,9224.63,
UTTAR PRADESH,MUZAFFARNAGAR,172.0,JANSATH,Safe,61.69,18358.32,17440.4,10759.75,
UTTAR PRADESH,MUZAFFARNAGAR,172.0,KHATAULI,Safe,69.41,16007.49,15207.11,10555.89,
UTTAR PRADESH,MUZAFFARNAGAR,172.0,MORNA,Safe,63.71,15126.91,14370.56,9154.81,
UTTAR PRADESH,MUZAFFARNAGAR,172.0,MUZAFFARNAGAR,Critical,98.45,8094.95,7690.2,7571.15,
UTTAR PRADESH,MUZAFFARNAGAR,172.0,PURQAJI,Safe,68.88,17061.1,16208.05,11164.0,
UTTAR PRADESH,MUZAFFARNAGAR,172.0,SHAHPUR,Critical,94.58,7333.18,6599.86,6242.4,
UTTAR PRADESH,PRAYAGRAJ,120.0,BAHADURPUR,Semi-critical,74.04,7001.99,6301.79,4666.03,
UTTAR PRADESH,PRAYAGRAJ,120.0,BAHARIA,Semi-critical,75.41,5396.35,4856.71,3662.35,
UTTAR PRADESH,PRAYAGRAJ,120.0,CHAKA,Critical,94.88,4649.39,4184.45,3970.02,
UTTAR PRADESH,PRAYAGRAJ,120.0,DHANUPUR,Semi-critical,85.37,6660.12,5994.11,5116.88,
UTTAR PRADESH,PRAYAGRAJ,120.0,HANDIA,Safe,69.03,4995.02,4495.52,3103.16,
UTTAR PRADESH,PRAYAGRAJ,120.0,HOLAGARH,Safe,63.23,5460.4,4914.36,3107.35,
UTTAR PRADESH,PRAYAGRAJ,120.0,JASRA,Safe,54.41,7754.04,6978.63,3797.07,
UTTAR PRADESH,PRAYAGRAJ,120.0,KARCHANA,Safe,69.93,8102.51,7292.26,5099.38,
UTTAR PRADESH,PRAYAGRAJ,120.0,KAUDHIYARA,Safe,59.36,7753.3,6977.97,4141.8,
UTTAR PRADESH,PRAYAGRAJ,120.0,KAURIHAR,Semi-critical,78.28,4463.91,4017.52,3144.97,
UTTAR PRADESH,PRAYAGRAJ,120.0,KORAON,Safe,59.8,10282.94,9254.64,5534.26,
UTTAR PRADESH,PRAYAGRAJ,120.0,MANDA,Safe,57.78,6375.15,5737.64,3315.06,
UTTAR PRADESH,PRAYAGRAJ,120.0,MAUAIMA,Semi-critical,84.61,5929.86,5336.87,4515.27,
UTTAR PRADESH,PRAYAGRAJ,120.0,MEJA,Safe,67.22,6548.83,5893.95,3962.11,
UTTAR PRADESH,PRAYAGRAJ,120.0,PHULPUR,Semi-critical,84.0,5858.92,5273.02,4429.35,
UTTAR PRADESH,PRAYAGRAJ,120.0,PRATAPPUR,Semi-critical,83.29,6934.33,6240.9,5198.26,
UTTAR PRADESH,PRAYAGRAJ,120.0,SAIDABAD,Semi-critical,82.05,5837.96,5254.16,4311.14,
UTTAR PRADESH,PRAYAGRAJ,120.0,SHANKARGARH,Safe,63.32,8170.62,7353.56,4656.53,
UTTAR PRADESH,PRAYAGRAJ,120.0,SORAON,Safe,67.95,4187.67,3768.9,2560.93,
UTTAR PRADESH,PRAYAGRAJ,120.0,URUWAN,Semi-critical,71.16,6117.84,5506.05,3918.21,
UTTAR PRADESH,PRAYAGRAJ,120.0,BHAGWATPUR,Safe,66.56,4506.32,4055.69,2699.53,
UTTAR PRADESH,PRAYAGRAJ,120.0,SAHSON,Critical,96.14,4270.5,3843.45,3695.28,
UTTAR PRADESH,PRAYAGRAJ,120.0,SHRINGVERPUR DHAM,Semi-critical,80.51,3414.72,3073.24,2474.18,
UTTAR PRADESH,PRAYAGRAJ,120.0,PRAYAGRAJ CITY,Over-exploited,187.21,2612.19,2350.97,4401.14,
UTTAR PRADESH,RAMPUR,176.0,BILASPUR,Safe,62.02,26682.45,24014.2,14892.83,
UTTAR PRADESH,RAMPUR,176.0,CHAMRAUWA,Semi-critical,83.31,8515.85,7664.27,6384.78,
UTTAR PRADESH,RAMPUR,176.0,MILAK,Safe,60.29,15605.12,14044.61,8467.65,
UTTAR PRADESH,RAMPUR,176.0,SAID NAGAR,Safe,69.81,6166.08,5857.77,4089.04,
UTTAR PRADESH,RAMPUR,176.0,SAUR,Semi-critical,76.07,17755.93,15980.33,12155.87,
UTTAR PRADESH,RAMPUR,176.0,SHAHABAD,Semi-critical,75.91,10826.95,9744.25,7397.14,
UTTAR PRADESH,SULTANPUR,185.0,AKHAND NAGAR,Safe,63.57,6817.49,6135.74,3900.21,
UTTAR PRADESH,SULTANPUR,185.0,BALDIRAI,Safe,62.47,6992.48,6293.23,3931.34,
UTTAR PRADESH,SULTANPUR,185.0,BHADAIYAN,Safe,65.71,5903.04,5312.74,3490.81,
UTTAR PRADESH,SULTANPUR,185.0,DHANPATGANJ,Safe,65.05,8195.66,7376.1,4798.32,
UTTAR PRADESH,SULTANPUR,185.0,DOSTPUR,Safe,60.7,6980.91,6282.82,3813.47,
UTTAR PRADESH,SULTANPUR,185.0,DUBEPUR,Safe,67.62,7189.82,6470.84,4375.76,
UTTAR PRADESH,SULTANPUR,185.0,JAI SINGHPUR,Safe,67.61,8132.0,7725.39,5222.94,
UTTAR PRADESH,SULTANPUR,185.0,KADIPUR,Safe,55.24,6072.79,5465.51,3018.88,
UTTAR PRADESH,SULTANPUR,185.0,KUREBHAR,Safe,57.53,10564.25,9507.82,5469.54,
UTTAR PRADESH,SULTANPUR,185.0,KURWAR,Safe,63.28,8359.27,7523.34,4760.55,
UTTAR PRADESH,SULTANPUR,185.0,LAMBHUA,Semi-critical,70.67,8607.18,7746.46,5474.56,
UTTAR PRADESH,SULTANPUR,185.0,MOTIGARPUR,Safe,68.31,3934.87,3541.38,2419.13,
UTTAR PRADESH,SULTANPUR,185.0,P.P. KANNAICHA,Safe,66.23,4830.64,4347.57,2879.3,
UTTAR PRADESH,SULTANPUR,185.0,KARONDIKALA,Safe,49.85,3621.69,3259.52,1624.75,
WEST BENGAL,PURBA BARDDHAMAN,306.0,KATWA-II,Safe,53.64,6010.15,48151.31,3062.54,
WEST BENGAL,PURBA BARDDHAMAN,306.0,AUSGRAM-I,Safe,41.79,8258.42,53367.32,3181.17,
WEST BENGAL,PURBA BARDDHAMAN,306.0,AUSGRAM-II,Safe,33.45,13361.85,69149.77,4022.78,
WEST BENGAL,PURBA BARDDHAMAN,306.0,BHATAR,Safe,48.8,11862.81,63771.25,5210.11,
WEST BENGAL,PURBA BARDDHAMAN,306.0,BURDWAN-I,Safe,38.8,10687.68,78788.63,3732.48,
WEST BENGAL,PURBA BARDDHAMAN,306.0,JAMALPUR,Safe,63.43,11177.08,78126.85,6381.16,
WEST BENGAL,PURBA BARDDHAMAN,306.0,MEMARI-II,Safe,45.08,7684.34,43874.61,3117.39,
WEST BENGAL,PURBA BARDDHAMAN,306.0,RAINA-I,Safe,50.13,10306.32,69486.27,4649.68,
WEST BENGAL,PURBA BARDDHAMAN,306.0,RAINA-II,Safe,58.03,8896.12,36945.61,4646.42,
WEST BENGAL,PURBA BARDDHAMAN,306.0,MANGOLKOTE,Semi-critical,77.72,12372.79,44083.58,8654.46,
WEST BENGAL,PURBA BARDDHAMAN,306.0,KALNA-II,Safe,62.61,7447.56,58192.66,4196.57,
WEST BENGAL,PURBA BARDDHAMAN,306.0,PURBASTHALI-I,Safe,39.83,5891.12,47789.1,2111.58,
WEST BENGAL,PURBA BARDDHAMAN,306.0,GALSI-II,Safe,27.35,7957.32,77247.59,1958.8,
WEST BENGAL,PURBA BARDDHAMAN,306.0,GALSI-I,Safe,24.07,7046.18,107858.81,1611.53,
WEST BENGAL,PURBA BARDDHAMAN,306.0,KALNA-I,Safe,48.32,6883.56,56306.91,3159.81,
WEST BENGAL,PURBA BARDDHAMAN,306.0,MEMARI-I,Semi-critical,73.71,8430.69,61935.64,5593.21,
WEST BENGAL,PURBA BARDDHAMAN,306.0,KETUGRAM-II,Safe,30.34,4369.18,28837.77,1230.95,
WEST BENGAL,PURBA BARDDHAMAN,306.0,BURDWAN-II,Semi-critical,82.46,9119.05,69677.87,6767.86,
WEST BENGAL,PURBA BARDDHAMAN,306.0,MANTESWAR,Semi-critical,86.69,10780.65,39269.39,8411.07,
WEST BENGAL,PURBA BARDDHAMAN,306.0,KATWA-I,Safe,41.66,6508.29,36456.13,2440.31,
WEST BENGAL,PURBA BARDDHAMAN,306.0,KETUGRAM-I,Safe,47.41,5285.09,23732.47,2254.86,
WEST BENGAL,PURBA BARDDHAMAN,306.0,PURBASTHALI-II,Semi-critical,77.04,8199.39,61640.99,6001.06,
WEST BENGAL,PURBA BARDDHAMAN,306.0,KHANDAGHOSH,Safe,54.77,10713.07,56076.11,5280.84,
WEST BENGAL,MURSHIDABAD,319.0,BELDANGA-II,Safe,48.2,8186.74,81180.03,3748.65,
WEST BENGAL,MURSHIDABAD,319.0,BHAGAWANGOLA-I,Semi-critical,82.72,5355.25,54505.76,4208.25,
WEST BENGAL,MURSHIDABAD,319.0,HARIHARPARA,Safe,62.6,10135.54,98243.97,6027.83,
WEST BENGAL,MURSHIDABAD,319.0,JALANGI,Safe,54.18,5149.41,47611.65,2510.92,
WEST BENGAL,MURSHIDABAD,319.0,KANDI,Safe,49.83,7686.22,30978.03,3638.53,
WEST BENGAL,MURSHIDABAD,319.0,SUTI-I,Safe,35.89,4320.35,35768.74,1473.2,
WEST BENGAL,MURSHIDABAD,319.0,BHAGAWANGOLA-II,Safe,61.21,6200.34,57120.65,3415.57,
WEST BENGAL,MURSHIDABAD,319.0,NAWDA,Semi-critical,75.36,10891.22,86033.06,7387.01,
WEST BENGAL,MURSHIDABAD,319.0,BHARATPUR-I,Safe,46.1,5603.64,32313.2,2325.18,
WEST BENGAL,MURSHIDABAD,319.0,RANINAGAR-II,Semi-critical,71.58,7646.2,69117.0,5199.76,
WEST BENGAL,MURSHIDABAD,319.0,BHARATPUR-II,Safe,25.33,4273.52,24887.35,974.29,
WEST BENGAL,MURSHIDABAD,319.0,BURWAN,Safe,56.54,8229.52,32666.85,4187.36,
WEST BENGAL,MURSHIDABAD,319.0,FARAKKA,Safe,14.92,6250.05,35726.53,885.83,
WEST BENGAL,MURSHIDABAD,319.0,LALGOLA,Safe,55.21,7273.18,64932.15,3614.07,
WEST BENGAL,MURSHIDABAD,319.0,RAGUNATHGANJ-II,Safe,35.2,3983.59,51373.66,1332.07,
WEST BENGAL,MURSHIDABAD,319.0,SAMSERGANJ,Safe,48.65,2534.86,24251.82,1171.57,
WEST BENGAL,MURSHIDABAD,319.0,BERHAMPORE,Safe,69.41,14467.49,111425.05,9037.59,
WEST BENGAL,MURSHIDABAD,319.0,BELDANGA-I,Safe,65.6,7410.17,68291.87,4618.04,
WEST BENGAL,MURSHIDABAD,319.0,SUTI-II,Safe,64.37,2685.55,25417.13,1555.82,
WEST BENGAL,MURSHIDABAD,319.0,NABAGRAM,Safe,60.62,9300.22,31335.56,5074.27,
WEST BENGAL,MURSHIDABAD,319.0,SAGARDIGHI,Safe,65.28,10986.82,34924.81,6455.15,
WEST BENGAL,MURSHIDABAD,319.0,KHARGRAM,Safe,56.85,12193.67,39984.63,6586.01,
WEST BENGAL,MURSHIDABAD,319.0,RAGUNATHGANJ-I,Safe,68.83,4146.33,20419.03,2681.37,
WEST BENGAL,MURSHIDABAD,319.0,RANINAGAR-I,Critical,95.66,8637.89,67656.24,7849.68,
WEST BENGAL,MURSHIDABAD,319.0,MURSHIDABAD JIAGANJ,Semi-critical,74.37,8570.73,81623.16,6054.98,
WEST BENGAL,MURSHIDABAD,319.0,DOMKAL,Safe,56.37,9821.73,118840.15,5259.29,
WEST BENGAL,JHARGRAM,703.0,BINPUR-I,Safe,45.94,13355.69,51109.16,5828.91,
WEST BENGAL,JHARGRAM,703.0,GOPIBALLAVPUR-II,Safe,38.87,5913.56,38033.27,2180.57,
WEST BENGAL,JHARGRAM,703.0,JAMBONI,Safe,14.47,10833.66,45181.75,1487.35,
WEST BENGAL,JHARGRAM,703.0,JHARGRAM,Safe,14.48,19273.27,67859.69,2511.79,
WEST BENGAL,JHARGRAM,703.0,NAYAGRAM,Safe,4.14,16679.51,110616.11,620.89,
WEST BENGAL,JHARGRAM,703.0,SAKRAIL,Safe,51.03,11265.83,54410.63,5174.47,
WEST BENGAL,JHARGRAM,703.0,GOPIBALLAVPUR-I,Safe,60.13,8995.18,61151.72,5138.03,
WEST BENGAL,JHARGRAM,703.0,BINPUR-II,Safe,6.42,15137.23,83566.49,874.69,
WEST BENGAL,NORTH 24 PARGANAS,303.0,BADURIA,Semi-critical,76.8,9626.08,82992.45,7022.91,
WEST BENGAL,NORTH 24 PARGANAS,303.0,HASNABAD,Saline,-100000.0,0.0,0.0,0.0,Saline
WEST BENGAL,NORTH 24 PARGANAS,303.0,BASIRHAT-II,Safe,41.86,7765.43,44447.06,2925.53,
WEST BENGAL,NORTH 24 PARGANAS,303.0,HINGALGANJ,Saline,-100000.0,0.0,0.0,0.0,Saline
WEST BENGAL,NORTH 24 PARGANAS,303.0,BAGDA,Semi-critical,88.94,13636.93,137377.67,10916.02,
WEST BENGAL,NORTH 24 PARGANAS,303.0,BARASAT-I,Semi-critical,82.12,5233.25,43426.96,3867.59,
WEST BENGAL,NORTH 24 PARGANAS,303.0,BARRACKPUR-I,Safe,45.86,3634.81,38679.59,1583.67,
WEST BENGAL,NORTH 24 PARGANAS,303.0,BARRACKPUR-II,Safe,20.28,12249.38,116209.56,2359.65,
WEST BENGAL,NORTH 24 PARGANAS,303.0,BASIRHAT-I,Critical,91.65,6608.99,34730.34,5451.29,
WEST BENGAL,NORTH 24 PARGANAS,303.0,DEGANGA,Critical,90.38,11850.9,117457.46,10175.13,
WEST BENGAL,NORTH 24 PARGANAS,303.0,HABRA-I,Critical,90.9,6921.25,66248.9,5662.45,
WEST BENGAL,NORTH 24 PARGANAS,303.0,HABRA-II,Safe,52.37,5358.63,54504.83,2525.87,
WEST BENGAL,NORTH 24 PARGANAS,303.0,MINAKHAN,Saline,-100000.0,0.0,0.0,0.0,Saline
WEST BENGAL,NORTH 24 PARGANAS,303.0,RAJARHAT,Semi-critical,72.76,3901.83,40213.89,2697.01,
WEST BENGAL,NORTH 24 PARGANAS,303.0,SANDESHKHALI-I,Saline,-100000.0,0.0,0.0,0.0,Saline
WEST BENGAL,NORTH 24 PARGANAS,303.0,SANDESHKHALI-II,Saline,-100000.0,0.0,0.0,0.0,Saline
WEST BENGAL,NORTH 24 PARGANAS,303.0,SWARUPNAGAR,Semi-critical,72.13,12297.66,123376.55,8426.27,
WEST BENGAL,NORTH 24 PARGANAS,303.0,GAIGHATA,Semi-critical,85.92,14359.57,172292.9,11104.53,
WEST BENGAL,NORTH 24 PARGANAS,303.0,BONGAON,Critical,92.58,20831.15,200266.18,18321.4,
WEST BENGAL,NORTH 24 PARGANAS,303.0,HAROA,Safe,12.55,10778.79,73165.72,1217.81,
WEST BENGAL,NORTH 24 PARGANAS,303.0,BARASAT-II,Safe,52.21,6805.1,35705.98,3197.61,
WEST BENGAL,NORTH 24 PARGANAS,303.0,AMDANGA,Safe,41.63,6272.37,74007.11,2350.17,
WEST BENGAL,KOCH BIHAR,308.0,DINHATA-I,Safe,69.17,19171.76,448132.1,11935.23,
WEST BENGAL,KOCH BIHAR,308.0,COOCHBEHAR-I,Safe,63.29,24252.27,587789.98,13814.01,
WEST BENGAL,KOCH BIHAR,308.0,COOCHBEHAR-II,Safe,26.48,20904.9,608245.41,4981.21,
WEST BENGAL,KOCH BIHAR,308.0,MATHABHANGA-I,Safe,27.84,17770.4,510090.8,4451.89,
WEST BENGAL,KOCH BIHAR,308.0,MEKLIGANJ,Safe,41.95,18049.31,485412.6,6815.29,
WEST BENGAL,KOCH BIHAR,308.0,SITAI,Safe,53.47,10042.66,252822.21,4832.53,
WEST BENGAL,KOCH BIHAR,308.0,SITALKUCHI,Safe,59.86,16899.01,419810.52,9103.61,
WEST BENGAL,KOCH BIHAR,308.0,TUFANGANJ-I,Safe,27.33,17548.84,497904.37,4316.03,
WEST BENGAL,KOCH BIHAR,308.0,TUFANGANJ-II,Safe,39.18,15439.08,419423.14,5444.81,
WEST BENGAL,KOCH BIHAR,308.0,DINHATA-II,Safe,45.98,14934.57,390836.43,6179.92,
WEST BENGAL,KOCH BIHAR,308.0,HALDIBARI,Safe,42.27,9494.72,261354.55,3611.97,
WEST BENGAL,KOCH BIHAR,308.0,MATHABHANGA-II,Safe,62.12,20258.27,491264.79,11326.35,
WEST BENGAL,MALDA,316.0,ENGLISH BAZAR,Safe,21.18,9002.02,139652.14,1715.73,
WEST BENGAL,MALDA,316.0,HARISCHANDRAPUR-I,Safe,54.31,5837.94,155814.18,3012.22,
WEST BENGAL,MALDA,316.0,BAMANGOLA,Safe,16.46,6756.19,103717.09,1000.81,
WEST BENGAL,MALDA,316.0,CHANCHAL-I,Safe,44.08,5642.78,89922.51,2363.17,
WEST BENGAL,MALDA,316.0,CHANCHAL-II,Safe,34.5,6607.98,113674.95,2165.52,
WEST BENGAL,MALDA,316.0,HABIBPUR,Safe,16.8,14459.72,127098.98,2185.83,
WEST BENGAL,MALDA,316.0,HARISCHANDRAPUR-II,Safe,55.07,8792.57,194559.36,4357.58,
WEST BENGAL,MALDA,316.0,KALIACHAK-II,Safe,30.61,7596.14,190194.9,2209.09,
WEST BENGAL,MALDA,316.0,KALIACHAK-III,Safe,47.36,5737.84,98602.68,2445.69,
WEST BENGAL,MALDA,316.0,MANIKCHAK,Safe,15.96,10365.68,215374.94,1489.26,
WEST BENGAL,MALDA,316.0,OLD MALDA,Safe,25.56,8205.58,116857.85,1887.59,
WEST BENGAL,MALDA,316.0,RATUA-I,Safe,42.48,8216.56,151824.35,3141.07,
WEST BENGAL,MALDA,316.0,RATUA-II,Safe,68.57,4678.05,55578.87,2887.16,
WEST BENGAL,MALDA,316.0,KALIACHAK-I,Safe,60.53,4599.93,98447.42,2645.16,
WEST BENGAL,MALDA,316.0,GAZOLE,Safe,37.41,11707.02,114212.79,3941.44,
WEST BENGAL,PASCHIM BARDDHAMAN,704.0,ANDAL,Safe,37.87,1995.93,25920.13,680.27,
WEST BENGAL,PASCHIM BARDDHAMAN,704.0,BARABANI,Safe,53.16,6475.17,74323.82,3097.77,
WEST BENGAL,PASCHIM BARDDHAMAN,704.0,DURGAPUR-FARIDPUR,Safe,65.68,3240.77,41828.76,1915.75,
WEST BENGAL,PASCHIM BARDDHAMAN,704.0,SALANPUR,Safe,55.19,2912.04,30036.87,1446.49,
WEST BENGAL,PASCHIM BARDDHAMAN,704.0,KANKSA,Safe,64.06,3005.53,26383.8,1732.68,
WEST BENGAL,PASCHIM BARDDHAMAN,704.0,JAMURIA,Safe,64.44,4412.23,72422.04,2700.98,
WEST BENGAL,PASCHIM BARDDHAMAN,704.0,RANIGANJ,Safe,69.73,2040.08,20515.36,1280.37,
WEST BENGAL,PASCHIM BARDDHAMAN,704.0,PANDABESWAR,Safe,39.92,1921.65,25992.21,728.71,
WEST BENGAL,KALIMPONG,702.0,GORUBATHAN,Safe,2.55,1647.22,54606.5,37.73,
WEST BENGAL,KALIMPONG,702.0,KALIMPONG-II,Safe,3.3,961.27,24990.14,28.54,
WEST BENGAL,KALIMPONG,702.0,KALIMPONG-I,Safe,3.83,1475.92,38288.33,50.92,
WEST BENGAL,ALIPURDUAR,664.0,ALIPURDUAR-I,Safe,6.74,24338.94,598452.19,1476.45,
WEST BENGAL,ALIPURDUAR,664.0,ALIPURDUAR-II,Safe,31.77,19491.18,520404.77,5572.67,
WEST BENGAL,ALIPURDUAR,664.0,FALAKATA,Safe,12.58,19195.95,522901.39,2173.88,
WEST BENGAL,ALIPURDUAR,664.0,KUMARGRAM,Safe,7.68,27708.88,504972.31,1914.69,
WEST BENGAL,ALIPURDUAR,664.0,KALCHINI,Safe,6.21,22194.46,405553.61,1240.46,
WEST BENGAL,ALIPURDUAR,664.0,MADARIHAT,Safe,6.07,19969.06,368735.72,1090.59,
WEST BENGAL,UTTAR DINAJPUR,311.0,CHOPRA,Safe,38.95,15738.18,492634.1,5517.71,
WEST BENGAL,UTTAR DINAJPUR,311.0,ISLAMPUR,Safe,58.27,11793.79,310668.36,6185.07,
WEST BENGAL,UTTAR DINAJPUR,311.0,KALIAGANJ,Safe,23.73,10887.1,192366.71,2454.5,
WEST BENGAL,UTTAR DINAJPUR,311.0,RAIGANJ,Safe,49.18,16925.57,303989.61,7491.36,
WEST BENGAL,UTTAR DINAJPUR,311.0,HEMTABAD,Safe,26.7,7262.55,157771.22,1841.83,
WEST BENGAL,UTTAR DINAJPUR,311.0,ITAHAR,Safe,35.78,16744.19,219939.63,5691.91,
WEST BENGAL,UTTAR DINAJPUR,311.0,GOALPOKHAR-II,Safe,67.26,11963.38,259028.62,7242.38,
WEST BENGAL,UTTAR DINAJPUR,311.0,GOALPOKHAR-I,Safe,67.62,14578.18,281717.19,8872.12,
WEST BENGAL,UTTAR DINAJPUR,311.0,KARANDIGHI,Safe,53.43,15390.44,261102.1,7400.86,
WEST BENGAL,SOUTH 24 PARGANAS,304.0,MAGRAHAT-I,Saline,-100000.0,0.0,0.0,0.0,Saline
WEST BENGAL,SOUTH 24 PARGANAS,304.0,BASANTI,Saline,-100000.0,0.0,0.0,0.0,Saline
WEST BENGAL,SOUTH 24 PARGANAS,304.0,BHANGAR-I,Saline,-100000.0,0.0,0.0,0.0,Saline
WEST BENGAL,SOUTH 24 PARGANAS,304.0,BHANGAR-II,Saline,-100000.0,0.0,0.0,0.0,Saline
WEST BENGAL,SOUTH 24 PARGANAS,304.0,BUDGE BUDGE-I,Saline,-100000.0,0.0,0.0,0.0,Saline
WEST BENGAL,SOUTH 24 PARGANAS,304.0,BUDGE BUDGE-II,Saline,-100000.0,0.0,0.0,0.0,Saline
WEST BENGAL,SOUTH 24 PARGANAS,304.0,CANNING-I,Saline,-100000.0,0.0,0.0,0.0,Saline
WEST BENGAL,SOUTH 24 PARGANAS,304.0,GOSABA,Saline,-100000.0,0.0,0.0,0.0,Saline
WEST BENGAL,SOUTH 24 PARGANAS,304.0,JAYNAGAR-I,Saline,-100000.0,0.0,0.0,0.0,Saline
WEST BENGAL,SOUTH 24 PARGANAS,304.0,JAYNAGAR-II,Saline,-100000.0,0.0,0.0,0.0,Saline
WEST BENGAL,SOUTH 24 PARGANAS,304.0,KAKDWIP,Saline,-100000.0,0.0,0.0,0.0,Saline
WEST BENGAL,SOUTH 24 PARGANAS,304.0,KULPI,Saline,-100000.0,0.0,0.0,0.0,Saline
WEST BENGAL,SOUTH 24 PARGANAS,304.0,MANDIRBAZAR,Saline,-100000.0,0.0,0.0,0.0,Saline
WEST BENGAL,SOUTH 24 PARGANAS,304.0,MATHURAPUR-II,Saline,-100000.0,0.0,0.0,0.0,Saline
WEST BENGAL,SOUTH 24 PARGANAS,304.0,NAMKHANA,Saline,-100000.0,0.0,0.0,0.0,Saline
WEST BENGAL,SOUTH 24 PARGANAS,304.0,SAGAR,Saline,-100000.0,0.0,0.0,0.0,Saline
WEST BENGAL,SOUTH 24 PARGANAS,304.0,THAKURPUKUR MAHESTALA,Saline,-100000.0,0.0,0.0,0.0,Saline
WEST BENGAL,SOUTH 24 PARGANAS,304.0,BARUIPUR,Saline,-100000.0,0.0,0.0,0.0,Saline
WEST BENGAL,SOUTH 24 PARGANAS,304.0,BISHNUPUR-I,Saline,-100000.0,0.0,0.0,0.0,Saline
WEST BENGAL,SOUTH 24 PARGANAS,304.0,DIAMOND HARBOUR-I,Saline,-100000.0,0.0,0.0,0.0,Saline
WEST BENGAL,SOUTH 24 PARGANAS,304.0,MAGRAHAT-II,Saline,-100000.0,0.0,0.0,0.0,Saline
WEST BENGAL,SOUTH 24 PARGANAS,304.0,CANNING-II,Saline,-100000.0,0.0,0.0,0.0,Saline
WEST BENGAL,SOUTH 24 PARGANAS,304.0,MATHURAPUR-I,Saline,-100000.0,0.0,0.0,0.0,Saline
WEST BENGAL,SOUTH 24 PARGANAS,304.0,BISHNUPUR-II,Saline,-100000.0,0.0,0.0,0.0,Saline
WEST BENGAL,SOUTH 24 PARGANAS,304.0,FALTA,Saline,-100000.0,0.0,0.0,0.0,Saline
WEST BENGAL,SOUTH 24 PARGANAS,304.0,SONARPUR,Saline,-100000.0,0.0,0.0,0.0,Saline
WEST BENGAL,SOUTH 24 PARGANAS,304.0,DIAMOND HARBOUR-II,Saline,-100000.0,0.0,0.0,0.0,Saline
WEST BENGAL,SOUTH 24 PARGANAS,304.0,KULTALI,Saline,-100000.0,0.0,0.0,0.0,Saline
WEST BENGAL,SOUTH 24 PARGANAS,304.0,PATHARPRATIMA,Saline,-100000.0,0.0,0.0,0.0,Saline
WEST BENGAL,DARJILING,309.0,JOREBUNGLOW SUKIAPOKHRI,Safe,7.0,889.12,27422.21,56.02,
WEST BENGAL,DARJILING,309.0,KHARIBARI,Safe,16.41,6717.72,95541.22,992.26,
WEST BENGAL,DARJILING,309.0,DARJEELING PULBAZAR,Safe,8.78,1554.21,52212.79,122.76,
WEST BENGAL,DARJILING,309.0,KURSEONG,Safe,6.6,1245.26,38063.46,74.02,
WEST BENGAL,DARJILING,309.0,MIRIK,Safe,10.34,400.9,12090.66,37.32,
WEST BENGAL,DARJILING,309.0,NAXALBARI,Safe,4.31,8784.58,122569.02,340.56,
WEST BENGAL,DARJILING,309.0,RANGLI RANGLIOT,Safe,4.6,982.97,33644.67,40.73,
WEST BENGAL,DARJILING,309.0,MATIGARA,Safe,6.04,7162.2,96667.05,389.38,
WEST BENGAL,DARJILING,309.0,PHANSIDEWA,Safe,12.62,14635.56,202167.29,1662.41,
WEST BENGAL,HUGLI,312.0,DHANIAKHALI,Safe,30.32,11532.21,97674.72,3146.78,
WEST BENGAL,HUGLI,312.0,HARIPAL,Safe,53.36,7809.33,62575.7,3750.16,
WEST BENGAL,HUGLI,312.0,ARAMBAG,Safe,57.61,11642.02,95953.52,6035.95,
WEST BENGAL,HUGLI,312.0,BALAGARH,Semi-critical,84.1,9680.98,87860.77,7734.35,
WEST BENGAL,HUGLI,312.0,CHANDITALA-I,Safe,46.31,3752.71,30853.98,1564.18,
WEST BENGAL,HUGLI,312.0,CHANDITALA-II,Safe,33.78,2655.91,21864.93,807.52,
WEST BENGAL,HUGLI,312.0,CHINSURAH-MAGRA,Safe,60.28,3112.39,32229.4,1714.59,
WEST BENGAL,HUGLI,312.0,GOGHAT-I,Safe,52.35,7972.1,45975.66,3755.92,
WEST BENGAL,HUGLI,312.0,GOGHAT-II,Semi-critical,78.83,8178.68,36484.04,6124.58,
WEST BENGAL,HUGLI,312.0,JANGIPARA,Safe,67.56,7600.02,52538.0,4620.78,
WEST BENGAL,HUGLI,312.0,KHANAKUL-I,Safe,55.27,7303.54,54149.66,3633.01,
WEST BENGAL,HUGLI,312.0,PANDUA,Safe,50.51,11708.13,89044.08,5322.34,
WEST BENGAL,HUGLI,312.0,PURSURA,Safe,57.95,4343.24,32148.22,2265.19,
WEST BENGAL,HUGLI,312.0,SERAMPUR UTTARPARA,Semi-critical,75.53,1560.7,15866.69,1119.79,
WEST BENGAL,HUGLI,312.0,TARAKESWAR,Safe,43.72,4807.38,38618.95,1891.57,
WEST BENGAL,HUGLI,312.0,KHANAKUL-II,Safe,16.68,4541.48,40291.35,681.88,
WEST BENGAL,HUGLI,312.0,SINGUR,Safe,59.98,6783.58,52822.39,3661.63,
WEST BENGAL,HUGLI,312.0,POLBA-DADPUR,Safe,54.2,12722.47,94380.31,6206.21,
WEST BENGAL,PURULIYA,321.0,ARSHA,Safe,17.99,2896.94,10628.23,469.03,
WEST BENGAL,PURULIYA,321.0,BAGMUNDI,Safe,15.31,3107.26,11750.1,428.17,
WEST BENGAL,PURULIYA,321.0,BUNDWAN,Safe,10.76,2770.58,9376.63,268.3,
WEST BENGAL,PURULIYA,321.0,HURA,Safe,14.26,3250.88,11220.51,417.2,
WEST BENGAL,PURULIYA,321.0,JAIPUR,Safe,67.46,3011.84,7846.45,1828.56,
WEST BENGAL,PURULIYA,321.0,JHALDA-I,Safe,26.64,2721.72,9367.04,652.47,
WEST BENGAL,PURULIYA,321.0,JHALDA-II,Safe,27.66,2379.18,7391.49,592.33,
WEST BENGAL,PURULIYA,321.0,NETURIA,Safe,4.11,8509.95,12354.1,314.8,
WEST BENGAL,PURULIYA,321.0,PARA,Safe,19.76,2932.35,9179.12,521.45,
WEST BENGAL,PURULIYA,321.0,PUNCHA,Safe,13.05,3038.54,9722.46,356.84,
WEST BENGAL,PURULIYA,321.0,PURULIA-II,Safe,20.56,2635.87,9190.45,487.82,
WEST BENGAL,PURULIYA,321.0,RAGHUNATHPUR-I,Safe,11.66,3464.12,7757.35,363.57,
WEST BENGAL,PURULIYA,321.0,RAGHUNATHPUR-II,Safe,9.82,3763.72,7676.59,332.59,
WEST BENGAL,PURULIYA,321.0,SANTURI,Safe,13.79,1800.58,5651.69,223.4,
WEST BENGAL,PURULIYA,321.0,BALARAMPUR,Safe,17.77,2389.27,8784.74,382.04,
WEST BENGAL,PURULIYA,321.0,PURULIA-I,Safe,31.33,2194.34,8185.36,618.67,
WEST BENGAL,PURULIYA,321.0,BARABAZAR,Safe,16.74,3383.1,11659.75,509.82,
WEST BENGAL,PURULIYA,321.0,MANBAZAR-I,Safe,3.74,13123.56,19845.23,441.67,
WEST BENGAL,PURULIYA,321.0,KASHIPUR,Safe,13.44,4090.93,13343.48,494.72,
WEST BENGAL,PURULIYA,321.0,MANBAZAR-II,Safe,3.61,8926.36,13749.36,290.32,
WEST BENGAL,KOLKATTA,315.0,KMC,Saline,-100000.0,0.0,0.0,0.0,Saline
WEST BENGAL,HAORA,313.0,AMTA-II,Safe,16.66,4380.61,46068.11,693.15,
WEST BENGAL,HAORA,313.0,BAGNAN-I,Saline,-100000.0,0.0,0.0,0.0,Saline
WEST BENGAL,HAORA,313.0,BAGNAN-II,Saline,-100000.0,0.0,0.0,0.0,Saline
WEST BENGAL,HAORA,313.0,BALLY JAGACHHA,Saline,-100000.0,0.0,0.0,0.0,Saline
WEST BENGAL,HAORA,313.0,DOMJUR,Safe,30.5,4035.69,27620.25,1169.41,
WEST BENGAL,HAORA,313.0,JAGATBALLAVPUR,Safe,20.46,4393.8,45657.0,839.8,
WEST BENGAL,HAORA,313.0,PANCHLA,Saline,-100000.0,0.0,0.0,0.0,Saline
WEST BENGAL,HAORA,313.0,SANKRAIL,Saline,-100000.0,0.0,0.0,0.0,Saline
WEST BENGAL,HAORA,313.0,SHYAMPUR-I,Saline,-100000.0,0.0,0.0,0.0,Saline
WEST BENGAL,HAORA,313.0,SHYAMPUR-II,Saline,-100000.0,0.0,0.0,0.0,Saline
WEST BENGAL,HAORA,313.0,UDAYNARAYANPUR,Safe,36.6,5223.62,38046.82,1720.56,
WEST BENGAL,HAORA,313.0,ULUBERIA-II,Saline,-100000.0,0.0,0.0,0.0,Saline
WEST BENGAL,HAORA,313.0,ULUBERIA-I,Saline,-100000.0,0.0,0.0,0.0,Saline
WEST BENGAL,HAORA,313.0,AMTA-I,Safe,16.65,4856.23,34162.34,727.52,
WEST BENGAL,BANKURA,305.0,RANIBUNDH,Safe,3.37,13530.38,21111.77,410.4,
WEST BENGAL,BANKURA,305.0,INDPUR,Safe,16.29,3042.91,8622.07,446.03,
WEST BENGAL,BANKURA,305.0,RAIPUR,Safe,50.25,4216.77,20522.51,1907.07,
WEST BENGAL,BANKURA,305.0,JAYPUR,Safe,54.18,10697.37,52527.93,5215.77,
WEST BENGAL,BANKURA,305.0,KHATRA,Safe,5.07,5588.99,10223.79,255.24,
WEST BENGAL,BANKURA,305.0,TALDANGRA,Safe,17.29,9170.21,57524.05,1486.73,
WEST BENGAL,BANKURA,305.0,BANKURA-I,Safe,24.73,2173.16,6310.67,483.72,
WEST BENGAL,BANKURA,305.0,BANKURA-II,Safe,27.24,2798.33,7466.19,685.93,
WEST BENGAL,BANKURA,305.0,HIRBANDH,Safe,3.0,8614.48,11841.89,232.45,
WEST BENGAL,BANKURA,305.0,INDUS,Safe,64.92,10427.67,40748.67,6092.98,
WEST BENGAL,BANKURA,305.0,MEJHIA,Safe,16.9,3887.13,10466.0,591.22,
WEST BENGAL,BANKURA,305.0,ONDA,Safe,59.43,15139.39,115144.65,8510.06,
WEST BENGAL,BANKURA,305.0,PATRASAYER,Safe,45.12,11207.94,118726.21,4551.6,
WEST BENGAL,BANKURA,305.0,SALTORA,Safe,14.27,3154.29,12142.43,405.16,
WEST BENGAL,BANKURA,305.0,SARENGA,Safe,42.35,6012.92,32990.28,2291.99,
WEST BENGAL,BANKURA,305.0,SIMLAPAL,Safe,21.68,8279.18,41112.55,1678.18,
WEST BENGAL,BANKURA,305.0,SONAMUKHI,Safe,40.82,13432.71,148817.13,5208.92,
WEST BENGAL,BANKURA,305.0,VISHNUPUR,Safe,65.29,16195.53,64204.87,9516.65,
WEST BENGAL,BANKURA,305.0,BARJORA,Safe,24.87,11080.34,111869.57,2618.19,
WEST BENGAL,BANKURA,305.0,CHHATNA,Safe,15.99,4359.6,13480.26,627.2,
WEST BENGAL,BANKURA,305.0,KOTULPUR,Safe,69.46,10469.82,49847.02,6668.59,
WEST BENGAL,BANKURA,305.0,GANGAJALGHATI,Safe,15.2,4405.2,13737.7,602.76,
WEST BENGAL,JALPAIGURI,314.0,MAYNAGURI,Safe,23.5,30502.08,787419.64,6450.78,
WEST BENGAL,JALPAIGURI,314.0,KRANTI,Safe,12.58,16014.95,442766.09,1813.7,
WEST BENGAL,JALPAIGURI,314.0,METIALI,Safe,6.1,10870.0,297361.89,597.15,
WEST BENGAL,JALPAIGURI,314.0,NAGRAKATA,Safe,2.85,20994.78,566477.53,539.05,
WEST BENGAL,JALPAIGURI,314.0,JALPAIGURI SADAR,Safe,16.55,28154.13,811588.22,4192.42,
WEST BENGAL,JALPAIGURI,314.0,RAJGANJ,Safe,7.47,33669.47,989576.61,2264.9,
WEST BENGAL,JALPAIGURI,314.0,MAL,Safe,12.49,14027.21,379011.39,1576.91,
WEST BENGAL,JALPAIGURI,314.0,BANARHAT,Safe,11.14,15614.24,425832.36,1565.27,
WEST BENGAL,JALPAIGURI,314.0,DHUPGURI,Safe,17.2,15209.21,409389.41,2353.9,
WEST BENGAL,DAKSHIN DINAJPUR,310.0,BANSIHARI,Safe,58.11,9505.72,40086.39,4971.63,
WEST BENGAL,DAKSHIN DINAJPUR,310.0,HILLI,Semi-critical,84.44,4893.36,35905.25,3718.61,
WEST BENGAL,DAKSHIN DINAJPUR,310.0,TAPAN,Safe,53.49,20791.28,77442.62,10009.43,
WEST BENGAL,DAKSHIN DINAJPUR,310.0,GANGARAMPUR,Safe,51.51,15088.23,65290.5,7383.49,
WEST BENGAL,DAKSHIN DINAJPUR,310.0,KUSHMUNDI,Safe,68.13,17117.44,97369.93,10496.02,
WEST BENGAL,DAKSHIN DINAJPUR,310.0,KUMARGANJ,Safe,67.33,15346.73,106012.91,9299.36,
WEST BENGAL,DAKSHIN DINAJPUR,310.0,BALURGHAT,Safe,66.34,19135.47,210184.01,11424.25,
WEST BENGAL,DAKSHIN DINAJPUR,310.0,HARIRAMPUR,Safe,57.16,10421.98,40964.47,5361.66,
WEST BENGAL,NADIA,320.0,CHAKDAH,Safe,66.42,11951.28,175219.91,7144.31,
WEST BENGAL,NADIA,320.0,HANSKHALI,Semi-critical,76.45,11844.18,141428.53,8149.23,
WEST BENGAL,NADIA,320.0,HARINGHATA,Semi-critical,75.03,8530.49,118280.2,5760.37,
WEST BENGAL,NADIA,320.0,KALIGANJ,Semi-critical,82.36,16364.69,222554.67,12129.46,
WEST BENGAL,NADIA,320.0,KALYANI,Safe,16.69,5289.56,96250.18,794.51,
WEST BENGAL,NADIA,320.0,KRISHNAGANJ,Critical,90.93,8075.68,103719.37,6608.88,
WEST BENGAL,NADIA,320.0,KRISHNANAGAR-I,Semi-critical,80.97,14435.49,190917.31,10519.49,
WEST BENGAL,NADIA,320.0,NABADWIP,Semi-critical,76.71,5265.31,69010.64,3837.27,
WEST BENGAL,NADIA,320.0,NAKASHIPARA,Semi-critical,88.1,19523.9,252255.4,15480.71,
WEST BENGAL,NADIA,320.0,SANTIPUR,Semi-critical,85.48,9223.02,120195.18,7489.58,
WEST BENGAL,NADIA,320.0,KARIMPUR-I,Semi-critical,85.93,10705.72,124364.51,8279.34,
WEST BENGAL,NADIA,320.0,RANAGHAT-I,Safe,55.98,5911.33,135555.43,3143.69,
WEST BENGAL,NADIA,320.0,CHAPRA,Critical,92.42,16041.97,213586.69,13343.32,
WEST BENGAL,NADIA,320.0,KARIMPUR-II,Semi-critical,89.37,11976.44,156738.2,9632.51,
WEST BENGAL,NADIA,320.0,RANAGHAT-II,Critical,93.2,14661.34,263980.68,12297.91,
WEST BENGAL,NADIA,320.0,KRISHNANAGAR-II,Safe,69.19,6038.34,85930.24,3760.4,
WEST BENGAL,NADIA,320.0,TEHATTA-I,Semi-critical,81.7,12330.7,143423.01,9067.05,
WEST BENGAL,NADIA,320.0,TEHATTA-II,Critical,95.92,9446.09,118800.87,8154.61,
WEST BENGAL,PURBA MEDINIPUR,317.0,EGRA-I,Safe,59.95,8549.86,49336.58,4612.87,
WEST BENGAL,PURBA MEDINIPUR,317.0,BHAGAWANPUR-I,Safe,12.48,6739.82,31344.57,756.82,
WEST BENGAL,PURBA MEDINIPUR,317.0,BHAGAWANPUR-II,Safe,55.38,7618.06,36308.15,3797.21,
WEST BENGAL,PURBA MEDINIPUR,317.0,CONTAI-I,Saline,-100000.0,0.0,0.0,0.0,Saline
WEST BENGAL,PURBA MEDINIPUR,317.0,CONTAI-II,Saline,-100000.0,0.0,0.0,0.0,Saline
WEST BENGAL,PURBA MEDINIPUR,317.0,CONTAI-III,Saline,-100000.0,0.0,0.0,0.0,Saline
WEST BENGAL,PURBA MEDINIPUR,317.0,HALDIA,Saline,-100000.0,0.0,0.0,0.0,Saline
WEST BENGAL,PURBA MEDINIPUR,317.0,KHEJURI-I,Saline,-100000.0,0.0,0.0,0.0,Saline
WEST BENGAL,PURBA MEDINIPUR,317.0,KHEJURI-II,Saline,-100000.0,0.0,0.0,0.0,Saline
WEST BENGAL,PURBA MEDINIPUR,317.0,MAHISADAL,Saline,-100000.0,0.0,0.0,0.0,Saline
WEST BENGAL,PURBA MEDINIPUR,317.0,MOYNA,Safe,13.12,8208.07,26946.96,969.38,
WEST BENGAL,PURBA MEDINIPUR,317.0,NANDA KUMAR,Saline,-100000.0,0.0,0.0,0.0,Saline
WEST BENGAL,PURBA MEDINIPUR,317.0,NANDIGRAM-I,Saline,-100000.0,0.0,0.0,0.0,Saline
WEST BENGAL,PURBA MEDINIPUR,317.0,NANDIGRAM-II,Saline,-100000.0,0.0,0.0,0.0,Saline
WEST BENGAL,PURBA MEDINIPUR,317.0,NANDIGRAM-III,Saline,-100000.0,0.0,0.0,0.0,Saline
WEST BENGAL,PURBA MEDINIPUR,317.0,SAHID MATANGINI,Safe,20.33,5701.67,32268.19,1043.22,
WEST BENGAL,PURBA MEDINIPUR,317.0,POTASHPUR-I,Safe,66.46,7330.26,43540.8,4384.3,
WEST BENGAL,PURBA MEDINIPUR,317.0,POTASHPUR-II,Safe,49.51,7732.79,48490.39,3445.59,
WEST BENGAL,PURBA MEDINIPUR,317.0,RAMNAGAR-I,Saline,-100000.0,0.0,0.0,0.0,Saline
WEST BENGAL,PURBA MEDINIPUR,317.0,RAMNAGAR-II,Saline,-100000.0,0.0,0.0,0.0,Saline
WEST BENGAL,PURBA MEDINIPUR,317.0,KOLAGHAT,Saline,-100000.0,0.0,0.0,0.0,Saline
WEST BENGAL,PURBA MEDINIPUR,317.0,SUTAHATA,Saline,-100000.0,0.0,0.0,0.0,Saline
WEST BENGAL,PURBA MEDINIPUR,317.0,TAMLUK,Saline,-100000.0,0.0,0.0,0.0,Saline
WEST BENGAL,PURBA MEDINIPUR,317.0,EGRA-II,Safe,37.48,7104.89,46238.56,2396.44,
WEST BENGAL,PURBA MEDINIPUR,317.0,PANSKURA-I,Safe,17.98,9182.74,49802.93,1486.14,
WEST BENGAL,BIRBHUM,307.0,MURARAI-II,Safe,35.37,4770.75,24179.18,1518.63,
WEST BENGAL,BIRBHUM,307.0,MOHAMMAD BAZAR,Safe,24.4,3526.4,12053.03,774.26,
WEST BENGAL,BIRBHUM,307.0,MAYURESWAR-I,Safe,31.53,8786.86,41545.13,2493.66,
WEST BENGAL,BIRBHUM,307.0,ILLAMBAZAR,Safe,58.64,9493.15,41013.38,5288.57,
WEST BENGAL,BIRBHUM,307.0,KHOYRASOL,Safe,59.24,3258.28,10835.21,1737.22,
WEST BENGAL,BIRBHUM,307.0,LABPUR,Safe,35.84,9474.01,39188.89,3226.1,
WEST BENGAL,BIRBHUM,307.0,MAYURESWAR-II,Safe,66.59,6880.22,26061.59,4123.5,
WEST BENGAL,BIRBHUM,307.0,NALHATI-II,Safe,47.9,2935.26,11114.3,1265.49,
WEST BENGAL,BIRBHUM,307.0,NANOOR,Safe,29.52,8131.48,34251.23,2160.73,
WEST BENGAL,BIRBHUM,307.0,RAJNAGAR,Safe,15.22,2350.79,6917.62,322.05,
WEST BENGAL,BIRBHUM,307.0,RAMPURHAT-I,Safe,25.76,3467.56,13096.84,848.45,
WEST BENGAL,BIRBHUM,307.0,NALHATI-I,Safe,42.16,2930.46,8330.22,1173.65,
WEST BENGAL,BIRBHUM,307.0,BOLPUR SRINIKETAN,Safe,22.16,9665.68,77213.12,2034.43,
WEST BENGAL,BIRBHUM,307.0,SURI-II,Safe,25.22,4726.66,17388.88,1132.68,
WEST BENGAL,BIRBHUM,307.0,SURI-I,Safe,32.64,1999.64,6938.93,587.33,
WEST BENGAL,BIRBHUM,307.0,DUBRAJPUR,Safe,13.35,9207.27,73235.88,1106.25,
WEST BENGAL,BIRBHUM,307.0,RAMPURHAT-II,Safe,24.68,4651.7,20425.46,1033.3,
WEST BENGAL,BIRBHUM,307.0,MURARAI-I,Safe,43.38,1887.04,10284.57,736.67,
WEST BENGAL,BIRBHUM,307.0,SAINTHIA,Safe,37.45,10974.2,51281.14,3903.84,
WEST BENGAL,PASCHIM MEDINIPUR,318.0,KHARAGPUR-II,Semi-critical,73.72,12126.33,51131.14,8045.66,
WEST BENGAL,PASCHIM MEDINIPUR,318.0,CHANDRAKONA-II,Semi-critical,74.68,7555.59,41338.52,5360.73,
WEST BENGAL,PASCHIM MEDINIPUR,318.0,DANTAN-I,Safe,45.58,10738.88,66191.6,4405.77,
WEST BENGAL,PASCHIM MEDINIPUR,318.0,DASPUR-I,Safe,48.84,7181.17,40266.45,3156.32,
WEST BENGAL,PASCHIM MEDINIPUR,318.0,DASPUR-II,Safe,21.42,6496.83,36410.92,1252.64,
WEST BENGAL,PASCHIM MEDINIPUR,318.0,DEBRA,Safe,68.53,16009.82,80441.91,9874.7,
WEST BENGAL,PASCHIM MEDINIPUR,318.0,GARBETA-I,Semi-critical,82.23,9580.8,38504.15,7090.57,
WEST BENGAL,PASCHIM MEDINIPUR,318.0,GARBETA-II,Safe,48.69,8892.99,42451.02,4113.13,
WEST BENGAL,PASCHIM MEDINIPUR,318.0,GARBETA-III,Safe,60.22,7301.34,33332.37,3956.99,
WEST BENGAL,PASCHIM MEDINIPUR,318.0,GHATAL,Safe,47.69,10354.61,55184.08,4443.86,
WEST BENGAL,PASCHIM MEDINIPUR,318.0,KHARAGPUR-I,Safe,31.45,14284.65,92298.99,4268.0,
WEST BENGAL,PASCHIM MEDINIPUR,318.0,MIDNAPORE,Safe,42.85,10294.24,80563.61,3969.94,
WEST BENGAL,PASCHIM MEDINIPUR,318.0,MOHANPUR,Safe,54.82,5848.08,31755.94,2885.24,
WEST BENGAL,PASCHIM MEDINIPUR,318.0,NARAYANGARH,Safe,58.57,22824.14,131564.37,12031.71,
WEST BENGAL,PASCHIM MEDINIPUR,318.0,PINGLA,Safe,55.06,9587.75,47297.0,4750.98,
WEST BENGAL,PASCHIM MEDINIPUR,318.0,SABANG,Safe,61.98,13881.46,68237.56,7742.92,
WEST BENGAL,PASCHIM MEDINIPUR,318.0,SALBANI,Safe,33.11,16536.25,129207.13,5106.77,
WEST BENGAL,PASCHIM MEDINIPUR,318.0,KESHPUR,Safe,66.1,22763.28,129673.38,13541.13,
WEST BENGAL,PASCHIM MEDINIPUR,318.0,DANTAN-II,Safe,52.63,7820.25,43292.19,3704.52,
WEST BENGAL,PASCHIM MEDINIPUR,318.0,KESHIARY,Safe,30.76,10401.17,120401.99,2879.01,
WEST BENGAL,PASCHIM MEDINIPUR,318.0,CHANDRAKONA-I,Safe,56.18,10599.42,43953.46,5359.6,
CHANDIGARH,CHANDIGARH,44.0,CHANDIGARH,Safe,68.22,5169.83,4652.85,3174.09,
PUDUCHERRY,KARAIKAL,598.0,KARAIKAL,Safe,50.37,4794.01,4374.24,2203.36,none
PUDUCHERRY,PUDUCHERRY,600.0,PUDUCHERRY,Semi-critical,87.33,14319.62,13140.95,11476.16,
PUDUCHERRY,PUDUCHERRY,600.0,YANAM,Saline,-100000.0,0.0,0.0,0.0,Saline
PUDUCHERRY,PUDUCHERRY,600.0,MAHE,Safe,69.38,231.49,208.34,144.55,
ANDAMAN AND NICOBAR ISLANDS,N & M ANDAMAN,632.0,DIGLIPUR,Safe,2.27,6980.11,6282.1,142.43,
ANDAMAN AND NICOBAR ISLANDS,N & M ANDAMAN,632.0,MAYABUNDER,Safe,0.0,978.53,880.68,0.04,
ANDAMAN AND NICOBAR ISLANDS,N & M ANDAMAN,632.0,RANGAT,Safe,2.68,8578.48,7720.62,207.23,
ANDAMAN AND NICOBAR ISLANDS,NICOBAR,603.0,CAR NICOBAR,Safe,2.13,2356.8,2121.12,45.28,
ANDAMAN AND NICOBAR ISLANDS,NICOBAR,603.0,GREAT NICOBAR,Safe,0.61,3850.87,3465.78,21.22,
ANDAMAN AND NICOBAR ISLANDS,NICOBAR,603.0,NANCOWRY,Safe,0.56,5153.35,4638.01,27.35,Safe
ANDAMAN AND NICOBAR ISLANDS,SOUTH ANDAMAN,602.0,LITTLE ANDAMAN,Safe,2.45,2166.78,1950.11,47.83,
ANDAMAN AND NICOBAR ISLANDS,SOUTH ANDAMAN,602.0,PORT BLAIR,Safe,3.96,8525.32,7672.78,303.68,
ANDAMAN AND NICOBAR ISLANDS,SOUTH ANDAMAN,602.0,FERRARGANJ,Safe,0.01,106.76,96.09,0.01,
HARYANA,ROHTAK,73.0,SAMPLA,Safe,47.27,8838.61,7954.75,4737.25,none
HARYANA,ROHTAK,73.0,KALANAUR,Safe,20.85,4147.97,3733.18,3280.23,none
HARYANA,ROHTAK,73.0,LAKHAN MAJRA,Safe,66.93,2873.67,2586.3,4141.4,none
HARYANA,ROHTAK,73.0,MAHAM,Safe,3.72,4138.91,3725.01,5693.55,none
HARYANA,ROHTAK,73.0,ROHTAK,Safe,24.64,8776.68,7899.01,5846.06,none
HARYANA,KARNAL,67.0,NISSING AT CHIRAO,Over-exploited,179.81,22987.31,20688.58,37205.54,none
HARYANA,KARNAL,67.0,KARNAL,Over-exploited,158.76,13697.07,12327.36,19570.36,
HARYANA,KARNAL,67.0,KUNJPURA,Over-exploited,170.67,8685.29,7816.76,13341.2,
HARYANA,KARNAL,67.0,MUNAK,Over-exploited,171.83,7873.46,7086.11,12176.0,
HARYANA,KARNAL,67.0,GHARAUNDA (PART),Over-exploited,148.81,11685.4,10516.86,15649.88,
HARYANA,KARNAL,67.0,NILOKHERI,Over-exploited,182.55,19845.15,17860.63,32605.3,
HARYANA,KARNAL,67.0,INDRI,Over-exploited,137.39,23459.99,21113.99,29008.02,
HARYANA,KARNAL,67.0,ASSANDH,Over-exploited,185.97,17096.89,15387.2,29048.83,none
HARYANA,KAITHAL,66.0,DHAND,Over-exploited,203.78,4777.59,4299.83,8762.01,
HARYANA,KAITHAL,66.0,KALAYAT,Over-exploited,162.43,4759.1,4283.19,6957.32,none
HARYANA,KAITHAL,66.0,RAJOUND,Over-exploited,149.04,3163.0,2846.7,5924.86,none
HARYANA,KAITHAL,66.0,GUHLA,Over-exploited,196.7,9787.17,8808.46,17390.94,none
HARYANA,KAITHAL,66.0,KAITHAL,Over-exploited,189.62,11543.17,10388.86,19699.49,none
HARYANA,KAITHAL,66.0,PUNDRI,Over-exploited,158.92,7476.01,6728.4,10692.81,
HARYANA,KAITHAL,66.0,SIWAN,Over-exploited,215.44,6887.76,6198.99,13356.5,none
HARYANA,JIND,65.0,JULANA,Safe,27.12,3488.9,3140.01,4776.06,none
HARYANA,JIND,65.0,UCHANA,Over-exploited,109.6,11790.1,11200.6,15805.62,none
HARYANA,JIND,65.0,UJHANA,Over-exploited,117.8,7718.36,6946.53,8182.67,
HARYANA,JIND,65.0,ALEWA,Over-exploited,107.08,4432.97,3989.68,6496.37,none
HARYANA,JIND,65.0,SAFIDON,Over-exploited,140.78,11700.37,10530.34,15331.16,none
HARYANA,JIND,65.0,JIND,Critical,93.49,12256.5,11030.85,20454.14,none
HARYANA,JIND,65.0,NARWANA,Safe,61.73,9497.67,8547.9,6192.52,none
HARYANA,JIND,65.0,PILLUKHERA,Critical,95.69,7458.62,6712.75,6424.03,none
HARYANA,KURUKSHETRA,68.0,THANESAR,Over-exploited,226.18,8474.06,8050.36,18208.66,
HARYANA,KURUKSHETRA,68.0,SHAHBAD,Over-exploited,183.03,7930.46,7137.41,13063.34,
HARYANA,KURUKSHETRA,68.0,BABAIN,Over-exploited,199.11,3169.92,2852.93,5680.54,
HARYANA,KURUKSHETRA,68.0,ISMAILABAD,Over-exploited,207.14,6387.52,5748.77,11908.08,
HARYANA,KURUKSHETRA,68.0,LADWA,Over-exploited,238.26,4406.55,4186.23,9974.03,
HARYANA,KURUKSHETRA,68.0,PEHOWA,Over-exploited,183.91,10132.82,9119.54,16771.69,
HARYANA,KURUKSHETRA,68.0,PIPLI,Over-exploited,222.29,4636.35,4172.71,9275.56,
HARYANA,BHIWANI,59.0,SIWANI,Safe,45.08,8606.93,7746.24,4390.4,none
HARYANA,BHIWANI,59.0,KAIRU,Over-exploited,201.57,3364.45,3028.0,13123.0,none
HARYANA,BHIWANI,59.0,BHIWANI,Safe,63.89,9030.69,8127.62,9515.75,none
HARYANA,BHIWANI,59.0,TOSHAM,Over-exploited,143.24,7379.28,7010.32,14402.0,none
HARYANA,BHIWANI,59.0,BAWANI KHERA,Safe,43.81,5645.89,5081.3,3990.0,none
HARYANA,BHIWANI,59.0,BEHAL,Over-exploited,146.19,5306.19,5040.88,8063.26,none
HARYANA,BHIWANI,59.0,LOHARU,Over-exploited,122.75,6111.06,5805.51,7126.0,
HARYANA,AMBALA,58.0,SHAHZADPUR,Semi-critical,77.88,5433.55,5161.87,4019.85,
HARYANA,AMBALA,58.0,NARAINGARH,Over-exploited,161.44,7309.19,6943.73,11210.02,
HARYANA,AMBALA,58.0,SAHA,Over-exploited,169.69,7354.33,6618.9,11231.72,
HARYANA,AMBALA,58.0,AMBALA-I,Over-exploited,109.4,9283.76,8355.38,9873.95,none
HARYANA,AMBALA,58.0,AMBALA-II,Semi-critical,84.79,6822.3,6140.06,5206.32,
HARYANA,AMBALA,58.0,BARARA,Over-exploited,146.33,7120.01,6408.01,9376.6,
HARYANA,FATEHABAD,61.0,FATEHABAD,Over-exploited,236.06,13557.76,12201.99,28970.82,none
HARYANA,FATEHABAD,61.0,TOHANA,Over-exploited,128.04,17011.51,15310.36,19938.62,none
HARYANA,FATEHABAD,61.0,BHUNA,Semi-critical,89.95,8379.36,7541.42,6783.48,none
HARYANA,FATEHABAD,61.0,JAKHAL,Over-exploited,211.9,8028.73,7225.85,15311.86,
HARYANA,FATEHABAD,61.0,BHATTU KALAN,Safe,59.42,3104.48,2794.03,1660.18,none
HARYANA,FATEHABAD,61.0,RATIA,Over-exploited,242.37,15413.95,13872.55,33622.23,
HARYANA,FATEHABAD,61.0,NAGPUR,Over-exploited,224.45,6981.78,6283.6,14184.17,none
HARYANA,GURGAON,62.0,GURGAON,Critical,95.43,2341.95,2107.75,2012.83,none
HARYANA,GURGAON,62.0,SOHNA,Over-exploited,137.77,4315.66,3884.09,6099.95,none
HARYANA,GURGAON,62.0,GURGAON_URBAN,Over-exploited,279.14,7231.96,6508.76,18170.0,none
HARYANA,GURGAON,62.0,FARRUKH NAGAR,Over-exploited,124.91,3514.05,3162.65,4552.39,none
HARYANA,GURGAON,62.0,PATAUDI,Over-exploited,151.0,4495.02,4045.52,7173.01,none
HARYANA,CHARKHI DADRI,701.0,BADHRA,Over-exploited,257.19,4666.17,4199.56,10868.24,none
HARYANA,CHARKHI DADRI,701.0,BAUND,Safe,47.36,3448.98,3104.08,4321.8,none
HARYANA,CHARKHI DADRI,701.0,CHARKHI DADRI,Semi-critical,70.87,3020.9,2718.81,4193.95,none
HARYANA,CHARKHI DADRI,701.0,JHOJHU,Over-exploited,124.12,4521.02,4068.92,5506.36,none
HARYANA,FARIDABAD,60.0,FARIDABAD_URBAN,Over-exploited,246.53,2420.72,2178.65,5596.05,none
HARYANA,FARIDABAD,60.0,FARIDABAD,Over-exploited,131.84,3790.49,3411.44,7342.57,none
HARYANA,FARIDABAD,60.0,BALLABGARH,Over-exploited,214.28,2856.66,2570.99,7832.96,none
HARYANA,FARIDABAD,60.0,TIGAON,Semi-critical,74.99,3407.81,3237.42,3167.57,none
HARYANA,HISAR,63.0,AGROHA,Over-exploited,140.35,5929.36,5336.42,9452.7,none
HARYANA,HISAR,63.0,HANSI-II,Safe,65.11,4967.55,4470.79,4314.2,none
HARYANA,HISAR,63.0,BARWALA,Critical,97.22,7267.71,6540.94,10195.86,none
HARYANA,HISAR,63.0,ADAMPUR,Semi-critical,87.74,4335.05,3901.55,3479.35,none
HARYANA,HISAR,63.0,HISAR-I,Safe,43.35,15235.82,13712.24,8520.75,none
HARYANA,HISAR,63.0,HANSI,Semi-critical,71.73,8077.32,7269.59,6265.92,none
HARYANA,HISAR,63.0,UKLANA,Safe,41.55,5415.76,5144.98,2499.6,none
HARYANA,HISAR,63.0,HISAR-II,Safe,61.69,3682.19,3498.08,4821.1,none
HARYANA,HISAR,63.0,NARNAUND,Over-exploited,155.18,12981.68,11683.51,18140.8,none
HARYANA,JHAJJAR,64.0,BADLI,Safe,28.05,9210.52,8289.47,3625.86,none
HARYANA,JHAJJAR,64.0,BERI,Safe,19.99,4944.42,4449.98,3747.57,none
HARYANA,JHAJJAR,64.0,JHAJJAR,Safe,52.44,4058.0,3652.2,2444.35,none
HARYANA,JHAJJAR,64.0,MACHHRAULI,Safe,23.52,5974.32,5376.89,1264.6,none
HARYANA,JHAJJAR,64.0,SALHAWAS,Safe,40.34,7034.17,6330.76,2555.07,none
HARYANA,JHAJJAR,64.0,BAHADURGARH,Safe,25.51,8183.27,7364.94,6792.89,none
HARYANA,JHAJJAR,64.0,MATANNAIL,Safe,12.89,4974.73,4477.26,1512.69,none
HARYANA,MAHENDRAGARH,69.0,ATELI NANGAL,Over-exploited,117.0,3295.11,2965.59,4872.6,none
HARYANA,MAHENDRAGARH,69.0,KANINA,Over-exploited,190.97,7001.8,6301.62,12130.64,none
HARYANA,MAHENDRAGARH,69.0,MAHENDRAGARH,Over-exploited,134.27,3219.0,2897.1,3890.01,none
HARYANA,MAHENDRAGARH,69.0,NANGAL CHAUDHRY,Over-exploited,142.93,1478.34,1330.5,1901.62,none
HARYANA,MAHENDRAGARH,69.0,NARNAUL,Over-exploited,149.41,990.5,891.45,1603.49,none
HARYANA,MAHENDRAGARH,69.0,NIZAMPUR,Critical,98.97,884.4,795.96,787.8,
HARYANA,MAHENDRAGARH,69.0,SATNALI,Critical,93.62,2414.97,2173.47,2034.84,
HARYANA,MAHENDRAGARH,69.0,SIHMA,Over-exploited,134.92,3078.39,2924.47,4047.88,none
HARYANA,MEWAT,604.0,NUH,Safe,28.22,2358.22,2122.4,3281.63,none
HARYANA,MEWAT,604.0,PUNAHANA,Safe,24.21,2290.5,2061.45,1971.75,none
HARYANA,MEWAT,604.0,TAORU,Over-exploited,107.64,3660.59,3294.53,3546.11,
HARYANA,MEWAT,604.0,FEROZEPUR JHIRKA,Safe,56.99,829.28,746.35,3240.57,none
HARYANA,MEWAT,604.0,NAGINA,Semi-critical,84.62,506.58,481.25,1609.55,none
HARYANA,MEWAT,604.0,INDRI,Critical,99.83,413.85,393.16,1354.59,none
HARYANA,MEWAT,604.0,PINGWAN,Safe,38.45,949.54,854.59,649.12,none
HARYANA,PALWAL,619.0,HASSANPUR,Critical,93.79,6207.58,5586.82,5351.91,none
HARYANA,PALWAL,619.0,HATHIN,Safe,13.36,4709.17,4238.26,4427.2,none
HARYANA,PALWAL,619.0,HODAL,Safe,37.45,6037.38,5433.65,5475.05,none
HARYANA,PALWAL,619.0,PALWAL,Safe,33.02,7023.23,6320.9,4046.67,none
HARYANA,PALWAL,619.0,PRITHLA,Safe,65.07,4359.19,3923.27,4168.12,none
HARYANA,PALWAL,619.0,BADOLI,Over-exploited,130.64,7707.15,6936.43,9061.89,
HARYANA,PANCHKULA,70.0,MORNI,Hilly area,,,0.0,,Hilly area
HARYANA,PANCHKULA,70.0,PINJORE,Safe,44.95,4606.87,4376.53,1967.08,
HARYANA,PANCHKULA,70.0,BARWALA,Safe,54.38,6060.46,5757.44,3130.85,
HARYANA,PANCHKULA,70.0,RAIPUR RANI,Over-exploited,101.65,3955.56,3560.0,3618.91,
HARYANA,PANIPAT,71.0,BAPOLI,Over-exploited,245.68,6232.61,5609.34,13780.9,
HARYANA,PANIPAT,71.0,ISRANA,Over-exploited,190.28,9617.14,8655.43,16888.89,none
HARYANA,PANIPAT,71.0,MADLAUDA,Over-exploited,169.69,11576.16,10418.54,18480.48,none
HARYANA,PANIPAT,71.0,PANIPAT,Over-exploited,198.33,11226.22,10103.6,20067.93,none
HARYANA,PANIPAT,71.0,SAMALKHA,Over-exploited,244.05,12891.12,11602.01,28314.57,
HARYANA,PANIPAT,71.0,SANAULI KHURD,Over-exploited,219.07,3691.08,3321.98,7277.41,
HARYANA,REWARI,72.0,KHOL AT REWARI,Over-exploited,103.56,489.07,440.16,3574.86,none
HARYANA,REWARI,72.0,BAWAL,Over-exploited,102.92,2215.1,2104.35,5234.21,none
HARYANA,REWARI,72.0,JATUSANA,Over-exploited,153.08,3629.07,3266.16,6297.64,none
HARYANA,REWARI,72.0,NAHAR,Over-exploited,121.56,4277.18,4063.32,5569.03,none
HARYANA,REWARI,72.0,REWARI,Safe,67.7,2578.19,2320.37,6173.64,none
HARYANA,REWARI,72.0,DAHINA,Semi-critical,81.0,5344.37,4809.94,4887.06,none
HARYANA,REWARI,72.0,DHARUHERA,Over-exploited,174.65,1392.86,1253.57,3159.02,none
HARYANA,SIRSA,74.0,BARAGUDHA,Semi-critical,88.93,12263.49,11037.14,16203.69,none
HARYANA,SIRSA,74.0,DABWALI,Over-exploited,142.95,14091.84,12682.65,21011.34,none
HARYANA,SIRSA,74.0,ELLENABAD,Over-exploited,239.81,11761.63,10585.47,28673.16,none
HARYANA,SIRSA,74.0,NATHUSARI CHOPTA,Over-exploited,130.59,7950.24,7155.22,12610.1,none
HARYANA,SIRSA,74.0,ODHAN,Over-exploited,182.87,9028.65,8125.78,15799.75,none
HARYANA,SIRSA,74.0,RANIA,Over-exploited,140.33,9358.39,8422.55,16302.11,none
HARYANA,SIRSA,74.0,SIRSA,Over-exploited,204.93,10658.45,9592.6,20354.62,none
HARYANA,SONIPAT,75.0,GOHANA,Safe,39.71,7666.43,6899.79,7516.18,none
HARYANA,SONIPAT,75.0,KHARKHODA,Safe,59.91,5041.72,4537.54,5729.0,none
HARYANA,SONIPAT,75.0,GANAUR,Over-exploited,134.17,9309.37,8378.43,11577.6,none
HARYANA,SONIPAT,75.0,KATHURA,Safe,32.33,5371.58,4834.42,4637.88,none
HARYANA,SONIPAT,75.0,MUNDLANA,Semi-critical,89.86,13276.12,12612.31,11988.21,none
HARYANA,SONIPAT,75.0,RAI,Critical,97.66,14977.15,14228.29,13971.23,none
HARYANA,SONIPAT,75.0,SONIPAT,Semi-critical,82.49,8539.91,7685.92,11439.56,none
HARYANA,SONIPAT,75.0,MURTHAL,Semi-critical,80.4,8119.05,7307.15,5875.06,
HARYANA,YAMUNA NAGAR,76.0,BILASPUR,Critical,93.91,8843.02,7958.72,7473.85,
HARYANA,YAMUNA NAGAR,76.0,CHHACHHRAULI,Semi-critical,75.27,12617.97,11356.17,8547.36,
HARYANA,YAMUNA NAGAR,76.0,JAGADHRI,Over-exploited,132.57,10441.28,9397.15,12457.78,
HARYANA,YAMUNA NAGAR,76.0,MUSTAFABAD,Over-exploited,172.96,10112.84,9101.55,15741.89,
HARYANA,YAMUNA NAGAR,76.0,RADAUR,Over-exploited,172.16,10289.05,9260.14,15942.15,
HARYANA,YAMUNA NAGAR,76.0,SADAURA (PART),Over-exploited,118.85,4933.61,4440.25,5277.23,
HARYANA,YAMUNA NAGAR,76.0,KHIZRABAD,Semi-critical,81.27,12079.6,11475.62,9326.32,
GOA,GOA NORTH,551.0,BARDEZ,Safe,32.57,3860.81,3088.65,1005.86,
GOA,GOA NORTH,551.0,SATARI,Safe,23.96,2728.83,2183.07,523.14,
GOA,GOA NORTH,551.0,PERNEM,Safe,29.76,3295.41,2636.33,784.66,
GOA,GOA NORTH,551.0,TISWADI,Safe,30.74,3399.41,2719.53,835.92,
GOA,GOA NORTH,551.0,BICHOLIM,Safe,21.06,2904.98,2323.98,489.38,
GOA,SOUTH GOA,552.0,PONDA,Safe,22.52,3674.08,2939.26,661.96,
GOA,SOUTH GOA,552.0,MARMUGAO,Safe,35.0,1971.92,1577.54,552.14,
GOA,SOUTH GOA,552.0,SALCETE,Safe,31.67,5562.69,4450.16,1409.43,
GOA,SOUTH GOA,552.0,SANGUEM,Safe,15.97,2412.37,1929.9,308.18,
GOA,SOUTH GOA,552.0,DHARBANDORA,Safe,10.61,1649.98,1319.99,140.1,
GOA,SOUTH GOA,552.0,CANCONA,Safe,8.4,2583.19,2066.55,173.68,
GOA,SOUTH GOA,552.0,QUEPEM,Safe,9.28,3814.41,3051.53,283.14,
DADRA AND NAGAR HAVELI,DADRA NAGAR HAVELI,465.0,DADRA NAGAR HAVELI,Safe,35.7,9724.88,9005.37,3215.07,
MAHARASHTRA,Buldhana,472.0,Buldhana,Semi-critical,82.39,8000.55,7548.49,6219.34,
MAHARASHTRA,Buldhana,472.0,Chikhli,Semi-critical,75.84,11616.65,10919.53,8281.62,
MAHARASHTRA,Buldhana,472.0,Deolgaon Raja,Safe,65.28,5780.87,5491.83,3585.22,
MAHARASHTRA,Buldhana,472.0,Jalgaon (Jamod),Over-exploited,112.87,5801.05,5492.85,5931.15,Safe
MAHARASHTRA,Buldhana,472.0,Khamgaon,Safe,62.89,10678.45,10054.45,6323.11,
MAHARASHTRA,Buldhana,472.0,Lonar,Safe,64.49,7797.26,7407.4,4776.87,
MAHARASHTRA,Buldhana,472.0,Malkapur,Safe,69.1,5123.74,4842.42,3346.32,
MAHARASHTRA,Buldhana,472.0,Mehkar,Safe,58.69,11404.63,10814.96,6347.03,
MAHARASHTRA,Buldhana,472.0,Motala,Safe,59.36,5842.86,5511.28,3271.28,
MAHARASHTRA,Buldhana,472.0,Nandura,Semi-critical,75.69,5629.41,5288.54,3954.94,Safe
MAHARASHTRA,Buldhana,472.0,Sangrampur,Over-exploited,107.64,5022.99,4718.94,4803.44,Safe
MAHARASHTRA,Buldhana,472.0,Shegaon,Safe,53.87,4020.76,3768.27,1770.63,Safe
MAHARASHTRA,Buldhana,472.0,Sindkhed Raja,Safe,66.72,8366.13,7947.82,5302.76,
MAHARASHTRA,Gondiya,476.0,Amgaon,Safe,32.7,5094.2,4839.45,1582.3,
MAHARASHTRA,Gondiya,476.0,Arjuni Morgaon,Safe,19.21,15102.34,14089.27,2705.92,
MAHARASHTRA,Gondiya,476.0,Deori,Safe,15.7,8811.17,8352.4,1311.37,
MAHARASHTRA,Gondiya,476.0,Gondiya,Safe,39.4,8819.88,8216.02,3237.04,
MAHARASHTRA,Gondiya,476.0,Goregaon,Safe,46.79,5101.76,4846.67,2267.52,
MAHARASHTRA,Gondiya,476.0,Sadak-Arjuni,Safe,37.52,9101.33,8571.57,3216.03,
MAHARASHTRA,Gondiya,476.0,Salekasa,Safe,25.12,6855.98,6340.66,1592.67,
MAHARASHTRA,Gondiya,476.0,Tirora,Safe,30.48,7875.09,7328.12,2233.58,
MAHARASHTRA,Dharashiv,488.0,Bhoom,Safe,64.5,4880.84,4636.79,2990.51,
MAHARASHTRA,Dharashiv,488.0,Kalamb,Safe,69.33,10575.22,10046.44,6965.24,
MAHARASHTRA,Dharashiv,488.0,Lohara,Safe,57.32,7415.71,7044.92,4038.47,
MAHARASHTRA,Dharashiv,488.0,Omerga,Safe,55.52,13355.73,12687.94,7043.74,
MAHARASHTRA,Dharashiv,488.0,Dharashiv,Safe,63.31,19315.91,18350.12,11617.11,
MAHARASHTRA,Dharashiv,488.0,Paranda,Safe,59.36,9893.53,9398.84,5579.51,
MAHARASHTRA,Dharashiv,488.0,Tuljapur,Safe,50.07,18303.52,17376.1,8699.94,
MAHARASHTRA,Dharashiv,488.0,Washi,Safe,66.5,6656.9,6324.05,4205.47,
MAHARASHTRA,Satara,494.0,Jaoli,Safe,16.31,7238.94,6515.05,1062.64,
MAHARASHTRA,Satara,494.0,Karad,Safe,54.32,15163.31,13655.61,7418.08,
MAHARASHTRA,Satara,494.0,Khandala,Safe,60.01,5640.31,5133.31,3080.72,
MAHARASHTRA,Satara,494.0,Khatav,Semi-critical,75.57,13631.54,12268.38,9271.14,
MAHARASHTRA,Satara,494.0,Koregaon,Safe,49.15,16181.47,14755.96,7253.0,
MAHARASHTRA,Satara,494.0,Mahabaleshwar,Safe,39.57,378.53,340.67,134.81,
MAHARASHTRA,Satara,494.0,Man,Semi-critical,79.35,15162.73,13646.43,10828.11,
MAHARASHTRA,Satara,494.0,Patan,Safe,53.86,4684.35,4224.05,2274.97,
MAHARASHTRA,Satara,494.0,Phaltan,Safe,62.69,18674.25,16842.32,10558.94,
MAHARASHTRA,Satara,494.0,Satara,Safe,38.81,23240.61,20916.52,8117.71,
MAHARASHTRA,Satara,494.0,Wai,Safe,60.63,10429.64,9386.66,5691.01,
MAHARASHTRA,Jalgaon,478.0,Amalner,Semi-critical,70.56,12759.04,12121.09,8552.3,
MAHARASHTRA,Jalgaon,478.0,Bhadgaon,Semi-critical,78.77,10909.9,10151.11,7996.12,
MAHARASHTRA,Jalgaon,478.0,Bhusawal,Semi-critical,77.34,6132.2,5825.6,4505.66,
MAHARASHTRA,Jalgaon,478.0,Bodvad,Semi-critical,76.46,4187.05,3977.71,3041.47,
MAHARASHTRA,Jalgaon,478.0,Chalisgaon,Semi-critical,75.48,14999.41,14249.42,10755.52,
MAHARASHTRA,Jalgaon,478.0,Chopda,Semi-critical,84.01,11711.35,10961.3,9208.07,
MAHARASHTRA,Jalgaon,478.0,Dharangaon,Safe,55.11,8523.66,8083.48,4454.63,
MAHARASHTRA,Jalgaon,478.0,Erandol,Safe,66.76,7490.75,7115.21,4750.35,
MAHARASHTRA,Jalgaon,478.0,Jalgaon,Safe,54.41,9069.65,8616.15,4688.29,
MAHARASHTRA,Jalgaon,478.0,Jamner,Safe,69.74,13788.49,13096.36,9134.05,
MAHARASHTRA,Jalgaon,478.0,Muktainagar,Semi-critical,70.7,6089.54,5777.82,4084.72,
MAHARASHTRA,Jalgaon,478.0,Pachora,Semi-critical,71.39,11312.16,10695.36,7635.24,
MAHARASHTRA,Jalgaon,478.0,Parola,Semi-critical,73.81,8874.12,8425.41,6219.0,
MAHARASHTRA,Jalgaon,478.0,Raver,Over-exploited,125.77,10517.57,9991.67,12566.77,
MAHARASHTRA,Jalgaon,478.0,Yawal,Over-exploited,105.68,8980.54,8498.57,8981.51,
MAHARASHTRA,Beed,470.0,Ambejogai,Safe,53.12,10634.66,10102.93,5366.87,
MAHARASHTRA,Beed,470.0,Ashti,Safe,62.12,17371.43,16502.86,10251.97,
MAHARASHTRA,Beed,470.0,Beed,Safe,63.15,16064.29,15261.08,9637.5,
MAHARASHTRA,Beed,470.0,Dharur,Safe,53.83,3019.71,2868.72,1544.18,
MAHARASHTRA,Beed,470.0,Gevrai,Safe,64.18,18759.36,17821.39,11438.11,
MAHARASHTRA,Beed,470.0,Kaij,Safe,63.43,14952.26,14204.65,9009.98,
MAHARASHTRA,Beed,470.0,Majalgaon,Safe,55.47,12322.15,11706.06,6492.83,
MAHARASHTRA,Beed,470.0,Parli,Safe,37.36,12022.53,11421.4,4267.24,
MAHARASHTRA,Beed,470.0,Patoda,Safe,65.96,8881.88,8437.79,5565.63,
MAHARASHTRA,Beed,470.0,Shirur (Kasar),Safe,55.69,7354.59,6986.87,3890.7,
MAHARASHTRA,Beed,470.0,Wadwani,Safe,50.84,9512.04,9036.44,4593.71,
MAHARASHTRA,Ahilyanagar,466.0,Akole,Safe,68.91,8624.79,8193.54,5646.4,
MAHARASHTRA,Ahilyanagar,466.0,Jamkhed,Safe,61.66,6626.17,6294.87,3881.21,
MAHARASHTRA,Ahilyanagar,466.0,Karjat,Safe,59.51,13029.15,12377.7,7365.66,
MAHARASHTRA,Ahilyanagar,466.0,Kopargaon,Critical,92.27,8110.13,7695.96,7101.17,
MAHARASHTRA,Ahilyanagar,466.0,Ahilyanagar,Safe,66.43,13150.26,12492.77,8019.44,Safe
MAHARASHTRA,Ahilyanagar,466.0,Newasa,Semi-critical,86.44,17812.94,16922.28,14714.32,Over-exploited
MAHARASHTRA,Ahilyanagar,466.0,Parner,Safe,41.21,17726.7,16840.34,6731.89,Safe
MAHARASHTRA,Ahilyanagar,466.0,Pathardi,Semi-critical,81.25,11706.11,11120.8,9035.99,
MAHARASHTRA,Ahilyanagar,466.0,Rahuri,Semi-critical,88.3,13302.38,12637.25,11165.44,Over-exploited
MAHARASHTRA,Ahilyanagar,466.0,Rhata,Over-exploited,105.61,7895.46,7500.69,7921.36,
MAHARASHTRA,Ahilyanagar,466.0,Sangamner,Semi-critical,88.58,14346.47,13629.16,12072.61,
MAHARASHTRA,Ahilyanagar,466.0,Shevgaon,Semi-critical,81.93,9397.99,8928.08,7314.77,
MAHARASHTRA,Ahilyanagar,466.0,Shrigonda,Semi-critical,71.55,12516.99,11891.15,8599.48,Semi-critical
MAHARASHTRA,Ahilyanagar,466.0,Shrirampur,Semi-critical,87.48,8343.31,7926.14,6933.74,
MAHARASHTRA,Akola,467.0,Akola,Safe,55.91,7367.07,6880.86,3020.25,Safe
MAHARASHTRA,Akola,467.0,Akot,Safe,61.66,7095.8,6589.83,3432.16,Safe
MAHARASHTRA,Akola,467.0,Balapur,Safe,56.34,5028.33,4743.74,2620.22,Safe
MAHARASHTRA,Akola,467.0,Barshi Takli,Safe,68.51,6316.33,5884.05,4031.3,
MAHARASHTRA,Akola,467.0,Murtijapur,Safe,62.5,5986.43,5668.67,3563.32,Over-exploited
MAHARASHTRA,Akola,467.0,Patur,Safe,57.58,6506.51,6142.05,3536.84,
MAHARASHTRA,Akola,467.0,Telhara,Safe,62.23,7947.58,7170.86,4397.12,Safe
MAHARASHTRA,Amravati,468.0,Achalpur,Semi-critical,73.78,7887.2,7231.6,5242.12,Safe
MAHARASHTRA,Amravati,468.0,Amravati,Safe,63.27,8306.73,7658.47,4865.32,Semi-critical
MAHARASHTRA,Amravati,468.0,Anjangaon Surji,Safe,52.01,6567.46,6072.46,3174.21,Safe
MAHARASHTRA,Amravati,468.0,Bhatkuli,Safe,28.96,4093.98,3885.48,1092.05,Safe
MAHARASHTRA,Amravati,468.0,Chandur Bazar,Over-exploited,108.84,7064.71,6493.9,7037.94,Safe
MAHARASHTRA,Amravati,468.0,Chandur Railway,Safe,69.64,6377.2,6000.67,4178.82,
MAHARASHTRA,Amravati,468.0,Chikhaldara,Safe,57.76,3574.52,3314.45,1914.41,
MAHARASHTRA,Amravati,468.0,Daryapur,Saline,-100000.0,4428.43,4103.73,809.69,Saline
MAHARASHTRA,Amravati,468.0,Dhamangaon Railway,Safe,64.02,6256.8,5798.2,3711.75,
MAHARASHTRA,Amravati,468.0,Dharni,Safe,52.71,3864.83,3635.33,1916.0,
MAHARASHTRA,Amravati,468.0,Morshi,Semi-critical,81.23,9489.93,8871.47,7205.98,
MAHARASHTRA,Amravati,468.0,Nandgaon-Khandeshwar,Safe,67.02,7286.25,6921.63,4638.87,
MAHARASHTRA,Amravati,468.0,Teosa,Safe,63.16,9013.56,8532.09,5388.99,
MAHARASHTRA,Amravati,468.0,Warud,Over-exploited,120.61,11108.42,10078.89,12156.65,
MAHARASHTRA,Ch.Sambhajinagar,469.0,Ch.Sambhajinagar,Safe,64.26,12558.44,11930.51,7666.25,
MAHARASHTRA,Ch.Sambhajinagar,469.0,Fulambri,Safe,64.74,4851.44,4608.88,2983.85,
MAHARASHTRA,Ch.Sambhajinagar,469.0,Gangapur,Safe,62.24,13317.53,12651.65,7874.71,
MAHARASHTRA,Ch.Sambhajinagar,469.0,Kannad,Safe,57.54,16493.68,15635.8,8997.08,
MAHARASHTRA,Ch.Sambhajinagar,469.0,Khuldabad,Safe,61.13,5920.2,5624.18,3438.1,
MAHARASHTRA,Ch.Sambhajinagar,469.0,Paithan,Safe,62.28,18482.85,17558.7,10934.85,
MAHARASHTRA,Ch.Sambhajinagar,469.0,Sillod,Safe,63.16,12979.5,12330.53,7787.98,
MAHARASHTRA,Ch.Sambhajinagar,469.0,Soegaon,Safe,55.15,5030.66,4779.12,2635.72,
MAHARASHTRA,Ch.Sambhajinagar,469.0,Vaijapur,Safe,66.55,15694.21,14909.51,9922.63,
MAHARASHTRA,Bhandara,471.0,Bhandara,Safe,42.22,8822.25,8239.95,3478.96,
MAHARASHTRA,Bhandara,471.0,Lakhandur,Safe,8.62,40767.58,36936.79,3182.31,
MAHARASHTRA,Bhandara,471.0,Lakhani,Safe,55.0,6160.58,5846.12,3215.56,
MAHARASHTRA,Bhandara,471.0,Mohadi,Safe,57.69,6143.32,5832.36,3364.72,
MAHARASHTRA,Bhandara,471.0,Pauni,Safe,36.71,16263.41,15075.22,5534.2,
MAHARASHTRA,Bhandara,471.0,Sakoli,Safe,51.93,7280.97,6884.08,3574.59,
MAHARASHTRA,Bhandara,471.0,Tumsar,Safe,48.26,8699.71,8237.4,3975.23,
MAHARASHTRA,Chandrapur,473.0,Ballarpur,Safe,17.92,6064.46,5761.24,1032.52,
MAHARASHTRA,Chandrapur,473.0,Bhadravati,Safe,22.24,14003.66,13303.47,2958.6,
MAHARASHTRA,Chandrapur,473.0,Brahmapuri,Safe,44.08,7960.46,7500.17,3305.74,
MAHARASHTRA,Chandrapur,473.0,Chandrapur,Safe,21.62,10449.26,9926.81,2145.99,
MAHARASHTRA,Chandrapur,473.0,Chimur,Safe,45.0,5959.43,5658.85,2546.27,
MAHARASHTRA,Chandrapur,473.0,Gondpipri,Safe,25.67,7562.21,7184.1,1844.48,
MAHARASHTRA,Chandrapur,473.0,Jiwati,Safe,32.71,3448.18,3250.9,1063.25,
MAHARASHTRA,Chandrapur,473.0,Korpana,Safe,31.67,2761.74,2559.94,810.83,
MAHARASHTRA,Chandrapur,473.0,Mul,Safe,32.95,5492.36,5208.04,1716.25,
MAHARASHTRA,Chandrapur,473.0,Nagbhir,Safe,33.71,9138.58,8658.58,2918.5,
MAHARASHTRA,Chandrapur,473.0,Pombhurna,Safe,27.97,4726.11,4480.55,1253.02,
MAHARASHTRA,Chandrapur,473.0,Rajura,Safe,27.46,7703.17,7300.67,2005.08,
MAHARASHTRA,Chandrapur,473.0,Sawali,Safe,24.71,8757.17,8317.36,2055.4,
MAHARASHTRA,Chandrapur,473.0,Sindewahi,Safe,32.62,10922.26,10337.42,3372.35,
MAHARASHTRA,Chandrapur,473.0,Warora,Safe,33.76,12228.37,11616.95,3921.33,
MAHARASHTRA,Dhule,474.0,Dhule,Safe,60.52,19767.14,18778.8,11365.77,
MAHARASHTRA,Dhule,474.0,Sakri,Safe,51.33,19922.58,18926.43,9715.38,
MAHARASHTRA,Dhule,474.0,Shirpur,Safe,44.88,18416.47,17495.65,7852.72,
MAHARASHTRA,Dhule,474.0,Sindkheda,Safe,49.71,14436.34,13704.81,6812.93,
MAHARASHTRA,Gadchiroli,475.0,Aheri,Safe,14.5,11647.12,10957.5,1588.86,
MAHARASHTRA,Gadchiroli,475.0,Armori,Safe,36.02,9200.09,8719.5,3140.36,
MAHARASHTRA,Gadchiroli,475.0,Bhamragad,Safe,8.36,4424.09,4057.1,339.31,
MAHARASHTRA,Gadchiroli,475.0,Chamorshi,Safe,29.93,12280.41,11628.06,3480.5,
MAHARASHTRA,Gadchiroli,475.0,Dhanora,Safe,28.22,9646.03,9141.97,2579.92,
MAHARASHTRA,Gadchiroli,475.0,Etapalli,Safe,17.09,13638.38,12919.65,2208.08,
MAHARASHTRA,Gadchiroli,475.0,Gadchiroli,Safe,27.43,6837.73,6461.64,1772.52,
MAHARASHTRA,Gadchiroli,475.0,Korchi,Safe,26.8,5070.05,4815.71,1290.77,
MAHARASHTRA,Gadchiroli,475.0,Kurkheda,Safe,33.34,10698.92,10163.98,3388.61,
MAHARASHTRA,Gadchiroli,475.0,Mulchera,Safe,24.2,7583.15,7193.83,1740.91,
MAHARASHTRA,Gadchiroli,475.0,Sironcha,Safe,35.12,10118.62,9571.33,3361.03,
MAHARASHTRA,Gadchiroli,475.0,Wadasa,Safe,27.0,6738.43,6359.7,1716.93,
MAHARASHTRA,Hingoli,477.0,Aundha (Nagnath),Safe,29.09,19548.13,18570.71,5401.66,
MAHARASHTRA,Hingoli,477.0,Basmath,Safe,29.15,30824.76,29283.51,8537.0,
MAHARASHTRA,Hingoli,477.0,Hingoli,Safe,45.7,12292.63,11678.0,5336.83,
MAHARASHTRA,Hingoli,477.0,Kalamnuri,Safe,46.17,13670.06,12986.55,5995.33,
MAHARASHTRA,Hingoli,477.0,Sengaon,Safe,49.63,14298.75,13583.8,6741.02,
MAHARASHTRA,Jalna,479.0,Ambad,Safe,37.53,12297.45,11682.56,4384.12,
MAHARASHTRA,Jalna,479.0,Badnapur,Safe,28.6,7489.55,7101.06,2030.82,
MAHARASHTRA,Jalna,479.0,Bhokardan,Safe,31.31,18015.54,17114.74,5359.44,
MAHARASHTRA,Jalna,479.0,Ghat Sawangi,Safe,31.26,17842.53,16950.39,5298.43,
MAHARASHTRA,Jalna,479.0,Jafrabad,Safe,42.73,10592.06,10062.46,4299.98,
MAHARASHTRA,Jalna,479.0,Jalna,Safe,32.11,18702.33,17767.21,5705.52,
MAHARASHTRA,Jalna,479.0,Mantha,Safe,34.52,11716.98,11131.12,3841.99,
MAHARASHTRA,Jalna,479.0,Partur,Safe,35.74,15804.76,15014.52,5365.71,
MAHARASHTRA,Kolhapur,480.0,Ajara,Safe,45.68,8309.61,7894.13,3606.14,
MAHARASHTRA,Kolhapur,480.0,Bhudargad,Safe,44.23,7299.68,6844.75,3027.1,
MAHARASHTRA,Kolhapur,480.0,Chandgad,Safe,47.03,17074.67,16220.94,7628.56,
MAHARASHTRA,Kolhapur,480.0,Gadhinglaj,Safe,60.34,12512.05,11886.44,7172.85,
MAHARASHTRA,Kolhapur,480.0,Gaganbawada,Safe,19.83,4024.36,3823.14,757.95,
MAHARASHTRA,Kolhapur,480.0,Hatkanangle,Safe,56.83,11726.44,11140.12,6330.42,
MAHARASHTRA,Kolhapur,480.0,Kagal,Safe,40.76,13715.68,12712.79,5182.26,
MAHARASHTRA,Kolhapur,480.0,Karvir,Safe,41.23,13983.0,13011.27,5364.44,
MAHARASHTRA,Kolhapur,480.0,Panhala,Safe,44.7,10804.62,10074.59,4503.16,
MAHARASHTRA,Kolhapur,480.0,Radhanagari,Safe,30.58,17294.19,15903.69,4864.04,
MAHARASHTRA,Kolhapur,480.0,Shahuwadi,Safe,25.28,8036.87,7485.32,1892.21,
MAHARASHTRA,Kolhapur,480.0,Shirol,Safe,40.01,11461.75,10562.07,4226.07,
MAHARASHTRA,Latur,481.0,Ahmedpur,Safe,45.99,8970.29,8521.78,3918.79,
MAHARASHTRA,Latur,481.0,Anantpal Sh,Safe,42.23,2196.2,2086.39,881.07,
MAHARASHTRA,Latur,481.0,Ausa,Safe,50.33,14058.08,13355.17,6722.06,
MAHARASHTRA,Latur,481.0,Chakur,Safe,53.98,5028.42,4777.01,2578.42,
MAHARASHTRA,Latur,481.0,Deoni,Safe,43.83,2385.0,2265.75,992.98,
MAHARASHTRA,Latur,481.0,Jalkot,Safe,39.14,1889.43,1794.96,702.52,
MAHARASHTRA,Latur,481.0,Latur,Safe,55.84,11759.16,11171.2,6238.08,
MAHARASHTRA,Latur,481.0,Nilanga,Safe,52.55,12510.96,11885.42,6245.22,
MAHARASHTRA,Latur,481.0,Renapur,Safe,57.58,4789.74,4550.25,2620.11,
MAHARASHTRA,Latur,481.0,Udgir,Safe,48.98,7752.19,7364.58,3607.47,
MAHARASHTRA,Nagpur,484.0,Bhiwapur,Safe,49.47,6117.47,5652.69,2796.13,
MAHARASHTRA,Nagpur,484.0,Hingna,Safe,45.05,12094.2,11465.13,5164.49,
MAHARASHTRA,Nagpur,484.0,Kalameshwar,Safe,56.28,8516.27,7984.64,4493.39,
MAHARASHTRA,Nagpur,484.0,Kamptee,Safe,49.75,6223.29,5899.83,2935.44,
MAHARASHTRA,Nagpur,484.0,Katol,Safe,47.61,18374.35,17124.23,8152.64,
MAHARASHTRA,Nagpur,484.0,Kuhi,Safe,56.64,11018.93,10467.99,5928.59,
MAHARASHTRA,Nagpur,484.0,Mauda,Safe,24.87,14929.2,14182.73,3526.74,
MAHARASHTRA,Nagpur,484.0,Nagpur (Rural),Safe,42.93,8326.41,7888.03,3386.11,
MAHARASHTRA,Nagpur,484.0,Narkhed,Safe,61.34,20250.04,18916.63,11602.81,
MAHARASHTRA,Nagpur,484.0,Parshioni,Safe,33.74,9004.51,8481.54,2861.4,
MAHARASHTRA,Nagpur,484.0,Ramtek,Safe,35.91,10267.31,9600.75,3447.36,
MAHARASHTRA,Nagpur,484.0,Saoner,Safe,67.53,6553.65,6109.5,4126.04,
MAHARASHTRA,Nagpur,484.0,Umred,Safe,30.13,17017.01,15999.23,4820.49,
MAHARASHTRA,Nagpur,484.0,Nagpur (Urban),Safe,54.62,783.08,743.85,406.27,
MAHARASHTRA,Nanded,485.0,Ardhapur,Safe,58.95,4158.15,3950.24,2328.86,
MAHARASHTRA,Nanded,485.0,Bhokar,Safe,33.39,6989.68,6640.21,2216.91,
MAHARASHTRA,Nanded,485.0,Biloli,Safe,21.66,6606.62,6276.29,1359.32,
MAHARASHTRA,Nanded,485.0,Degloor,Safe,35.37,7108.52,6753.09,2388.68,
MAHARASHTRA,Nanded,485.0,Dharmabad,Safe,15.92,4254.17,4041.46,643.24,
MAHARASHTRA,Nanded,485.0,Hadgaon,Safe,38.96,13925.73,13229.43,5154.38,
MAHARASHTRA,Nanded,485.0,Himayatnagar,Safe,39.5,5529.18,5186.24,2048.31,
MAHARASHTRA,Nanded,485.0,Kandhar,Safe,26.63,10505.72,9939.17,2646.78,
MAHARASHTRA,Nanded,485.0,Kinwat,Safe,24.03,16754.15,15819.11,3801.55,
MAHARASHTRA,Nanded,485.0,Loha,Safe,31.27,11287.99,10658.07,3333.03,
MAHARASHTRA,Nanded,485.0,Mahur,Safe,39.87,5485.09,5210.84,2077.33,
MAHARASHTRA,Nanded,485.0,Mudkhed,Safe,53.13,4156.98,3949.13,2098.06,
MAHARASHTRA,Nanded,485.0,Mukhed,Safe,26.46,9449.03,8976.57,2375.37,
MAHARASHTRA,Nanded,485.0,Naigaon (Khairgaon),Safe,28.68,7498.41,7123.49,2042.84,
MAHARASHTRA,Nanded,485.0,Nanded,Safe,43.13,6341.97,6024.87,2598.72,
MAHARASHTRA,Nanded,485.0,Umari,Safe,29.09,4865.83,4622.54,1344.66,
MAHARASHTRA,Nandurbar,486.0,Akkalkuva,Safe,39.36,4991.77,4742.18,1866.31,
MAHARASHTRA,Nandurbar,486.0,Akrani,Safe,29.8,3979.21,3780.24,1126.67,
MAHARASHTRA,Nandurbar,486.0,Nandurbar,Safe,55.21,12517.22,11891.36,6565.21,
MAHARASHTRA,Nandurbar,486.0,Nawapur,Safe,36.41,14375.78,13600.7,4951.68,
MAHARASHTRA,Nandurbar,486.0,Shahada,Safe,42.72,12037.39,11435.5,4885.58,
MAHARASHTRA,Nandurbar,486.0,Talode,Safe,50.06,4076.01,3872.22,1938.47,
MAHARASHTRA,Nashik,487.0,Baglan Satana,Semi-critical,78.09,13896.17,13034.07,10178.86,
MAHARASHTRA,Nashik,487.0,Chandwad,Semi-critical,81.44,11690.19,10964.61,8929.42,
MAHARASHTRA,Nashik,487.0,Deola,Semi-critical,88.32,6776.5,6437.67,5685.47,
MAHARASHTRA,Nashik,487.0,Dindori,Safe,59.03,12371.29,11680.72,6895.0,
MAHARASHTRA,Nashik,487.0,Igatpuri,Safe,25.13,17652.26,16769.64,4214.9,
MAHARASHTRA,Nashik,487.0,Kalwan,Safe,61.58,8254.07,7835.53,4824.81,
MAHARASHTRA,Nashik,487.0,Malegaon,Safe,59.49,20048.17,19009.34,11309.53,
MAHARASHTRA,Nashik,487.0,Nandgaon,Safe,57.28,10952.88,10403.2,5959.37,
MAHARASHTRA,Nashik,487.0,Nashik,Safe,43.12,15958.88,14839.11,6398.29,
MAHARASHTRA,Nashik,487.0,Niphad,Critical,96.55,17450.64,16472.81,15904.38,
MAHARASHTRA,Nashik,487.0,Peth,Safe,5.0,11324.33,10758.11,537.67,
MAHARASHTRA,Nashik,487.0,Sinnar,Critical,94.34,17938.05,16985.46,16023.78,
MAHARASHTRA,Nashik,487.0,Surgana,Safe,11.63,13399.93,12729.93,1480.2,
MAHARASHTRA,Nashik,487.0,Trimbakeshwar,Safe,11.09,12437.62,11781.87,1306.06,
MAHARASHTRA,Nashik,487.0,Yeola,Semi-critical,76.22,13204.34,12536.64,9556.03,
MAHARASHTRA,Palghar,665.0,Dahanu,Safe,31.55,4554.09,4305.58,1358.5,
MAHARASHTRA,Palghar,665.0,Jawhar,Safe,11.16,2771.7,2592.16,289.19,
MAHARASHTRA,Palghar,665.0,Mokhada,Safe,14.83,1405.64,1335.36,197.99,
MAHARASHTRA,Palghar,665.0,Palghar,Safe,28.57,5355.6,5007.54,1430.59,
MAHARASHTRA,Palghar,665.0,Talasari,Safe,31.41,1107.95,1052.55,330.63,
MAHARASHTRA,Palghar,665.0,Vasai,Safe,40.16,1851.39,1758.81,706.38,
MAHARASHTRA,Palghar,665.0,Vikramgad,Safe,16.5,2780.13,2541.44,419.39,
MAHARASHTRA,Palghar,665.0,Wada,Safe,19.6,2514.19,2353.0,461.13,
MAHARASHTRA,Parbhani,489.0,Gangakhed,Safe,38.39,9421.79,8942.39,3433.28,
MAHARASHTRA,Parbhani,489.0,Jintur,Safe,39.59,18647.03,17714.69,7013.21,
MAHARASHTRA,Parbhani,489.0,Manwat,Safe,45.54,6784.37,6445.16,2935.21,
MAHARASHTRA,Parbhani,489.0,Palam,Safe,47.41,6831.68,6490.1,3077.01,
MAHARASHTRA,Parbhani,489.0,Parbhani,Safe,48.89,14361.3,13643.24,6669.64,
MAHARASHTRA,Parbhani,489.0,Pathari,Safe,55.53,7698.0,7313.1,4060.97,
MAHARASHTRA,Parbhani,489.0,Purna,Safe,48.04,11573.3,10994.63,5281.82,
MAHARASHTRA,Parbhani,489.0,Selu,Safe,55.95,7799.82,7409.82,4145.77,
MAHARASHTRA,Parbhani,489.0,Sonpeth,Safe,48.62,4154.16,3946.44,1918.7,
MAHARASHTRA,Pune,490.0,Ambegaon,Semi-critical,82.86,11353.26,10704.26,8869.74,
MAHARASHTRA,Pune,490.0,Baramati,Safe,61.61,27506.95,24984.13,15743.95,Over-exploited
MAHARASHTRA,Pune,490.0,Bhor,Safe,46.15,3869.46,3663.63,1690.67,
MAHARASHTRA,Pune,490.0,Daund,Semi-critical,72.23,17719.23,16164.49,11807.84,Semi-critical
MAHARASHTRA,Pune,490.0,Haveli,Safe,62.4,12407.7,11620.29,7250.96,
MAHARASHTRA,Pune,490.0,Indapur,Safe,67.85,30913.95,28366.76,20438.08,Over-exploited
MAHARASHTRA,Pune,490.0,Junnar,Semi-critical,82.02,16360.64,15370.25,12606.72,
MAHARASHTRA,Pune,490.0,Khed,Semi-critical,79.72,14039.09,13337.14,10632.37,
MAHARASHTRA,Pune,490.0,Mawal,Safe,22.53,8995.06,8501.3,1915.04,
MAHARASHTRA,Pune,490.0,Mulshi,Safe,19.86,8570.22,7963.07,1581.13,
MAHARASHTRA,Pune,490.0,Purandhar,Safe,50.52,23714.13,21617.6,10929.75,Semi-critical
MAHARASHTRA,Pune,490.0,Shirur,Critical,95.71,15310.18,14517.63,13894.58,
MAHARASHTRA,Pune,490.0,Velhe,Safe,8.93,5455.61,5072.07,453.11,
MAHARASHTRA,Pune,490.0,Pune City,Safe,51.71,1295.38,1218.32,629.94,
MAHARASHTRA,Raigad,491.0,Alibag,Safe,45.49,2865.44,2721.42,1237.96,
MAHARASHTRA,Raigad,491.0,Karjat,Safe,9.63,3604.11,3409.46,328.3,
MAHARASHTRA,Raigad,491.0,Khalapur,Safe,10.36,3993.7,3792.42,393.0,
MAHARASHTRA,Raigad,491.0,Mahad,Safe,17.41,2363.04,2238.11,389.6,
MAHARASHTRA,Raigad,491.0,Mangaon,Safe,9.26,4462.02,4237.77,392.41,
MAHARASHTRA,Raigad,491.0,Mhasala,Safe,41.67,1362.11,1292.56,538.56,
MAHARASHTRA,Raigad,491.0,Murud,Safe,23.94,1330.82,1263.2,302.46,
MAHARASHTRA,Raigad,491.0,Panvel,Safe,31.34,2993.94,2838.85,889.82,
MAHARASHTRA,Raigad,491.0,Pen,Safe,11.16,2597.31,2465.37,275.02,
MAHARASHTRA,Raigad,491.0,Poladpur,Safe,17.13,918.66,872.72,149.5,
MAHARASHTRA,Raigad,491.0,Roha,Safe,10.56,4711.81,4474.45,472.37,
MAHARASHTRA,Raigad,491.0,Shrivardhan,Safe,41.26,1192.47,1131.87,466.98,
MAHARASHTRA,Raigad,491.0,Sudhagad,Safe,11.6,2759.87,2618.91,303.87,
MAHARASHTRA,Raigad,491.0,Tala,Safe,38.6,707.9,671.07,259.06,
MAHARASHTRA,Raigad,491.0,Uran,Safe,9.12,2087.42,1983.05,180.89,
MAHARASHTRA,Ratnagiri,492.0,Chiplun,Safe,12.7,6245.73,5933.43,753.4,
MAHARASHTRA,Ratnagiri,492.0,Dapoli,Safe,26.92,3399.78,3229.8,869.58,
MAHARASHTRA,Ratnagiri,492.0,Guhagar,Safe,31.54,3964.59,3766.35,1187.78,
MAHARASHTRA,Ratnagiri,492.0,Khed,Safe,12.31,5761.12,5461.21,672.43,
MAHARASHTRA,Ratnagiri,492.0,Lanja,Safe,15.32,3662.44,3463.59,530.54,
MAHARASHTRA,Ratnagiri,492.0,Mandangad,Safe,15.35,2100.66,1995.63,306.3,
MAHARASHTRA,Ratnagiri,492.0,Rajapur,Safe,14.51,6936.85,6363.43,923.48,
MAHARASHTRA,Ratnagiri,492.0,Ratnagiri,Safe,29.41,4145.55,3938.28,1158.18,
MAHARASHTRA,Ratnagiri,492.0,Sangameshwar,Safe,12.19,5145.73,4888.44,595.76,
MAHARASHTRA,Sangli,493.0,Atpadi,Safe,55.39,12913.75,12250.12,6785.89,
MAHARASHTRA,Sangli,493.0,Jat,Safe,59.97,28221.58,26726.43,16027.37,
MAHARASHTRA,Sangli,493.0,Kadegaon,Safe,57.48,14386.26,13517.93,7770.1,
MAHARASHTRA,Sangli,493.0,Kavathemahankal,Safe,69.71,12574.87,11946.12,8327.8,
MAHARASHTRA,Sangli,493.0,Khanapur,Safe,32.35,13495.09,12421.84,4019.0,
MAHARASHTRA,Sangli,493.0,Miraj,Safe,56.7,18423.27,17139.62,9180.48,Safe
MAHARASHTRA,Sangli,493.0,Palus,Safe,39.6,8435.36,7754.18,2862.28,Safe
MAHARASHTRA,Sangli,493.0,Shirala,Safe,33.54,7128.84,6693.35,2243.74,Safe
MAHARASHTRA,Sangli,493.0,Tasgaon,Safe,49.5,17911.78,16944.31,8291.64,Safe
MAHARASHTRA,Sangli,493.0,Walwa,Safe,52.8,11464.01,10626.18,4818.37,Safe
MAHARASHTRA,Sindhudurg,495.0,Devgad,Safe,40.21,3995.32,3795.55,1526.33,
MAHARASHTRA,Sindhudurg,495.0,Dodamarg,Safe,60.61,699.28,664.33,402.64,
MAHARASHTRA,Sindhudurg,495.0,Kankavli,Safe,36.85,4216.7,4005.86,1476.33,
MAHARASHTRA,Sindhudurg,495.0,Kudal,Safe,49.83,4870.74,4627.21,2305.68,
MAHARASHTRA,Sindhudurg,495.0,Malwan,Safe,40.29,3503.86,3328.66,1341.22,
MAHARASHTRA,Sindhudurg,495.0,Sawantwadi,Safe,47.71,2731.64,2588.87,1235.28,
MAHARASHTRA,Sindhudurg,495.0,Vaibhavwadi,Safe,50.45,1522.16,1446.06,729.52,
MAHARASHTRA,Sindhudurg,495.0,Vengurla,Safe,51.39,1945.56,1848.29,949.77,
MAHARASHTRA,Solapur,496.0,Akkalkot,Safe,54.61,14238.27,13526.37,7387.09,
MAHARASHTRA,Solapur,496.0,Barshi,Semi-critical,77.65,10744.5,10207.26,7926.16,
MAHARASHTRA,Solapur,496.0,Karmala,Safe,69.13,12388.85,11769.43,8136.11,
MAHARASHTRA,Solapur,496.0,Madha,Safe,68.36,17394.04,16524.34,11295.43,
MAHARASHTRA,Solapur,496.0,Malshiras,Semi-critical,82.43,19990.23,18990.71,15653.25,
MAHARASHTRA,Solapur,496.0,Mangalvedha,Semi-critical,72.65,9582.97,9103.83,6613.57,
MAHARASHTRA,Solapur,496.0,Mohol,Safe,66.47,16473.61,15649.92,10402.29,
MAHARASHTRA,Solapur,496.0,N.Solapur,Safe,55.89,7139.47,6782.5,3791.05,
MAHARASHTRA,Solapur,496.0,Pandharpur,Safe,66.5,15425.13,14653.88,9745.37,
MAHARASHTRA,Solapur,496.0,S.Solapur,Safe,58.0,11599.69,11019.71,6390.93,
MAHARASHTRA,Solapur,496.0,Sangola,Semi-critical,71.14,15481.66,14707.59,10463.55,
MAHARASHTRA,Thane,497.0,Ambarnath,Safe,20.21,1811.74,1716.41,346.83,
MAHARASHTRA,Thane,497.0,Bhiwandi,Safe,41.12,2920.8,2772.51,1140.18,
MAHARASHTRA,Thane,497.0,Kalyan,Safe,20.23,846.94,804.59,162.74,
MAHARASHTRA,Thane,497.0,Murbad,Safe,9.88,3726.6,3533.62,349.01,
MAHARASHTRA,Thane,497.0,Shahapur,Safe,12.4,6146.77,5839.41,723.89,
MAHARASHTRA,Thane,497.0,Thane,Safe,27.99,1401.87,1331.78,372.76,
MAHARASHTRA,Thane,497.0,Ulhasnagar,Safe,41.4,87.09,82.73,34.25,
MAHARASHTRA,Wardha,498.0,Arvi,Safe,42.19,12127.19,11520.85,4860.48,
MAHARASHTRA,Wardha,498.0,Ashti,Safe,44.91,8050.81,7648.28,3434.86,
MAHARASHTRA,Wardha,498.0,Deoli,Safe,39.99,11452.88,10880.23,4351.43,
MAHARASHTRA,Wardha,498.0,Hinganghat,Safe,46.85,14000.25,13300.24,6231.8,
MAHARASHTRA,Wardha,498.0,Karanja,Safe,55.94,10084.15,9571.97,5354.31,
MAHARASHTRA,Wardha,498.0,Samudrapur,Safe,39.42,16964.0,16115.79,6353.43,
MAHARASHTRA,Wardha,498.0,Seloo,Safe,52.48,10386.23,9866.91,5177.82,
MAHARASHTRA,Wardha,498.0,Wardha,Safe,51.72,13930.62,13143.49,6798.27,
MAHARASHTRA,Washim,499.0,Karanja,Safe,57.39,9791.53,9221.51,5292.53,
MAHARASHTRA,Washim,499.0,Malegaon,Safe,58.99,9993.24,9489.93,5598.25,
MAHARASHTRA,Washim,499.0,Mangrulpir,Safe,39.09,15601.69,14491.15,5663.9,
MAHARASHTRA,Washim,499.0,Manora,Safe,44.95,10626.43,10093.79,4537.38,
MAHARASHTRA,Washim,499.0,Risod,Safe,60.72,12919.9,12223.5,7421.79,
MAHARASHTRA,Washim,499.0,Washim,Safe,53.81,12387.73,11765.73,6330.77,
MAHARASHTRA,Yavatmal,500.0,Arni,Safe,37.65,8499.47,8064.32,3036.37,
MAHARASHTRA,Yavatmal,500.0,Babulgaon,Safe,42.73,5741.74,5453.57,2330.17,
MAHARASHTRA,Yavatmal,500.0,Darwha,Safe,44.99,8508.9,8034.2,3614.6,
MAHARASHTRA,Yavatmal,500.0,Digras,Safe,45.48,5708.36,5377.92,2445.83,
MAHARASHTRA,Yavatmal,500.0,Ghatanji,Safe,22.17,8241.12,7829.07,1735.42,
MAHARASHTRA,Yavatmal,500.0,Kalamb,Safe,39.58,6375.98,6037.73,2389.47,
MAHARASHTRA,Yavatmal,500.0,Mahagaon,Safe,54.55,7946.57,7534.55,4110.23,
MAHARASHTRA,Yavatmal,500.0,Maregaon,Safe,34.52,4322.3,4083.7,1409.56,
MAHARASHTRA,Yavatmal,500.0,Ner,Safe,54.87,5477.2,5200.85,2853.79,
MAHARASHTRA,Yavatmal,500.0,Umarkhed,Safe,33.57,14107.0,13363.61,4486.56,
MAHARASHTRA,Yavatmal,500.0,Kelapur,Safe,25.62,7626.54,7245.22,1856.42,
MAHARASHTRA,Yavatmal,500.0,Pusad,Safe,39.72,12073.54,11426.58,4539.1,
MAHARASHTRA,Yavatmal,500.0,Ralegaon,Safe,37.92,7168.66,6689.89,2536.78,
MAHARASHTRA,Yavatmal,500.0,Wani,Safe,31.95,8260.58,7827.16,2500.68,
MAHARASHTRA,Yavatmal,500.0,Yavatmal,Safe,40.33,9784.54,9279.43,3742.18,
MAHARASHTRA,Yavatmal,500.0,Jhari-Jamani,Safe,26.14,6117.8,5805.07,1517.45,
MAHARASHTRA,Mumbai,482.0,Mumbai,Safe,47.06,1521.39,1445.32,680.16,
MAHARASHTRA,Mumbai Suburban,483.0,Kurla,Safe,24.98,2770.99,2632.44,657.66,
MAHARASHTRA,Mumbai Suburban,483.0,Borivali,Safe,52.37,2594.69,2464.96,1290.79,
MAHARASHTRA,Mumbai Suburban,483.0,Andheri,Safe,19.24,1648.26,1483.43,285.4,
SIKKIM,Gangtok,225.0,Rakdong Tintek,Safe,11.36,632.77,569.49,64.67,
SIKKIM,Gangtok,225.0,Khamdong,Safe,6.72,1056.73,951.06,63.88,
SIKKIM,Gangtok,225.0,Martam,Safe,12.95,593.21,533.88,69.12,
SIKKIM,Gangtok,225.0,Gangtok / Nandok,Safe,37.55,443.85,399.46,149.99,
SIKKIM,Gangtok,225.0,Gangtok_ROA,Safe,0.0,3522.97,3170.67,0.0,
SIKKIM,Gangtok,225.0,Ranka,Safe,12.44,567.73,510.95,63.57,
SIKKIM,Mangan,226.0,Dzongu / Passingdang,Safe,1.45,1921.57,1729.41,25.07,
SIKKIM,Mangan,226.0,Kabi Tingda,Safe,4.42,646.37,581.74,25.72,
SIKKIM,Mangan,226.0,Chunthang,Safe,3.9,707.71,636.94,24.83,
SIKKIM,Mangan,226.0,Mangan,Safe,7.43,440.94,396.85,29.5,
SIKKIM,Mangan,226.0,Mangan_ROA,Hilly area,,0.0,0.0,,Hilly area
SIKKIM,Gyalsingh,228.0,Arithang Chongrang,Safe,7.43,688.02,619.22,46.01,
SIKKIM,Gyalsingh,228.0,Gyalsingh,Safe,8.29,704.58,634.13,52.56,
SIKKIM,Gyalsingh,228.0,Hee Martam,Safe,8.68,578.82,520.94,45.2,
SIKKIM,Gyalsingh,228.0,Dentam,Safe,4.9,1124.41,1011.97,49.62,
SIKKIM,Gyalsingh,228.0,Gyalsingh_ROA,Safe,0.0,232.0,208.8,0.0,
SIKKIM,Gyalsingh,228.0,Yuksom,Safe,10.63,465.22,418.7,44.5,
SIKKIM,Soreng,742.0,Soreng,Safe,10.59,179.8,161.82,17.14,
SIKKIM,Soreng,742.0,Mangalbarey,Safe,8.76,175.62,158.06,13.84,
SIKKIM,Soreng,742.0,Chumbung-Chakung,Safe,10.84,130.08,117.07,12.69,
SIKKIM,Soreng,742.0,Daramdin,Safe,6.74,301.53,271.37,18.28,
SIKKIM,Soreng,742.0,Soreng_ROA,Hilly area,,0.0,0.0,,Hilly area
SIKKIM,Soreng,742.0,Baiguney,Safe,9.82,151.23,136.11,13.37,
SIKKIM,Soreng,742.0,Kaluk,Safe,5.0,332.71,299.44,14.97,
SIKKIM,Namchi,227.0,Ravangla,Safe,5.77,509.84,458.86,26.47,
SIKKIM,Namchi,227.0,Yangdang,Safe,5.71,489.86,440.88,25.17,
SIKKIM,Namchi,227.0,Melli Sumbuk,Safe,7.28,382.82,344.54,25.07,
SIKKIM,Namchi,227.0,Wok Sikkip,Safe,7.52,284.74,256.27,19.27,
SIKKIM,Namchi,227.0,Jorethang,Safe,11.33,292.85,263.57,29.85,
SIKKIM,Namchi,227.0,Namthang,Safe,4.39,626.83,564.14,24.74,
SIKKIM,Namchi,227.0,Temi Tarku,Safe,8.1,377.18,339.47,27.51,
SIKKIM,Namchi,227.0,Namchi,Safe,7.49,540.35,486.31,36.43,
SIKKIM,Namchi,227.0,Namchi_ROA,Safe,0.0,41.49,37.34,0.0,
SIKKIM,Pakyong,741.0,Pakyong,Safe,6.28,971.39,874.25,54.86,
SIKKIM,Pakyong,741.0,Parkha,Safe,2.76,904.61,814.15,22.49,
SIKKIM,Pakyong,741.0,Pakyong_ROA,Safe,0.0,905.32,814.79,0.0,
SIKKIM,Pakyong,741.0,Regu,Safe,3.04,982.32,884.09,26.87,
SIKKIM,Pakyong,741.0,Duga,Safe,11.51,554.52,499.07,57.43,
SIKKIM,Pakyong,741.0,Rhenock,Safe,7.28,484.31,435.88,31.72,
SIKKIM,Pakyong,741.0,Namchibong,Safe,13.71,221.06,198.95,27.28,
TELANGANA,Jagtial,681.0,Beerpur,Safe,30.88,5189.23,4677.28,1444.5,
TELANGANA,Jagtial,681.0,Buggaram,Safe,24.01,3054.19,2749.76,660.19,
TELANGANA,Jagtial,681.0,Dharmapuri,Safe,50.73,6132.06,5539.44,2810.26,
TELANGANA,Jagtial,681.0,Gollapalle,Safe,56.95,6164.09,5557.35,3165.06,
TELANGANA,Jagtial,681.0,Ibrahimpatnam,Safe,51.78,4474.89,4033.5,2088.65,
TELANGANA,Jagtial,681.0,Jagityal_Rural,Safe,37.78,6350.29,5717.2,2159.73,
TELANGANA,Jagtial,681.0,Jagtial,Safe,33.56,2353.62,2119.01,711.15,
TELANGANA,Jagtial,681.0,Kathlapur,Safe,64.05,2761.03,2523.3,1616.25,
TELANGANA,Jagtial,681.0,Kodimial,Safe,59.7,2295.82,2066.23,1233.51,
TELANGANA,Jagtial,681.0,Koratla,Safe,23.15,5254.4,4740.44,1097.53,
TELANGANA,Jagtial,681.0,Malial,Safe,51.25,2808.83,2572.63,1318.38,
TELANGANA,Jagtial,681.0,Mallapur,Safe,46.54,6252.21,5633.57,2621.85,
TELANGANA,Jagtial,681.0,Medipalle,Safe,55.0,2415.55,2196.46,1208.1,
TELANGANA,Jagtial,681.0,Metpalle,Safe,58.63,4462.87,4069.26,2385.72,
TELANGANA,Jagtial,681.0,Pegadapalle,Safe,44.25,5194.05,4691.11,2075.95,
TELANGANA,Jagtial,681.0,Raikal,Safe,46.98,9320.67,8406.78,3949.74,
TELANGANA,Jagtial,681.0,Sarangapur,Safe,45.45,4792.77,4317.79,1962.4,
TELANGANA,Jagtial,681.0,Velgatoor,Safe,31.14,4615.05,4159.42,1295.42,
TELANGANA,Jagtial,681.0,Bheemaram,Safe,61.75,1528.83,1404.38,867.18,
TELANGANA,Jagtial,681.0,Endapalli,Safe,34.97,3686.67,3322.72,1161.88,
TELANGANA,Karimnagar,508.0,Karimnagar_Rural,Safe,29.64,4898.14,4413.63,1308.25,
TELANGANA,Karimnagar,508.0,Chigurumamidi,Safe,39.18,6282.54,5671.59,2222.39,
TELANGANA,Karimnagar,508.0,Choppadandi,Safe,51.28,5257.47,4757.94,2439.96,
TELANGANA,Karimnagar,508.0,Ellandakunta,Safe,30.19,5495.51,4945.94,1493.02,
TELANGANA,Karimnagar,508.0,Gangadhara,Semi-critical,74.13,3676.61,3327.67,2466.73,
TELANGANA,Karimnagar,508.0,Gannervaram,Safe,47.83,3543.02,3188.72,1525.3,
TELANGANA,Karimnagar,508.0,Huzurabad,Safe,32.02,7834.02,7066.2,2262.42,
TELANGANA,Karimnagar,508.0,Jammikunta,Safe,25.34,7616.53,6856.05,1737.06,
TELANGANA,Karimnagar,508.0,Karimnagar,Safe,59.11,708.82,637.94,377.11,
TELANGANA,Karimnagar,508.0,Kothapalle,Safe,47.57,2654.72,2389.24,1136.61,
TELANGANA,Karimnagar,508.0,Manakondur,Safe,28.02,10589.28,9546.97,2674.59,
TELANGANA,Karimnagar,508.0,Ramadugu,Semi-critical,73.28,3074.16,2810.18,2059.25,
TELANGANA,Karimnagar,508.0,Shankarapatnam,Safe,28.12,8395.44,7559.28,2125.43,
TELANGANA,Karimnagar,508.0,Thimmapur,Safe,35.03,7543.87,6790.66,2379.09,
TELANGANA,Karimnagar,508.0,V_Saidapur,Safe,39.84,7024.27,6378.81,2541.25,
TELANGANA,Karimnagar,508.0,Veenavanka,Safe,30.24,8268.67,7444.01,2251.28,
TELANGANA,Kamareddy,685.0,Naga_Reddipet,Safe,52.4,2865.65,5665.96,1351.97,
TELANGANA,Kamareddy,685.0,Tadwai,Safe,54.03,2978.95,6677.24,1448.61,
TELANGANA,Kamareddy,685.0,Banswada,Safe,26.6,6367.03,11701.24,1524.58,
TELANGANA,Kamareddy,685.0,Bhiknur,Safe,61.6,3187.82,9182.79,1775.58,
TELANGANA,Kamareddy,685.0,Bibipet,Safe,62.9,1756.87,5147.22,997.97,
TELANGANA,Kamareddy,685.0,Bichkunda,Safe,53.59,3058.83,10668.8,1499.91,
TELANGANA,Kamareddy,685.0,Birkoor,Safe,43.55,4068.21,7592.8,1594.48,
TELANGANA,Kamareddy,685.0,Domakonda,Safe,63.79,1302.71,4272.33,749.61,
TELANGANA,Kamareddy,685.0,Gandhari,Safe,40.65,5989.01,8579.76,2215.3,
TELANGANA,Kamareddy,685.0,Jukkal,Safe,31.11,2275.94,11142.18,655.19,
TELANGANA,Kamareddy,685.0,Kamareddy,Semi-critical,71.24,2612.68,5864.66,1675.29,
TELANGANA,Kamareddy,685.0,Lingampet,Safe,58.73,6273.18,13459.1,3358.82,
TELANGANA,Kamareddy,685.0,Machareddy,Safe,61.81,2424.66,8695.93,1379.36,
TELANGANA,Kamareddy,685.0,Madnur,Safe,35.54,1640.77,8918.26,533.43,
TELANGANA,Kamareddy,685.0,Nasurullabad,Safe,34.07,4319.43,8867.56,1324.53,
TELANGANA,Kamareddy,685.0,Nizamsagar,Safe,44.75,1577.6,6226.49,644.66,
TELANGANA,Kamareddy,685.0,Pedda Kodapgal,Safe,46.14,1434.67,6069.89,602.95,
TELANGANA,Kamareddy,685.0,Pitlam,Safe,46.36,3396.69,13452.85,1439.61,
TELANGANA,Kamareddy,685.0,Rajampet,Safe,62.34,1981.76,6419.06,1112.82,
TELANGANA,Kamareddy,685.0,Ramareddy,Safe,49.64,3276.85,7159.7,1464.09,
TELANGANA,Kamareddy,685.0,Sadasivanagar,Safe,61.59,3599.14,7568.39,2014.08,
TELANGANA,Kamareddy,685.0,Yellareddy,Safe,43.43,4384.57,9424.92,1721.19,
TELANGANA,Kamareddy,685.0,Dongli,Safe,57.48,953.78,5394.25,498.64,
TELANGANA,Kamareddy,685.0,Palvancha,Safe,69.51,1619.6,4305.42,1013.53,
TELANGANA,Kamareddy,685.0,Mohammadnagar,Safe,26.23,2816.28,6051.93,666.99,
TELANGANA,Medak,513.0,Alladurg,Semi-critical,70.58,2221.55,2008.85,1417.77,
TELANGANA,Medak,513.0,Chegunta,Semi-critical,80.18,3246.88,2931.76,2350.81,
TELANGANA,Medak,513.0,Chilipched,Safe,56.75,2742.05,2471.14,1402.49,
TELANGANA,Medak,513.0,Havelighanpur,Safe,46.79,5452.44,4954.16,2318.15,
TELANGANA,Medak,513.0,Kowdipalle,Semi-critical,76.14,3969.43,3579.82,2725.72,
TELANGANA,Medak,513.0,Kulcharam,Safe,57.87,4651.07,4192.21,2425.87,
TELANGANA,Medak,513.0,Manoharabad,Semi-critical,78.01,1724.65,1552.17,1210.79,
TELANGANA,Medak,513.0,Medak,Safe,60.24,3655.04,3312.33,1995.48,
TELANGANA,Medak,513.0,Narsapur,Semi-critical,77.75,3272.34,2953.31,2296.31,
TELANGANA,Medak,513.0,Narsingi,Semi-critical,77.93,1472.53,1331.71,1037.82,
TELANGANA,Medak,513.0,Nizampet,Semi-critical,87.28,2268.61,2049.83,1789.17,
TELANGANA,Medak,513.0,Papannapet,Safe,51.93,7819.5,7087.66,3680.41,
TELANGANA,Medak,513.0,Ramayampet,Safe,65.38,3752.61,3396.58,2220.63,
TELANGANA,Medak,513.0,Regode,Safe,48.56,1680.53,1518.91,737.62,
TELANGANA,Medak,513.0,Shankarampet_A,Semi-critical,71.55,2703.79,2443.77,1748.51,
TELANGANA,Medak,513.0,Shankarampet_R,Semi-critical,76.32,4067.82,3684.89,2812.18,
TELANGANA,Medak,513.0,Shivampet,Semi-critical,70.25,3481.33,3136.2,2203.2,
TELANGANA,Medak,513.0,Tekmal,Semi-critical,74.68,2429.83,2197.23,1640.92,
TELANGANA,Medak,513.0,Tupran,Semi-critical,72.63,2170.73,1953.64,1418.89,
TELANGANA,Medak,513.0,Yeldurthy,Safe,57.06,3104.49,2812.41,1604.89,
TELANGANA,Medak,513.0,Masaipet,Semi-critical,71.99,1504.98,1358.3,977.83,
TELANGANA,Nirmal,680.0,Laxmanchanda,Safe,36.58,4178.02,3771.6,1379.74,
TELANGANA,Nirmal,680.0,Kaddampeddur,Safe,22.7,8780.88,7934.98,1801.53,
TELANGANA,Nirmal,680.0,Narsapur_G,Safe,44.89,2868.99,2585.18,1160.38,
TELANGANA,Nirmal,680.0,Basar,Safe,45.64,2420.88,2192.95,1000.79,
TELANGANA,Nirmal,680.0,Bhainsa,Safe,51.39,3529.77,3196.62,1642.81,
TELANGANA,Nirmal,680.0,Dastuarabad,Safe,32.14,2143.18,1933.52,621.44,
TELANGANA,Nirmal,680.0,Dilawarpur,Safe,36.97,2986.94,2703.74,999.66,
TELANGANA,Nirmal,680.0,Khanpur,Safe,25.31,7860.53,7125.86,1803.62,
TELANGANA,Nirmal,680.0,Kubeer,Safe,46.51,4279.78,3866.32,1798.08,
TELANGANA,Nirmal,680.0,Kuntala,Safe,54.29,2621.71,2364.28,1283.52,
TELANGANA,Nirmal,680.0,Lokeswaram,Safe,60.19,4298.82,3868.9,2328.82,
TELANGANA,Nirmal,680.0,Mamda,Safe,26.55,8539.18,7733.7,2053.01,
TELANGANA,Nirmal,680.0,Mudhole,Safe,47.82,2917.67,2634.42,1259.68,
TELANGANA,Nirmal,680.0,Nirmal,Safe,51.39,467.5,420.74,216.23,
TELANGANA,Nirmal,680.0,Nirmal_Rural,Safe,45.59,2819.94,2549.35,1162.27,
TELANGANA,Nirmal,680.0,Pembi,Safe,20.48,4474.69,4080.21,835.66,
TELANGANA,Nirmal,680.0,Sarangapur,Safe,24.34,6605.82,5980.67,1455.95,
TELANGANA,Nirmal,680.0,Soan,Safe,39.94,2843.69,2565.29,1024.68,
TELANGANA,Nirmal,680.0,Tanur,Safe,48.29,3536.09,3209.09,1549.73,
TELANGANA,Mahabubnagar,512.0,Mahabubnagar_Urban,Safe,69.75,2035.07,1844.46,1286.54,
TELANGANA,Mahabubnagar,512.0,Hanwada,Semi-critical,72.6,2855.12,2570.53,1866.3,
TELANGANA,Mahabubnagar,512.0,Jadcherla,Semi-critical,79.6,3514.9,3202.77,2549.32,
TELANGANA,Mahabubnagar,512.0,Gandeed,Safe,63.09,2111.31,1939.13,1223.36,
TELANGANA,Mahabubnagar,512.0,Addakal,Semi-critical,75.31,2178.5,1973.61,1486.29,
TELANGANA,Mahabubnagar,512.0,Balanagar,Critical,95.82,2377.82,2173.85,2083.06,
TELANGANA,Mahabubnagar,512.0,Bhoothpur,Semi-critical,73.2,3441.66,3120.98,2284.68,
TELANGANA,Mahabubnagar,512.0,Chinna_Chintha_Kunta,Safe,61.91,3145.33,2845.92,1762.0,
TELANGANA,Mahabubnagar,512.0,Devarkadara,Semi-critical,75.22,3364.07,3052.84,2296.25,
TELANGANA,Mahabubnagar,512.0,Koilkonda,Semi-critical,82.39,3203.32,2884.49,2376.59,
TELANGANA,Mahabubnagar,512.0,Mahabubnagar_Rural,Safe,65.75,2806.63,2557.85,1681.77,
TELANGANA,Mahabubnagar,512.0,Midjil,Critical,92.0,2225.59,2006.64,1846.03,
TELANGANA,Mahabubnagar,512.0,Musapet,Semi-critical,73.08,1644.88,1498.07,1094.73,
TELANGANA,Mahabubnagar,512.0,Nawabpet,Safe,69.98,3614.57,3260.64,2281.72,
TELANGANA,Mahabubnagar,512.0,Rajapur,Safe,68.96,2128.04,1919.34,1323.5,
TELANGANA,Mahabubnagar,512.0,Mohammadabad,Semi-critical,72.84,1719.45,1588.16,1156.85,
TELANGANA,Mahabubnagar,512.0,Koukuntla,Safe,54.82,1897.8,1718.59,942.12,
TELANGANA,Narayanpet,721.0,Kosgi,Safe,67.53,1264.14,1137.71,768.34,
TELANGANA,Narayanpet,721.0,Makthal,Safe,30.5,8036.32,7257.34,2213.38,
TELANGANA,Narayanpet,721.0,Krishna,Safe,20.91,4519.05,4089.12,854.98,
TELANGANA,Narayanpet,721.0,Damaragidda,Semi-critical,77.67,1963.09,1769.06,1373.95,
TELANGANA,Narayanpet,721.0,Dhanwada,Safe,56.64,1337.01,1204.01,681.99,
TELANGANA,Narayanpet,721.0,Maddur,Safe,67.13,1417.1,1275.38,856.19,
TELANGANA,Narayanpet,721.0,Maganoor,Safe,22.99,4395.45,3976.02,914.21,
TELANGANA,Narayanpet,721.0,Marikal,Safe,60.17,1383.94,1246.53,750.05,
TELANGANA,Narayanpet,721.0,Narayanpet,Safe,55.41,2519.35,2274.32,1260.17,
TELANGANA,Narayanpet,721.0,Narva,Safe,37.24,5037.82,4534.74,1688.55,
TELANGANA,Narayanpet,721.0,Utkoor,Safe,50.48,2423.82,2200.25,1110.7,
TELANGANA,Narayanpet,721.0,Gundumal,Safe,60.27,808.53,727.68,438.56,
TELANGANA,Narayanpet,721.0,Kothapalle,Semi-critical,83.13,646.43,581.79,483.61,
TELANGANA,Suryapet,696.0,Kodad,Safe,26.39,9543.35,20876.97,2267.07,
TELANGANA,Suryapet,696.0,Neredcherla,Safe,32.43,3436.08,12557.87,1003.09,
TELANGANA,Suryapet,696.0,Thirumalagiri,Semi-critical,82.41,2942.83,12939.44,2211.68,
TELANGANA,Suryapet,696.0,Garidepalle,Safe,22.41,12974.39,26595.38,2617.58,
TELANGANA,Suryapet,696.0,Ananthagiri,Safe,29.31,6471.85,13293.04,1707.48,
TELANGANA,Suryapet,696.0,Atmakur_S,Semi-critical,70.03,7356.25,21477.23,4664.15,
TELANGANA,Suryapet,696.0,Chilkur,Safe,21.39,7477.01,15956.45,1439.48,
TELANGANA,Suryapet,696.0,Chinthala palem,Safe,19.45,5494.06,18992.33,963.31,
TELANGANA,Suryapet,696.0,Chivvemla,Safe,61.37,4069.51,14795.85,2276.9,
TELANGANA,Suryapet,696.0,Huzur nagar,Safe,26.67,8521.6,17093.09,2045.81,
TELANGANA,Suryapet,696.0,Jajireddigudem,Safe,69.78,3993.66,13429.29,2523.4,
TELANGANA,Suryapet,696.0,Maddirala,Semi-critical,72.16,3350.24,12202.42,2175.64,
TELANGANA,Suryapet,696.0,Mattampalle,Safe,42.53,5432.87,19679.0,2087.39,
TELANGANA,Suryapet,696.0,Mellachervu,Safe,18.58,4940.65,14432.06,826.23,
TELANGANA,Suryapet,696.0,Mothey,Safe,62.03,6548.44,19890.07,3686.53,
TELANGANA,Suryapet,696.0,Munagala,Safe,49.11,5754.36,17286.79,2545.28,
TELANGANA,Suryapet,696.0,Nadigudem,Safe,30.9,5249.19,13102.17,1461.52,
TELANGANA,Suryapet,696.0,Nagaram,Semi-critical,80.58,2834.01,13025.03,2080.86,
TELANGANA,Suryapet,696.0,Noothankal,Safe,66.58,3471.87,10662.85,2089.04,
TELANGANA,Suryapet,696.0,Palakeedu,Safe,22.23,5575.47,15363.6,1116.06,
TELANGANA,Suryapet,696.0,Penpahad,Safe,57.65,4539.38,19227.04,2358.11,
TELANGANA,Suryapet,696.0,Suryapet,Safe,32.03,8582.05,25309.53,2474.9,
TELANGANA,Suryapet,696.0,Thungathurthi,Semi-critical,78.51,2686.74,13438.04,1935.85,
TELANGANA,Adilabad,501.0,Jainad,Safe,22.7,5549.03,5000.78,1135.28,
TELANGANA,Adilabad,501.0,Sonala,Safe,48.45,1259.23,1134.35,549.61,
TELANGANA,Adilabad,501.0,Bela,Safe,48.02,2779.09,2505.08,1202.86,
TELANGANA,Adilabad,501.0,Mavala,Semi-critical,81.57,539.81,489.01,398.88,
TELANGANA,Adilabad,501.0,Adilabad Rural,Safe,26.47,6083.13,5509.89,1458.25,
TELANGANA,Adilabad,501.0,Gudihathnur,Safe,43.85,1822.28,1673.4,733.73,
TELANGANA,Adilabad,501.0,Adilabad Urban,Over-exploited,173.48,324.13,293.63,509.38,
TELANGANA,Adilabad,501.0,Bazarhathnoor,Safe,49.41,2912.98,2626.35,1297.8,
TELANGANA,Adilabad,501.0,Bheempoor,Safe,24.2,4379.44,3957.12,957.73,
TELANGANA,Adilabad,501.0,Boath,Safe,58.41,3215.06,2896.55,1691.85,
TELANGANA,Adilabad,501.0,Gadiguda,Safe,21.21,2900.55,2617.25,555.15,
TELANGANA,Adilabad,501.0,Ichoda,Safe,48.45,3223.92,2915.59,1412.69,
TELANGANA,Adilabad,501.0,Inderavelly,Safe,35.89,3328.88,3062.98,1099.17,
TELANGANA,Adilabad,501.0,Narnoor,Safe,49.92,1859.06,1673.12,835.15,
TELANGANA,Adilabad,501.0,Neradigonda,Safe,57.41,3237.77,2915.67,1673.82,
TELANGANA,Adilabad,501.0,Sirikonda,Safe,28.97,2500.52,2278.03,659.98,
TELANGANA,Adilabad,501.0,Talamadugu,Safe,43.15,3232.19,2928.03,1263.36,
TELANGANA,Adilabad,501.0,Tamsi,Safe,38.38,2204.83,1994.01,765.26,
TELANGANA,Adilabad,501.0,Utnur,Safe,32.83,4481.51,4131.15,1356.31,
TELANGANA,Adilabad,501.0,Bhoraj,Safe,30.74,3734.41,3371.43,1036.27,
TELANGANA,Adilabad,501.0,Sathnala,Safe,21.37,2161.45,1956.28,418.0,
TELANGANA,Khammam,509.0,Wyra,Safe,23.17,5602.1,5046.08,1169.39,
TELANGANA,Khammam,509.0,Thallada,Safe,19.07,9659.69,8707.82,1660.46,
TELANGANA,Khammam,509.0,Madhira,Safe,33.11,7311.25,6615.76,2190.61,
TELANGANA,Khammam,509.0,Chinthakani,Safe,30.93,6892.83,6205.19,1919.45,
TELANGANA,Khammam,509.0,Mudigonda,Safe,42.23,8841.11,7972.68,3366.46,
TELANGANA,Khammam,509.0,Penuballi,Safe,43.13,6518.4,5924.81,2555.25,
TELANGANA,Khammam,509.0,Yerrupalem,Safe,46.15,7231.43,6654.98,3070.97,
TELANGANA,Khammam,509.0,Bonakal,Safe,24.18,6887.94,6200.76,1499.44,
TELANGANA,Khammam,509.0,Enkuru,Safe,43.21,4724.42,4264.02,1842.46,
TELANGANA,Khammam,509.0,Kalluru,Safe,15.62,12889.66,11605.3,1812.68,
TELANGANA,Khammam,509.0,Kamepalle,Safe,62.7,1655.51,1489.95,934.15,
TELANGANA,Khammam,509.0,Khammam_Rural,Safe,56.01,5252.23,4746.36,2658.43,
TELANGANA,Khammam,509.0,Khammam_Urban,Safe,38.54,2327.5,2100.22,809.45,
TELANGANA,Khammam,509.0,Konijerla,Safe,23.03,7856.71,7074.59,1629.58,
TELANGANA,Khammam,509.0,Kusumanchi,Safe,64.45,7276.73,6595.3,4250.68,
TELANGANA,Khammam,509.0,Nelakondapalle,Safe,41.9,12239.06,11019.41,4616.95,
TELANGANA,Khammam,509.0,Raghunadhapalem,Over-exploited,102.06,2860.58,2575.04,2628.01,
TELANGANA,Khammam,509.0,Sathupalle,Safe,58.5,6923.94,6251.64,3657.14,
TELANGANA,Khammam,509.0,Singareni,Semi-critical,72.36,1700.28,1530.24,1107.29,
TELANGANA,Khammam,509.0,Thirumalayapalem,Semi-critical,80.43,4869.33,4453.99,3582.35,
TELANGANA,Khammam,509.0,Vemsoor,Semi-critical,74.14,4094.98,3740.77,2773.38,
TELANGANA,Jayashankar Bhupalapally,687.0,Regonda,Safe,16.77,4823.84,4346.61,728.89,
TELANGANA,Jayashankar Bhupalapally,687.0,Palmela,Safe,52.5,1247.49,1122.74,589.45,
TELANGANA,Jayashankar Bhupalapally,687.0,Mogullapalle,Safe,52.05,3601.91,3265.86,1699.78,
TELANGANA,Jayashankar Bhupalapally,687.0,Tekumatla,Safe,53.96,3102.4,2801.67,1511.75,
TELANGANA,Jayashankar Bhupalapally,687.0,Kothapallygori,Safe,32.88,2465.64,2225.94,731.91,
TELANGANA,Jayashankar Bhupalapally,687.0,Malharrao,Safe,63.95,4355.23,3923.14,2508.76,
TELANGANA,Jayashankar Bhupalapally,687.0,Mutharam_Mahadevpur,Safe,24.39,9082.2,8196.32,1998.9,
TELANGANA,Jayashankar Bhupalapally,687.0,Ghanapur_Mulug,Safe,34.19,4082.79,3674.52,1256.37,
TELANGANA,Jayashankar Bhupalapally,687.0,Bhupalpalle,Safe,54.36,6929.41,6238.12,3390.97,
TELANGANA,Jayashankar Bhupalapally,687.0,Chityal,Safe,44.02,5558.85,5007.44,2204.07,
TELANGANA,Jayashankar Bhupalapally,687.0,Kataram,Safe,57.13,3356.16,3063.13,1749.98,
TELANGANA,Jayashankar Bhupalapally,687.0,Mahadevpur,Safe,69.59,3214.22,2951.59,2054.02,
TELANGANA,Nalgonda,514.0,Thipparthi,Safe,61.72,3372.1,15902.62,1880.45,
TELANGANA,Nalgonda,514.0,Gundlapalle,Safe,44.16,4079.21,15405.32,1641.54,
TELANGANA,Nalgonda,514.0,Kangal,Safe,65.92,5820.39,17181.01,3479.01,
TELANGANA,Nalgonda,514.0,Neredugommu,Safe,57.3,1250.16,6110.62,646.3,
TELANGANA,Nalgonda,514.0,Kondamallapally,Safe,60.34,1494.16,7736.05,812.76,
TELANGANA,Nalgonda,514.0,Nalgonda,Safe,64.64,7589.17,29539.65,4417.88,
TELANGANA,Nalgonda,514.0,Marriguda,Safe,67.16,2939.01,16418.86,1783.24,
TELANGANA,Nalgonda,514.0,Tirumalagiri_Sagar,Safe,23.35,6148.74,15844.11,1292.3,
TELANGANA,Nalgonda,514.0,Nampalle,Safe,49.45,4622.37,27930.94,2066.16,
TELANGANA,Nalgonda,514.0,Devarakonda,Safe,63.23,3616.99,13624.21,2063.99,
TELANGANA,Nalgonda,514.0,Miryalaguda,Safe,39.2,11490.92,20641.45,4056.8,
TELANGANA,Nalgonda,514.0,Gattuppal,Semi-critical,73.5,827.9,5750.15,551.86,
TELANGANA,Nalgonda,514.0,Narketpalle,Safe,66.15,3964.0,17916.79,2376.42,
TELANGANA,Nalgonda,514.0,Saligouraram,Semi-critical,72.36,3577.86,15224.88,2365.29,
TELANGANA,Nalgonda,514.0,Gudipally,Safe,32.74,2967.74,8975.65,876.46,
TELANGANA,Nalgonda,514.0,Adavi devula palli,Safe,25.83,4483.61,8514.79,1044.28,
TELANGANA,Nalgonda,514.0,Anumula_Haliya,Safe,46.08,5114.82,15165.78,2126.32,
TELANGANA,Nalgonda,514.0,Chandampet,Safe,66.53,1928.19,12890.36,1157.63,
TELANGANA,Nalgonda,514.0,Chandur,Semi-critical,81.39,2042.06,11593.56,1502.9,
TELANGANA,Nalgonda,514.0,Chinthapalle,Semi-critical,87.68,2836.46,19874.01,2238.58,
TELANGANA,Nalgonda,514.0,Chityala,Critical,95.55,3861.08,19098.71,3326.33,
TELANGANA,Nalgonda,514.0,Damaracherla,Safe,25.52,9477.1,16921.2,2178.9,
TELANGANA,Nalgonda,514.0,Gurrampode,Safe,47.25,5721.73,23694.13,2446.56,
TELANGANA,Nalgonda,514.0,Kattangoor,Semi-critical,82.89,3607.92,15695.89,2724.15,
TELANGANA,Nalgonda,514.0,Kethepalle,Safe,37.11,6446.31,14600.46,2156.06,
TELANGANA,Nalgonda,514.0,Madugulapally,Safe,47.92,5754.26,18395.71,2493.81,
TELANGANA,Nalgonda,514.0,Munugode,Over-exploited,109.33,3589.84,16269.25,3535.58,
TELANGANA,Nalgonda,514.0,Nakrekal,Safe,61.13,4605.98,13484.24,2545.61,
TELANGANA,Nalgonda,514.0,Nidamanur,Safe,29.26,9068.87,18197.67,2388.7,
TELANGANA,Nalgonda,514.0,Pedda_adiserlapalle,Safe,30.58,5637.83,15678.19,1554.73,
TELANGANA,Nalgonda,514.0,Peddavura,Safe,29.3,8518.28,25384.63,2249.49,
TELANGANA,Nalgonda,514.0,Thripuraram,Safe,38.65,4699.43,10687.29,1639.08,
TELANGANA,Nalgonda,514.0,Vemulapalle,Safe,52.39,4279.39,9770.32,2031.63,
TELANGANA,Wanaparthy,693.0,Gopalpeta,Safe,56.54,5315.14,10148.04,2733.89,
TELANGANA,Wanaparthy,693.0,Veepangandla,Safe,50.85,4603.49,9977.73,2111.2,
TELANGANA,Wanaparthy,693.0,Wanaparthy,Safe,56.95,7836.52,14295.59,4049.17,
TELANGANA,Wanaparthy,693.0,Revelly,Safe,43.04,2694.8,6001.39,1047.91,
TELANGANA,Wanaparthy,693.0,Amarchinta,Safe,44.72,3433.86,7697.51,1387.06,
TELANGANA,Wanaparthy,693.0,Chinnambavi,Safe,26.85,4890.16,12702.72,1184.42,
TELANGANA,Wanaparthy,693.0,Pangal,Safe,54.52,8086.71,15984.15,3980.76,
TELANGANA,Wanaparthy,693.0,Atmakur,Safe,23.1,5078.23,10180.14,1058.21,
TELANGANA,Wanaparthy,693.0,Ghanpur,Safe,50.0,6591.06,13712.67,2993.29,
TELANGANA,Wanaparthy,693.0,Kothakota,Safe,41.59,7252.18,13215.58,2733.21,
TELANGANA,Wanaparthy,693.0,Madanapur,Safe,51.28,4680.91,8396.78,2164.97,
TELANGANA,Wanaparthy,693.0,Pebbair,Safe,28.14,6407.72,13537.78,1624.23,
TELANGANA,Wanaparthy,693.0,Peddamandadi,Safe,38.95,7564.68,15350.74,2678.02,
TELANGANA,Wanaparthy,693.0,Srirangapur,Safe,27.15,2961.5,6188.52,723.77,
TELANGANA,Wanaparthy,693.0,Yedula,Safe,46.67,3187.26,7071.01,1343.45,
TELANGANA,Rangareddy,518.0,Chowdergudem,Critical,96.5,1310.48,8990.97,1138.08,
TELANGANA,Rangareddy,518.0,Abdullapurmet,Safe,43.28,3316.38,19422.53,1291.94,
TELANGANA,Rangareddy,518.0,Yacharam,Safe,56.08,3934.8,26045.34,1986.62,
TELANGANA,Rangareddy,518.0,Madgul,Safe,65.07,2824.51,24359.32,1654.05,
TELANGANA,Rangareddy,518.0,Gandipet,Safe,46.89,1400.63,6659.71,591.1,
TELANGANA,Rangareddy,518.0,Maheshwaram,Safe,61.04,4099.86,22132.65,2253.26,
TELANGANA,Rangareddy,518.0,Keshampeta,Safe,66.3,2538.17,20478.2,1514.55,
TELANGANA,Rangareddy,518.0,Serilingampally,Critical,96.71,1095.98,3902.38,953.9,
TELANGANA,Rangareddy,518.0,Hayathnagar,Critical,92.18,412.89,2514.55,342.54,
TELANGANA,Rangareddy,518.0,Kothur,Safe,69.38,1277.73,6220.78,797.81,
TELANGANA,Rangareddy,518.0,Kandukur,Safe,66.59,4287.62,25135.95,2589.51,
TELANGANA,Rangareddy,518.0,Shabad,Safe,51.47,2750.78,16302.84,1274.35,
TELANGANA,Rangareddy,518.0,Shankarpalle,Safe,65.03,2109.2,10943.48,1234.4,
TELANGANA,Rangareddy,518.0,Kadthal,Safe,60.79,2245.65,16632.26,1231.81,
TELANGANA,Rangareddy,518.0,Amangal,Safe,62.44,1399.51,10535.75,786.42,
TELANGANA,Rangareddy,518.0,Balapur,Safe,50.9,1287.62,7363.99,589.88,
TELANGANA,Rangareddy,518.0,Chevella,Safe,62.23,2449.58,15638.34,1371.96,
TELANGANA,Rangareddy,518.0,Farooqnagar,Safe,57.93,3889.43,23160.56,2027.91,
TELANGANA,Rangareddy,518.0,Ibrahimpatnam,Safe,65.02,3798.85,19968.2,2227.07,
TELANGANA,Rangareddy,518.0,Kondurg,Safe,67.62,1516.25,11294.53,922.78,
TELANGANA,Rangareddy,518.0,Manchal,Safe,64.95,3106.86,16649.21,1816.22,
TELANGANA,Rangareddy,518.0,Moinabad,Safe,66.73,2125.79,12322.24,1276.6,
TELANGANA,Rangareddy,518.0,Nandigam,Safe,59.68,1777.9,8102.19,954.92,
TELANGANA,Rangareddy,518.0,Rajendranagar,Safe,67.38,702.11,3865.83,427.42,
TELANGANA,Rangareddy,518.0,Saroornagar,Critical,91.7,371.55,2008.7,306.66,
TELANGANA,Rangareddy,518.0,Shamshabad,Safe,59.27,2679.05,14834.94,1436.29,
TELANGANA,Rangareddy,518.0,Talakondapalle,Safe,69.34,2970.02,16623.14,1853.44,
TELANGANA,Rajanna Siricilla,683.0,Konaraopeta,Semi-critical,74.67,5034.81,4553.78,3400.15,
TELANGANA,Rajanna Siricilla,683.0,Chandurthi,Semi-critical,74.91,3188.73,2917.24,2185.42,
TELANGANA,Rajanna Siricilla,683.0,Vemulawada_Rural,Safe,58.99,3069.46,2789.31,1645.51,
TELANGANA,Rajanna Siricilla,683.0,Veernapalle,Safe,59.25,2624.91,2373.34,1406.18,
TELANGANA,Rajanna Siricilla,683.0,Mustabad,Safe,64.98,4131.44,3718.29,2416.19,
TELANGANA,Rajanna Siricilla,683.0,Boinpalle,Safe,54.96,3846.99,3540.95,1946.06,
TELANGANA,Rajanna Siricilla,683.0,Ellanthakunta,Safe,68.71,5256.79,4731.09,3250.54,
TELANGANA,Rajanna Siricilla,683.0,Gambhiraopeta,Semi-critical,70.72,3945.3,3551.89,2511.99,
TELANGANA,Rajanna Siricilla,683.0,Rudrangi,Semi-critical,77.88,2200.95,2023.28,1575.7,
TELANGANA,Rajanna Siricilla,683.0,Sirsilla,Semi-critical,74.89,1821.26,1640.31,1228.42,
TELANGANA,Rajanna Siricilla,683.0,Thangallapalle,Semi-critical,71.95,5998.0,5398.21,3884.21,
TELANGANA,Rajanna Siricilla,683.0,Vemulawada,Safe,66.25,2388.18,2161.83,1432.31,
TELANGANA,Rajanna Siricilla,683.0,Yellareddypeta,Safe,66.7,4520.24,4069.73,2714.34,
TELANGANA,Komarambheem Asifabad,699.0,Asifabad,Safe,18.03,7489.97,6787.16,1223.64,
TELANGANA,Komarambheem Asifabad,699.0,Kerameri,Safe,31.21,2750.76,2514.56,784.71,
TELANGANA,Komarambheem Asifabad,699.0,Tiryani,Safe,6.13,7520.13,7002.09,429.3,
TELANGANA,Komarambheem Asifabad,699.0,Rebbana,Safe,34.23,6228.14,5628.31,1926.35,
TELANGANA,Komarambheem Asifabad,699.0,Dahegaon,Safe,36.56,7208.73,6514.27,2381.42,
TELANGANA,Komarambheem Asifabad,699.0,Bejjur,Safe,16.3,4415.52,3974.04,647.88,
TELANGANA,Komarambheem Asifabad,699.0,Chintalamanepally,Safe,22.06,3069.51,2766.42,610.29,
TELANGANA,Komarambheem Asifabad,699.0,Jainoor,Safe,18.88,2136.2,1933.93,365.09,
TELANGANA,Komarambheem Asifabad,699.0,Kagaznagar,Safe,30.16,5582.63,5065.31,1527.6,
TELANGANA,Komarambheem Asifabad,699.0,Kouthala,Safe,34.8,2242.14,2020.05,703.06,
TELANGANA,Komarambheem Asifabad,699.0,Lingapur,Safe,19.18,1580.32,1426.6,273.67,
TELANGANA,Komarambheem Asifabad,699.0,Penchikalpet,Safe,29.56,4990.06,4501.55,1330.51,
TELANGANA,Komarambheem Asifabad,699.0,Sirpur_T,Safe,16.85,6358.64,5732.43,966.2,
TELANGANA,Komarambheem Asifabad,699.0,Sirpur_U,Safe,14.22,2008.45,1816.97,258.3,
TELANGANA,Komarambheem Asifabad,699.0,Wankdi,Safe,8.65,5879.53,5357.26,463.56,
TELANGANA,Mulug,720.0,Kannaigudem,Safe,22.96,2904.68,2641.35,606.5,
TELANGANA,Mulug,720.0,Wazeed,Safe,24.86,5366.79,4875.54,1211.91,
TELANGANA,Mulug,720.0,Tadvai,Safe,36.98,4831.98,4450.26,1645.71,
TELANGANA,Mulug,720.0,Eturunagaram,Safe,19.45,9416.06,8616.07,1675.95,
TELANGANA,Mulug,720.0,Govindaraopet,Safe,24.97,5168.32,4665.55,1165.12,
TELANGANA,Mulug,720.0,Mangapet,Safe,53.55,7021.57,6403.38,3429.13,
TELANGANA,Mulug,720.0,Mulug,Safe,46.3,5133.62,4653.3,2154.32,
TELANGANA,Mulug,720.0,Venkatapur,Safe,18.49,7226.6,6511.58,1204.27,
TELANGANA,Mulug,720.0,Venkatapuram,Safe,17.61,7433.22,6735.42,1186.05,
TELANGANA,Hyderabad,507.0,Khairatabad,Over-exploited,107.29,451.02,5280.05,440.09,
TELANGANA,Hyderabad,507.0,Amberpet,Over-exploited,106.97,356.96,4179.0,347.29,
TELANGANA,Hyderabad,507.0,Bahadurpura,Critical,95.0,311.16,3642.77,268.84,
TELANGANA,Hyderabad,507.0,Ammerpet,Over-exploited,140.25,100.46,1176.13,128.15,
TELANGANA,Hyderabad,507.0,Bandlaguda,Critical,97.58,812.25,9509.1,720.88,
TELANGANA,Hyderabad,507.0,Shaikpet,Critical,95.75,778.05,9108.72,677.55,
TELANGANA,Hyderabad,507.0,Maredpally,Critical,99.13,346.28,4053.88,312.18,
TELANGANA,Hyderabad,507.0,Golkonda,Over-exploited,133.94,277.27,3245.96,337.75,
TELANGANA,Hyderabad,507.0,Saidabad,Over-exploited,128.89,327.65,3835.81,384.09,
TELANGANA,Hyderabad,507.0,Asifnagar,Over-exploited,126.54,385.36,4511.46,443.51,
TELANGANA,Hyderabad,507.0,Charminar,Over-exploited,175.0,115.43,1351.29,183.71,
TELANGANA,Hyderabad,507.0,Himayatnagar,Over-exploited,113.11,199.09,2330.8,204.8,
TELANGANA,Hyderabad,507.0,Musheerabad,Critical,99.45,310.55,3635.62,280.9,
TELANGANA,Hyderabad,507.0,Nampally,Over-exploited,100.01,327.04,3828.66,297.48,
TELANGANA,Hyderabad,507.0,Secunderabad,Over-exploited,101.72,327.34,3832.24,302.85,
TELANGANA,Hyderabad,507.0,Tirumalgiri,Semi-critical,75.04,1225.41,14345.87,836.33,
TELANGANA,Peddapalle,682.0,Ramagiri,Safe,42.51,3887.03,3525.27,1498.69,
TELANGANA,Peddapalle,682.0,Srirampur,Safe,64.92,2321.55,2119.88,1376.28,
TELANGANA,Peddapalle,682.0,Peddapalle,Safe,48.83,8141.98,7346.25,3587.22,
TELANGANA,Peddapalle,682.0,Ramagundam,Safe,53.6,1124.18,1016.6,544.93,
TELANGANA,Peddapalle,682.0,Mutharam_Manthani,Safe,51.68,2695.76,2456.36,1269.39,
TELANGANA,Peddapalle,682.0,Antargoan,Safe,50.22,2617.26,2364.57,1187.53,
TELANGANA,Peddapalle,682.0,Palakurthy,Safe,39.22,2866.95,2603.02,1020.84,
TELANGANA,Peddapalle,682.0,Odela,Safe,41.1,6064.92,5461.92,2244.84,
TELANGANA,Peddapalle,682.0,Dharmaram,Safe,47.83,5505.56,5007.08,2395.11,
TELANGANA,Peddapalle,682.0,Manthani,Safe,67.12,5222.37,4733.34,3177.21,
TELANGANA,Peddapalle,682.0,Elgaid,Safe,45.23,3014.41,2713.55,1227.22,
TELANGANA,Peddapalle,682.0,Julapalle,Safe,42.84,3694.02,3324.61,1424.17,
TELANGANA,Peddapalle,682.0,Kamanpur,Safe,55.14,2274.33,2051.62,1131.24,
TELANGANA,Peddapalle,682.0,Sultanabad,Safe,44.38,6600.26,5943.86,2637.89,
TELANGANA,Bhadradri Kothagudem,690.0,Mulakalapalle,Safe,18.42,10282.91,9271.82,1707.56,
TELANGANA,Bhadradri Kothagudem,690.0,Tekulapalle,Safe,51.66,3823.73,3441.35,1777.74,
TELANGANA,Bhadradri Kothagudem,690.0,Kothagudem,Semi-critical,70.61,284.0,256.6,181.19,
TELANGANA,Bhadradri Kothagudem,690.0,Manuguru,Safe,54.96,3528.77,3177.87,1746.58,
TELANGANA,Bhadradri Kothagudem,690.0,Dummugudem,Safe,5.84,8111.51,7300.81,426.69,
TELANGANA,Bhadradri Kothagudem,690.0,Palawancha,Safe,28.26,6053.77,5466.18,1545.0,
TELANGANA,Bhadradri Kothagudem,690.0,Bhadrachalam,Safe,68.36,125.71,113.14,77.34,
TELANGANA,Bhadradri Kothagudem,690.0,Aswapuram,Safe,15.16,5297.7,4877.6,739.51,
TELANGANA,Bhadradri Kothagudem,690.0,Chandrugonda,Safe,65.65,3093.47,2791.18,1832.55,
TELANGANA,Bhadradri Kothagudem,690.0,Allapalli,Safe,9.36,7314.38,6582.94,616.47,
TELANGANA,Bhadradri Kothagudem,690.0,Aswaraopeta,Safe,36.98,8770.06,8042.81,2974.36,
TELANGANA,Bhadradri Kothagudem,690.0,Karakagudem,Safe,21.25,5374.99,4837.49,1028.21,
TELANGANA,Bhadradri Kothagudem,690.0,Dammapeta,Safe,66.83,8527.64,7692.63,5141.26,
TELANGANA,Bhadradri Kothagudem,690.0,Cherla,Safe,10.83,10517.65,9615.76,1041.1,
TELANGANA,Bhadradri Kothagudem,690.0,Sujathanagar,Semi-critical,78.68,1779.02,1607.33,1264.58,
TELANGANA,Bhadradri Kothagudem,690.0,Yellandu,Safe,62.36,3978.59,3592.58,2240.49,
TELANGANA,Bhadradri Kothagudem,690.0,Annapureddipalle,Safe,41.68,5025.25,4522.72,1885.09,
TELANGANA,Bhadradri Kothagudem,690.0,Gundala,Safe,13.7,9561.66,8764.54,1201.02,
TELANGANA,Bhadradri Kothagudem,690.0,Pinapaka,Safe,42.22,4446.79,4011.78,1693.67,
TELANGANA,Bhadradri Kothagudem,690.0,Chunchupally,Semi-critical,73.05,2085.58,1884.31,1376.48,
TELANGANA,Bhadradri Kothagudem,690.0,Burgampadu,Safe,19.67,5178.39,4744.98,933.16,
TELANGANA,Bhadradri Kothagudem,690.0,Julurpad,Safe,63.79,4053.49,3662.3,2336.06,
TELANGANA,Bhadradri Kothagudem,690.0,Laxmidevipalli,Safe,41.5,3320.34,2989.19,1240.54,
TELANGANA,Jangaon,689.0,Narmetta,Safe,50.62,2329.25,2096.32,1061.24,
TELANGANA,Jangaon,689.0,Tharigoppula,Safe,51.93,1788.19,1609.36,835.78,
TELANGANA,Jangaon,689.0,Lingalaghanpur,Safe,57.66,3654.54,3289.07,1896.59,
TELANGANA,Jangaon,689.0,Bachannapeta,Safe,63.86,3923.8,3531.4,2255.02,
TELANGANA,Jangaon,689.0,Palakurthi,Safe,55.96,5187.24,4719.22,2641.07,
TELANGANA,Jangaon,689.0,Zaffergadh,Safe,55.14,3440.84,3096.73,1707.52,
TELANGANA,Jangaon,689.0,Raghunathpalle,Safe,46.0,5466.92,4931.33,2268.33,
TELANGANA,Jangaon,689.0,Ganpur_stn,Safe,57.26,3612.91,3278.3,1877.26,
TELANGANA,Jangaon,689.0,Kodakandla,Semi-critical,77.39,2077.92,1870.13,1447.22,
TELANGANA,Jangaon,689.0,Chilpur,Safe,65.36,2951.06,2655.94,1735.84,
TELANGANA,Jangaon,689.0,Devaruppala,Safe,46.66,4680.91,4212.79,1965.87,
TELANGANA,Jangaon,689.0,Jangaon,Semi-critical,85.27,3449.04,3104.1,2646.85,
TELANGANA,Jogulamba Gadwal,695.0,Undavelli,Safe,19.07,3071.62,2773.04,528.69,
TELANGANA,Jogulamba Gadwal,695.0,Ghattu,Safe,46.16,5926.22,5360.75,2474.28,
TELANGANA,Jogulamba Gadwal,695.0,Maldakal,Safe,40.36,5787.25,5245.68,2117.04,
TELANGANA,Jogulamba Gadwal,695.0,Kaloor_Timmanadoddi,Safe,54.92,4993.68,4508.09,2475.89,
TELANGANA,Jogulamba Gadwal,695.0,Aiza,Safe,20.8,6519.76,5892.59,1225.61,
TELANGANA,Jogulamba Gadwal,695.0,Dharur,Safe,25.78,7880.25,7117.0,1835.08,
TELANGANA,Jogulamba Gadwal,695.0,Waddepalle,Safe,34.51,2810.18,2540.41,876.82,
TELANGANA,Jogulamba Gadwal,695.0,Itikyal,Safe,29.41,2685.07,2446.27,719.52,
TELANGANA,Jogulamba Gadwal,695.0,Manopad,Safe,17.65,2594.95,2343.52,413.65,
TELANGANA,Jogulamba Gadwal,695.0,Alampur,Safe,14.88,3147.53,2842.96,422.9,
TELANGANA,Jogulamba Gadwal,695.0,Gadwal,Safe,14.13,6841.02,6168.55,871.4,
TELANGANA,Jogulamba Gadwal,695.0,Rajoli,Safe,19.45,3692.46,3339.01,649.48,
TELANGANA,Jogulamba Gadwal,695.0,Yerravalli,Safe,17.83,3197.36,2886.59,514.73,
TELANGANA,Mahabubabad,688.0,Garla,Semi-critical,72.4,2239.85,2015.84,1459.55,
TELANGANA,Mahabubabad,688.0,Chinnagudur,Safe,43.22,1505.55,1374.44,593.99,
TELANGANA,Mahabubabad,688.0,Nellikudur,Safe,57.04,4541.81,4102.2,2339.72,
TELANGANA,Mahabubabad,688.0,Seerole,Safe,56.61,2062.44,1872.73,1060.14,
TELANGANA,Mahabubabad,688.0,Kesamudram,Semi-critical,72.92,3578.3,3220.47,2348.37,
TELANGANA,Mahabubabad,688.0,Bayyaram,Safe,47.03,3054.96,2790.37,1312.29,
TELANGANA,Mahabubabad,688.0,Kothaguda,Safe,38.63,2635.37,2387.14,922.07,
TELANGANA,Mahabubabad,688.0,Inugurthy,Safe,45.4,2778.7,2500.82,1135.48,
TELANGANA,Mahabubabad,688.0,Dornakal,Safe,55.99,2924.99,2637.4,1476.61,
TELANGANA,Mahabubabad,688.0,Kuravi,Safe,61.72,4079.64,3702.37,2284.96,
TELANGANA,Mahabubabad,688.0,Thorrur,Safe,50.17,5868.09,5292.77,2655.29,
TELANGANA,Mahabubabad,688.0,Gudur,Safe,45.17,4868.71,4397.36,1986.24,
TELANGANA,Mahabubabad,688.0,Danthalapalle,Safe,57.02,3150.9,2837.13,1617.85,
TELANGANA,Mahabubabad,688.0,Ganagavaram,Safe,11.5,2228.25,2034.14,233.84,
TELANGANA,Mahabubabad,688.0,Mahabubabad,Safe,64.0,5466.21,4950.44,3168.2,
TELANGANA,Mahabubabad,688.0,Maripeda,Safe,52.6,5800.93,5272.43,2773.55,
TELANGANA,Mahabubabad,688.0,Narsimhulapet,Semi-critical,70.89,2446.46,2207.5,1564.94,
TELANGANA,Mahabubabad,688.0,Peddavangara,Safe,52.15,4405.25,3964.73,2067.41,
TELANGANA,Mancherial,684.0,Nennal,Safe,38.2,8339.74,7577.77,2894.5,
TELANGANA,Mancherial,684.0,Kasipet,Safe,28.06,6767.02,6141.38,1723.23,
TELANGANA,Mancherial,684.0,Hajipur,Safe,14.89,6159.81,5573.7,830.13,
TELANGANA,Mancherial,684.0,Kotapalle,Safe,40.4,9737.81,8848.39,3574.76,
TELANGANA,Mancherial,684.0,Jannaram,Safe,15.46,8009.22,7235.53,1118.47,
TELANGANA,Mancherial,684.0,Kannepalli,Safe,50.57,3510.95,3180.81,1608.65,
TELANGANA,Mancherial,684.0,Bhimaram,Safe,26.22,7871.04,7103.64,1862.8,
TELANGANA,Mancherial,684.0,Bellampalle,Safe,64.58,3196.99,2898.84,1871.93,
TELANGANA,Mancherial,684.0,Mandamarri,Safe,60.4,4213.69,3822.45,2308.91,
TELANGANA,Mancherial,684.0,Vemanpalle,Safe,48.64,4747.62,4333.09,2107.52,
TELANGANA,Mancherial,684.0,Jaipur,Safe,54.24,9780.03,8845.21,4797.29,
TELANGANA,Mancherial,684.0,Naspur,Safe,40.18,2164.63,1957.72,786.55,
TELANGANA,Mancherial,684.0,Luxettipet,Safe,23.5,4985.0,4494.62,1056.1,
TELANGANA,Mancherial,684.0,Bheemini,Safe,59.74,2831.29,2563.49,1531.31,
TELANGANA,Mancherial,684.0,Chennur,Safe,44.53,12887.76,11631.51,5179.32,
TELANGANA,Mancherial,684.0,Dandepalle,Safe,22.75,8659.26,7808.17,1776.72,
TELANGANA,Mancherial,684.0,Tandur,Safe,51.98,3922.58,3551.56,1845.96,
TELANGANA,Mancherial,684.0,Mancherial,Safe,41.58,1098.11,994.85,413.66,
TELANGANA,Medchal Malkajgiri,700.0,Alwal,Semi-critical,70.89,277.55,6125.12,177.08,
TELANGANA,Medchal Malkajgiri,700.0,Muduchinthalapally,Critical,91.55,1039.08,20926.7,856.12,
TELANGANA,Medchal Malkajgiri,700.0,Uppal,Semi-critical,74.16,456.63,10058.25,304.78,
TELANGANA,Medchal Malkajgiri,700.0,Medchel,Semi-critical,74.8,2628.42,42301.36,1769.37,
TELANGANA,Medchal Malkajgiri,700.0,Quthbullapur,Critical,91.85,454.39,10048.28,375.61,
TELANGANA,Medchal Malkajgiri,700.0,Bachpalle,Over-exploited,100.54,165.67,3663.7,149.91,
TELANGANA,Medchal Malkajgiri,700.0,Keesara,Semi-critical,89.17,1298.51,26478.38,1042.01,
TELANGANA,Medchal Malkajgiri,700.0,Shamirpet,Safe,45.79,1868.57,33899.68,770.02,
TELANGANA,Medchal Malkajgiri,700.0,Kapra,Safe,28.15,457.53,10078.2,115.91,
TELANGANA,Medchal Malkajgiri,700.0,Ghatkesar,Semi-critical,71.9,1459.22,26329.26,944.2,
TELANGANA,Medchal Malkajgiri,700.0,Dundigal_Gandimaisamma,Safe,49.79,990.79,16861.61,443.97,
TELANGANA,Medchal Malkajgiri,700.0,Kukatpally,Over-exploited,102.61,383.04,8470.55,353.73,
TELANGANA,Medchal Malkajgiri,700.0,Medipally,Safe,55.04,306.13,6743.09,151.65,
TELANGANA,Medchal Malkajgiri,700.0,Balanagar,Over-exploited,142.67,158.61,3507.54,203.67,
TELANGANA,Medchal Malkajgiri,700.0,Malkajgiri,Over-exploited,167.97,2.85,62.68,4.3,
TELANGANA,Nagarkurnool,694.0,Bijinapalle,Safe,35.61,7533.45,18000.03,2431.01,
TELANGANA,Nagarkurnool,694.0,Lingal,Safe,44.19,3200.12,14176.53,1296.64,
TELANGANA,Nagarkurnool,694.0,Pentlavelli,Safe,21.78,2068.57,6366.82,406.94,
TELANGANA,Nagarkurnool,694.0,Kalwakurthy,Safe,42.91,6323.45,16666.62,2451.68,
TELANGANA,Nagarkurnool,694.0,Amrabad,Safe,53.14,3217.01,22342.69,1538.62,
TELANGANA,Nagarkurnool,694.0,Vangoor,Safe,51.58,4899.03,13796.56,2292.41,
TELANGANA,Nagarkurnool,694.0,Urkonda,Safe,63.4,2535.1,7173.77,1447.9,
TELANGANA,Nagarkurnool,694.0,Tadoor,Safe,46.86,6100.04,15596.0,2600.56,
TELANGANA,Nagarkurnool,694.0,Achampet,Safe,44.06,7318.94,28543.72,2902.05,
TELANGANA,Nagarkurnool,694.0,Telkapalle,Safe,28.12,6515.65,18849.49,1662.3,
TELANGANA,Nagarkurnool,694.0,Kodair,Safe,23.74,4497.39,11879.7,961.36,
TELANGANA,Nagarkurnool,694.0,Veldanda,Safe,69.33,4300.18,11019.94,2683.15,
TELANGANA,Nagarkurnool,694.0,Uppunuthala,Safe,49.49,5100.56,12193.33,2280.57,
TELANGANA,Nagarkurnool,694.0,Balmoor,Safe,42.87,4592.56,14335.02,1784.09,
TELANGANA,Nagarkurnool,694.0,Nagar_Kurnool,Safe,28.29,6923.77,17135.75,1776.86,
TELANGANA,Nagarkurnool,694.0,Padra,Safe,23.71,4722.63,30194.26,1007.54,
TELANGANA,Nagarkurnool,694.0,Charakonda,Safe,46.05,2428.15,6393.42,1006.34,
TELANGANA,Nagarkurnool,694.0,Kollapur,Safe,11.07,8767.0,37558.9,890.25,
TELANGANA,Nagarkurnool,694.0,Peddakothapalle,Safe,30.83,6943.45,28928.91,1958.92,
TELANGANA,Nagarkurnool,694.0,Thimmajipeta,Safe,49.15,4661.35,13625.94,2076.27,
TELANGANA,Nizamabad,516.0,Mendora,Safe,25.26,2301.67,8318.38,531.22,
TELANGANA,Nizamabad,516.0,Rudrur,Safe,62.23,2163.78,6188.98,1224.86,
TELANGANA,Nizamabad,516.0,Mosra,Safe,39.11,2086.17,7256.54,742.57,
TELANGANA,Nizamabad,516.0,Vailpur,Safe,63.31,3517.52,16599.27,2012.47,
TELANGANA,Nizamabad,516.0,Saloora,Safe,47.7,2226.62,8799.61,960.75,
TELANGANA,Nizamabad,516.0,Jakranpalle,Semi-critical,80.68,3396.26,15517.45,2467.27,
TELANGANA,Nizamabad,516.0,Makloor,Safe,41.43,4967.79,16218.19,1863.78,
TELANGANA,Nizamabad,516.0,Bodhan,Safe,47.01,6375.99,22539.32,2727.87,
TELANGANA,Nizamabad,516.0,Armur,Semi-critical,71.66,5310.99,21166.05,3466.92,
TELANGANA,Nizamabad,516.0,Donkeshwar,Safe,53.32,1939.06,11610.07,949.06,
TELANGANA,Nizamabad,516.0,Aloor,Semi-critical,76.25,3081.78,10932.17,2147.37,
TELANGANA,Nizamabad,516.0,Yergatla,Safe,58.96,1826.02,8188.42,968.99,
TELANGANA,Nizamabad,516.0,Balkonda,Safe,33.48,3064.61,12260.36,936.07,
TELANGANA,Nizamabad,516.0,Bheemgal,Safe,69.93,4390.9,22588.15,2764.24,
TELANGANA,Nizamabad,516.0,Yeda_Palle,Safe,32.02,3747.43,11900.5,1090.48,
TELANGANA,Nizamabad,516.0,Nizamabad_Rural,Safe,38.99,4493.34,15500.7,1590.66,
TELANGANA,Nizamabad,516.0,Pothangal,Safe,41.37,3051.71,11185.76,1141.31,
TELANGANA,Nizamabad,516.0,Dharpalle,Safe,47.42,3414.59,17319.42,1457.4,
TELANGANA,Nizamabad,516.0,Mortad,Safe,66.83,2611.23,12325.02,1574.81,
TELANGANA,Nizamabad,516.0,Chandur,Safe,60.48,1609.01,6772.77,882.69,
TELANGANA,Nizamabad,516.0,Mupkal,Safe,61.04,1520.95,5927.19,848.39,
TELANGANA,Nizamabad,516.0,Nandipet,Safe,51.62,5070.94,21415.78,2388.29,
TELANGANA,Nizamabad,516.0,Kotgiri,Safe,43.85,3204.86,10272.19,1269.87,
TELANGANA,Nizamabad,516.0,Sirkonda,Safe,67.14,4258.6,21984.91,2573.74,
TELANGANA,Nizamabad,516.0,Indalwai,Safe,34.42,4692.37,22862.35,1456.97,
TELANGANA,Nizamabad,516.0,Navipet,Safe,48.03,4903.23,23029.85,2139.5,
TELANGANA,Nizamabad,516.0,Varni,Safe,48.81,5705.49,18552.5,2531.61,
TELANGANA,Nizamabad,516.0,Dichpalle,Safe,50.03,4242.48,16388.84,1924.54,
TELANGANA,Nizamabad,516.0,Mugpal,Safe,46.23,4300.42,18431.31,1818.76,
TELANGANA,Nizamabad,516.0,Ranjal,Safe,24.5,3353.34,13374.11,745.09,
TELANGANA,Nizamabad,516.0,Kammarpalle,Safe,65.37,4466.38,21912.19,2627.65,
TELANGANA,Nizamabad,516.0,Nizamabad_North,Safe,22.13,1357.74,4147.31,272.19,
TELANGANA,Nizamabad,516.0,Nizamabad_South,Over-exploited,115.09,101.7,300.0,105.95,
TELANGANA,Sangareddy,691.0,Kangti,Safe,11.07,2397.55,2164.07,239.63,
TELANGANA,Sangareddy,691.0,Kalher,Safe,18.03,2951.05,2672.81,481.87,
TELANGANA,Sangareddy,691.0,Naykal,Safe,64.11,1939.2,1746.87,1119.88,
TELANGANA,Sangareddy,691.0,Pulkal,Safe,51.78,1602.19,1442.07,746.66,
TELANGANA,Sangareddy,691.0,Andhole,Safe,44.94,2238.51,2014.64,905.45,
TELANGANA,Sangareddy,691.0,Munipalli,Safe,19.78,2041.71,1837.51,363.44,
TELANGANA,Sangareddy,691.0,Gummadidala,Safe,69.41,973.75,876.36,608.29,
TELANGANA,Sangareddy,691.0,Narayankhed,Safe,31.67,2287.48,2062.06,653.02,
TELANGANA,Sangareddy,691.0,Choutkur,Safe,36.07,1230.06,1107.09,399.3,
TELANGANA,Sangareddy,691.0,Sangareddy,Semi-critical,74.98,978.59,880.72,660.32,
TELANGANA,Sangareddy,691.0,Ameenapur,Semi-critical,78.38,377.18,339.52,266.13,
TELANGANA,Sangareddy,691.0,Sirgapoor,Safe,13.72,2428.38,2208.13,302.99,
TELANGANA,Sangareddy,691.0,Zahirabad,Semi-critical,86.7,1918.93,1727.56,1497.89,
TELANGANA,Sangareddy,691.0,Watpalle,Safe,25.91,1448.0,1304.2,337.96,
TELANGANA,Sangareddy,691.0,Jinnaram,Safe,55.42,1243.97,1119.57,620.46,
TELANGANA,Sangareddy,691.0,Nizampet,Safe,41.24,1422.87,1280.56,528.16,
TELANGANA,Sangareddy,691.0,Patancheruvu,Over-exploited,105.32,1944.66,1750.43,1843.55,
TELANGANA,Sangareddy,691.0,Jharasangam,Safe,51.15,1771.45,1594.45,815.54,
TELANGANA,Sangareddy,691.0,Kandi,Semi-critical,72.72,1597.96,1438.15,1045.78,
TELANGANA,Sangareddy,691.0,Kohir,Safe,61.43,1833.11,1650.24,1013.83,
TELANGANA,Sangareddy,691.0,Sadasivpet,Safe,43.02,2551.16,2296.02,987.76,
TELANGANA,Sangareddy,691.0,Hathanoora,Safe,63.79,2563.11,2306.76,1471.58,
TELANGANA,Sangareddy,691.0,Kondapur,Safe,61.16,1663.42,1497.05,915.63,
TELANGANA,Sangareddy,691.0,Manoor,Safe,27.44,1362.85,1227.69,336.85,
TELANGANA,Sangareddy,691.0,Mogdampalle,Safe,59.52,1269.86,1142.89,680.26,
TELANGANA,Sangareddy,691.0,Nagalgidda,Safe,19.23,1348.89,1219.77,234.61,
TELANGANA,Sangareddy,691.0,Raikode,Safe,19.5,2114.7,1903.83,371.33,
TELANGANA,Sangareddy,691.0,Ramachandrapuram,Safe,58.5,731.63,658.66,385.34,
TELANGANA,Siddipet,692.0,Dubbak,Safe,68.83,3512.98,4335.05,2204.18,
TELANGANA,Siddipet,692.0,Thoguta,Safe,54.09,2966.48,6325.43,1462.24,
TELANGANA,Siddipet,692.0,Cheriyal,Safe,67.52,3021.92,11441.67,1837.96,
TELANGANA,Siddipet,692.0,Narayanraopet,Safe,58.26,1168.33,1389.52,617.35,
TELANGANA,Siddipet,692.0,Markook,Semi-critical,72.86,1420.26,4379.46,940.93,
TELANGANA,Siddipet,692.0,Komaravelly,Semi-critical,75.41,1191.02,4699.74,808.31,
TELANGANA,Siddipet,692.0,Doultabad,Semi-critical,77.74,2493.21,6400.05,1749.8,
TELANGANA,Siddipet,692.0,Siddipet_Rural,Safe,63.5,2078.73,2771.4,1197.51,
TELANGANA,Siddipet,692.0,Kukunoorpally,Semi-critical,77.34,1659.09,4903.98,1168.48,
TELANGANA,Siddipet,692.0,Siddipet_Urban,Semi-critical,73.84,2026.62,7016.78,1347.25,
TELANGANA,Siddipet,692.0,Maddur,Semi-critical,77.1,1728.37,4700.89,1202.45,
TELANGANA,Siddipet,692.0,Husnabad,Safe,62.17,1807.37,6074.56,1014.12,
TELANGANA,Siddipet,692.0,Rayapole,Safe,62.72,1595.58,3795.02,909.16,
TELANGANA,Siddipet,692.0,Chinnakodur,Semi-critical,70.33,2908.05,10886.1,1841.43,
TELANGANA,Siddipet,692.0,Kondapak,Safe,61.65,2450.69,8931.28,1359.83,
TELANGANA,Siddipet,692.0,Mulug,Semi-critical,76.02,1833.55,2435.5,1267.69,
TELANGANA,Siddipet,692.0,Bejjanki,Safe,50.54,2868.44,11625.05,1304.85,
TELANGANA,Siddipet,692.0,Wargal,Semi-critical,79.38,1915.69,2234.69,1368.65,
TELANGANA,Siddipet,692.0,Akbarpet-Bhoompally,Semi-critical,74.64,1936.64,4420.98,1308.73,
TELANGANA,Siddipet,692.0,Nanganur,Semi-critical,72.16,2629.48,9952.84,1732.99,
TELANGANA,Siddipet,692.0,Jagadevpur,Safe,67.11,2549.07,9744.44,1544.59,
TELANGANA,Siddipet,692.0,Mirdoddi,Semi-critical,72.85,1894.61,3604.07,1255.82,
TELANGANA,Siddipet,692.0,Koheda,Safe,66.84,2843.57,13997.78,1713.37,
TELANGANA,Siddipet,692.0,Akkannapeta,Safe,61.55,2850.52,9036.85,1586.68,
TELANGANA,Siddipet,692.0,Gajwel,Safe,67.72,3568.69,9963.47,2202.5,
TELANGANA,Siddipet,692.0,Dhoolmitta,Semi-critical,73.91,1202.45,3609.88,801.8,
TELANGANA,Vikarabad,698.0,Tandur,Safe,55.74,2491.84,9553.07,1250.02,
TELANGANA,Vikarabad,698.0,Doulatabad,Semi-critical,72.08,1847.89,11087.75,1198.72,
TELANGANA,Vikarabad,698.0,Marpalle,Safe,65.96,2861.95,10323.77,1699.06,
TELANGANA,Vikarabad,698.0,Peddemul,Safe,62.91,2471.53,13823.52,1399.23,
TELANGANA,Vikarabad,698.0,Bomraspeta,Safe,65.11,1910.13,8115.54,1119.31,
TELANGANA,Vikarabad,698.0,Dudyal,Safe,68.74,1165.34,6607.73,720.98,
TELANGANA,Vikarabad,698.0,Dharur,Safe,63.92,2436.87,11653.53,1401.93,
TELANGANA,Vikarabad,698.0,Kulkacharla,Safe,58.07,1859.18,5458.22,971.63,
TELANGANA,Vikarabad,698.0,Mominpet,Safe,57.94,2362.3,11309.69,1231.75,
TELANGANA,Vikarabad,698.0,Chowdapur,Safe,59.65,1405.57,6457.26,754.61,
TELANGANA,Vikarabad,698.0,Bantwaram,Safe,61.4,1019.79,4890.26,563.58,
TELANGANA,Vikarabad,698.0,Yelal,Safe,56.56,2675.65,9146.21,1362.02,
TELANGANA,Vikarabad,698.0,Doma,Semi-critical,80.75,2021.19,4012.32,1468.88,
TELANGANA,Vikarabad,698.0,Kodangal,Safe,53.17,1768.08,12706.11,846.04,
TELANGANA,Vikarabad,698.0,Kotepally,Safe,68.25,1257.46,6880.91,772.42,
TELANGANA,Vikarabad,698.0,Basheerabad,Safe,56.32,2076.15,13488.42,1052.34,
TELANGANA,Vikarabad,698.0,Pudur,Safe,63.75,2159.41,11183.91,1238.89,
TELANGANA,Vikarabad,698.0,Vikarabad,Safe,56.27,2776.73,14603.72,1406.23,
TELANGANA,Vikarabad,698.0,Nawabpet,Safe,61.75,1812.94,10075.84,1007.47,
TELANGANA,Vikarabad,698.0,Pargi,Safe,66.1,2606.42,11254.94,1550.63,
TELANGANA,Warangal,522.0,Narsampet,Safe,61.26,5100.89,4605.29,2821.03,
TELANGANA,Warangal,522.0,Geesugonda,Safe,58.75,3534.89,3231.21,1898.29,
TELANGANA,Warangal,522.0,Raiparthy,Safe,60.52,9210.55,8294.01,5019.18,
TELANGANA,Warangal,522.0,Nallabelly,Safe,62.12,4262.07,3873.42,2406.26,
TELANGANA,Warangal,522.0,Duggondi,Safe,61.35,3806.75,3465.73,2126.36,
TELANGANA,Warangal,522.0,Chennaraopeta,Safe,52.42,4848.24,4372.09,2291.66,
TELANGANA,Warangal,522.0,Warangal,Safe,43.91,702.2,640.03,281.01,
TELANGANA,Warangal,522.0,Nekkonda,Safe,60.82,5706.04,5139.07,3125.67,
TELANGANA,Warangal,522.0,Khanapur,Safe,30.65,5121.18,4623.24,1417.1,
TELANGANA,Warangal,522.0,Khilla_Warangal,Safe,50.41,1400.34,1300.23,655.48,
TELANGANA,Warangal,522.0,Wardhannapet,Safe,59.46,6381.98,5748.84,3418.19,
TELANGANA,Warangal,522.0,Parvathagiri,Safe,56.61,5928.9,5342.02,3024.2,
TELANGANA,Warangal,522.0,Sangem,Safe,56.86,4464.16,4027.82,2290.3,
TELANGANA,Hanumakonda,686.0,Elkathurthi,Safe,48.06,4242.49,3823.89,1837.8,
TELANGANA,Hanumakonda,686.0,Parkal,Safe,56.42,3355.15,3023.35,1705.64,
TELANGANA,Hanumakonda,686.0,Kamalapur,Safe,41.18,9867.15,8882.16,3657.66,
TELANGANA,Hanumakonda,686.0,Khazipet,Safe,59.69,2442.69,2198.42,1312.17,
TELANGANA,Hanumakonda,686.0,Nadikuda,Safe,56.49,4182.54,3768.91,2129.07,
TELANGANA,Hanumakonda,686.0,Bheemadevarapalle,Critical,98.3,3269.7,2949.38,2899.34,
TELANGANA,Hanumakonda,686.0,Damera,Safe,54.5,3849.9,3469.17,1890.53,
TELANGANA,Hanumakonda,686.0,Atmakur,Safe,47.8,4322.95,3895.44,1861.84,
TELANGANA,Hanumakonda,686.0,Inole,Safe,66.36,4280.77,3852.71,2556.52,
TELANGANA,Hanumakonda,686.0,Shayampet,Safe,51.34,5090.96,4587.5,2355.25,
TELANGANA,Hanumakonda,686.0,Dharmasagar,Semi-critical,75.88,3629.07,3276.83,2486.44,
TELANGANA,Hanumakonda,686.0,Hanamkonda,Safe,55.77,1543.87,1389.48,774.94,
TELANGANA,Hanumakonda,686.0,Hasanparthy,Safe,45.98,5232.02,4732.89,2175.99,
TELANGANA,Hanumakonda,686.0,Velair,Semi-critical,77.45,2203.9,1988.73,1540.18,
TELANGANA,Yadadri Bhuvanagiri,697.0,Pochampalle,Safe,32.34,14044.55,28448.35,4093.15,
TELANGANA,Yadadri Bhuvanagiri,697.0,Gundala,Semi-critical,80.63,2820.44,15723.8,2046.76,
TELANGANA,Yadadri Bhuvanagiri,697.0,Yadagirigutta,Semi-critical,78.63,2627.79,14924.58,1859.68,
TELANGANA,Yadadri Bhuvanagiri,697.0,Mothkur,Semi-critical,75.91,2968.14,11428.65,2036.94,
TELANGANA,Yadadri Bhuvanagiri,697.0,Choutuppal,Semi-critical,78.5,7594.01,33523.82,5364.94,
TELANGANA,Yadadri Bhuvanagiri,697.0,Valigonda,Safe,53.44,9095.17,32681.64,4399.35,
TELANGANA,Yadadri Bhuvanagiri,697.0,Bhongiri,Semi-critical,87.41,5381.35,26052.32,4233.6,
TELANGANA,Yadadri Bhuvanagiri,697.0,Turkapalle_M,Semi-critical,81.42,3010.73,15262.75,2206.29,
TELANGANA,Yadadri Bhuvanagiri,697.0,Narayanapur,Critical,90.92,2571.37,15434.41,2104.02,
TELANGANA,Yadadri Bhuvanagiri,697.0,Atmakur_M,Critical,92.83,3033.45,12227.32,2538.24,
TELANGANA,Yadadri Bhuvanagiri,697.0,Bibinagar,Safe,50.32,6764.25,19192.48,3066.1,
TELANGANA,Yadadri Bhuvanagiri,697.0,Addagudur,Semi-critical,80.33,2752.37,12028.55,2035.23,
TELANGANA,Yadadri Bhuvanagiri,697.0,Alair,Semi-critical,89.21,3130.44,16539.45,2513.29,
TELANGANA,Yadadri Bhuvanagiri,697.0,Bommalaramaram,Semi-critical,80.71,3006.21,13758.78,2183.76,
TELANGANA,Yadadri Bhuvanagiri,697.0,Mootakondur,Critical,99.45,2477.61,12450.06,2217.64,
TELANGANA,Yadadri Bhuvanagiri,697.0,Rajapet,Critical,92.62,2684.08,13596.07,2237.35,
TELANGANA,Yadadri Bhuvanagiri,697.0,Ramannapeta,Safe,43.59,7645.32,24172.5,2999.09,
ANDHRA PRADESH,Sri Potti Sriramulu Nellore,515.0,ALLUR,Safe,4.92,12197.92,73308.31,570.11,
ANDHRA PRADESH,Sri Potti Sriramulu Nellore,515.0,ANANTHASAGARAM,Safe,28.99,5514.61,26380.28,1518.85,
ANDHRA PRADESH,Sri Potti Sriramulu Nellore,515.0,ANUMASAMUDRAMPETA,Safe,40.6,3665.75,27132.74,1413.83,
ANDHRA PRADESH,Sri Potti Sriramulu Nellore,515.0,ATMAKUR (NELLORE),Safe,37.01,4509.09,27872.9,1585.46,
ANDHRA PRADESH,Sri Potti Sriramulu Nellore,515.0,BOGOLE,Safe,9.93,5840.86,23241.8,551.17,
ANDHRA PRADESH,Sri Potti Sriramulu Nellore,515.0,BUCCHIREDDIPALEM,Safe,47.3,7357.06,67696.27,3305.8,
ANDHRA PRADESH,Sri Potti Sriramulu Nellore,515.0,CHEJERLA,Safe,19.64,4918.62,29518.2,917.53,
ANDHRA PRADESH,Sri Potti Sriramulu Nellore,515.0,CHILLAKUR,Safe,42.89,5969.29,35491.44,2432.27,
ANDHRA PRADESH,Sri Potti Sriramulu Nellore,515.0,DAGADARTHI,Safe,14.37,5971.02,26383.51,815.36,
ANDHRA PRADESH,Sri Potti Sriramulu Nellore,515.0,DUTTALUR,Safe,44.57,2663.36,15614.32,1127.75,
ANDHRA PRADESH,Sri Potti Sriramulu Nellore,515.0,GUDUR,Safe,58.1,3939.87,19955.94,2174.55,
ANDHRA PRADESH,Sri Potti Sriramulu Nellore,515.0,INDUKURPET,Safe,69.63,5234.31,71744.6,3462.47,
ANDHRA PRADESH,Sri Potti Sriramulu Nellore,515.0,JALADANKI,Safe,14.86,5448.87,29268.45,769.14,
ANDHRA PRADESH,Sri Potti Sriramulu Nellore,515.0,KALIGIRI,Safe,43.95,4391.73,33317.35,1833.63,
ANDHRA PRADESH,Sri Potti Sriramulu Nellore,515.0,KALUVOYA,Safe,25.88,4911.13,33635.23,1207.54,
ANDHRA PRADESH,Sri Potti Sriramulu Nellore,515.0,KAVALI,Safe,30.58,5377.77,33995.82,1562.16,
ANDHRA PRADESH,Sri Potti Sriramulu Nellore,515.0,KODAVALUR,Safe,26.58,8288.8,19135.45,2093.02,
ANDHRA PRADESH,Sri Potti Sriramulu Nellore,515.0,KONDAPURAM (NELLORE),Safe,31.21,3693.68,28984.2,1095.11,
ANDHRA PRADESH,Sri Potti Sriramulu Nellore,515.0,KOTA,Safe,69.43,5010.18,18312.37,3304.69,
ANDHRA PRADESH,Sri Potti Sriramulu Nellore,515.0,KOVUR,Safe,60.5,4463.22,49160.26,2565.38,
ANDHRA PRADESH,Sri Potti Sriramulu Nellore,515.0,MANUBOLU,Safe,7.28,8320.66,18280.39,575.19,
ANDHRA PRADESH,Sri Potti Sriramulu Nellore,515.0,MARRIPADU,Safe,39.39,3898.07,40666.26,1458.62,
ANDHRA PRADESH,Sri Potti Sriramulu Nellore,515.0,MUTHUKUR,Safe,47.59,5680.74,63418.57,2568.28,
ANDHRA PRADESH,Sri Potti Sriramulu Nellore,515.0,NELLORE RURAL,Safe,21.7,7207.33,38898.01,1486.09,
ANDHRA PRADESH,Sri Potti Sriramulu Nellore,515.0,PODLAKUR,Safe,29.23,7696.37,41119.29,2137.08,
ANDHRA PRADESH,Sri Potti Sriramulu Nellore,515.0,RAPUR,Safe,25.31,5092.93,38450.08,1224.76,
ANDHRA PRADESH,Sri Potti Sriramulu Nellore,515.0,SANGAM,Safe,22.89,7763.83,27532.67,1688.37,
ANDHRA PRADESH,Sri Potti Sriramulu Nellore,515.0,SEETHARAMAPURAM,Safe,40.91,1462.07,9300.8,568.24,
ANDHRA PRADESH,Sri Potti Sriramulu Nellore,515.0,SYDAPURAM,Safe,39.09,3811.25,31050.55,1415.38,
ANDHRA PRADESH,Sri Potti Sriramulu Nellore,515.0,THOTAPALLIGUDUR,Safe,49.84,6349.07,89905.7,3006.2,
ANDHRA PRADESH,Sri Potti Sriramulu Nellore,515.0,UDAYAGIRI,Safe,30.43,3977.34,38240.78,1149.61,
ANDHRA PRADESH,Sri Potti Sriramulu Nellore,515.0,VARIKUNTAPADU,Safe,48.09,3366.63,25657.66,1537.92,
ANDHRA PRADESH,Sri Potti Sriramulu Nellore,515.0,VENKATACHALAM,Safe,9.45,7996.45,31465.78,717.7,
ANDHRA PRADESH,Sri Potti Sriramulu Nellore,515.0,VIDAVALUR,Safe,29.36,8573.64,19590.95,2391.68,
ANDHRA PRADESH,Sri Potti Sriramulu Nellore,515.0,VINJAMUR,Safe,39.31,2654.78,21022.27,991.49,
ANDHRA PRADESH,Sri Potti Sriramulu Nellore,515.0,NELLORE URBAN,Over-exploited,1008.59,0.0,6042.89,2222.03,
ANDHRA PRADESH,Markapuram,,PEDACHERLOPALLE,Safe,41.69,2691.97,66949.13,1066.14,
ANDHRA PRADESH,Markapuram,,BESTAVARIPETA,Safe,32.64,2761.57,106225.54,856.24,
ANDHRA PRADESH,Markapuram,,KONAKANAMITLA,Safe,34.72,3737.42,157315.74,1232.8,
ANDHRA PRADESH,Markapuram,,PULLALACHERUVU,Over-exploited,149.15,2582.74,351343.78,3659.49,
ANDHRA PRADESH,Markapuram,,CHADRASEKARAPURAM,Safe,25.99,3334.48,75409.57,823.25,
ANDHRA PRADESH,Markapuram,,MARKAPUR,Semi-critical,81.66,2549.14,250122.96,1977.45,
ANDHRA PRADESH,Markapuram,,ARDHAVEEDU,Safe,58.05,2416.65,67354.69,1332.68,
ANDHRA PRADESH,Markapuram,,CUMBUM,Semi-critical,82.11,1301.05,125957.15,1014.87,
ANDHRA PRADESH,Markapuram,,DORNALA,Safe,68.15,2688.4,291744.09,1740.69,
ANDHRA PRADESH,Markapuram,,GIDDALURU,Semi-critical,84.48,2582.72,409445.23,2072.93,
ANDHRA PRADESH,Markapuram,,HANUMANTHUNIPADU,Safe,30.05,2352.35,60736.28,671.61,
ANDHRA PRADESH,Markapuram,,KANIGIRI,Safe,32.37,5042.01,77893.78,1550.71,
ANDHRA PRADESH,Markapuram,,KOMAROLU,Safe,53.83,1651.36,254712.13,844.49,
ANDHRA PRADESH,Markapuram,,PAMUR,Safe,37.74,3529.8,130533.17,1265.54,
ANDHRA PRADESH,Markapuram,,PEDAARAVEEDU,Over-exploited,161.49,1762.66,167934.73,2704.28,
ANDHRA PRADESH,Markapuram,,PODILI,Safe,51.81,3420.24,107261.74,1683.31,
ANDHRA PRADESH,Markapuram,,RACHERLA,Critical,95.54,1592.74,218464.04,1445.65,
ANDHRA PRADESH,Markapuram,,TARLAPADU,Safe,59.98,1685.75,220267.94,960.49,
ANDHRA PRADESH,Markapuram,,TRIPURANTHAKAM,Semi-critical,79.23,1950.31,256800.46,1467.94,
ANDHRA PRADESH,Markapuram,,VELIGANDLA,Safe,13.26,3900.76,64822.17,491.47,
ANDHRA PRADESH,Markapuram,,YERRAGONDAPALEM,Semi-critical,86.37,4121.81,500285.31,3381.92,
ANDHRA PRADESH,Nandyal,755.0,DHONE,Safe,24.13,3688.74,3504.29,845.51,
ANDHRA PRADESH,Nandyal,755.0,NANDYAL_RURAL,Safe,2.18,5771.62,5483.03,119.38,
ANDHRA PRADESH,Nandyal,755.0,ALLAGADDA,Safe,10.8,6203.73,5893.51,636.25,
ANDHRA PRADESH,Nandyal,755.0,ATMAKUR (KURNOOL),Safe,8.23,3732.31,3545.71,291.98,
ANDHRA PRADESH,Nandyal,755.0,BANAGANAPALLE,Safe,7.5,10342.06,9824.99,736.61,
ANDHRA PRADESH,Nandyal,755.0,BANDI ATMAKUR,Safe,3.09,15410.14,14639.65,452.4,
ANDHRA PRADESH,Nandyal,755.0,BETHAMCHERLA,Safe,51.04,1820.26,1729.26,882.68,
ANDHRA PRADESH,Nandyal,755.0,CHAGALAMARRI,Safe,11.12,7074.94,6721.16,747.69,
ANDHRA PRADESH,Nandyal,755.0,DORNIPADU,Safe,2.29,2656.18,2523.38,57.84,
ANDHRA PRADESH,Nandyal,755.0,GADIVEMULA,Safe,13.75,4640.08,4408.06,606.06,
ANDHRA PRADESH,Nandyal,755.0,GOSPADU,Safe,1.88,6679.66,6345.67,119.27,
ANDHRA PRADESH,Nandyal,755.0,JUPADU BUNGALOW,Safe,16.99,3103.84,2948.64,500.84,
ANDHRA PRADESH,Nandyal,755.0,KOILKUNTLA,Safe,3.66,3900.82,3705.78,135.63,
ANDHRA PRADESH,Nandyal,755.0,KOLIMIGUNDLA,Safe,19.31,1866.13,1772.82,342.4,
ANDHRA PRADESH,Nandyal,755.0,KOTHAPALLE,Safe,17.44,2994.61,2844.87,496.26,
ANDHRA PRADESH,Nandyal,755.0,MAHANANDI,Safe,22.3,4432.41,4210.76,939.08,
ANDHRA PRADESH,Nandyal,755.0,MIDTHUR,Safe,19.46,1595.04,1515.28,294.93,
ANDHRA PRADESH,Nandyal,755.0,NANDI KOTKUR,Safe,26.62,1471.74,1398.16,372.14,
ANDHRA PRADESH,Nandyal,755.0,OWK,Safe,7.3,6890.14,6545.64,477.86,
ANDHRA PRADESH,Nandyal,755.0,PAGIDYALA,Safe,9.51,1939.16,1842.21,175.15,
ANDHRA PRADESH,Nandyal,755.0,PAMULAPADU,Safe,12.77,3088.92,2934.46,374.73,
ANDHRA PRADESH,Nandyal,755.0,PANYAM,Safe,7.93,7299.61,6934.62,550.15,
ANDHRA PRADESH,Nandyal,755.0,PEAPALLY,Safe,36.33,3045.31,2893.05,1050.99,
ANDHRA PRADESH,Nandyal,755.0,RUDRAVARAM,Safe,5.51,15531.37,14754.78,813.02,
ANDHRA PRADESH,Nandyal,755.0,SANJAMALA,Safe,12.06,3751.61,3563.99,429.64,
ANDHRA PRADESH,Nandyal,755.0,SIRVEL,Safe,6.74,7713.41,7327.73,493.71,
ANDHRA PRADESH,Nandyal,755.0,SRISAILAM,Safe,0.0,763.15,725.0,0.0,
ANDHRA PRADESH,Nandyal,755.0,UYYALAWADA,Safe,1.47,6495.51,6170.71,90.65,
ANDHRA PRADESH,Nandyal,755.0,VELGODE,Safe,1.18,8845.05,8402.78,98.88,
ANDHRA PRADESH,Nandyal,755.0,NANDYAL_URBAN,Safe,5.39,1927.77,1831.39,98.66,
ANDHRA PRADESH,Srikakulam,519.0,HIRAMANDALAM,Safe,24.91,3223.66,3062.45,762.76,
ANDHRA PRADESH,Srikakulam,519.0,LAXMINARASAMPET,Safe,11.54,3206.35,3045.99,351.64,
ANDHRA PRADESH,Srikakulam,519.0,KAVITI,Safe,31.23,2871.1,2727.53,780.07,Safe
ANDHRA PRADESH,Srikakulam,519.0,AMADALAVALASA,Safe,17.45,4249.12,4036.67,704.24,
ANDHRA PRADESH,Srikakulam,519.0,BURJA,Safe,18.61,3313.79,3148.06,585.85,
ANDHRA PRADESH,Srikakulam,519.0,ETCHERLA,Safe,41.44,5430.79,5159.29,2137.93,
ANDHRA PRADESH,Srikakulam,519.0,GANGUVARI SINGADAM,Safe,68.17,3490.35,3315.83,2260.49,
ANDHRA PRADESH,Srikakulam,519.0,GARA,Safe,61.8,6113.32,5807.66,3588.85,
ANDHRA PRADESH,Srikakulam,519.0,ICHCHAPURAM,Safe,31.78,2041.78,1939.66,616.51,
ANDHRA PRADESH,Srikakulam,519.0,JALUMURU,Safe,16.96,6194.8,5885.0,998.17,
ANDHRA PRADESH,Srikakulam,519.0,KANCHILI,Safe,15.01,3596.19,3416.34,512.87,
ANDHRA PRADESH,Srikakulam,519.0,KOTABOMMAL,Safe,26.06,6961.06,6612.97,1723.25,
ANDHRA PRADESH,Srikakulam,519.0,KOTHURU,Safe,19.92,4769.34,4530.89,902.35,
ANDHRA PRADESH,Srikakulam,519.0,LAVERU,Critical,96.55,4443.7,4221.52,4075.75,
ANDHRA PRADESH,Srikakulam,519.0,MANDASA,Safe,8.56,6319.75,6003.75,513.81,
ANDHRA PRADESH,Srikakulam,519.0,MELIAPUTTI,Safe,16.17,4309.28,4093.8,662.0,
ANDHRA PRADESH,Srikakulam,519.0,NANDIGAM,Safe,17.48,5325.49,5059.17,883.65,
ANDHRA PRADESH,Srikakulam,519.0,NARASANNAPETA,Safe,24.95,4343.27,4126.15,1029.4,
ANDHRA PRADESH,Srikakulam,519.0,PALASA,Safe,19.18,4191.97,3982.34,763.77,
ANDHRA PRADESH,Srikakulam,519.0,PATHAPATNAM,Safe,27.72,3847.95,3655.53,1013.38,
ANDHRA PRADESH,Srikakulam,519.0,POLAKI,Safe,27.03,5736.55,5449.75,1472.9,
ANDHRA PRADESH,Srikakulam,519.0,PONDURU,Semi-critical,70.53,3117.22,2961.36,2088.77,
ANDHRA PRADESH,Srikakulam,519.0,RANASTALAM,Over-exploited,163.37,5147.2,4889.8,7988.57,
ANDHRA PRADESH,Srikakulam,519.0,SANTHABOMMALI,Safe,14.28,4385.3,4166.01,418.59,Safe
ANDHRA PRADESH,Srikakulam,519.0,SARAVAKOTA,Safe,11.47,5295.48,5030.68,577.04,
ANDHRA PRADESH,Srikakulam,519.0,SARUBUJJILI,Safe,10.76,3543.32,3366.11,362.19,
ANDHRA PRADESH,Srikakulam,519.0,SOMPETA,Safe,42.28,3527.85,3351.43,1416.85,
ANDHRA PRADESH,Srikakulam,519.0,SRIKAKULAM MANDAL,Safe,26.79,5548.34,5270.89,1411.98,
ANDHRA PRADESH,Srikakulam,519.0,TEKKALI,Safe,18.13,3913.48,3717.77,648.44,Safe
ANDHRA PRADESH,Srikakulam,519.0,VAJRAPUKOTHURU,Safe,16.52,4117.76,3911.85,644.2,Safe
ANDHRA PRADESH,Vizianagaram,521.0,GAJAPATHINAGARAM,Safe,37.61,4030.98,78589.86,1432.94,
ANDHRA PRADESH,Vizianagaram,521.0,PUSAPATIREGA,Safe,62.92,6928.93,86562.45,4141.54,
ANDHRA PRADESH,Vizianagaram,521.0,GARIVIDI,Safe,53.06,4434.5,71328.56,2235.15,
ANDHRA PRADESH,Vizianagaram,521.0,VIZIANAGARAM_RURAL,Safe,11.6,4315.06,58052.61,475.44,
ANDHRA PRADESH,Vizianagaram,521.0,MENTADA,Safe,13.96,8614.27,131557.42,1142.15,
ANDHRA PRADESH,Vizianagaram,521.0,BOBBILI,Safe,26.98,5370.19,123590.72,1376.39,
ANDHRA PRADESH,Vizianagaram,521.0,RAJAM,Safe,51.6,1958.1,43582.72,959.78,
ANDHRA PRADESH,Vizianagaram,521.0,REGIDIAMADALAVALASA,Safe,23.01,4839.15,59791.71,1057.75,
ANDHRA PRADESH,Vizianagaram,521.0,SANTHAKAVITI,Safe,19.81,5343.22,71622.51,1005.5,
ANDHRA PRADESH,Vizianagaram,521.0,VANGARA,Safe,32.13,3401.3,35257.11,1038.23,
ANDHRA PRADESH,Vizianagaram,521.0,BADANGI,Safe,23.19,5325.25,71267.25,1172.94,
ANDHRA PRADESH,Vizianagaram,521.0,BHOGHAPURAM,Safe,43.93,2054.71,56944.88,857.41,
ANDHRA PRADESH,Vizianagaram,521.0,BONDAPALLE,Safe,17.12,5024.9,85767.44,817.14,
ANDHRA PRADESH,Vizianagaram,521.0,CHEEPURUPALLE,Semi-critical,73.35,4273.98,59507.85,2978.2,
ANDHRA PRADESH,Vizianagaram,521.0,DATTIRAJERU,Safe,41.3,5570.41,109181.55,2185.51,
ANDHRA PRADESH,Vizianagaram,521.0,DENKADA,Safe,39.27,4215.11,68521.03,1572.47,
ANDHRA PRADESH,Vizianagaram,521.0,GANTYADA,Safe,22.58,6007.2,99334.55,1288.35,
ANDHRA PRADESH,Vizianagaram,521.0,GURLA,Safe,42.16,4744.73,111569.46,1891.17,
ANDHRA PRADESH,Vizianagaram,521.0,JAMI,Safe,49.5,2996.19,67498.31,1408.92,
ANDHRA PRADESH,Vizianagaram,521.0,KOTHAVALASA,Safe,19.09,5794.06,73942.86,1050.97,
ANDHRA PRADESH,Vizianagaram,521.0,LAKKAVARAPUKOTA,Safe,14.41,6511.69,67210.39,891.63,
ANDHRA PRADESH,Vizianagaram,521.0,MERAKAMUDIDAM,Safe,19.92,7998.76,91120.98,1513.44,
ANDHRA PRADESH,Vizianagaram,521.0,NELLIMARLA,Safe,34.26,6234.14,83791.89,2028.96,
ANDHRA PRADESH,Vizianagaram,521.0,RAMABHADRAPURAM,Safe,26.31,5508.73,82851.06,1377.07,
ANDHRA PRADESH,Vizianagaram,521.0,SRUNGAVARAPUKOTA,Safe,22.39,6094.36,75411.4,1294.65,
ANDHRA PRADESH,Vizianagaram,521.0,THERLAM,Safe,20.57,6719.25,83834.49,1312.79,
ANDHRA PRADESH,Vizianagaram,521.0,VEPADA,Safe,10.63,7849.81,78809.46,792.84,
ANDHRA PRADESH,Vizianagaram,521.0,VIZIANAGARAM_URBAN,Safe,9.2,204.32,9050.78,25.88,
ANDHRA PRADESH,Sri Sathya Sai,754.0,CHILAMATHUR,Safe,50.05,3165.98,40725.36,1505.26,
ANDHRA PRADESH,Sri Sathya Sai,754.0,HINDUPUR,Over-exploited,114.08,4456.52,115730.37,4829.67,
ANDHRA PRADESH,Sri Sathya Sai,754.0,OBULADEVARACHERUVU,Safe,43.77,2547.57,48062.35,1059.35,
ANDHRA PRADESH,Sri Sathya Sai,754.0,AGALI,Critical,93.3,2390.49,67370.55,2118.92,
ANDHRA PRADESH,Sri Sathya Sai,754.0,SOMANDEPALLE,Safe,59.84,3858.57,118673.51,2193.53,
ANDHRA PRADESH,Sri Sathya Sai,754.0,TANAKAL,Over-exploited,116.74,5695.47,55220.11,6316.7,
ANDHRA PRADESH,Sri Sathya Sai,754.0,AMADAGUR,Semi-critical,73.51,2410.09,98530.07,1683.05,
ANDHRA PRADESH,Sri Sathya Sai,754.0,AMARAPURAM,Safe,63.12,2889.77,114021.3,1732.71,
ANDHRA PRADESH,Sri Sathya Sai,754.0,BATHALAPALLE,Safe,40.16,3751.31,54053.7,1431.15,
ANDHRA PRADESH,Sri Sathya Sai,754.0,BUKKAPATNAM,Safe,21.39,4803.81,40657.19,976.18,
ANDHRA PRADESH,Sri Sathya Sai,754.0,CHENNE KOTHAPALLE,Safe,37.47,4213.87,71406.95,1500.02,
ANDHRA PRADESH,Sri Sathya Sai,754.0,DHARMAVARAM,Safe,36.67,5659.92,102888.13,1971.97,
ANDHRA PRADESH,Sri Sathya Sai,754.0,GANDLAPENTA,Over-exploited,146.59,1948.61,35425.3,2713.7,
ANDHRA PRADESH,Sri Sathya Sai,754.0,GORANTLA,Safe,34.13,5180.63,78357.18,1679.82,
ANDHRA PRADESH,Sri Sathya Sai,754.0,GUDIBANDA,Semi-critical,70.8,3357.15,37968.56,2257.93,
ANDHRA PRADESH,Sri Sathya Sai,754.0,KADIRI,Safe,26.74,3069.18,54659.1,779.55,
ANDHRA PRADESH,Sri Sathya Sai,754.0,KANAGANAPALLE,Safe,35.8,6014.05,94675.72,2045.54,
ANDHRA PRADESH,Sri Sathya Sai,754.0,KOTHACHERUVU,Safe,55.73,4982.13,49926.53,2637.6,
ANDHRA PRADESH,Sri Sathya Sai,754.0,LEPAKSHI,Safe,69.59,2752.24,34972.28,1819.45,
ANDHRA PRADESH,Sri Sathya Sai,754.0,MADAKASIRA,Safe,50.51,4603.16,60110.43,2208.65,
ANDHRA PRADESH,Sri Sathya Sai,754.0,MUDIGUBBA,Safe,38.99,6630.26,116318.06,2455.68,
ANDHRA PRADESH,Sri Sathya Sai,754.0,NALLACHERUVU,Safe,67.22,2337.62,34523.77,1492.86,
ANDHRA PRADESH,Sri Sathya Sai,754.0,NALLAMADA,Safe,40.16,3099.93,54242.38,1182.63,
ANDHRA PRADESH,Sri Sathya Sai,754.0,NAMBULIPULIKUNTA,Safe,65.41,3659.16,66532.15,2273.82,
ANDHRA PRADESH,Sri Sathya Sai,754.0,PARIGI,Safe,27.56,3908.51,82977.89,1023.45,
ANDHRA PRADESH,Sri Sathya Sai,754.0,PENU KONDA,Safe,43.04,4151.98,70420.63,1697.57,
ANDHRA PRADESH,Sri Sathya Sai,754.0,PUTTAPARTHI,Safe,41.82,4458.47,61965.5,1771.51,
ANDHRA PRADESH,Sri Sathya Sai,754.0,RAMAGIRI,Safe,36.81,5133.81,73391.48,1795.14,
ANDHRA PRADESH,Sri Sathya Sai,754.0,RODDAM,Safe,62.26,4282.25,71118.91,2532.92,
ANDHRA PRADESH,Sri Sathya Sai,754.0,ROLLA,Over-exploited,114.37,3897.04,68337.49,4234.16,
ANDHRA PRADESH,Sri Sathya Sai,754.0,TADIMARRI,Safe,55.38,3499.65,50730.82,1841.14,
ANDHRA PRADESH,Sri Sathya Sai,754.0,TALUPULA,Safe,55.99,3728.92,62907.71,1983.53,
ANDHRA PRADESH,Alluri Sitharama Raju,745.0,PEDABAYALU,Safe,3.45,1802.71,1712.52,59.1,
ANDHRA PRADESH,Alluri Sitharama Raju,745.0,ANANTHAGIRI,Safe,3.39,2350.33,2232.67,75.74,
ANDHRA PRADESH,Alluri Sitharama Raju,745.0,ARAKU VALLEY,Safe,5.59,1233.91,1172.16,65.5,
ANDHRA PRADESH,Alluri Sitharama Raju,745.0,CHINTAPALLE,Safe,6.78,1516.07,1440.26,97.58,
ANDHRA PRADESH,Alluri Sitharama Raju,745.0,DUMBRIGUDA,Safe,4.42,1798.24,1708.39,75.56,
ANDHRA PRADESH,Alluri Sitharama Raju,745.0,GANGARAJU MADUGULA,Safe,6.27,957.17,909.42,56.98,
ANDHRA PRADESH,Alluri Sitharama Raju,745.0,GUDEM KOTHAVEEDHI,Safe,9.12,1300.33,1235.26,112.7,
ANDHRA PRADESH,Alluri Sitharama Raju,745.0,HUKUMPETA,Safe,3.45,1846.65,1754.26,60.58,
ANDHRA PRADESH,Alluri Sitharama Raju,745.0,KOYYURU,Safe,5.57,1812.75,1722.07,95.84,
ANDHRA PRADESH,Alluri Sitharama Raju,745.0,MUNCHINGIPUTTU,Safe,4.3,2150.92,2043.32,87.78,
ANDHRA PRADESH,Alluri Sitharama Raju,745.0,PADERU,Safe,24.48,1647.58,1565.13,383.1,
ANDHRA PRADESH,Konaseema,747.0,I POLAVARAM,Saline,-100000.0,6919.19,6573.24,13.87,Saline
ANDHRA PRADESH,Konaseema,747.0,AINAVILLI,Safe,21.63,7418.44,7047.52,1524.46,
ANDHRA PRADESH,Konaseema,747.0,ALAMURU,Safe,30.22,7821.69,7430.61,2245.46,
ANDHRA PRADESH,Konaseema,747.0,ALLAVARAM,Saline,-100000.0,4730.55,4494.02,39.75,Saline
ANDHRA PRADESH,Konaseema,747.0,AMALAPURAM,Safe,11.43,5549.45,5271.99,602.85,
ANDHRA PRADESH,Konaseema,747.0,AMBAJIPETA,Safe,36.6,3139.39,2982.44,1091.47,
ANDHRA PRADESH,Konaseema,747.0,ATREYAPURAM,Safe,31.45,10593.21,10063.54,3164.8,
ANDHRA PRADESH,Konaseema,747.0,KATRENIKONA,Saline,-100000.0,7518.35,7142.41,4.44,Saline
ANDHRA PRADESH,Konaseema,747.0,KOTHAPETA,Safe,30.61,6680.24,6346.23,1942.85,
ANDHRA PRADESH,Konaseema,747.0,MALIKIPURAM,Saline,-100000.0,2826.16,2684.86,7.58,Saline
ANDHRA PRADESH,Konaseema,747.0,MAMIDIKUDURU,Saline,-100000.0,4130.66,3924.12,67.14,Saline
ANDHRA PRADESH,Konaseema,747.0,MUMMIDIVARAM,Safe,4.25,7055.12,6702.36,284.78,
ANDHRA PRADESH,Konaseema,747.0,P GANNAVARAM,Safe,11.42,5936.84,5639.99,644.13,
ANDHRA PRADESH,Konaseema,747.0,K.GANGAVARAM,Safe,7.82,9699.5,9214.53,720.84,
ANDHRA PRADESH,Konaseema,747.0,RAMACHANDRAPURAM,Safe,13.22,11507.16,10931.8,1445.6,
ANDHRA PRADESH,Konaseema,747.0,RAVULAPALEM,Safe,32.7,6421.12,6100.06,1994.97,
ANDHRA PRADESH,Konaseema,747.0,RAZOLE,Safe,2.87,5454.47,5181.76,148.52,
ANDHRA PRADESH,Konaseema,747.0,SAKHINETIPALLE,Saline,-100000.0,3873.52,3679.83,10.61,Saline
ANDHRA PRADESH,Konaseema,747.0,UPPALAGUPTAM,Saline,-100000.0,6188.69,5879.28,386.48,Saline
ANDHRA PRADESH,Eluru,748.0,KALIDINDI,Saline,-100000.0,4438.02,192868.61,2.8,Saline
ANDHRA PRADESH,Eluru,748.0,KUKUNOOR,Safe,19.46,4836.0,349242.74,894.07,
ANDHRA PRADESH,Eluru,748.0,NUZVID,Safe,46.66,2838.94,189945.34,1258.37,
ANDHRA PRADESH,Eluru,748.0,BHIMADOLE,Safe,24.93,8579.74,121613.73,2032.18,
ANDHRA PRADESH,Eluru,748.0,AGIRIPALLE,Safe,51.25,3741.61,147168.18,1821.85,
ANDHRA PRADESH,Eluru,748.0,KAIKALUR,Saline,-100000.0,2518.14,176624.3,4.96,Saline
ANDHRA PRADESH,Eluru,748.0,POLAVARAM,Safe,22.47,5653.61,424214.28,1206.69,
ANDHRA PRADESH,Eluru,748.0,DENDULURU,Safe,26.74,7451.95,65603.87,1893.08,
ANDHRA PRADESH,Eluru,748.0,NIDAMARRU,Saline,-100000.0,4103.44,125937.08,19.72,Saline
ANDHRA PRADESH,Eluru,748.0,CHATRAI,Safe,21.21,3943.44,256333.21,794.6,
ANDHRA PRADESH,Eluru,748.0,MANDAVALLI,Saline,-100000.0,4649.01,155463.2,6.4,Saline
ANDHRA PRADESH,Eluru,748.0,MUDINAPALLE,Saline,-100000.0,5507.68,132574.17,7.05,Saline
ANDHRA PRADESH,Eluru,748.0,MUSUNURU,Safe,55.65,3369.9,49577.3,1781.66,
ANDHRA PRADESH,Eluru,748.0,BUTTAYAGUDEM,Safe,28.71,6824.13,450365.74,1861.35,
ANDHRA PRADESH,Eluru,748.0,CHINTALAPUDI,Safe,42.73,8726.72,173443.91,3542.38,
ANDHRA PRADESH,Eluru,748.0,DWARAKA TIRUMALA,Safe,44.8,8268.85,100636.15,3519.31,
ANDHRA PRADESH,Eluru,748.0,ELURU_RURAL,Safe,2.79,3119.4,130338.63,82.6,
ANDHRA PRADESH,Eluru,748.0,JANGAREDDIGUDEM,Safe,59.52,5881.05,182041.86,3325.2,
ANDHRA PRADESH,Eluru,748.0,JEELUGUMILLI,Safe,43.91,6446.79,238520.7,2689.09,
ANDHRA PRADESH,Eluru,748.0,KAMAVARAPUKOTA,Safe,47.51,5583.03,126365.4,2519.8,
ANDHRA PRADESH,Eluru,748.0,KOYYALAGUDEM,Safe,62.86,4285.47,92414.17,2559.25,
ANDHRA PRADESH,Eluru,748.0,LINGAPALEM,Safe,60.68,6208.53,177386.17,3579.11,
ANDHRA PRADESH,Eluru,748.0,PADAVEGI,Safe,47.92,8439.71,247266.68,3842.18,
ANDHRA PRADESH,Eluru,748.0,PEDAPADU,Safe,17.23,8590.82,108124.65,1406.05,
ANDHRA PRADESH,Eluru,748.0,T NARASAPURAM,Safe,57.54,8633.68,218792.09,4719.77,
ANDHRA PRADESH,Eluru,748.0,UNGUTURU (WEST GODAVARI),Safe,29.81,13359.38,186599.99,3783.22,
ANDHRA PRADESH,Eluru,748.0,VELAIRPAD,Safe,13.25,3187.25,450642.23,401.22,
ANDHRA PRADESH,Eluru,748.0,ELURU_URBAN,Safe,17.27,,74999.38,226.55,
ANDHRA PRADESH,West Godavari,523.0,AKIVEEDU,Saline,-100000.0,6365.93,6047.65,141.51,Saline
ANDHRA PRADESH,West Godavari,523.0,UNDI,Saline,-100000.0,10932.52,10385.89,162.04,Saline
ANDHRA PRADESH,West Godavari,523.0,GANAPAVARAM,Saline,-100000.0,11292.69,10728.04,97.17,Saline
ANDHRA PRADESH,West Godavari,523.0,PALACOLE,Saline,-100000.0,9150.88,8693.3,82.89,Saline
ANDHRA PRADESH,West Godavari,523.0,VEERAVASARAM,Saline,-100000.0,9267.99,8804.59,148.03,Saline
ANDHRA PRADESH,West Godavari,523.0,ACHANTA,Safe,8.16,9372.99,8904.33,726.39,
ANDHRA PRADESH,West Godavari,523.0,ATTILI,Safe,1.47,11961.94,11363.85,166.76,
ANDHRA PRADESH,West Godavari,523.0,BHEEMAVARAM,Saline,-100000.0,9935.55,9438.77,139.99,Saline
ANDHRA PRADESH,West Godavari,523.0,IRAGAVARAM,Safe,3.21,11857.41,11264.52,361.63,
ANDHRA PRADESH,West Godavari,523.0,KALLA,Saline,-100000.0,5161.02,4902.96,179.09,Saline
ANDHRA PRADESH,West Godavari,523.0,MOGALTHUR,Saline,-100000.0,3538.32,3361.41,45.52,Saline
ANDHRA PRADESH,West Godavari,523.0,NARASAPURAM,Saline,-100000.0,9982.75,9483.63,73.16,Saline
ANDHRA PRADESH,West Godavari,523.0,PALAKODERU,Saline,-100000.0,11110.39,10554.86,79.08,Saline
ANDHRA PRADESH,West Godavari,523.0,PENTAPADU,Saline,-100000.0,15907.29,15111.9,16.43,Saline
ANDHRA PRADESH,West Godavari,523.0,PENUGONDA,Safe,2.84,10522.07,9995.96,283.62,
ANDHRA PRADESH,West Godavari,523.0,PENUMANTRA,Safe,1.65,10460.18,9937.18,164.32,
ANDHRA PRADESH,West Godavari,523.0,PODURU,Saline,-100000.0,10884.26,10340.05,121.4,Saline
ANDHRA PRADESH,West Godavari,523.0,TADEPALLIGUDEM,Safe,50.16,10537.66,10010.8,5021.05,
ANDHRA PRADESH,West Godavari,523.0,TANUKU,Safe,6.25,10317.33,9801.48,612.37,
ANDHRA PRADESH,West Godavari,523.0,YELAMANCHILI,Saline,-100000.0,7504.66,7129.41,159.99,Saline
ANDHRA PRADESH,Bapatla,750.0,VETAPALEM,Safe,36.02,1887.71,18805.65,645.87,
ANDHRA PRADESH,Bapatla,750.0,YEDDANAPUDI,Safe,21.29,913.98,22211.47,85.26,Safe
ANDHRA PRADESH,Bapatla,750.0,CHINAGANJAM,Safe,11.42,4428.53,51581.98,335.01,Safe
ANDHRA PRADESH,Bapatla,750.0,VEMURU,Safe,22.04,7198.33,33833.18,1507.07,
ANDHRA PRADESH,Bapatla,750.0,AMRUTHALUR,Safe,20.23,9213.98,38009.81,474.04,Safe
ANDHRA PRADESH,Bapatla,750.0,BAPATLA,Safe,8.83,12230.66,87021.38,473.75,Safe
ANDHRA PRADESH,Bapatla,750.0,BHATTIPROLU,Safe,30.06,5819.76,28271.36,1661.97,
ANDHRA PRADESH,Bapatla,750.0,CHERUKUPALLE,Safe,17.92,5127.11,36116.13,872.7,
ANDHRA PRADESH,Bapatla,750.0,KARLAPALEM,Safe,12.31,6248.61,43994.47,395.8,Safe
ANDHRA PRADESH,Bapatla,750.0,KOLLUR,Safe,47.82,5840.3,57675.39,2653.23,
ANDHRA PRADESH,Bapatla,750.0,NAGARAM,Safe,5.89,8397.3,63058.98,303.49,Safe
ANDHRA PRADESH,Bapatla,750.0,NIZAMPATNAM,Safe,6.63,5356.02,55059.22,98.37,Safe
ANDHRA PRADESH,Bapatla,750.0,PITTALAVANIPALEM,Safe,12.79,4114.81,22035.25,417.7,Safe
ANDHRA PRADESH,Bapatla,750.0,REPALLE,Safe,24.53,9844.0,47087.71,600.98,Safe
ANDHRA PRADESH,Bapatla,750.0,TSUNDUR,Safe,25.74,7601.47,33496.09,1859.05,
ANDHRA PRADESH,Bapatla,750.0,CHIRALA,Safe,21.1,3115.46,29095.77,624.36,
ANDHRA PRADESH,Bapatla,750.0,INKOLLU,Safe,3.5,2733.54,28687.76,49.92,Safe
ANDHRA PRADESH,Bapatla,750.0,KARAMCHEDU,Saline,-100000.0,7859.15,8423.56,17.37,Saline
ANDHRA PRADESH,Bapatla,750.0,MARTUR,Safe,42.55,1911.69,37975.01,772.84,
ANDHRA PRADESH,Bapatla,750.0,PARCHUR,Safe,1.8,4307.66,49564.38,30.92,Safe
ANDHRA PRADESH,Polavaram,,MAREDUMILLI,Safe,1.94,1865.13,1771.87,34.34,
ANDHRA PRADESH,Polavaram,,CHINTUR,Safe,2.99,3821.48,3630.37,108.63,
ANDHRA PRADESH,Polavaram,,RAMPACHODAVARAM,Safe,2.83,2871.88,2728.31,77.26,
ANDHRA PRADESH,Polavaram,,Y RAMAVARAM,Safe,1.53,1797.26,1707.37,26.16,
ANDHRA PRADESH,Polavaram,,GURTHEDU,Safe,1.51,1030.8,979.22,14.8,
ANDHRA PRADESH,Polavaram,,ADDATEEGALA,Safe,4.49,2241.81,2129.62,95.69,
ANDHRA PRADESH,Polavaram,,DEVIPATNAM,Safe,2.87,2537.86,2411.01,69.16,
ANDHRA PRADESH,Polavaram,,GANGAVARAM (EAST GODAVARI),Safe,1.68,2949.82,2802.28,47.05,
ANDHRA PRADESH,Polavaram,,KUNAVARAM,Safe,4.1,960.69,912.65,37.43,
ANDHRA PRADESH,Polavaram,,NELLIPAKA,Safe,5.8,1971.33,1872.78,108.56,
ANDHRA PRADESH,Polavaram,,RAJAVOMMANGI,Safe,2.29,3058.92,2906.04,66.42,
ANDHRA PRADESH,Polavaram,,VARARAMACHANDRAPUR,Safe,2.56,2376.07,2257.23,57.83,
ANDHRA PRADESH,Palnadu,751.0,MACHAVARAM,Safe,33.16,5827.0,84176.66,1835.49,
ANDHRA PRADESH,Palnadu,751.0,KAREMPUDI,Safe,34.47,6905.53,90942.94,2261.1,
ANDHRA PRADESH,Palnadu,751.0,ROMPICHERLA (GUNTUR),Safe,25.04,1730.08,39026.39,411.56,
ANDHRA PRADESH,Palnadu,751.0,RENTACHINTALA,Safe,22.61,7774.35,79576.52,1669.63,
ANDHRA PRADESH,Palnadu,751.0,AMARAVATHI,Safe,24.33,3784.17,48643.38,894.97,Safe
ANDHRA PRADESH,Palnadu,751.0,ACHAMPETA,Safe,50.5,2989.91,46200.75,1434.49,
ANDHRA PRADESH,Palnadu,751.0,BELLAMKONDA,Safe,34.2,3296.23,46698.93,1070.99,
ANDHRA PRADESH,Palnadu,751.0,BOLLAPALLE,Over-exploited,128.64,3400.18,79243.08,4155.42,
ANDHRA PRADESH,Palnadu,751.0,CHILAKALURIPET,Safe,28.31,1852.49,95785.18,431.84,Safe
ANDHRA PRADESH,Palnadu,751.0,DACHEPALLE,Safe,22.67,6677.92,93121.25,1438.17,
ANDHRA PRADESH,Palnadu,751.0,DURGI,Safe,61.97,2825.29,127329.16,1663.34,
ANDHRA PRADESH,Palnadu,751.0,EDLAPADU,Safe,25.3,1628.7,21513.01,340.57,Safe
ANDHRA PRADESH,Palnadu,751.0,GURAZALA,Safe,37.96,5021.64,103639.36,1810.85,
ANDHRA PRADESH,Palnadu,751.0,IPURU,Safe,32.52,6389.02,86545.97,1973.63,
ANDHRA PRADESH,Palnadu,751.0,KROSURU,Safe,56.16,2546.58,26206.78,1358.67,
ANDHRA PRADESH,Palnadu,751.0,MACHERLA,Safe,24.01,10419.74,80239.93,2376.51,
ANDHRA PRADESH,Palnadu,751.0,MUPPALLA,Safe,16.47,1989.15,22392.09,311.22,
ANDHRA PRADESH,Palnadu,751.0,NADENDLA,Safe,26.74,1583.1,50895.64,384.29,Safe
ANDHRA PRADESH,Palnadu,751.0,NAKARIKALLU,Safe,27.6,3963.24,66424.08,1039.23,
ANDHRA PRADESH,Palnadu,751.0,NARASARAOPETA,Safe,11.38,5334.96,54810.46,576.93,
ANDHRA PRADESH,Palnadu,751.0,NUZENDLA,Safe,16.02,8201.61,68041.71,1248.54,
ANDHRA PRADESH,Palnadu,751.0,PEDAKURAPADU,Safe,8.92,6089.63,28148.02,515.79,
ANDHRA PRADESH,Palnadu,751.0,PIDUGURALLA,Safe,58.94,3031.62,129055.07,1697.53,
ANDHRA PRADESH,Palnadu,751.0,RAJUPALEM,Safe,32.21,4240.75,19422.65,1297.56,
ANDHRA PRADESH,Palnadu,751.0,SATTENAPALLE,Safe,22.14,3522.06,39451.73,726.5,Safe
ANDHRA PRADESH,Palnadu,751.0,SAVALYAPURAM,Safe,44.28,1340.88,25998.09,564.01,
ANDHRA PRADESH,Palnadu,751.0,VELDURTHI,Over-exploited,120.86,2582.91,62406.51,2965.56,
ANDHRA PRADESH,Palnadu,751.0,VINUKONDA,Safe,12.02,12134.55,59572.81,1385.44,none
ANDHRA PRADESH,Kakinada,746.0,YELESWARAM,Safe,33.05,5002.97,4752.83,1570.71,
ANDHRA PRADESH,Kakinada,746.0,GOLLAPROLU,Safe,12.42,6065.54,5762.27,715.81,
ANDHRA PRADESH,Kakinada,746.0,ROUTHULAPUDI,Safe,39.59,3010.86,2860.25,1132.5,
ANDHRA PRADESH,Kakinada,746.0,KAKINADA (RURAL),Safe,6.26,4308.19,4092.79,256.17,
ANDHRA PRADESH,Kakinada,746.0,KIRLAMPUDI,Safe,17.36,8046.66,7644.31,1320.71,
ANDHRA PRADESH,Kakinada,746.0,KOTANANDURU,Safe,14.93,4682.01,4447.88,664.18,
ANDHRA PRADESH,Kakinada,746.0,GANDEPALLE,Semi-critical,75.46,3064.7,2911.47,2197.0,
ANDHRA PRADESH,Kakinada,746.0,JAGGAMPETA,Safe,20.14,5854.08,5561.35,1120.32,
ANDHRA PRADESH,Kakinada,746.0,KAJULURU,Safe,0.0,12045.92,11443.59,1634.75,Safe
ANDHRA PRADESH,Kakinada,746.0,KAKINADA (URBAN),Safe,47.04,627.39,596.02,280.36,
ANDHRA PRADESH,Kakinada,746.0,KARAPA,Saline,-100000.0,9252.61,8789.98,1089.33,Saline
ANDHRA PRADESH,Kakinada,746.0,KOTHAPALLEE,Safe,3.36,7817.84,7426.94,249.32,
ANDHRA PRADESH,Kakinada,746.0,PEDAPUDI,Safe,7.41,13060.77,12407.75,920.02,
ANDHRA PRADESH,Kakinada,746.0,PEDDAPURAM,Safe,24.28,7070.52,6717.0,1630.97,
ANDHRA PRADESH,Kakinada,746.0,PITHAPURAM,Safe,7.36,12952.74,12305.11,905.82,
ANDHRA PRADESH,Kakinada,746.0,PRATHIPADU (EAST GODAVARI),Safe,17.7,6408.8,6088.34,1077.79,
ANDHRA PRADESH,Kakinada,746.0,SAMALKOTA,Safe,6.88,12565.07,11936.8,811.56,
ANDHRA PRADESH,Kakinada,746.0,SANKHAVARAM,Safe,31.19,2384.43,2265.17,706.47,
ANDHRA PRADESH,Kakinada,746.0,THALLAREVU,Saline,-100000.0,9709.28,9223.81,507.0,Saline
ANDHRA PRADESH,Kakinada,746.0,THONDANGI,Safe,19.41,7873.27,7479.59,1451.65,
ANDHRA PRADESH,Kakinada,746.0,TUNI,Safe,36.18,3980.52,3781.52,1368.21,
ANDHRA PRADESH,Y.S.R Kadapa,504.0,KHAJIPET,Safe,48.63,10810.47,10269.92,4994.1,
ANDHRA PRADESH,Y.S.R Kadapa,504.0,PRODDUTUR,Safe,30.71,6337.83,6020.93,1848.83,
ANDHRA PRADESH,Y.S.R Kadapa,504.0,LINGALA,Safe,54.54,2637.29,2505.41,1366.48,
ANDHRA PRADESH,Y.S.R Kadapa,504.0,RAJAMPET,Safe,21.98,2916.9,2771.05,609.16,
ANDHRA PRADESH,Y.S.R Kadapa,504.0,CHINTHA KOMMADINNE,Safe,34.63,3416.09,3245.26,1123.98,
ANDHRA PRADESH,Y.S.R Kadapa,504.0,MUDDANUR,Safe,56.84,3389.83,3220.34,1830.41,
ANDHRA PRADESH,Y.S.R Kadapa,504.0,CHENNUR,Safe,43.08,4206.31,3996.0,1721.29,
ANDHRA PRADESH,Y.S.R Kadapa,504.0,KADAPA,Safe,11.89,1493.57,1418.86,168.64,
ANDHRA PRADESH,Y.S.R Kadapa,504.0,RAJU PALEM,Safe,16.8,6603.89,6273.7,1053.9,
ANDHRA PRADESH,Y.S.R Kadapa,504.0,KALASAPADU,Safe,40.38,4612.46,4381.81,1769.28,
ANDHRA PRADESH,Y.S.R Kadapa,504.0,S MYDUKUR,Safe,53.47,5926.19,5629.88,3010.45,
ANDHRA PRADESH,Y.S.R Kadapa,504.0,VONTIMITTA,Safe,40.93,3182.97,3023.81,1237.63,
ANDHRA PRADESH,Y.S.R Kadapa,504.0,MYLAVARAM,Safe,49.26,4076.82,3873.0,1908.01,
ANDHRA PRADESH,Y.S.R Kadapa,504.0,VALLUR,Safe,41.82,2797.16,2657.29,1111.34,
ANDHRA PRADESH,Y.S.R Kadapa,504.0,CHAKNAYAPET,Safe,58.69,4635.07,4403.3,2584.48,
ANDHRA PRADESH,Y.S.R Kadapa,504.0,VEMULA,Semi-critical,71.09,2173.95,2065.22,1468.24,
ANDHRA PRADESH,Y.S.R Kadapa,504.0,VEMPALLE,Safe,49.87,2662.06,2528.94,1261.15,
ANDHRA PRADESH,Y.S.R Kadapa,504.0,BRAHMAMGARIMATTAM,Safe,47.95,5357.26,5089.39,2440.34,
ANDHRA PRADESH,Y.S.R Kadapa,504.0,ATLUR,Safe,36.53,2578.11,2449.2,894.81,
ANDHRA PRADESH,Y.S.R Kadapa,504.0,B KODUR,Safe,66.99,2647.55,2515.19,1684.92,
ANDHRA PRADESH,Y.S.R Kadapa,504.0,BADVEL,Safe,51.93,2882.28,2738.19,1421.85,
ANDHRA PRADESH,Y.S.R Kadapa,504.0,CHAPAD,Safe,54.81,7862.04,7468.91,4093.61,
ANDHRA PRADESH,Y.S.R Kadapa,504.0,DUVVUR,Safe,61.04,6716.37,6380.57,3894.74,
ANDHRA PRADESH,Y.S.R Kadapa,504.0,GOPAVARAM,Safe,21.91,2422.73,2301.58,504.28,
ANDHRA PRADESH,Y.S.R Kadapa,504.0,JAMMALAMADUGU,Safe,40.81,4072.73,3869.07,1579.12,
ANDHRA PRADESH,Y.S.R Kadapa,504.0,KAMALAPURAM,Safe,59.24,3932.01,3735.39,2212.75,
ANDHRA PRADESH,Y.S.R Kadapa,504.0,KONDAPURAM,Safe,41.93,4157.43,3949.54,1656.05,
ANDHRA PRADESH,Y.S.R Kadapa,504.0,NANDALUR,Safe,44.5,2589.29,2459.81,1094.65,
ANDHRA PRADESH,Y.S.R Kadapa,504.0,PEDDAMUDIUM,Safe,20.79,6141.74,5834.65,1213.03,
ANDHRA PRADESH,Y.S.R Kadapa,504.0,PENDLIMARRI,Safe,46.63,3671.04,3487.47,1626.05,
ANDHRA PRADESH,Y.S.R Kadapa,504.0,PORUMAMILLA,Safe,54.15,5218.07,4957.17,2684.28,
ANDHRA PRADESH,Y.S.R Kadapa,504.0,PULIVENDLA,Safe,56.73,1574.43,1495.71,848.51,
ANDHRA PRADESH,Y.S.R Kadapa,504.0,SIDHOUT,Safe,44.55,2957.32,2809.44,1251.68,
ANDHRA PRADESH,Y.S.R Kadapa,504.0,SIMHADRIPURAM,Safe,36.39,7509.92,7134.42,2595.86,
ANDHRA PRADESH,Y.S.R Kadapa,504.0,SRI AVADHUTHA KASINAYANA,Safe,44.6,3015.49,2864.72,1277.61,
ANDHRA PRADESH,Y.S.R Kadapa,504.0,T SUNDUPALLE,Safe,12.34,5101.96,4846.86,597.94,
ANDHRA PRADESH,Y.S.R Kadapa,504.0,THANDUR,Safe,30.26,6931.9,6585.3,1992.83,
ANDHRA PRADESH,Y.S.R Kadapa,504.0,VEERABALLE,Safe,11.66,3374.19,3205.47,373.62,
ANDHRA PRADESH,Y.S.R Kadapa,504.0,VEERAPUNAYUNIPALLE,Safe,53.83,4628.43,4396.99,2367.08,
ANDHRA PRADESH,Y.S.R Kadapa,504.0,YERRAGUNTLA,Safe,47.04,3842.67,3650.54,1717.19,
ANDHRA PRADESH,Ananthapuramu,502.0,YADIKI,Safe,65.36,2487.16,2362.81,1544.36,
ANDHRA PRADESH,Ananthapuramu,502.0,ANANTAPUR RURAL,Semi-critical,76.43,2017.66,1916.78,1464.99,
ANDHRA PRADESH,Ananthapuramu,502.0,RAYADURG,Safe,47.85,4232.76,4021.09,1923.9,
ANDHRA PRADESH,Ananthapuramu,502.0,VAJRAKARUR,Safe,36.19,4996.9,4747.06,1717.91,
ANDHRA PRADESH,Ananthapuramu,502.0,BRAHMASAMUDRAM,Safe,49.45,4080.08,3876.09,1916.71,
ANDHRA PRADESH,Ananthapuramu,502.0,SINGANAMALA,Safe,56.82,3536.89,3360.03,1909.28,
ANDHRA PRADESH,Ananthapuramu,502.0,D HIRCHAL,Safe,53.07,3613.1,3432.46,1821.55,
ANDHRA PRADESH,Ananthapuramu,502.0,GUNTAKAL,Safe,48.86,4418.31,4197.37,2050.63,
ANDHRA PRADESH,Ananthapuramu,502.0,GOOTY,Safe,32.49,3666.65,3483.33,1131.59,
ANDHRA PRADESH,Ananthapuramu,502.0,PEDDAVADUGUR,Safe,45.03,2302.35,2187.19,984.97,
ANDHRA PRADESH,Ananthapuramu,502.0,KUDAIR,Semi-critical,85.54,2730.64,2594.08,2218.89,
ANDHRA PRADESH,Ananthapuramu,502.0,YELLANUR,Semi-critical,80.21,2787.97,2648.58,2124.54,
ANDHRA PRADESH,Ananthapuramu,502.0,SETTUR,Safe,61.87,3161.97,3003.87,1858.43,
ANDHRA PRADESH,Ananthapuramu,502.0,TADPATRI,Over-exploited,100.53,2278.58,2164.65,2176.08,
ANDHRA PRADESH,Ananthapuramu,502.0,GARLADINNE,Safe,65.26,4121.55,3915.43,2555.21,
ANDHRA PRADESH,Ananthapuramu,502.0,ANANTAPUR URBAN,Critical,90.92,167.44,159.07,144.62,
ANDHRA PRADESH,Ananthapuramu,502.0,URAVAKONDA,Safe,29.27,5680.72,5396.69,1579.63,
ANDHRA PRADESH,Ananthapuramu,502.0,PEDDAPAPPUR,Semi-critical,73.67,2393.06,2273.39,1674.92,
ANDHRA PRADESH,Ananthapuramu,502.0,ATMAKUR,Semi-critical,70.05,2520.05,2394.05,1676.96,
ANDHRA PRADESH,Ananthapuramu,502.0,BELUGUPPA,Safe,57.92,3550.17,3372.65,1953.39,
ANDHRA PRADESH,Ananthapuramu,502.0,BOMMANAHAL,Safe,22.06,12002.79,11402.67,2515.39,
ANDHRA PRADESH,Ananthapuramu,502.0,BUKKARAYASAMUDRAM,Semi-critical,85.23,2664.69,2531.45,2157.68,
ANDHRA PRADESH,Ananthapuramu,502.0,GUMMAGATTA,Safe,51.37,3886.41,3692.08,1896.48,
ANDHRA PRADESH,Ananthapuramu,502.0,KALYANDURG,Safe,53.71,5769.13,5480.68,2943.88,
ANDHRA PRADESH,Ananthapuramu,502.0,KAMBADUR,Safe,58.32,4017.25,3816.37,2225.53,
ANDHRA PRADESH,Ananthapuramu,502.0,KANEKAL,Safe,22.77,11128.88,10572.41,2407.25,
ANDHRA PRADESH,Ananthapuramu,502.0,KUNDURPI,Safe,54.84,3317.11,3151.25,1728.05,
ANDHRA PRADESH,Ananthapuramu,502.0,NARPALA,Critical,96.65,2962.32,2814.19,2719.8,
ANDHRA PRADESH,Ananthapuramu,502.0,PAMIDI,Safe,56.88,2999.29,2849.33,1620.83,
ANDHRA PRADESH,Ananthapuramu,502.0,PUTLUR,Over-exploited,110.62,2457.85,2334.94,2582.94,
ANDHRA PRADESH,Ananthapuramu,502.0,RAPTADU,Safe,56.78,3232.07,3070.47,1743.38,
ANDHRA PRADESH,Ananthapuramu,502.0,VIDAPANAKAL,Safe,26.19,5122.51,4866.4,1274.43,
ANDHRA PRADESH,CHITTOOR,503.0,YADAMARI,Safe,59.2,1514.19,46348.14,851.51,
ANDHRA PRADESH,CHITTOOR,503.0,NINDRA,Over-exploited,106.06,1929.85,17950.14,1944.42,
ANDHRA PRADESH,CHITTOOR,503.0,PENUMURU,Semi-critical,74.98,1741.94,34045.38,1240.83,
ANDHRA PRADESH,CHITTOOR,503.0,KUPPAM,Safe,64.77,2947.49,91986.6,1813.66,
ANDHRA PRADESH,CHITTOOR,503.0,SRIRANGARAJAPURAM,Safe,67.49,1944.64,30238.11,1246.88,
ANDHRA PRADESH,CHITTOOR,503.0,CHITTOOR_URBAN,Over-exploited,116.57,707.88,18761.94,783.92,
ANDHRA PRADESH,CHITTOOR,503.0,PALAMANER,Safe,52.5,1684.8,52742.82,840.22,
ANDHRA PRADESH,CHITTOOR,503.0,BAIREDDI PALLE,Safe,57.5,2441.37,65436.25,1333.69,
ANDHRA PRADESH,CHITTOOR,503.0,PEDDA PANJANI,Semi-critical,74.98,3194.69,84475.46,2275.51,
ANDHRA PRADESH,CHITTOOR,503.0,VENKATAGIRI KOTA,Semi-critical,76.66,3024.7,79385.65,2202.67,
ANDHRA PRADESH,CHITTOOR,503.0,GUDI PALLE,Safe,69.78,2353.55,42795.42,1560.26,
ANDHRA PRADESH,CHITTOOR,503.0,GANGAVARAM,Safe,65.51,2659.92,64229.98,1655.39,
ANDHRA PRADESH,CHITTOOR,503.0,BANGARUPALEM,Safe,47.44,4006.95,112898.82,1805.71,
ANDHRA PRADESH,CHITTOOR,503.0,VEDURU KUPPAM,Safe,61.34,2472.85,57939.09,1441.05,
ANDHRA PRADESH,CHITTOOR,503.0,CHITTOOR_RURAL,Safe,69.1,1466.02,41588.32,962.38,
ANDHRA PRADESH,CHITTOOR,503.0,PALASAMUDRAM,Safe,60.98,1151.74,19466.98,667.16,
ANDHRA PRADESH,CHITTOOR,503.0,VIJAYA PURAM,Safe,53.59,1952.36,29957.78,993.95,
ANDHRA PRADESH,CHITTOOR,503.0,PUTHALAPATTU,Critical,91.62,2085.1,55635.23,1814.9,
ANDHRA PRADESH,CHITTOOR,503.0,NAGARI,Safe,64.59,2083.63,17407.23,1278.56,
ANDHRA PRADESH,CHITTOOR,503.0,GANGADHARA NELLORE,Semi-critical,71.57,2594.72,64197.8,1764.2,
ANDHRA PRADESH,CHITTOOR,503.0,RAMA KUPPAM,Semi-critical,70.84,2200.96,56845.71,1481.27,
ANDHRA PRADESH,CHITTOOR,503.0,SANTHI PURAM,Safe,63.47,2131.27,68147.08,1285.17,
ANDHRA PRADESH,CHITTOOR,503.0,IRALA,Safe,52.62,1938.66,59621.72,969.13,
ANDHRA PRADESH,CHITTOOR,503.0,THAVANAMPALLE,Semi-critical,85.47,1483.02,56309.77,1204.17,
ANDHRA PRADESH,CHITTOOR,503.0,GUDIPALA,Safe,57.09,1634.5,39667.42,886.49,
ANDHRA PRADESH,CHITTOOR,503.0,KARVETINAGAR,Safe,57.28,2830.28,48190.56,1540.05,
ANDHRA PRADESH,CHITTOOR,503.0,PULICHERLA,Semi-critical,75.37,1818.51,42099.74,1302.03,
ANDHRA PRADESH,CHITTOOR,503.0,ROMPICHERLA,Safe,60.54,1518.46,46101.24,873.3,
ANDHRA PRADESH,East Godavari,505.0,CHAGALLU,Safe,55.38,3613.27,3432.61,1900.91,
ANDHRA PRADESH,East Godavari,505.0,RANGAMPETA,Safe,68.21,3342.06,3174.96,2165.53,
ANDHRA PRADESH,East Godavari,505.0,THALLAPUDI,Safe,20.15,5912.12,5616.53,1131.72,
ANDHRA PRADESH,East Godavari,505.0,KAPILESWARAPURAM,Safe,8.47,12626.16,11994.82,1016.52,
ANDHRA PRADESH,East Godavari,505.0,RAJANAGARAM,Safe,54.02,4751.38,4513.82,2438.54,
ANDHRA PRADESH,East Godavari,505.0,RAJAHMUNDRY (URBAN),Safe,52.88,267.75,254.36,134.5,
ANDHRA PRADESH,East Godavari,505.0,GOKAVARAM,Safe,17.08,6760.32,6422.3,1097.19,
ANDHRA PRADESH,East Godavari,505.0,SEETHANAGARAM,Safe,12.0,10421.37,9900.29,1188.17,
ANDHRA PRADESH,East Godavari,505.0,ANAPARTHI,Safe,8.27,8238.56,7826.65,647.36,
ANDHRA PRADESH,East Godavari,505.0,BICCAVOLU,Safe,9.51,10936.22,10389.43,988.46,
ANDHRA PRADESH,East Godavari,505.0,KADIAM,Safe,42.41,9778.81,9289.86,3940.0,
ANDHRA PRADESH,East Godavari,505.0,KORUKONDA,Safe,11.75,13896.79,13201.93,1551.49,
ANDHRA PRADESH,East Godavari,505.0,MANDAPETA,Safe,14.49,13971.29,13272.71,1922.89,
ANDHRA PRADESH,East Godavari,505.0,RAJAHMUNDRY RURAL,Safe,16.05,4715.25,4479.51,719.18,
ANDHRA PRADESH,East Godavari,505.0,RAYAVARAM,Safe,10.92,10509.61,9984.11,1090.09,
ANDHRA PRADESH,East Godavari,505.0,DEVARAPALLE,Safe,67.69,4237.77,4025.91,2725.09,
ANDHRA PRADESH,East Godavari,505.0,GOPALAPURAM,Safe,48.3,6363.47,6045.28,2919.71,
ANDHRA PRADESH,East Godavari,505.0,KOVVUR,Safe,55.43,5640.35,5358.33,2969.97,
ANDHRA PRADESH,East Godavari,505.0,NALLAJERLA,Semi-critical,70.98,4914.1,4668.4,3313.61,
ANDHRA PRADESH,East Godavari,505.0,NIDADAVOLE,Safe,28.17,9155.26,8697.49,2450.11,
ANDHRA PRADESH,East Godavari,505.0,PERAVALI,Safe,37.69,6113.48,5807.78,2189.01,
ANDHRA PRADESH,East Godavari,505.0,UNDRAJAVARAM,Safe,23.95,8823.67,8382.47,2007.27,
ANDHRA PRADESH,Guntur,506.0,PEDAKAKANI,Safe,8.12,3945.41,3748.12,234.93,Safe
ANDHRA PRADESH,Guntur,506.0,TADIKONDA,Safe,39.2,1359.23,1291.25,158.09,Safe
ANDHRA PRADESH,Guntur,506.0,THADEPALLE,Safe,41.18,2657.72,2524.84,1039.74,
ANDHRA PRADESH,Guntur,506.0,KAKUMANU,Safe,2.82,8018.67,7617.72,5.66,Safe
ANDHRA PRADESH,Guntur,506.0,PRATHIPADU,Safe,31.37,1079.35,1025.4,88.34,Safe
ANDHRA PRADESH,Guntur,506.0,MANGALAGIRI,Safe,40.83,3444.25,3272.04,1332.97,
ANDHRA PRADESH,Guntur,506.0,PONNUR,Safe,19.14,10282.09,9767.98,1429.42,Safe
ANDHRA PRADESH,Guntur,506.0,THULLUR,Safe,12.93,1710.81,1625.25,189.36,Safe
ANDHRA PRADESH,Guntur,506.0,TENALI,Safe,11.24,12661.65,12028.57,1351.47,
ANDHRA PRADESH,Guntur,506.0,CHEBROLE,Safe,13.27,5491.38,5216.8,692.21,
ANDHRA PRADESH,Guntur,506.0,MEDIKONDURU,Safe,14.58,1330.89,1264.33,120.57,Safe
ANDHRA PRADESH,Guntur,506.0,VATTICHERUKURU,Saline,-100000.0,3501.75,3326.67,0.0,Saline
ANDHRA PRADESH,Guntur,506.0,DUGGIRALA,Safe,19.97,7509.57,7134.07,1424.64,
ANDHRA PRADESH,Guntur,506.0,KOLLIPARA,Safe,33.39,5786.17,5496.85,1835.56,
ANDHRA PRADESH,Guntur,506.0,PEDANANDIPADU,Saline,-100000.0,1169.68,1111.2,4.96,Saline
ANDHRA PRADESH,Guntur,506.0,PHIRANGIPURAM,Safe,30.78,1491.89,1417.3,344.58,Safe
ANDHRA PRADESH,Guntur,506.0,GUNTUR EAST,Safe,13.91,866.27,822.96,107.05,Safe
ANDHRA PRADESH,Guntur,506.0,GUNTUR WEST,Safe,55.07,684.89,650.64,344.38,Safe
ANDHRA PRADESH,Krishna,510.0,GANNAVARAM,Safe,24.73,8152.84,100911.92,1915.03,
ANDHRA PRADESH,Krishna,510.0,UNGUTURU,Safe,41.24,9751.29,92688.2,3820.62,
ANDHRA PRADESH,Krishna,510.0,NAGAYALANKA,Saline,-100000.0,5965.22,259267.65,29.08,Saline
ANDHRA PRADESH,Krishna,510.0,MOVVA,Safe,35.71,10920.25,104143.74,3704.07,
ANDHRA PRADESH,Krishna,510.0,MOPIDEVI,Safe,32.14,8223.23,62347.04,2510.84,
ANDHRA PRADESH,Krishna,510.0,KANKIPADU,Safe,33.4,18754.01,55806.19,5950.55,
ANDHRA PRADESH,Krishna,510.0,GUDUR (KRISHNA),Saline,-100000.0,2185.26,87323.81,75.47,Saline
ANDHRA PRADESH,Krishna,510.0,GHANTASALA,Safe,40.55,8813.69,67818.53,3395.36,
ANDHRA PRADESH,Krishna,510.0,BANTUMILLI,Saline,-100000.0,1790.33,59117.52,60.48,Saline
ANDHRA PRADESH,Krishna,510.0,VUYYURU,Safe,37.67,11387.56,58417.6,4075.72,
ANDHRA PRADESH,Krishna,510.0,KRUTHIVENNU,Saline,-100000.0,2306.67,136788.28,31.37,Saline
ANDHRA PRADESH,Krishna,510.0,BAPULAPAD,Safe,43.85,8779.74,105874.22,3657.77,
ANDHRA PRADESH,Krishna,510.0,NANDIVADA,Saline,-100000.0,2733.62,96089.07,65.81,Saline
ANDHRA PRADESH,Krishna,510.0,PEDAPARUPUDI,Safe,33.2,11923.13,61799.65,3760.93,
ANDHRA PRADESH,Krishna,510.0,THOTLAVALLURU,Safe,40.12,6324.16,70197.94,2410.14,
ANDHRA PRADESH,Krishna,510.0,PENAMALURU,Safe,42.12,6927.1,30643.03,2771.93,
ANDHRA PRADESH,Krishna,510.0,CHALLAPALLE,Safe,26.78,8911.15,65651.11,2266.69,
ANDHRA PRADESH,Krishna,510.0,GUDLAVALLERU,Saline,-100000.0,2053.09,48081.28,166.22,Saline
ANDHRA PRADESH,Krishna,510.0,PAMIDIMUKKALA,Safe,58.49,11538.5,103577.61,6411.78,
ANDHRA PRADESH,Krishna,510.0,PEDANA,Saline,-100000.0,2082.74,99039.33,96.84,Saline
ANDHRA PRADESH,Krishna,510.0,AVANIGADA,Safe,20.75,5602.91,52497.56,1104.7,
ANDHRA PRADESH,Krishna,510.0,KODURU,Saline,-100000.0,3669.89,125526.88,36.54,Saline
ANDHRA PRADESH,Krishna,510.0,GUDIVADA,Safe,13.54,8233.46,83313.6,1058.8,
ANDHRA PRADESH,Krishna,510.0,MACHILIPATNAM_NORTH,Saline,-100000.0,2258.55,113235.99,61.57,Saline
ANDHRA PRADESH,Krishna,510.0,PAMARRU,Safe,15.23,15077.32,96337.99,2181.07,
ANDHRA PRADESH,Krishna,510.0,MACHILIPATNAM_SOUTH,Saline,-100000.0,4011.84,223019.46,43.65,Saline
ANDHRA PRADESH,Kurnool,511.0,YEMMIGANUR,Safe,55.97,3023.02,2871.87,1607.37,
ANDHRA PRADESH,Kurnool,511.0,ADONI_2,Safe,20.04,3263.03,3099.88,621.11,
ANDHRA PRADESH,Kurnool,511.0,VELDURTHI (KURNOOL),Safe,38.65,2029.18,1927.71,745.07,
ANDHRA PRADESH,Kurnool,511.0,ORVAKAL,Safe,62.16,1705.29,1620.04,1006.99,
ANDHRA PRADESH,Kurnool,511.0,PEDDA KADUBUR,Safe,26.87,4717.87,4481.98,1204.43,
ANDHRA PRADESH,Kurnool,511.0,KURNOOL RURAL,Safe,37.67,1921.22,1825.16,687.49,
ANDHRA PRADESH,Kurnool,511.0,MANTRALAYAM,Safe,43.53,1816.28,1725.5,751.13,
ANDHRA PRADESH,Kurnool,511.0,ADONI_1,Safe,58.38,1582.34,1503.2,877.55,
ANDHRA PRADESH,Kurnool,511.0,DEVANAKONDA,Safe,37.38,3165.01,3006.76,1124.02,
ANDHRA PRADESH,Kurnool,511.0,ALUR,Safe,32.62,1759.75,1671.78,545.26,
ANDHRA PRADESH,Kurnool,511.0,HALAHARVI,Safe,31.99,2113.38,2007.7,642.31,
ANDHRA PRADESH,Kurnool,511.0,HOLAGUNDA,Safe,20.01,4855.66,4612.87,923.13,
ANDHRA PRADESH,Kurnool,511.0,C BELAGAL,Safe,30.64,2782.66,2643.54,810.08,
ANDHRA PRADESH,Kurnool,511.0,KOSIGI,Safe,57.04,2569.07,2440.63,1392.07,
ANDHRA PRADESH,Kurnool,511.0,MADDIKERA EAST,Safe,34.98,1259.66,1196.67,418.59,
ANDHRA PRADESH,Kurnool,511.0,GUDUR (KURNOOL),Safe,47.84,961.56,913.47,436.97,
ANDHRA PRADESH,Kurnool,511.0,TUGGALI,Safe,31.22,2399.14,2279.2,711.58,
ANDHRA PRADESH,Kurnool,511.0,ASPARI,Safe,35.82,2491.22,2366.64,847.67,
ANDHRA PRADESH,Kurnool,511.0,PATTIKANDA,Safe,39.84,1794.04,1704.35,678.94,
ANDHRA PRADESH,Kurnool,511.0,KRISHNAGIRI,Safe,39.49,2789.65,2650.17,1046.49,
ANDHRA PRADESH,Kurnool,511.0,CHIPPAGIRI,Safe,26.97,1506.95,1431.61,386.12,
ANDHRA PRADESH,Kurnool,511.0,KOWTHALAM,Safe,28.57,4279.82,4065.83,1161.76,
ANDHRA PRADESH,Kurnool,511.0,KURNOOL URBAN,Safe,19.6,84.69,80.46,15.77,
ANDHRA PRADESH,Kurnool,511.0,KALLUR,Safe,39.27,2277.41,2163.55,849.62,
ANDHRA PRADESH,Kurnool,511.0,KODUMUR,Safe,47.11,2115.95,2010.13,947.07,
ANDHRA PRADESH,Kurnool,511.0,NANDAVARAM,Safe,42.17,2224.79,2113.56,891.26,
ANDHRA PRADESH,Kurnool,511.0,GONEGANDLA,Semi-critical,72.04,2233.85,2122.16,1528.85,
ANDHRA PRADESH,PRAKASAM,517.0,KORISAPADU,Safe,18.33,2213.94,53481.89,385.62,
ANDHRA PRADESH,PRAKASAM,517.0,KURICHEDU,Safe,31.81,2122.38,60327.6,641.4,
ANDHRA PRADESH,PRAKASAM,517.0,NAGULUPPALAPADU,Safe,11.45,3329.32,257896.26,335.11,Safe
ANDHRA PRADESH,PRAKASAM,517.0,VOLETIVARIPALEM,Safe,15.51,3089.79,41396.03,455.12,
ANDHRA PRADESH,PRAKASAM,517.0,LINGASAMUDRAM,Safe,13.29,2429.22,24972.81,306.59,
ANDHRA PRADESH,PRAKASAM,517.0,BALLIKURUVA,Safe,23.4,3318.44,68609.23,737.8,
ANDHRA PRADESH,PRAKASAM,517.0,JANAKAVARAMPANGULU,Safe,18.62,1787.7,36070.88,277.04,Safe
ANDHRA PRADESH,PRAKASAM,517.0,ONGOLE_URBAN,Safe,15.66,1837.63,73136.22,132.82,Safe
ANDHRA PRADESH,PRAKASAM,517.0,SINGARAYAKONDA,Safe,14.19,2050.91,91868.12,276.42,
ANDHRA PRADESH,PRAKASAM,517.0,ZARUGUMILLI,Safe,26.28,1918.89,48672.67,479.07,
ANDHRA PRADESH,PRAKASAM,517.0,GUDLURU,Safe,16.28,4149.52,34845.96,641.71,
ANDHRA PRADESH,PRAKASAM,517.0,SANTHANUTHLAPADU,Safe,58.38,2569.26,39004.34,1774.99,Over-exploited
ANDHRA PRADESH,PRAKASAM,517.0,MUNDLAMURU,Safe,54.07,2814.5,108682.11,1445.56,none
ANDHRA PRADESH,PRAKASAM,517.0,ADDANKI,Safe,23.25,3525.56,78552.89,778.71,
ANDHRA PRADESH,PRAKASAM,517.0,PONNALURU,Safe,17.06,3085.42,91459.43,499.96,
ANDHRA PRADESH,PRAKASAM,517.0,CHIMAKURTHI,Safe,66.43,3051.93,69134.35,1926.04,
ANDHRA PRADESH,PRAKASAM,517.0,KOTHAPATNAM,Safe,29.01,3619.74,52253.13,909.42,Safe
ANDHRA PRADESH,PRAKASAM,517.0,THALLUR,Safe,57.63,2620.98,73020.65,1435.04,
ANDHRA PRADESH,PRAKASAM,517.0,TANGUTUR,Safe,21.3,2892.8,106628.29,446.02,Safe
ANDHRA PRADESH,PRAKASAM,517.0,DONAKONDA,Safe,53.19,2816.31,278932.49,1423.0,
ANDHRA PRADESH,PRAKASAM,517.0,KONDAPI,Safe,22.52,2094.64,48948.54,448.13,
ANDHRA PRADESH,PRAKASAM,517.0,ULAVAPADU,Safe,24.04,4274.97,27346.96,976.51,
ANDHRA PRADESH,PRAKASAM,517.0,KANDUKUR,Safe,20.47,3073.66,32619.45,597.74,
ANDHRA PRADESH,PRAKASAM,517.0,MARRIPUDI,Safe,34.19,4726.12,140979.34,1535.03,
ANDHRA PRADESH,PRAKASAM,517.0,DARSI,Safe,38.78,3532.38,75384.62,1291.49,Safe
ANDHRA PRADESH,PRAKASAM,517.0,MADDIPADU,Safe,42.2,1921.16,73668.08,770.35,Safe
ANDHRA PRADESH,PRAKASAM,517.0,ONGOLE_RURAL,Safe,8.91,1791.45,73598.51,153.59,Safe
ANDHRA PRADESH,PRAKASAM,517.0,SANTHAMAGULURU,Safe,32.81,1333.67,72282.78,415.65,
ANDHRA PRADESH,Visakhapatnam,520.0,GOPALAPATNAM,Safe,49.64,409.3,73794.99,193.02,
ANDHRA PRADESH,Visakhapatnam,520.0,BHEEMUNIPATNAM,Safe,54.62,2754.68,140429.13,1429.44,
ANDHRA PRADESH,Visakhapatnam,520.0,MULAGADA,Safe,17.97,652.21,120076.6,111.32,
ANDHRA PRADESH,Visakhapatnam,520.0,PEDDAGANTYADA,Safe,32.5,283.24,20004.36,87.46,
ANDHRA PRADESH,Visakhapatnam,520.0,VISAKHAPATNAM RURAL,Safe,47.87,460.07,44442.27,209.22,
ANDHRA PRADESH,Visakhapatnam,520.0,GAJUWAKA,Semi-critical,89.39,546.75,102986.11,464.3,
ANDHRA PRADESH,Visakhapatnam,520.0,ANANDAPURAM,Safe,36.32,3016.53,50760.23,1040.71,
ANDHRA PRADESH,Visakhapatnam,520.0,MAHARANIPETA,Safe,51.34,1485.45,151048.09,724.49,
ANDHRA PRADESH,Visakhapatnam,520.0,PENDURTHI,Safe,56.08,518.19,5855.99,276.08,
ANDHRA PRADESH,Visakhapatnam,520.0,PADMANABHAM,Safe,41.7,3007.12,36192.98,1191.38,
ANDHRA PRADESH,Visakhapatnam,520.0,SEETHAMMADHARA,Safe,66.4,165.24,14549.2,104.23,
ANDHRA PRADESH,Anakapalli,744.0,NATHAVARAM,Safe,11.44,5949.34,55785.91,646.46,
ANDHRA PRADESH,Anakapalli,744.0,DEVARAPALLE (ANAKAPALLI),Safe,26.92,3879.29,129323.7,992.08,
ANDHRA PRADESH,Anakapalli,744.0,CHODAVARAM,Safe,43.44,4202.19,49810.75,1734.07,
ANDHRA PRADESH,Anakapalli,744.0,YELAMANCHILI (ANAKAPALLI),Safe,30.65,2997.99,43270.66,872.85,
ANDHRA PRADESH,Anakapalli,744.0,PARAVADA,Safe,40.17,1633.97,26235.14,623.51,
ANDHRA PRADESH,Anakapalli,744.0,GOLUGONDA,Safe,25.11,2203.53,27482.36,525.72,
ANDHRA PRADESH,Anakapalli,744.0,NARSIPATNAM,Safe,20.16,2443.27,32717.57,467.91,
ANDHRA PRADESH,Anakapalli,744.0,MAKAVARAPALEM,Safe,45.25,1787.0,41286.52,768.17,
ANDHRA PRADESH,Anakapalli,744.0,ROLUGUNTA,Safe,24.51,2816.0,34283.56,655.58,
ANDHRA PRADESH,Anakapalli,744.0,RAMBILLI,Safe,17.8,3012.76,39587.0,509.4,
ANDHRA PRADESH,Anakapalli,744.0,RAVIKAMATHAM,Safe,16.71,4315.55,48241.77,684.94,
ANDHRA PRADESH,Anakapalli,744.0,K KOTAPADU,Safe,21.05,3827.8,68800.93,765.36,
ANDHRA PRADESH,Anakapalli,744.0,ANAKAPALLE,Safe,35.36,4027.79,64031.64,1353.06,
ANDHRA PRADESH,Anakapalli,744.0,ATCHUTAPURAM,Safe,45.98,2164.44,28228.2,945.5,
ANDHRA PRADESH,Anakapalli,744.0,BUTCHAYYAPETA,Safe,39.78,3580.14,52464.85,1352.81,
ANDHRA PRADESH,Anakapalli,744.0,CHEEDIKADA,Safe,23.46,3477.04,35715.92,774.97,
ANDHRA PRADESH,Anakapalli,744.0,KASIMKOTA,Safe,48.64,3565.78,179043.49,1647.7,
ANDHRA PRADESH,Anakapalli,744.0,KOTAURATLA,Safe,38.36,3016.25,40490.26,1099.13,
ANDHRA PRADESH,Anakapalli,744.0,MADUGULA,Safe,38.19,5348.89,53539.03,1940.4,
ANDHRA PRADESH,Anakapalli,744.0,MUNAGAPAKA,Safe,51.38,2403.96,29265.28,1173.51,
ANDHRA PRADESH,Anakapalli,744.0,NAKKAPALLE,Safe,23.47,3925.56,56882.98,875.31,
ANDHRA PRADESH,Anakapalli,744.0,PAYAKARAOPETA,Safe,31.98,3801.62,61047.37,1155.0,
ANDHRA PRADESH,Anakapalli,744.0,S RAYAVARAM,Safe,31.43,4012.08,77288.85,1197.77,
ANDHRA PRADESH,Anakapalli,744.0,SABBAVARAM,Safe,31.42,3259.31,47218.87,972.74,
ANDHRA PRADESH,Annamayya,753.0,GALIVEEDU,Safe,21.2,3761.57,3573.5,757.64,
ANDHRA PRADESH,Annamayya,753.0,PEDDAMANDYAM,Safe,46.64,1959.53,1861.55,868.18,
ANDHRA PRADESH,Annamayya,753.0,RAMASAMUDRAM,Safe,47.36,2650.91,2518.33,1192.69,
ANDHRA PRADESH,Annamayya,753.0,SODAM,Safe,37.59,4347.06,114712.09,1552.21,
ANDHRA PRADESH,Annamayya,753.0,GURRAMKONDA,Safe,24.25,4123.02,3916.85,949.71,
ANDHRA PRADESH,Annamayya,753.0,THAMBALLAPALLE,Safe,33.3,2732.04,2595.43,864.15,
ANDHRA PRADESH,Annamayya,753.0,PEDDATHIPPASAMUDRA,Safe,46.29,3643.37,3461.18,1602.29,
ANDHRA PRADESH,Annamayya,753.0,LAKKIREDDIPALLE,Safe,42.72,3144.16,2986.96,1275.94,
ANDHRA PRADESH,Annamayya,753.0,CHOWDEPALLE,Critical,97.22,3366.64,137897.48,3109.52,
ANDHRA PRADESH,Annamayya,753.0,KALIKIRI,Safe,26.3,3766.24,3577.91,940.98,
ANDHRA PRADESH,Annamayya,753.0,KURABALAKOTA,Safe,48.07,2106.4,2001.09,961.87,
ANDHRA PRADESH,Annamayya,753.0,MULAKALACHERUVU,Safe,53.63,1808.9,1718.42,921.53,
ANDHRA PRADESH,Annamayya,753.0,B KOTHAKOTA,Safe,64.9,1946.25,1848.93,1199.92,
ANDHRA PRADESH,Annamayya,753.0,KALAKADA,Safe,37.13,3323.4,3157.22,1172.21,
ANDHRA PRADESH,Annamayya,753.0,KAMBHAMVARIPALLE,Safe,55.67,4589.34,4359.84,2427.27,
ANDHRA PRADESH,Annamayya,753.0,MANDAPALLE,Safe,46.08,3939.69,3742.66,1724.69,
ANDHRA PRADESH,Annamayya,753.0,NIMMANAPALLE,Safe,43.71,2641.35,2509.27,1096.87,
ANDHRA PRADESH,Annamayya,753.0,PILERU,Safe,54.97,3680.84,3496.8,1922.13,
ANDHRA PRADESH,Annamayya,753.0,PUNGANUR,Safe,60.57,3511.46,157016.02,2020.68,
ANDHRA PRADESH,Annamayya,753.0,SOMALA,Safe,46.68,3533.8,192006.33,1567.07,
ANDHRA PRADESH,Annamayya,753.0,VALMIKIPURAM,Safe,29.41,3871.7,3678.13,1081.58,
ANDHRA PRADESH,Annamayya,753.0,CHINNAMANDEM,Safe,50.13,2519.82,2393.83,1200.05,
ANDHRA PRADESH,Annamayya,753.0,RAMAPURAM,Safe,42.2,2055.76,1952.97,824.09,
ANDHRA PRADESH,Annamayya,753.0,ROYACHOTI,Safe,31.0,2799.75,2659.73,824.5,
ANDHRA PRADESH,Annamayya,753.0,SAMBEPALLE,Safe,28.33,3132.9,2976.26,843.08,
ANDHRA PRADESH,NTR,749.0,REDDIGUDEM,Safe,38.5,6470.54,6147.01,2366.78,
ANDHRA PRADESH,NTR,749.0,NANDIGAMA,Safe,39.51,3712.65,3527.0,1393.67,
ANDHRA PRADESH,NTR,749.0,MYLAVARAM (KRISHNA),Safe,56.11,3983.35,3784.18,2123.15,
ANDHRA PRADESH,NTR,749.0,VATSAVAI,Safe,30.46,4015.39,3814.62,1161.91,
ANDHRA PRADESH,NTR,749.0,VISSANNAPET,Safe,53.97,4401.78,4181.69,2256.75,
ANDHRA PRADESH,NTR,749.0,KANCHIKA CHERLA,Safe,22.81,2191.96,2082.35,474.9,
ANDHRA PRADESH,NTR,749.0,VIJAYAWADA NORTH,Safe,15.83,1975.81,1877.02,297.16,
ANDHRA PRADESH,NTR,749.0,CHANDARLAPADU,Safe,25.65,3381.9,3212.83,823.99,
ANDHRA PRADESH,NTR,749.0,IBRAHIMPATNAM,Safe,21.34,3965.34,3767.06,803.87,
ANDHRA PRADESH,NTR,749.0,VIJAYAWADA WEST,Safe,68.62,182.57,173.45,119.02,
ANDHRA PRADESH,NTR,749.0,VIJAYAWADA RURAL,Safe,10.32,9109.03,8653.59,893.02,
ANDHRA PRADESH,NTR,749.0,VIJAYAWADA EAST,Safe,33.26,1117.63,1061.75,353.18,
ANDHRA PRADESH,NTR,749.0,TIRUVURU,Safe,54.98,6450.34,6127.82,3368.87,
ANDHRA PRADESH,NTR,749.0,G KONDURU,Safe,37.23,4415.46,4194.65,1561.57,
ANDHRA PRADESH,NTR,749.0,VEERULLAPADU,Safe,37.74,2534.15,2407.41,908.48,
ANDHRA PRADESH,NTR,749.0,PENUGANCHIPROLU,Safe,41.92,4464.93,4241.67,1778.03,
ANDHRA PRADESH,NTR,749.0,A KONDURU,Safe,58.25,4157.3,3949.42,2300.55,
ANDHRA PRADESH,NTR,749.0,GAMPALAGUDEM,Safe,32.88,5973.54,5674.85,1865.93,
ANDHRA PRADESH,NTR,749.0,JAGGAYYAPETA,Safe,20.84,7325.71,6959.43,1450.12,
ANDHRA PRADESH,NTR,749.0,VIJAYAWADA CENTRAL,Safe,18.32,3535.09,3358.33,615.25,
ANDHRA PRADESH,Parvathipuram Manyam,743.0,MAKKUVA,Safe,32.6,7212.03,6851.44,2233.78,
ANDHRA PRADESH,Parvathipuram Manyam,743.0,VEERAGHATTAM,Safe,31.0,4050.82,3848.26,1192.86,
ANDHRA PRADESH,Parvathipuram Manyam,743.0,BHAMINI,Safe,24.89,4120.93,3914.86,974.51,
ANDHRA PRADESH,Parvathipuram Manyam,743.0,PARVATHIPURAM,Safe,24.1,7806.18,7415.89,1787.57,
ANDHRA PRADESH,Parvathipuram Manyam,743.0,GARUGUBILLI,Safe,34.65,4664.93,4431.68,1535.65,
ANDHRA PRADESH,Parvathipuram Manyam,743.0,JIYYAMMA VALASA,Safe,30.33,5552.01,5274.42,1599.62,
ANDHRA PRADESH,Parvathipuram Manyam,743.0,SALUR,Safe,56.16,5962.32,5664.2,3181.15,
ANDHRA PRADESH,Parvathipuram Manyam,743.0,BALIJIPETA,Safe,16.28,14267.66,13554.26,2206.88,
ANDHRA PRADESH,Parvathipuram Manyam,743.0,KURUPAM,Safe,11.55,6027.32,5725.96,661.55,
ANDHRA PRADESH,Parvathipuram Manyam,743.0,KOMARADA,Safe,53.11,6555.22,6227.38,3307.24,
ANDHRA PRADESH,Parvathipuram Manyam,743.0,GUMMALAKSHMIPURAM,Safe,5.7,3329.31,3162.78,180.31,
ANDHRA PRADESH,Parvathipuram Manyam,743.0,PACHIPENTA,Safe,52.93,3960.48,3762.44,1991.55,
ANDHRA PRADESH,Parvathipuram Manyam,743.0,SEETHANAGARAM (MANYAM),Safe,12.1,15146.57,14389.24,1741.64,
ANDHRA PRADESH,Parvathipuram Manyam,743.0,PALAKONDA,Safe,20.4,3999.6,3799.66,775.18,
ANDHRA PRADESH,Parvathipuram Manyam,743.0,SEETHAMPETA,Safe,13.37,3981.96,3782.84,505.58,
ANDHRA PRADESH,TIRUPATHI,752.0,CHANDRAGIRI,Safe,34.92,5362.52,244614.26,1778.73,
ANDHRA PRADESH,TIRUPATHI,752.0,PICHATUR,Safe,54.39,3216.6,80872.12,1662.01,
ANDHRA PRADESH,TIRUPATHI,752.0,BUCHINAIDU KHANDRI,Safe,18.95,7211.09,140801.45,1297.98,
ANDHRA PRADESH,TIRUPATHI,752.0,OBULAVARIPALLE,Safe,45.9,1847.2,1754.83,805.51,
ANDHRA PRADESH,TIRUPATHI,752.0,OJILI,Safe,30.66,5476.51,79483.53,1595.02,
ANDHRA PRADESH,TIRUPATHI,752.0,SULLURPETA,Safe,13.71,12509.08,269726.09,1620.36,Safe
ANDHRA PRADESH,TIRUPATHI,752.0,VARADAIAHPALEM,Safe,23.74,6044.92,135391.14,1363.49,
ANDHRA PRADESH,TIRUPATHI,752.0,SRIKALAHASTI,Safe,46.86,8000.74,180741.97,3562.02,
ANDHRA PRADESH,TIRUPATHI,752.0,PUTTUR,Safe,63.64,2833.11,99160.55,1712.89,
ANDHRA PRADESH,TIRUPATHI,752.0,CHINNAGOTTIGALLU,Safe,59.45,3062.44,87931.64,1729.47,
ANDHRA PRADESH,TIRUPATHI,752.0,TIRUPATI,Semi-critical,77.67,1753.44,62292.19,1293.88,
ANDHRA PRADESH,TIRUPATHI,752.0,PULLAMPETA,Safe,60.42,1385.96,1316.63,795.48,
ANDHRA PRADESH,TIRUPATHI,752.0,RAMACHANDRAPURAM-17,Safe,60.83,2291.58,67871.36,1324.25,
ANDHRA PRADESH,TIRUPATHI,752.0,PELLAKUR,Safe,32.32,6719.97,41005.53,2063.08,
ANDHRA PRADESH,TIRUPATHI,752.0,CHITVEL,Safe,44.65,1608.92,1528.51,682.55,
ANDHRA PRADESH,TIRUPATHI,752.0,TIRUPATI URBAN,Over-exploited,110.43,1063.17,53659.36,1115.4,
ANDHRA PRADESH,TIRUPATHI,752.0,RENIGUNTA,Safe,56.46,2542.63,77021.28,1363.88,
ANDHRA PRADESH,TIRUPATHI,752.0,VENKATAGIRI,Safe,35.14,5489.42,82142.9,1832.32,
ANDHRA PRADESH,TIRUPATHI,752.0,K V B PURAM,Safe,44.37,6375.29,203095.77,2687.05,
ANDHRA PRADESH,TIRUPATHI,752.0,SATYAVEDU,Safe,40.14,3369.32,144549.91,1284.81,
ANDHRA PRADESH,TIRUPATHI,752.0,PAKALA,Semi-critical,75.87,3077.81,96683.35,2218.33,
ANDHRA PRADESH,TIRUPATHI,752.0,TADA,Safe,13.39,16486.26,167634.0,940.33,Safe
ANDHRA PRADESH,TIRUPATHI,752.0,NAGALAPURAM,Safe,59.61,2844.48,110998.33,1610.77,
ANDHRA PRADESH,TIRUPATHI,752.0,DORAVARISATRAM,Safe,19.96,8342.58,90900.22,1580.1,Safe
ANDHRA PRADESH,TIRUPATHI,752.0,KODUR,Safe,48.09,1605.14,1524.87,733.24,
ANDHRA PRADESH,TIRUPATHI,752.0,NARAYANAVANAM,Safe,62.39,2224.47,61488.98,1318.36,
ANDHRA PRADESH,TIRUPATHI,752.0,VAKADU,Safe,24.64,7743.57,122488.14,1812.46,
ANDHRA PRADESH,TIRUPATHI,752.0,YARRAVARIPALEM,Safe,39.59,4562.95,85712.84,1716.21,
ANDHRA PRADESH,TIRUPATHI,752.0,YERPEDU,Safe,49.69,7326.39,144766.68,3458.58,
ANDHRA PRADESH,TIRUPATHI,752.0,THOTTAMBEDU,Safe,35.53,7057.1,114618.35,2382.32,
ANDHRA PRADESH,TIRUPATHI,752.0,VADAMALAPETA,Safe,56.12,3177.78,95380.21,1694.32,
ANDHRA PRADESH,TIRUPATHI,752.0,PENAGALURU,Safe,39.0,2187.23,2077.89,810.28,
ANDHRA PRADESH,TIRUPATHI,752.0,BALAYAPALLE,Safe,25.47,7538.4,86420.04,1824.16,
ANDHRA PRADESH,TIRUPATHI,752.0,CHITTAMUR,Safe,24.4,10275.02,156514.78,2375.91,Safe
ANDHRA PRADESH,TIRUPATHI,752.0,DAKKILI,Safe,36.26,7440.46,101680.55,2563.31,
ANDHRA PRADESH,TIRUPATHI,752.0,NAIDUPETA,Safe,40.08,5839.31,78553.99,2223.49,
KARNATAKA,Yadgir,635.0,Shahapur,Safe,26.43,10461.14,9415.02,2488.54,
KARNATAKA,Yadgir,635.0,Shorapur,Safe,19.9,11523.82,10371.44,2063.4,
KARNATAKA,Yadgir,635.0,Yadgir,Semi-critical,80.1,10983.52,9885.18,7917.72,
KARNATAKA,Yadgir,635.0,Gurumithakala,Semi-critical,77.77,6655.64,5990.08,4658.56,
KARNATAKA,Yadgir,635.0,Hunisigi,Safe,23.92,10463.07,9416.76,2252.18,
KARNATAKA,Yadgir,635.0,Vadagera,Safe,16.24,9725.85,8753.27,1421.29,
KARNATAKA,Udupi,549.0,Hebri,Safe,54.44,4992.15,4492.93,2446.0,
KARNATAKA,Udupi,549.0,Karkala,Safe,28.74,10889.79,9800.81,2817.1,
KARNATAKA,Udupi,549.0,Kundapur,Safe,23.72,15037.34,13533.6,3210.46,
KARNATAKA,Udupi,549.0,Udupi,Safe,34.01,5455.25,4909.72,1669.94,
KARNATAKA,Udupi,549.0,Bramhavara,Safe,40.53,8482.08,7633.87,3093.8,
KARNATAKA,Udupi,549.0,Bynduru,Safe,34.85,6263.11,5636.8,1964.7,
KARNATAKA,Udupi,549.0,Kapu,Safe,32.39,3735.1,3361.59,1088.94,
KARNATAKA,Uttara Kannada,550.0,Ankola,Safe,57.89,6789.81,6110.83,3537.33,
KARNATAKA,Uttara Kannada,550.0,Bhatkal,Safe,33.47,3198.57,2878.71,963.37,
KARNATAKA,Uttara Kannada,550.0,Haliyal,Safe,54.87,6179.14,5561.22,3051.56,
KARNATAKA,Uttara Kannada,550.0,Honnavar,Safe,36.27,6206.54,5585.88,2025.72,
KARNATAKA,Uttara Kannada,550.0,Karwar,Safe,58.55,6980.22,6282.2,3678.11,
KARNATAKA,Uttara Kannada,550.0,Kumta,Safe,20.66,5673.96,5106.57,1055.07,
KARNATAKA,Uttara Kannada,550.0,Mundgod,Safe,31.32,6279.46,5965.49,1868.5,
KARNATAKA,Uttara Kannada,550.0,Siddapur,Safe,25.45,9369.29,8432.36,2145.97,
KARNATAKA,Uttara Kannada,550.0,Sirsi,Safe,26.68,13677.86,12310.08,3284.71,
KARNATAKA,Uttara Kannada,550.0,Joida,Safe,15.77,11741.54,10567.39,1666.3,
KARNATAKA,Uttara Kannada,550.0,Yellapur,Safe,23.04,14703.69,13233.32,3049.47,
KARNATAKA,Uttara Kannada,550.0,Dandelli,Safe,11.23,2414.69,2293.96,257.54,
KARNATAKA,Bengaluru (Rural),526.0,Devanahalli,Over-exploited,168.18,3342.41,3008.16,5059.03,
KARNATAKA,Bengaluru (Rural),526.0,Doddaballapura,Over-exploited,153.59,5499.75,4949.77,7602.31,
KARNATAKA,Bengaluru (Rural),526.0,Hoskote,Over-exploited,166.28,5062.6,4556.34,7576.46,
KARNATAKA,Bengaluru (Rural),526.0,Nelamangala,Over-exploited,109.84,4847.34,4362.6,4792.08,
KARNATAKA,Chamarajanagara,531.0,Gundlupet,Over-exploited,107.18,7137.8,6776.32,7263.16,
KARNATAKA,Chamarajanagara,531.0,Chamarajanagara,Critical,94.19,12754.16,11478.75,10812.37,
KARNATAKA,Chamarajanagara,531.0,Yalandur,Semi-critical,76.5,4434.48,3991.03,3053.12,
KARNATAKA,Chamarajanagara,531.0,Kollegala,Semi-critical,80.42,7292.37,6563.12,5277.76,
KARNATAKA,Chamarajanagara,531.0,Hanuru,Semi-critical,84.38,8326.9,7494.2,6323.64,
KARNATAKA,Koppal,543.0,Gangavathi,Safe,37.67,8910.85,8019.76,3020.84,
KARNATAKA,Koppal,543.0,koppal,Safe,69.51,15183.41,13665.07,9497.97,
KARNATAKA,Koppal,543.0,Kushtagi,Semi-critical,81.85,10392.56,9353.31,7655.83,
KARNATAKA,Koppal,543.0,Yelburga,Critical,92.4,6105.26,5494.73,5077.09,
KARNATAKA,Koppal,543.0,Kanakagiri,Semi-critical,85.01,5705.36,5134.83,4365.08,
KARNATAKA,Koppal,543.0,Karatagi,Safe,10.14,16385.4,14750.67,1495.78,
KARNATAKA,Koppal,543.0,Kukanuru,Critical,96.95,6849.72,6164.75,5976.51,
KARNATAKA,Gadag,537.0,Rona,Semi-critical,82.38,4526.26,4299.95,3542.34,
KARNATAKA,Gadag,537.0,Gadag,Semi-critical,87.45,8102.8,7506.65,6564.75,
KARNATAKA,Gadag,537.0,Mundargi,Semi-critical,74.06,10637.29,9573.56,7090.47,
KARNATAKA,Gadag,537.0,Naragund,Safe,30.45,4307.95,4092.55,1246.04,
KARNATAKA,Gadag,537.0,Shirahatti,Semi-critical,73.03,3244.75,2920.27,2132.63,
KARNATAKA,Gadag,537.0,Laxmeshwar,Semi-critical,77.78,2587.59,2328.83,1811.3,
KARNATAKA,Gadag,537.0,Gajendragad,Over-exploited,124.32,2442.3,2201.05,2736.4,
KARNATAKA,Bagalkot,524.0,Terdal,Semi-critical,83.5,4585.49,4126.94,3445.92,
KARNATAKA,Bagalkot,524.0,Badami,Critical,90.19,6337.41,5703.67,5144.11,
KARNATAKA,Bagalkot,524.0,Bagalkote,Over-exploited,114.44,9575.05,8617.53,9861.85,
KARNATAKA,Bagalkot,524.0,Bilagi,Safe,55.52,5992.46,5393.21,2994.26,
KARNATAKA,Bagalkot,524.0,Hungund,Semi-critical,83.42,6841.44,6157.3,5136.57,
KARNATAKA,Bagalkot,524.0,Jamakhandi,Safe,34.18,10033.91,9030.52,3086.69,
KARNATAKA,Bagalkot,524.0,Mudhol,Semi-critical,82.52,9348.18,8413.35,6942.62,
KARNATAKA,Bagalkot,524.0,Guledagudda,Critical,97.89,2712.79,2441.51,2389.89,
KARNATAKA,Bagalkot,524.0,Ilkal,Semi-critical,75.21,5041.07,4536.96,3412.29,
KARNATAKA,Bagalkot,524.0,Rabakavi Banahatti,Safe,57.71,6631.72,5968.54,3444.66,
KARNATAKA,Hassan,539.0,Sakleshpura,Safe,14.77,6146.3,5531.68,816.95,
KARNATAKA,Hassan,539.0,Belur,Safe,40.41,12183.54,10965.18,4431.25,
KARNATAKA,Hassan,539.0,Arsikere,Over-exploited,139.5,11107.42,9996.67,13945.04,
KARNATAKA,Hassan,539.0,Hassan,Safe,54.22,14539.5,13085.55,7094.85,
KARNATAKA,Hassan,539.0,Alur,Safe,33.82,5585.41,5026.87,1699.86,
KARNATAKA,Hassan,539.0,Arkalgud,Safe,33.03,26193.95,23574.56,7787.6,
KARNATAKA,Hassan,539.0,Channarayapatna,Semi-critical,76.48,24293.99,21864.59,16721.25,
KARNATAKA,Hassan,539.0,Holenarasipura,Safe,29.91,16933.2,15239.88,4558.3,
KARNATAKA,Chikkamagaluru,532.0,Kalasa,Safe,11.65,1148.95,1034.05,120.42,
KARNATAKA,Chikkamagaluru,532.0,Sringeri,Safe,18.05,4814.16,4332.74,781.89,
KARNATAKA,Chikkamagaluru,532.0,Koppa,Safe,17.18,8021.78,7219.6,1240.05,
KARNATAKA,Chikkamagaluru,532.0,Narasimharajapura,Safe,19.05,7136.32,6422.69,1223.41,
KARNATAKA,Chikkamagaluru,532.0,Tarikere,Safe,67.62,11187.05,10421.92,7047.69,
KARNATAKA,Chikkamagaluru,532.0,Kadur,Critical,97.72,11587.33,10428.6,10190.34,
KARNATAKA,Chikkamagaluru,532.0,Chikmagalur,Safe,65.79,9813.74,9323.05,6133.5,
KARNATAKA,Chikkamagaluru,532.0,Mudigere,Safe,16.58,9154.96,8239.46,1365.8,
KARNATAKA,Chikkamagaluru,532.0,Ajjampura,Over-exploited,120.56,5654.8,5089.32,6135.92,
KARNATAKA,Davanagere,535.0,Channagiri,Over-exploited,113.48,17069.21,15362.28,17433.65,
KARNATAKA,Davanagere,535.0,Davanagere,Semi-critical,73.02,16903.66,15213.3,11109.17,
KARNATAKA,Davanagere,535.0,Harihar,Safe,59.2,18973.08,17075.77,10109.47,
KARNATAKA,Davanagere,535.0,Honnali,Semi-critical,74.86,7909.53,7118.58,5328.95,
KARNATAKA,Davanagere,535.0,Jagaluru,Over-exploited,125.05,5498.65,4948.78,6188.66,
KARNATAKA,Davanagere,535.0,Nyamati,Safe,65.1,7403.55,6663.2,4338.04,
KARNATAKA,Vijayanagara,738.0,Hadagali,Semi-critical,80.38,8335.34,7501.8,6030.06,
KARNATAKA,Vijayanagara,738.0,Hagaribommanahalli,Over-exploited,107.32,6853.99,6168.59,6620.05,
KARNATAKA,Vijayanagara,738.0,Hosapete,Safe,68.65,5335.43,4957.73,3403.58,
KARNATAKA,Vijayanagara,738.0,Kudligi,Safe,55.61,7509.65,6758.69,3758.77,
KARNATAKA,Vijayanagara,738.0,Harapanahalli,Critical,96.33,10999.95,9899.95,9536.87,
KARNATAKA,Vijayanagara,738.0,Kotturu,Over-exploited,136.28,2533.89,2280.5,3107.86,
KARNATAKA,Bengaluru South,631.0,Kanakpura,Semi-critical,89.24,15185.86,13667.28,12196.56,
KARNATAKA,Bengaluru South,631.0,Harohalli,Over-exploited,113.01,8218.99,7397.09,8359.34,
KARNATAKA,Bengaluru South,631.0,Channapatna,Safe,64.02,10080.3,9137.0,5849.37,
KARNATAKA,Bengaluru South,631.0,Magadi,Critical,98.54,7442.83,6698.55,6600.65,
KARNATAKA,Bengaluru South,631.0,Ramanagar,Critical,90.69,10246.37,9221.74,8362.92,
KARNATAKA,Chitradurga,533.0,Challakere,Over-exploited,109.67,10273.05,9245.75,10140.05,
KARNATAKA,Chitradurga,533.0,Chitradurga,Over-exploited,116.95,7530.19,6777.17,7926.08,
KARNATAKA,Chitradurga,533.0,Hiriyur,Over-exploited,110.31,12111.85,10900.66,12024.28,
KARNATAKA,Chitradurga,533.0,Holalkere,Over-exploited,150.66,8297.32,7467.59,11250.98,
KARNATAKA,Chitradurga,533.0,Hosadurga,Over-exploited,122.04,9219.51,8297.55,10126.67,
KARNATAKA,Chitradurga,533.0,Molakalmuru,Safe,59.64,3716.03,3344.43,1994.55,
KARNATAKA,Vijayapura,530.0,Alamela,Safe,41.28,6509.34,6183.82,2552.9,
KARNATAKA,Vijayapura,530.0,Basavan Bagewadi,Safe,50.21,7115.05,6403.54,3215.46,
KARNATAKA,Vijayapura,530.0,Indi,Safe,61.04,20233.65,18210.3,11115.68,
KARNATAKA,Vijayapura,530.0,Muddebihal,Safe,35.8,7792.51,7013.26,2510.76,
KARNATAKA,Vijayapura,530.0,Sindagi,Safe,26.97,10123.64,9111.28,2456.9,
KARNATAKA,Vijayapura,530.0,Bijapur,Safe,49.12,8094.85,7285.37,3578.9,
KARNATAKA,Vijayapura,530.0,Babaleshwara,Safe,25.74,8657.32,7791.58,2005.52,
KARNATAKA,Vijayapura,530.0,Chadachana,Semi-critical,81.63,6391.02,5826.14,4756.12,
KARNATAKA,Vijayapura,530.0,Devara Hipparagi,Safe,22.19,8279.67,7451.7,1653.77,
KARNATAKA,Vijayapura,530.0,Kolhara,Safe,41.14,5257.02,4731.32,1946.35,
KARNATAKA,Vijayapura,530.0,Nidagundi,Semi-critical,78.84,4246.51,3821.85,3013.16,
KARNATAKA,Vijayapura,530.0,Talikote,Safe,35.43,5914.45,5322.99,1886.12,
KARNATAKA,Vijayapura,530.0,Tikota,Safe,51.16,9278.69,8350.83,4271.97,
KARNATAKA,Bengaluru (Urban),525.0,Yelahanka,Over-exploited,251.48,2721.12,2449.0,6158.7,
KARNATAKA,Bengaluru (Urban),525.0,Bangalore-City,Over-exploited,223.38,10612.27,9551.04,21335.15,
KARNATAKA,Bengaluru (Urban),525.0,Anekal,Over-exploited,106.37,11460.66,10314.6,10971.8,
KARNATAKA,Bengaluru (Urban),525.0,Bangalore-East,Over-exploited,394.99,1573.68,1416.32,5594.31,
KARNATAKA,Bengaluru (Urban),525.0,Bangalore (North),Over-exploited,257.94,2332.81,2099.53,5415.62,
KARNATAKA,Bengaluru (Urban),525.0,Bangalore-South,Over-exploited,121.87,6055.08,5449.57,6641.32,
KARNATAKA,Belagavi,527.0,Yaragatti,Semi-critical,80.41,4702.38,4232.14,3403.07,
KARNATAKA,Belagavi,527.0,Chikkodi,Semi-critical,89.73,11121.33,10009.19,8981.43,
KARNATAKA,Belagavi,527.0,Athani,Safe,67.03,7335.29,6601.76,4425.39,
KARNATAKA,Belagavi,527.0,Gokak,Semi-critical,74.55,8016.83,7215.14,5378.91,
KARNATAKA,Belagavi,527.0,Hukkeri,Semi-critical,86.1,12825.59,11854.59,10207.23,
KARNATAKA,Belagavi,527.0,Belagavi,Safe,64.15,11084.42,9975.97,6399.3,
KARNATAKA,Belagavi,527.0,Khanapur,Safe,20.76,14103.12,12692.81,2634.98,
KARNATAKA,Belagavi,527.0,Bailhongal,Over-exploited,109.01,6007.49,5463.39,5955.78,
KARNATAKA,Belagavi,527.0,Ramadurg,Safe,46.24,5905.61,5315.04,2457.86,
KARNATAKA,Belagavi,527.0,Raibag,Safe,68.16,8348.34,7513.5,5121.48,
KARNATAKA,Belagavi,527.0,Savadatti,Over-exploited,105.39,9356.81,8421.13,8875.41,
KARNATAKA,Belagavi,527.0,Mudalagi,Safe,64.0,6535.16,5881.64,3764.13,
KARNATAKA,Belagavi,527.0,Nippani,Semi-critical,76.52,6923.06,6230.75,4767.75,
KARNATAKA,Belagavi,527.0,Kagavada,Critical,91.11,2700.54,2430.48,2214.49,
KARNATAKA,Belagavi,527.0,Kitthuru,Safe,54.5,3395.72,3056.15,1665.45,
KARNATAKA,Ballari,528.0,Ballari,Safe,37.03,18214.84,16393.36,6069.74,
KARNATAKA,Ballari,528.0,Sonduru,Safe,67.72,9756.98,8781.29,5946.84,
KARNATAKA,Ballari,528.0,Kampli,Safe,21.25,10293.02,9263.71,1968.55,
KARNATAKA,Ballari,528.0,Siraguppa,Safe,19.16,15741.83,14167.65,2714.68,
KARNATAKA,Ballari,528.0,Kurugodu,Safe,16.47,10706.21,9635.59,1586.73,
KARNATAKA,Bidar,529.0,Basavakalyan,Semi-critical,70.45,6036.92,5433.22,3827.9,
KARNATAKA,Bidar,529.0,Bhalki,Semi-critical,80.38,8493.58,7644.22,6144.65,
KARNATAKA,Bidar,529.0,Aurad,Safe,45.86,5591.25,5032.12,2307.56,
KARNATAKA,Bidar,529.0,Bidar,Semi-critical,71.23,6119.29,5507.36,3922.81,
KARNATAKA,Bidar,529.0,Humnabad,Safe,66.53,3565.83,3209.25,2134.96,
KARNATAKA,Bidar,529.0,Chittaguppa,Semi-critical,71.85,3033.21,2729.89,1961.34,
KARNATAKA,Bidar,529.0,Hulasuru,Semi-critical,88.91,1346.68,1212.01,1077.57,
KARNATAKA,Bidar,529.0,Kamalanagara,Semi-critical,72.14,3485.22,3136.7,2262.8,
KARNATAKA,Chikkaballapura,630.0,Manchenahalli,Over-exploited,153.4,1102.47,992.22,1522.09,
KARNATAKA,Chikkaballapura,630.0,Chelur,Over-exploited,138.11,3501.66,3151.5,4352.56,
KARNATAKA,Chikkaballapura,630.0,Chikballapur,Over-exploited,162.38,5168.51,4651.65,7553.17,
KARNATAKA,Chikkaballapura,630.0,Bagepalli,Over-exploited,138.28,5968.37,5371.53,7427.77,
KARNATAKA,Chikkaballapura,630.0,Chinthamani,Over-exploited,159.68,6793.01,6113.71,9762.36,
KARNATAKA,Chikkaballapura,630.0,Gauribidanur,Over-exploited,147.86,6824.52,6142.07,9081.82,
KARNATAKA,Chikkaballapura,630.0,Gudibande,Over-exploited,124.11,1468.0,1321.2,1639.74,
KARNATAKA,Chikkaballapura,630.0,Shidlagatta,Over-exploited,164.86,5524.5,4972.05,8196.93,
KARNATAKA,Dakshina Kannada,534.0,Ullala,Safe,33.85,3303.34,2973.01,1006.34,
KARNATAKA,Dakshina Kannada,534.0,Mulki,Safe,40.66,2337.27,2103.54,855.35,
KARNATAKA,Dakshina Kannada,534.0,Bantwal,Safe,55.59,12192.84,10973.56,6099.87,
KARNATAKA,Dakshina Kannada,534.0,Belthangady,Safe,46.35,19042.45,17138.2,7943.88,
KARNATAKA,Dakshina Kannada,534.0,Mangalore,Safe,50.59,8729.28,7856.35,3974.71,
KARNATAKA,Dakshina Kannada,534.0,Puttur,Safe,40.11,6637.92,5974.13,2396.22,
KARNATAKA,Dakshina Kannada,534.0,Sulya,Safe,54.02,6958.81,6262.93,3383.5,
KARNATAKA,Dakshina Kannada,534.0,Kadaba,Safe,38.91,8208.49,7387.64,2874.54,
KARNATAKA,Dakshina Kannada,534.0,Mudabidri,Safe,39.75,6289.16,5660.25,2250.19,
KARNATAKA,Dharwad,536.0,Dharwad,Safe,53.94,8664.98,7798.48,4206.19,
KARNATAKA,Dharwad,536.0,Navalgund,Safe,55.18,5087.09,4578.37,2526.43,
KARNATAKA,Dharwad,536.0,Hubli,Safe,59.37,4007.04,3606.34,2141.17,
KARNATAKA,Dharwad,536.0,Kalgatgi,Safe,53.3,5808.58,5227.72,2786.19,
KARNATAKA,Dharwad,536.0,Kundgol,Safe,64.18,4440.88,3996.79,2565.0,
KARNATAKA,Dharwad,536.0,Hubballi Nagara,Safe,44.23,1164.55,1048.1,463.58,
KARNATAKA,Dharwad,536.0,Alnavara,Safe,36.44,2903.08,2612.77,952.15,
KARNATAKA,Dharwad,536.0,Annigere,Safe,55.86,3200.21,2880.19,1608.83,
KARNATAKA,Haveri,540.0,Hirekerur,Safe,68.6,5421.5,4879.35,3347.32,
KARNATAKA,Haveri,540.0,Byadagi,Semi-critical,87.48,4512.58,4061.31,3552.86,
KARNATAKA,Haveri,540.0,Hangal,Safe,54.38,12870.12,11583.1,6299.05,
KARNATAKA,Haveri,540.0,Haveri,Safe,48.44,12280.27,11052.24,5354.03,
KARNATAKA,Haveri,540.0,Ranebennur,Safe,69.81,14219.4,12797.46,8934.35,
KARNATAKA,Haveri,540.0,Savanur,Safe,66.38,4759.92,4283.93,2843.79,
KARNATAKA,Haveri,540.0,Shiggaon,Safe,63.37,5767.21,5246.43,3324.76,
KARNATAKA,Haveri,540.0,Ratteehalli,Semi-critical,79.61,5127.29,4614.57,3673.74,
KARNATAKA,Kalburgi,538.0,Afzalpur,Semi-critical,82.23,8074.66,7267.19,5975.97,
KARNATAKA,Kalburgi,538.0,Aland,Semi-critical,78.07,13245.47,11920.92,9306.66,
KARNATAKA,Kalburgi,538.0,Chincholi,Safe,31.26,8877.16,8054.56,2517.81,
KARNATAKA,Kalburgi,538.0,Chittapur,Safe,34.64,7196.55,6545.09,2267.54,
KARNATAKA,Kalburgi,538.0,Jevargi,Safe,27.24,6812.28,6470.94,1762.59,
KARNATAKA,Kalburgi,538.0,Gulbarga,Safe,62.11,9896.68,8907.01,5532.45,
KARNATAKA,Kalburgi,538.0,Sedam,Safe,28.7,6704.95,6034.46,1731.85,
KARNATAKA,Kalburgi,538.0,Kalagi,Safe,25.74,3945.02,3550.53,913.86,
KARNATAKA,Kalburgi,538.0,Kamalapura,Safe,36.1,4608.45,4147.6,1497.32,
KARNATAKA,Kalburgi,538.0,Shahbadha,Safe,52.14,1225.6,1103.04,575.11,
KARNATAKA,Kalburgi,538.0,Yadrami,Safe,22.47,3532.8,3193.85,717.8,
KARNATAKA,Kodagu,541.0,Somavarapete,Safe,61.69,3952.4,3557.16,2194.31,
KARNATAKA,Kodagu,541.0,Virajpet,Safe,27.61,2621.3,2490.23,687.54,
KARNATAKA,Kodagu,541.0,Madikeri,Safe,5.9,5136.52,4622.87,272.89,
KARNATAKA,Kodagu,541.0,Kushalanagara,Safe,63.82,3609.63,3248.67,2073.23,
KARNATAKA,Kodagu,541.0,Ponnampete,Safe,31.12,8648.52,7783.67,2422.14,
KARNATAKA,Kolara,542.0,Bangarpet,Over-exploited,188.93,4509.68,4058.71,7668.3,
KARNATAKA,Kolara,542.0,Srinivaspura,Over-exploited,119.67,5630.45,5067.41,6064.36,
KARNATAKA,Kolara,542.0,Kolar,Over-exploited,201.92,8251.46,7426.31,14994.96,
KARNATAKA,Kolara,542.0,Malur,Over-exploited,170.37,5386.54,4847.88,8259.1,
KARNATAKA,Kolara,542.0,Mulabagilu,Over-exploited,214.99,9497.88,8548.1,18377.9,
KARNATAKA,Kolara,542.0,K.G.F,Over-exploited,194.73,3708.99,3338.09,6500.27,
KARNATAKA,Mandya,544.0,Pandavpura,Safe,62.98,7715.26,7031.44,4428.3,
KARNATAKA,Mandya,544.0,Srirangapatna,Safe,55.11,7189.66,6470.69,3566.1,
KARNATAKA,Mandya,544.0,Mandya,Safe,61.89,12747.25,11472.52,7100.38,
KARNATAKA,Mandya,544.0,Maddur,Safe,63.46,7739.51,6965.55,4420.49,
KARNATAKA,Mandya,544.0,Malavalli,Semi-critical,85.71,14916.44,13424.79,11506.13,
KARNATAKA,Mandya,544.0,Krishnarajpet,Safe,48.11,8646.03,7781.43,3743.26,
KARNATAKA,Mandya,544.0,Nagamangala,Safe,69.91,10387.23,9348.51,6535.55,
KARNATAKA,Mysuru,545.0,K.R.Nagar,Safe,43.27,4431.99,3988.78,1725.8,
KARNATAKA,Mysuru,545.0,Heggadadevanakote,Safe,49.02,8969.44,8072.5,3956.83,
KARNATAKA,Mysuru,545.0,Hunsur,Safe,50.52,9566.11,8609.49,4349.12,
KARNATAKA,Mysuru,545.0,Mysuru,Safe,53.4,6820.96,6138.86,3277.87,
KARNATAKA,Mysuru,545.0,Nanjangud,Safe,58.63,9942.56,8948.31,5246.75,
KARNATAKA,Mysuru,545.0,Piriyapatna,Safe,57.34,9012.76,8477.77,4861.35,
KARNATAKA,Mysuru,545.0,T.Narasipura,Safe,36.38,15948.49,14353.64,5221.93,
KARNATAKA,Mysuru,545.0,Saraguru,Safe,23.48,4447.69,4002.92,939.99,
KARNATAKA,Mysuru,545.0,Saligrama,Safe,29.71,3557.66,3254.96,967.01,
KARNATAKA,Raichur,546.0,Arakera,Safe,32.53,6155.69,5540.12,1802.08,
KARNATAKA,Raichur,546.0,Devdurga,Safe,27.85,7371.56,6634.4,1847.35,
KARNATAKA,Raichur,546.0,Lingasugur,Safe,45.71,8947.05,8052.34,3680.43,
KARNATAKA,Raichur,546.0,Manvi,Safe,24.89,13115.58,11804.02,2937.73,
KARNATAKA,Raichur,546.0,Raichur,Safe,56.07,13791.98,12412.79,6960.28,
KARNATAKA,Raichur,546.0,Sindhanur,Safe,24.94,19273.96,17346.57,4325.49,
KARNATAKA,Raichur,546.0,Maski,Safe,48.34,9050.03,8145.02,3937.15,
KARNATAKA,Raichur,546.0,Sirivara,Semi-critical,75.04,13574.09,12216.67,9167.77,
KARNATAKA,Shivamogga,547.0,Bhadravathi,Safe,46.56,14163.34,12747.01,5934.58,
KARNATAKA,Shivamogga,547.0,Hosanagar,Safe,24.43,14943.8,13449.42,3286.08,
KARNATAKA,Shivamogga,547.0,Sagara,Safe,30.12,19602.81,17642.53,5313.07,
KARNATAKA,Shivamogga,547.0,Shikaripura,Safe,51.29,17854.01,16068.6,8241.37,
KARNATAKA,Shivamogga,547.0,Shimoga,Safe,48.22,14868.11,13381.3,6452.15,
KARNATAKA,Shivamogga,547.0,Soraba,Safe,66.92,14254.79,12829.31,8584.89,
KARNATAKA,Shivamogga,547.0,Thirthahalli,Safe,33.36,14224.52,12802.07,4271.0,
KARNATAKA,Tumakuru,548.0,Chiknayakanahalli,Over-exploited,107.66,7145.28,6430.75,6923.41,
KARNATAKA,Tumakuru,548.0,Gubbi,Safe,47.64,11400.07,10653.59,5075.0,
KARNATAKA,Tumakuru,548.0,Koratagere,Critical,91.61,5940.63,5346.56,4898.01,
KARNATAKA,Tumakuru,548.0,Kunigal,Safe,64.04,10162.24,9146.02,5857.5,
KARNATAKA,Tumakuru,548.0,Madhugiri,Over-exploited,110.66,9630.71,8667.64,9591.21,
KARNATAKA,Tumakuru,548.0,Pavagada,Semi-critical,81.19,7498.04,6748.23,5478.76,
KARNATAKA,Tumakuru,548.0,Sira,Over-exploited,127.27,9304.49,8374.04,10657.62,
KARNATAKA,Tumakuru,548.0,Tiptur,Over-exploited,120.19,6336.92,5703.24,6854.72,
KARNATAKA,Tumakuru,548.0,Tumkur,Over-exploited,110.44,11474.93,10327.43,11405.29,
KARNATAKA,Tumakuru,548.0,Turuvekere,Safe,63.67,6954.57,6259.12,3984.93,
HIMACHAL PRADESH,SLN,25.0,Nalagarh,Safe,62.44,13528.36,12175.53,7602.65,
HIMACHAL PRADESH,SLN,25.0,Dharampur,Safe,62.44,825.26,742.74,463.78,
HIMACHAL PRADESH,SRM,24.0,Paonta Sahib,Safe,27.34,7317.94,6952.04,1900.44,
HIMACHAL PRADESH,SRM,24.0,Nahan,Safe,35.93,2030.73,1827.66,656.63,
HIMACHAL PRADESH,KNG,18.0,Rait,Safe,33.62,2333.78,2217.1,745.32,
HIMACHAL PRADESH,KNG,18.0,Nagrota Surian,Safe,26.06,3306.76,2976.08,775.64,
HIMACHAL PRADESH,KNG,18.0,Baijnath,Safe,33.62,2015.85,1915.06,643.78,
HIMACHAL PRADESH,KNG,18.0,Bhawarna,Safe,33.62,2596.01,2466.21,829.06,
HIMACHAL PRADESH,KNG,18.0,Dharmsala,Safe,33.62,2049.61,1947.13,654.56,
HIMACHAL PRADESH,KNG,18.0,Indora,Safe,26.06,16708.73,15037.86,3919.26,
HIMACHAL PRADESH,KNG,18.0,Fatehpur,Safe,26.06,13264.46,11938.01,3111.36,
HIMACHAL PRADESH,KNG,18.0,Dera,Safe,26.06,5019.46,4517.51,1177.38,
HIMACHAL PRADESH,KNG,18.0,Kangra,Safe,33.62,1546.52,1469.19,493.9,
HIMACHAL PRADESH,KNG,18.0,Nagrota Bagwan,Safe,33.62,2136.79,2029.95,682.4,
HIMACHAL PRADESH,KNG,18.0,Panchrukhi,Safe,33.62,1952.41,1854.79,623.52,
HIMACHAL PRADESH,KNG,18.0,Sulah,Safe,33.62,980.07,931.07,313.0,
HIMACHAL PRADESH,KNG,18.0,Nurpur,Safe,26.06,5444.44,4899.99,1277.07,
HIMACHAL PRADESH,UNA,26.0,Amb,Safe,57.59,6380.74,6061.7,3490.69,
HIMACHAL PRADESH,UNA,26.0,Gagret,Safe,57.59,4579.84,4350.85,2505.48,
HIMACHAL PRADESH,UNA,26.0,Gagret,Safe,29.69,674.24,606.81,180.15,
HIMACHAL PRADESH,UNA,26.0,Amb,Safe,29.69,376.72,339.05,100.66,
HIMACHAL PRADESH,UNA,26.0,Bangana,Safe,57.59,1602.16,1522.06,876.49,
HIMACHAL PRADESH,UNA,26.0,Haroli,Safe,57.59,5141.6,4884.52,2812.8,
HIMACHAL PRADESH,UNA,26.0,Una,Safe,57.59,4497.66,4272.77,2460.52,
HIMACHAL PRADESH,UNA,26.0,Haroli,Safe,66.4,681.68,613.5,407.38,
HIMACHAL PRADESH,MND,22.0,Balh,Safe,49.92,1647.46,1482.71,740.17,
HIMACHAL PRADESH,MND,22.0,Chauntra,Safe,12.45,820.42,738.38,91.89,
HIMACHAL PRADESH,MND,22.0,Drang,Safe,12.45,349.64,314.68,39.16,
HIMACHAL PRADESH,MND,22.0,Sundarnagar,Safe,49.92,853.08,767.77,383.27,
DELHI,NORTH,80.0,BADLI,Semi-critical,82.51,341.95,307.75,253.93,
DELHI,NORTH,80.0,ADARSH NAGAR,Safe,65.61,497.2,472.34,309.9,
DELHI,NORTH,80.0,BURARI,Safe,61.89,973.77,876.39,542.42,
DELHI,SOUTH,83.0,MEHRAULI,Over-exploited,134.64,1345.46,1210.91,1630.41,
DELHI,SOUTH,83.0,MALVIYA NAGAR,Critical,94.59,814.63,733.16,693.52,
DELHI,SOUTH,83.0,CHHATARPUR,Over-exploited,136.01,1467.63,1320.86,1796.5,
DELHI,SOUTH,83.0,DEOLI,Over-exploited,107.57,1239.58,1115.62,1200.07,
DELHI,CENTRAL NORTH,,SHAKUR BASTI,Safe,68.12,587.6,528.84,360.27,
DELHI,CENTRAL NORTH,,SHALIMAR BAGH,Safe,68.27,586.96,528.27,360.67,
DELHI,CENTRAL NORTH,,MODEL TOWN,Semi-critical,78.41,490.56,441.5,346.19,
DELHI,SOUTH EAST,670.0,JANGPURA,Semi-critical,74.26,552.11,496.9,368.99,
DELHI,SOUTH EAST,670.0,BADARPUR,Critical,90.41,788.2,709.38,641.34,
DELHI,SOUTH EAST,670.0,KALKAJI,Semi-critical,73.35,774.48,697.03,511.24,
DELHI,SOUTH WEST,84.0,NAJAFGARH,Safe,69.35,2435.36,2191.82,1520.04,
DELHI,SOUTH WEST,84.0,MATIALA,Critical,99.91,2657.16,2524.3,2521.91,
DELHI,SOUTH WEST,84.0,BIJWASAN,Over-exploited,165.34,2255.71,2030.14,3356.56,
DELHI,SOUTH WEST,84.0,DWARKA,Critical,95.99,1210.0,1089.0,1045.31,
DELHI,NEW DELHI,79.0,DELHI CANTT,Over-exploited,128.66,1119.48,1007.53,1296.31,
DELHI,NEW DELHI,79.0,NEW DELHI,Safe,62.97,522.18,469.96,295.95,
DELHI,CENTRAL,77.0,PATEL NAGAR,Critical,98.36,448.87,403.98,397.34,
DELHI,CENTRAL,77.0,KAROL BAGH,Semi-critical,78.43,481.67,433.5,339.99,
DELHI,NORTH EAST,81.0,GOKULPURI,Over-exploited,128.48,419.94,377.95,485.58,
DELHI,NORTH EAST,81.0,YAMUNA VIHAR,Semi-critical,83.24,656.47,590.83,491.82,
DELHI,NORTH EAST,81.0,SHAHDARA,Over-exploited,118.99,702.48,632.23,752.31,
DELHI,NORTH EAST,81.0,KARAWAL NAGAR,Over-exploited,105.86,852.75,767.48,812.45,
DELHI,EAST,78.0,VISHWAS NAGAR,Critical,90.1,623.95,561.56,505.98,
DELHI,EAST,78.0,GANDHI NAGAR,Safe,69.15,383.27,344.94,238.53,
DELHI,EAST,78.0,PATPARGANJ,Over-exploited,120.83,1380.86,1242.77,1501.62,
DELHI,NORTH WEST,82.0,ROHINI,Semi-critical,84.36,1481.08,1407.02,1187.0,
DELHI,NORTH WEST,82.0,KIRARI,Semi-critical,83.51,324.62,292.16,243.98,
DELHI,NORTH WEST,82.0,NANGLOI JAT,Semi-critical,85.05,396.7,357.03,303.66,
DELHI,OLD DELHI,,CHANDNI CHOWK,Semi-critical,70.67,480.08,432.08,305.33,
DELHI,OLD DELHI,,SADAR BAZAR,Critical,95.87,578.21,520.38,498.88,
DELHI,OUTER NORTH,,NARELA,Semi-critical,74.83,2069.76,1862.79,1393.99,
DELHI,OUTER NORTH,,BAWANA,Critical,97.98,1840.87,1656.78,1623.39,
DELHI,OUTER NORTH,,MUNDAKA,Safe,69.66,924.13,831.71,579.34,
DELHI,WEST,85.0,VIKASPURI,Semi-critical,86.3,716.12,680.31,587.09,
DELHI,WEST,85.0,JANAKPURI,Critical,98.75,835.8,752.22,742.82,
DELHI,WEST,85.0,RAJORI GARDEN,Critical,95.59,444.59,400.13,382.48,
ODISHA,KANDHAMAL,359.0,RAIKIA,Safe,45.19,1776.16,1687.35,762.48,
ODISHA,KANDHAMAL,359.0,BALIGUDA,Safe,37.58,3764.49,3388.04,1273.14,
ODISHA,KANDHAMAL,359.0,CHAKAPADA,Safe,45.7,1756.38,1668.56,762.43,
ODISHA,KANDHAMAL,359.0,DARINGIBADI,Safe,18.73,4825.44,4584.15,858.7,
ODISHA,KANDHAMAL,359.0,K. NUAGAON,Safe,22.81,3180.47,3021.44,689.1,
ODISHA,KANDHAMAL,359.0,KHAJURIPADA,Safe,42.94,3776.89,3399.2,1459.59,
ODISHA,KANDHAMAL,359.0,KOTAGARH,Safe,20.48,2374.46,2137.02,437.6,
ODISHA,KANDHAMAL,359.0,PHIRINGIA,Safe,24.61,6284.55,5656.09,1392.19,
ODISHA,KANDHAMAL,359.0,TUMUDIBANDHA,Safe,28.56,2845.31,2560.77,731.22,
ODISHA,KANDHAMAL,359.0,G. UDAYAGIRI,Safe,49.64,1127.99,1071.59,531.99,
ODISHA,KANDHAMAL,359.0,PHULBANI,Safe,37.85,3497.48,3303.7,1250.54,
ODISHA,KANDHAMAL,359.0,TIKABALI,Safe,41.62,2248.94,2136.5,889.13,
ODISHA,BHADRAK,348.0,BHADRAK,Safe,68.2,13582.0,12223.8,8336.87,
ODISHA,BHADRAK,348.0,BHANDARIPOKHARI,Safe,69.62,10560.21,9504.18,6616.8,
ODISHA,BHADRAK,348.0,BONTH,Safe,54.19,14998.88,13498.99,7315.46,
ODISHA,BHADRAK,348.0,CHANDBALI,Saline,-100000.0,19968.55,17971.7,834.76,Saline
ODISHA,BHADRAK,348.0,DHAMNAGAR,Safe,59.22,8019.93,7217.95,3765.75,Safe
ODISHA,BHADRAK,348.0,BASUDEVPUR,Safe,60.7,18314.34,16482.9,6983.73,Safe
ODISHA,BHADRAK,348.0,TIHIDI,Safe,60.0,10682.12,9613.91,4383.16,Safe
ODISHA,KEONJHAR,361.0,HARICHANDANPUR,Safe,33.92,9419.48,8477.52,2875.64,
ODISHA,KEONJHAR,361.0,BANSPAL,Safe,32.4,6955.96,6260.36,2028.63,
ODISHA,KEONJHAR,361.0,ANANDAPUR,Safe,49.48,7008.7,6658.27,3294.22,
ODISHA,KEONJHAR,361.0,CHAMPUA,Safe,59.12,6015.52,5413.97,3200.78,
ODISHA,KEONJHAR,361.0,GHASHIPURA,Safe,47.59,6384.17,5745.76,2734.16,
ODISHA,KEONJHAR,361.0,HATADIHI,Safe,52.06,6708.01,6037.2,3143.09,
ODISHA,KEONJHAR,361.0,JHUMPURA,Safe,51.97,6241.95,5929.85,3081.68,
ODISHA,KEONJHAR,361.0,SAHARAPADA,Safe,65.01,4574.31,4116.88,2676.3,
ODISHA,KEONJHAR,361.0,JODA,Safe,65.77,4882.13,4638.03,3050.59,
ODISHA,KEONJHAR,361.0,KEONJHAR,Safe,52.28,9535.02,8581.52,4486.56,
ODISHA,KEONJHAR,361.0,TELKOI,Safe,36.89,8216.17,7394.54,2727.84,
ODISHA,KEONJHAR,361.0,GHATAGAON,Safe,23.31,10133.29,9119.96,2126.17,
ODISHA,KEONJHAR,361.0,PATNA,Safe,58.48,6247.43,5875.31,3435.62,
ODISHA,NUAPADA,368.0,KOMNA,Safe,57.81,9451.07,8939.52,5167.56,
ODISHA,NUAPADA,368.0,NUAPADA,Semi-critical,79.27,9803.13,8822.81,6994.18,
ODISHA,NUAPADA,368.0,BODEN,Safe,49.05,4276.37,4040.49,1981.94,
ODISHA,NUAPADA,368.0,KHARIAR,Safe,60.57,5334.07,4800.66,2907.98,
ODISHA,NUAPADA,368.0,SINAPALI,Safe,67.25,4756.93,4281.23,2879.01,
ODISHA,BOUDH,349.0,BOUDH,Safe,44.05,7946.9,7364.78,3244.01,
ODISHA,BOUDH,349.0,HARBHANGA,Safe,35.18,6529.48,6106.77,2148.42,
ODISHA,BOUDH,349.0,KANTAMAL,Safe,54.97,11039.39,9935.45,5461.27,
ODISHA,BALASORE,346.0,BALIAPAL,Semi-critical,88.38,14362.44,13285.14,6079.47,Safe
ODISHA,BALASORE,346.0,SORO,Safe,63.93,10518.53,9967.16,6372.18,
ODISHA,BALASORE,346.0,BALASORE,Safe,60.83,24114.73,21703.27,8616.86,Safe
ODISHA,BALASORE,346.0,BASTA,Safe,52.5,15921.43,14329.29,7376.07,Safe
ODISHA,BALASORE,346.0,KHAIRA,Safe,59.9,11925.05,10732.54,6428.32,
ODISHA,BALASORE,346.0,BHOGRAI,Safe,61.5,15496.74,14383.86,5557.2,Safe
ODISHA,BALASORE,346.0,JALESWAR,Safe,67.07,12249.24,11024.31,7394.45,
ODISHA,BALASORE,346.0,NILGIRI,Safe,66.82,9413.8,8472.42,5661.66,
ODISHA,BALASORE,346.0,OUPADA,Safe,60.49,7190.16,6471.15,3914.11,
ODISHA,BALASORE,346.0,REMUNA,Safe,68.21,14849.08,14106.63,9394.99,Safe
ODISHA,BALASORE,346.0,SIMULIA,Safe,32.81,16172.41,14770.69,4845.59,
ODISHA,BALASORE,346.0,BAHANAGA,Safe,67.6,15484.88,14710.64,9818.66,Safe
ODISHA,NABARANGAPUR,366.0,CHANDAHANDI,Safe,27.75,5013.17,4511.85,1252.17,
ODISHA,NABARANGAPUR,366.0,JHARIGAON,Safe,31.87,5848.92,5264.02,1677.69,
ODISHA,NABARANGAPUR,366.0,NABARANGAPUR,Safe,67.31,2626.49,2495.16,1679.52,
ODISHA,NABARANGAPUR,366.0,PAPADHANDI,Safe,38.59,5259.74,4733.76,1826.74,
ODISHA,NABARANGAPUR,366.0,KASAGUMUDA,Safe,32.45,12157.64,10941.88,3550.99,
ODISHA,NABARANGAPUR,366.0,TENTULIKHUNTI,Safe,36.77,3589.01,3409.56,1253.86,
ODISHA,NABARANGAPUR,366.0,NANDAHANDI,Safe,41.91,4162.4,3954.28,1657.22,
ODISHA,NABARANGAPUR,366.0,UMERKOTE,Safe,34.7,9539.33,8585.4,2979.22,
ODISHA,NABARANGAPUR,366.0,RAIGHAR,Safe,58.34,9049.89,8144.9,4751.96,
ODISHA,NABARANGAPUR,366.0,DABUGAON,Safe,29.35,2626.59,2363.93,693.74,
ODISHA,SAMBALPUR,371.0,JUJUMURA,Safe,37.61,9203.36,8283.02,3114.94,
ODISHA,SAMBALPUR,371.0,BAMRA,Safe,52.55,7339.83,6934.81,3644.0,
ODISHA,SAMBALPUR,371.0,DHANKAUDA,Safe,32.6,7946.54,7151.88,2331.3,
ODISHA,SAMBALPUR,371.0,JAMANKIRA,Safe,24.94,8662.64,8194.97,2043.85,
ODISHA,SAMBALPUR,371.0,MANESWAR,Safe,23.01,6260.39,5634.35,1296.57,
ODISHA,SAMBALPUR,371.0,NAKTIDEOL,Safe,22.29,7042.54,6338.29,1412.71,
ODISHA,SAMBALPUR,371.0,RENGALI,Safe,57.9,4618.58,4156.72,2406.74,
ODISHA,SAMBALPUR,371.0,KUCHINDA,Safe,62.81,6377.73,6003.93,3770.95,
ODISHA,SAMBALPUR,371.0,RAIRAKHOL,Safe,21.58,7998.36,7198.53,1553.49,
ODISHA,JHARSUGUDA,357.0,JHARSUGUDA,Semi-critical,71.9,4344.14,3909.73,2811.06,
ODISHA,JHARSUGUDA,357.0,KULABIRA,Safe,60.23,2225.79,2003.21,1206.48,
ODISHA,JHARSUGUDA,357.0,LAIKERA,Safe,62.81,3471.84,3124.65,1962.46,
ODISHA,JHARSUGUDA,357.0,KIRMIRA,Safe,38.67,2414.85,2173.36,840.53,
ODISHA,JHARSUGUDA,357.0,LAKHANPUR,Safe,42.31,8031.39,7629.82,3227.81,
ODISHA,JAGATSINGHPUR,355.0,BALIKUDA,Safe,55.21,7875.77,7088.18,3441.46,Safe
ODISHA,JAGATSINGHPUR,355.0,KUJANGA,Safe,68.84,10988.02,9889.22,5323.25,Safe
ODISHA,JAGATSINGHPUR,355.0,BIRIDI,Safe,62.13,8096.21,7286.59,4526.96,
ODISHA,JAGATSINGHPUR,355.0,JAGATSINGHPUR,Safe,62.33,8699.56,7931.44,4943.75,
ODISHA,JAGATSINGHPUR,355.0,TIRTOL,Safe,57.34,9007.92,8107.12,4649.0,
ODISHA,JAGATSINGHPUR,355.0,NAUGAON,Safe,66.56,5048.05,4543.24,2785.57,Safe
ODISHA,JAGATSINGHPUR,355.0,ERSAMA,Saline,-100000.0,9191.78,8272.6,1693.26,Saline
ODISHA,JAGATSINGHPUR,355.0,RAGHUNATHPUR,Safe,47.34,7119.67,6576.43,3113.18,
ODISHA,RAYAGADA,370.0,MUNIGUDA,Safe,42.87,3360.48,3192.46,1368.61,
ODISHA,RAYAGADA,370.0,BISAMCUTTACK,Safe,40.61,2641.99,2509.89,1019.26,
ODISHA,RAYAGADA,370.0,RAMANAGUDA,Safe,38.68,2983.88,2821.53,1091.39,
ODISHA,RAYAGADA,370.0,CHANDRAPUR,Safe,20.21,2474.95,2351.2,475.17,
ODISHA,RAYAGADA,370.0,KALAYANSINGHPUR,Safe,29.94,1164.34,1047.9,313.74,
ODISHA,RAYAGADA,370.0,KASHIPUR,Safe,18.21,7672.41,6905.17,1257.4,
ODISHA,RAYAGADA,370.0,KOLNARA,Safe,43.01,2433.24,2189.91,941.84,
ODISHA,RAYAGADA,370.0,PADMAPUR,Safe,38.86,3108.79,2883.53,1120.68,
ODISHA,RAYAGADA,370.0,GUDARI,Safe,65.32,2246.25,2021.63,1320.56,
ODISHA,RAYAGADA,370.0,GUNUPUR,Safe,48.25,4858.11,4565.47,2202.88,
ODISHA,RAYAGADA,370.0,RAYAGADA,Safe,63.41,2494.05,2244.64,1423.4,
ODISHA,DEOGARH,351.0,BARKOTE,Safe,62.09,11738.5,10564.65,6559.6,
ODISHA,DEOGARH,351.0,REAMAL,Safe,52.37,11958.54,10762.69,5636.85,
ODISHA,DEOGARH,351.0,TILEIBANI,Safe,62.65,9432.24,8489.01,5318.47,
ODISHA,NAYAGARH,367.0,NUAGAON,Safe,40.1,5001.24,4751.17,1905.05,
ODISHA,NAYAGARH,367.0,GANIA,Safe,46.42,2486.06,2237.46,1038.74,
ODISHA,NAYAGARH,367.0,ODOGAON,Safe,56.03,7147.11,6655.88,3728.96,
ODISHA,NAYAGARH,367.0,BHAPUR,Safe,27.78,3331.64,3164.99,879.24,
ODISHA,NAYAGARH,367.0,DASPALLA,Safe,24.06,7432.54,6689.29,1609.7,
ODISHA,NAYAGARH,367.0,NAYAGARH,Semi-critical,86.95,4293.18,4005.12,3482.65,
ODISHA,NAYAGARH,367.0,RANAPUR,Safe,56.19,5304.03,4773.62,2682.4,
ODISHA,NAYAGARH,367.0,KHANDAPADA,Safe,63.34,3380.8,3042.73,1927.27,
ODISHA,KENDRAPARA,360.0,DERABISH,Safe,58.01,6963.93,6374.36,3222.98,Safe
ODISHA,KENDRAPARA,360.0,AUL,Safe,68.46,4938.46,4691.53,866.5,Safe
ODISHA,KENDRAPARA,360.0,KENDRAPARA,Safe,64.85,8399.06,7590.13,2055.57,Safe
ODISHA,KENDRAPARA,360.0,MARSHAGHAI,Saline,-100000.0,4650.26,4417.74,699.6,Saline
ODISHA,KENDRAPARA,360.0,GARADPUR,Safe,67.5,4524.48,4298.26,2843.92,Safe
ODISHA,KENDRAPARA,360.0,MAHAKALPADA,Saline,-100000.0,9532.97,8579.67,851.82,Saline
ODISHA,KENDRAPARA,360.0,PATTAMUNDAI,Safe,66.01,14024.24,12677.16,3706.46,Safe
ODISHA,KENDRAPARA,360.0,RAJKANIKA,Saline,-100000.0,4970.06,4721.56,788.96,Saline
ODISHA,KENDRAPARA,360.0,RAJNAGAR,Saline,-100000.0,4523.24,4070.91,1010.05,Saline
ODISHA,MAYURBHANJ,365.0,KULIANA,Safe,51.02,6262.96,5636.66,2876.09,
ODISHA,MAYURBHANJ,365.0,GOPABANDHU NAGAR,Safe,59.88,3435.98,3264.18,1954.68,
ODISHA,MAYURBHANJ,365.0,MORODA,Safe,58.85,6421.74,6067.82,3571.01,
ODISHA,MAYURBHANJ,365.0,BAHALDA,Safe,41.42,4916.31,4629.47,1917.61,
ODISHA,MAYURBHANJ,365.0,BIJATALA,Safe,26.9,4910.63,4524.91,1217.07,
ODISHA,MAYURBHANJ,365.0,KHUNTA,Safe,44.2,5658.67,5260.24,2324.85,
ODISHA,MAYURBHANJ,365.0,BADASAHI,Safe,69.5,7551.52,7122.16,4950.25,
ODISHA,MAYURBHANJ,365.0,BANGIRIPOSI,Safe,54.15,6042.65,5730.72,3103.16,
ODISHA,MAYURBHANJ,365.0,JAMDA,Safe,44.8,2988.28,2830.43,1267.99,
ODISHA,MAYURBHANJ,365.0,BETNOTI,Safe,69.67,7270.68,6826.76,4756.35,
ODISHA,MAYURBHANJ,365.0,BISOI,Safe,45.31,3207.86,3032.16,1373.8,
ODISHA,MAYURBHANJ,365.0,JASHIPUR,Safe,28.84,6702.69,6354.98,1832.63,
ODISHA,MAYURBHANJ,365.0,KAPTIPADA,Safe,29.97,10465.9,9419.32,2822.85,
ODISHA,MAYURBHANJ,365.0,KUSUMI,Safe,29.69,5260.51,4896.16,1453.59,
ODISHA,MAYURBHANJ,365.0,RARUAN,Safe,56.11,2953.11,2805.45,1574.04,
ODISHA,MAYURBHANJ,365.0,RASGOVINDPUR,Safe,68.09,5904.11,5608.91,3818.92,
ODISHA,MAYURBHANJ,365.0,SAMAKHUNTA,Safe,20.28,9193.08,8273.77,1678.06,
ODISHA,MAYURBHANJ,365.0,SUKRULI,Safe,64.39,3042.44,2890.31,1861.11,
ODISHA,MAYURBHANJ,365.0,SULIAPADA,Safe,56.6,5845.81,5261.24,2977.81,
ODISHA,MAYURBHANJ,365.0,THAKURMUNDA,Safe,27.49,9899.97,8909.98,2449.12,
ODISHA,MAYURBHANJ,365.0,TIRING,Safe,63.47,3032.75,2881.11,1828.71,
ODISHA,MAYURBHANJ,365.0,UDALA,Safe,67.2,3757.76,3569.85,2399.02,
ODISHA,MAYURBHANJ,365.0,BARIPADA,Safe,63.4,5080.77,4572.69,2898.96,
ODISHA,MAYURBHANJ,365.0,RAIRANGPUR,Safe,38.62,5059.86,4652.25,1796.49,
ODISHA,MAYURBHANJ,365.0,SARASKANA,Safe,47.97,4092.87,3888.22,1865.13,
ODISHA,MAYURBHANJ,365.0,KARANJIA,Safe,28.35,6664.72,6316.69,1790.6,
ODISHA,KORAPUT,363.0,KORAPUT,Safe,23.98,5103.0,4592.7,1101.16,
ODISHA,KORAPUT,363.0,LAMTAPUT,Safe,23.7,3982.21,3783.1,896.53,
ODISHA,KORAPUT,363.0,BANDHUGAON,Safe,65.2,1472.28,1398.67,911.92,
ODISHA,KORAPUT,363.0,BORIGUMA,Safe,39.93,6547.74,6131.79,2448.49,
ODISHA,KORAPUT,363.0,DASMANTAPUR,Safe,10.77,5154.16,4638.75,499.46,
ODISHA,KORAPUT,363.0,JEYPORE,Safe,36.3,4332.71,3899.44,1415.36,
ODISHA,KORAPUT,363.0,KUNDRA,Safe,27.38,4521.41,4069.26,1114.29,
ODISHA,KORAPUT,363.0,SIMILIGUDA,Safe,44.82,2907.18,2616.46,1172.77,
ODISHA,KORAPUT,363.0,NANDAPUR,Safe,21.85,3192.82,3027.79,661.45,
ODISHA,KORAPUT,363.0,LAXMIPUR,Safe,28.38,2147.33,2039.96,579.03,
ODISHA,KORAPUT,363.0,KOTPAD,Safe,17.49,8340.48,7506.43,1312.74,
ODISHA,KORAPUT,363.0,POTANGI,Safe,25.73,1702.67,1617.53,416.2,
ODISHA,KORAPUT,363.0,NARAYANAPATNA,Safe,37.38,679.56,645.58,241.32,
ODISHA,KORAPUT,363.0,BAIPARIGUDA,Safe,23.96,6325.36,6009.09,1439.99,
ODISHA,CUTTACK,350.0,BANKI-DAMPARA,Safe,30.2,3674.51,3307.06,998.69,
ODISHA,CUTTACK,350.0,TIGIRIA,Safe,66.87,1580.66,1422.59,951.29,
ODISHA,CUTTACK,350.0,TANGI-CHOUDWAR,Safe,35.27,4801.59,4476.04,1578.72,
ODISHA,CUTTACK,350.0,BANKI,Safe,44.06,2185.24,1966.72,866.6,
ODISHA,CUTTACK,350.0,BARANG,Safe,40.88,6196.35,5576.71,2279.94,
ODISHA,CUTTACK,350.0,ATHAGAD,Safe,55.38,3369.06,3032.15,1679.17,
ODISHA,CUTTACK,350.0,CUTTACK SADAR,Safe,69.17,8635.21,8023.72,5550.24,
ODISHA,CUTTACK,350.0,KANTAPADA,Safe,40.23,6679.5,6011.55,2418.34,
ODISHA,CUTTACK,350.0,MAHANGA,Safe,49.18,7933.34,7140.0,3511.47,
ODISHA,CUTTACK,350.0,NIALI,Safe,56.32,7612.25,6851.02,3858.63,
ODISHA,CUTTACK,350.0,NISCHINTAKOILI,Safe,50.91,8897.54,8007.78,4076.38,
ODISHA,CUTTACK,350.0,SALEPUR,Safe,36.79,6289.82,5660.83,2082.7,
ODISHA,CUTTACK,350.0,BADAMBA,Safe,47.54,4386.76,3948.08,1876.75,
ODISHA,CUTTACK,350.0,NARASINGHPUR,Safe,42.35,5427.81,4885.02,2068.76,
ODISHA,KHURDA,362.0,BEGUNIA,Safe,62.57,3749.17,3374.25,2111.32,
ODISHA,KHURDA,362.0,BHUBANESWAR,Semi-critical,84.54,7758.0,7230.79,6113.18,
ODISHA,KHURDA,362.0,BALIPATNA,Safe,66.36,5183.93,4868.59,3230.81,
ODISHA,KHURDA,362.0,BOLOGARH,Semi-critical,85.69,4206.78,3786.1,3244.44,
ODISHA,KHURDA,362.0,CHILIKA,Safe,46.59,2975.96,2775.28,1293.0,
ODISHA,KHURDA,362.0,JATNI,Safe,64.33,3667.34,3300.61,2123.18,
ODISHA,KHURDA,362.0,TANGI,Safe,50.43,4208.94,3998.49,2016.57,
ODISHA,KHURDA,362.0,BANAPUR,Safe,45.66,4556.94,4101.24,1872.6,
ODISHA,KHURDA,362.0,BALIANTA,Safe,47.8,7583.32,6824.99,3262.5,
ODISHA,KHURDA,362.0,KHURDA,Semi-critical,76.11,4063.62,3860.44,2938.33,
ODISHA,DHENKANAL,352.0,ODAPADA,Safe,65.14,4652.99,4333.54,2822.94,
ODISHA,DHENKANAL,352.0,KAMAKSHYANAGAR,Safe,21.95,6351.31,5857.25,1285.66,
ODISHA,DHENKANAL,352.0,BHUBAN,Safe,50.61,4506.23,4185.68,2118.53,
ODISHA,DHENKANAL,352.0,DHENKANAL,Safe,67.71,5594.85,5315.11,3598.65,
ODISHA,DHENKANAL,352.0,GOUNDIA,Safe,38.03,5557.69,5279.8,2007.74,
ODISHA,DHENKANAL,352.0,HINDOL,Safe,27.26,7282.34,6554.1,1786.75,
ODISHA,DHENKANAL,352.0,PARAJANG,Safe,37.96,7211.86,6490.67,2464.14,
ODISHA,DHENKANAL,352.0,KANKADAHAD,Safe,17.27,7104.96,6394.46,1104.22,
ODISHA,JAJPUR,356.0,RASULPUR,Safe,68.4,4867.32,4380.59,2996.26,
ODISHA,JAJPUR,356.0,BADACHANA,Safe,65.0,8416.17,7794.12,5066.3,
ODISHA,JAJPUR,356.0,SUKINDA,Safe,43.26,4660.56,4194.51,1814.59,
ODISHA,JAJPUR,356.0,BINJHARPUR,Safe,68.52,5459.72,5106.64,2877.75,Safe
ODISHA,JAJPUR,356.0,JAJPUR,Safe,65.74,8389.43,7550.48,4964.02,
ODISHA,JAJPUR,356.0,KOREI,Semi-critical,77.58,9592.28,9112.67,7069.73,
ODISHA,JAJPUR,356.0,DHARMASALA,Safe,68.16,6376.14,5956.87,4059.94,
ODISHA,JAJPUR,356.0,DASARATHPUR,Safe,67.9,5790.29,5500.77,3189.68,Safe
ODISHA,JAJPUR,356.0,DANAGADI,Safe,55.72,4701.66,4466.58,2488.76,
ODISHA,JAJPUR,356.0,BARI,Safe,55.29,4167.51,3750.76,2119.0,Safe
ODISHA,SUBARNAPUR,372.0,TARVA,Safe,69.32,4656.79,4191.11,2905.14,
ODISHA,SUBARNAPUR,372.0,SONEPUR,Safe,68.54,5026.48,4775.16,3272.82,
ODISHA,SUBARNAPUR,372.0,ULLUNDA,Safe,38.15,5899.68,5604.69,2138.04,
ODISHA,SUBARNAPUR,372.0,BINKA,Safe,43.55,4896.17,4406.55,1918.91,
ODISHA,SUBARNAPUR,372.0,BIRAMAHARAJPUR,Safe,58.66,3716.51,3361.92,1972.09,
ODISHA,SUBARNAPUR,372.0,DUNGRIPALI,Safe,39.19,4400.53,3960.47,1552.01,
ODISHA,GAJAPATI,353.0,RAYAGADA,Safe,40.04,2219.32,1997.39,799.73,
ODISHA,GAJAPATI,353.0,GOSANI,Safe,57.2,3917.33,3525.59,2016.66,
ODISHA,GAJAPATI,353.0,GUMA,Safe,49.44,2511.17,2260.05,1117.28,
ODISHA,GAJAPATI,353.0,MOHANA,Safe,15.71,7116.37,6404.73,1005.99,
ODISHA,GAJAPATI,353.0,NUAGADA,Safe,33.09,1565.0,1408.5,466.07,
ODISHA,GAJAPATI,353.0,KASHINAGARA,Safe,61.24,2317.66,2085.89,1277.38,
ODISHA,GAJAPATI,353.0,R. UDAYGIRI,Safe,31.83,2713.71,2442.34,777.31,
ODISHA,BOLANGIR,345.0,TITLAGARH,Safe,55.95,2983.89,2685.51,1502.5,
ODISHA,BOLANGIR,345.0,AGALPUR,Safe,38.51,4323.84,3891.45,1498.64,
ODISHA,BOLANGIR,345.0,BALANGIR,Safe,69.03,5319.37,4787.44,3304.69,
ODISHA,BOLANGIR,345.0,BANGOMUNDA,Safe,53.75,3148.64,2991.21,1607.84,
ODISHA,BOLANGIR,345.0,BELPARA,Safe,57.53,5773.85,5196.47,2989.56,
ODISHA,BOLANGIR,345.0,DEOGAON,Safe,46.03,4847.91,4363.12,2008.24,
ODISHA,BOLANGIR,345.0,GUDVELLA,Safe,54.91,2758.53,2482.68,1363.22,
ODISHA,BOLANGIR,345.0,KHAPRAKHOL,Safe,35.97,4510.66,4275.07,1537.75,
ODISHA,BOLANGIR,345.0,LOISINGA,Safe,69.07,4131.11,3718.0,2568.16,
ODISHA,BOLANGIR,345.0,MURIBAHAL,Safe,46.07,4676.6,4442.77,2046.98,
ODISHA,BOLANGIR,345.0,TUREKELA,Safe,42.45,4197.45,3987.58,1692.85,
ODISHA,BOLANGIR,345.0,PATNAGARH,Safe,58.54,5449.2,4904.28,2870.96,
ODISHA,BOLANGIR,345.0,PUINTALA,Safe,50.49,3657.52,3291.76,1661.91,
ODISHA,BOLANGIR,345.0,SAINTALA,Safe,57.37,4880.75,4636.71,2660.06,
ODISHA,SUNDARGARH,373.0,KUTRA,Safe,53.68,4339.02,4122.07,2212.54,
ODISHA,SUNDARGARH,373.0,RAJGANGPUR,Safe,58.41,6334.55,5701.1,3330.09,
ODISHA,SUNDARGARH,373.0,BISRA,Semi-critical,70.72,4445.9,4001.31,2829.53,
ODISHA,SUNDARGARH,373.0,BALISHANKARA,Safe,26.57,6788.53,6412.37,1703.89,
ODISHA,SUNDARGARH,373.0,BONEIGARH,Safe,62.18,4563.33,4335.16,2695.66,
ODISHA,SUNDARGARH,373.0,KOIRA,Safe,24.08,7939.86,7145.88,1720.76,
ODISHA,SUNDARGARH,373.0,KUANRMUNDA,Safe,43.62,7959.08,7163.17,3124.49,
ODISHA,SUNDARGARH,373.0,LAHUNIPADA,Safe,44.38,5295.6,5030.82,2232.83,
ODISHA,SUNDARGARH,373.0,LATHIKATA,Safe,64.93,5462.97,4916.68,3192.33,
ODISHA,SUNDARGARH,373.0,SUBDEGA,Safe,52.26,3323.83,2991.45,1563.19,
ODISHA,SUNDARGARH,373.0,LEFRIPADA,Safe,37.06,5692.65,5344.78,1980.91,
ODISHA,SUNDARGARH,373.0,NUAGAON,Safe,53.84,4092.1,3887.49,2093.13,
ODISHA,SUNDARGARH,373.0,SUNDARGARH,Safe,61.5,4150.39,3942.87,2424.94,
ODISHA,SUNDARGARH,373.0,TANGARPALLI,Safe,58.86,2552.56,2297.31,1352.18,
ODISHA,SUNDARGARH,373.0,HEMGIRI,Safe,37.3,7422.37,7051.25,2630.11,
ODISHA,SUNDARGARH,373.0,BARAGAON,Safe,39.68,4567.68,4339.3,1721.99,
ODISHA,SUNDARGARH,373.0,GURUNDIA,Safe,31.99,5533.44,4980.09,1592.96,
ODISHA,GANJAM,354.0,SERGARH,Safe,50.39,4005.5,3604.95,1816.44,
ODISHA,GANJAM,354.0,PURUSOTTAMPUR,Safe,54.56,5937.24,5482.99,2991.61,
ODISHA,GANJAM,354.0,PALASARA,Safe,30.07,4477.57,4029.81,1211.95,
ODISHA,GANJAM,354.0,KUKUDAKHANDI,Safe,26.89,5405.03,4952.04,1331.74,
ODISHA,GANJAM,354.0,ASKA,Safe,66.91,4291.39,3978.5,2662.07,
ODISHA,GANJAM,354.0,BELGUNTHA,Safe,55.3,3754.62,3379.15,1868.58,
ODISHA,GANJAM,354.0,BHANJANAGAR,Safe,30.79,6215.82,5594.24,1722.58,
ODISHA,GANJAM,354.0,CHHATRAPUR,Safe,48.42,5005.38,4617.13,2135.7,Safe
ODISHA,GANJAM,354.0,CHIKITI,Safe,60.51,4730.37,4257.32,2321.71,Safe
ODISHA,GANJAM,354.0,GANJAM,Safe,68.24,3965.46,3656.46,2118.81,Safe
ODISHA,GANJAM,354.0,HINJILICUT,Safe,64.88,5712.74,5141.47,3335.71,
ODISHA,GANJAM,354.0,JAGANATHPRASAD,Safe,24.28,7337.76,6603.99,1603.26,
ODISHA,GANJAM,354.0,KABISURYANAGAR,Safe,58.71,3664.69,3298.22,1936.28,
ODISHA,GANJAM,354.0,KHALIKOTE,Safe,51.08,4494.6,4250.39,2036.74,Safe
ODISHA,GANJAM,354.0,RANGEILUNDA,Safe,52.52,5611.63,5050.47,2440.35,Safe
ODISHA,GANJAM,354.0,SANAKHEMUNDI,Safe,47.71,4795.91,4316.33,2059.42,
ODISHA,GANJAM,354.0,SORADA,Safe,34.79,6198.79,5578.91,1940.94,
ODISHA,GANJAM,354.0,DIGAPAHANDI,Safe,34.45,6516.09,6036.97,2079.98,
ODISHA,GANJAM,354.0,BUGUDA,Safe,40.15,4192.76,3928.66,1577.51,
ODISHA,GANJAM,354.0,PATRAPUR,Safe,49.47,3766.34,3389.71,1676.83,
ODISHA,GANJAM,354.0,KODALA,Safe,39.8,3641.04,3418.44,1360.5,
ODISHA,GANJAM,354.0,DHARAKOTE,Safe,35.47,3638.39,3391.85,1202.96,
ODISHA,MALKANGIRI,364.0,PODIA,Safe,24.24,5046.14,4541.52,1101.03,
ODISHA,MALKANGIRI,364.0,KALIMELA,Safe,24.23,8693.22,8141.27,1972.62,
ODISHA,MALKANGIRI,364.0,KHAIRAPUT,Safe,35.33,1918.52,1822.59,643.87,
ODISHA,MALKANGIRI,364.0,KORKUNDA,Safe,18.48,7820.5,7038.44,1300.57,
ODISHA,MALKANGIRI,364.0,MALKANGIRI,Safe,23.66,5309.02,4778.12,1130.44,
ODISHA,MALKANGIRI,364.0,MATHILI,Safe,22.55,3721.64,3450.45,778.05,
ODISHA,MALKANGIRI,364.0,KUDUMULUGUMA,Safe,13.19,4402.51,3962.26,522.46,
ODISHA,ANGUL,344.0,KISHORENAGAR,Safe,48.5,7073.9,6720.21,3259.49,
ODISHA,ANGUL,344.0,ATHMALLIK,Safe,47.65,6938.62,6244.75,2975.53,
ODISHA,ANGUL,344.0,KANIHA,Safe,58.82,8682.1,8248.0,4851.1,
ODISHA,ANGUL,344.0,ANUGUL,Safe,61.92,7844.97,7417.46,4593.17,
ODISHA,ANGUL,344.0,BANARPAL,Safe,58.2,4170.41,3873.9,2254.45,
ODISHA,ANGUL,344.0,CHHENDIPADA,Safe,55.54,8497.99,7648.19,4248.05,
ODISHA,ANGUL,344.0,PALALAHADA,Safe,45.87,11957.37,11359.5,5210.64,
ODISHA,ANGUL,344.0,TALCHER,Semi-critical,75.36,3414.51,3073.06,2315.74,
ODISHA,KALAHANDI,358.0,KARLAMUNDA,Safe,28.88,3651.8,3365.54,971.84,
ODISHA,KALAHANDI,358.0,NARLA,Safe,61.86,5357.7,5089.8,3148.27,
ODISHA,KALAHANDI,358.0,BHAWANIPATNA,Safe,57.78,7573.28,7194.61,4156.97,
ODISHA,KALAHANDI,358.0,JAIPATNA,Safe,28.86,5260.38,4734.34,1366.05,
ODISHA,KALAHANDI,358.0,DHARMAGARH,Safe,52.27,4557.1,4101.4,2143.74,
ODISHA,KALAHANDI,358.0,GOLAMUNDA,Safe,46.45,7347.69,6612.92,3071.95,
ODISHA,KALAHANDI,358.0,KOKSARA,Safe,52.01,4861.75,4375.57,2275.84,
ODISHA,KALAHANDI,358.0,LANJIGARH,Safe,30.23,3357.08,3189.21,964.21,
ODISHA,KALAHANDI,358.0,M. RAMPUR,Safe,45.53,4682.5,4416.37,2010.86,
ODISHA,KALAHANDI,358.0,TH. RAMPUR,Safe,18.23,3847.57,3462.82,631.12,
ODISHA,KALAHANDI,358.0,KALAMPUR,Safe,26.35,3079.95,2771.95,730.29,
ODISHA,KALAHANDI,358.0,JUNAGARH,Safe,44.75,8082.51,7274.25,3255.38,
ODISHA,KALAHANDI,358.0,KESINGA,Safe,65.68,5442.11,5170.01,3395.54,
ODISHA,BARGARH,347.0,BHEDEN,Safe,27.69,4169.71,3891.49,1077.46,
ODISHA,BARGARH,347.0,BARAPALI,Safe,57.01,4267.87,3937.68,2245.06,
ODISHA,BARGARH,347.0,BARGARH,Safe,69.52,6096.9,5625.61,3910.98,
ODISHA,BARGARH,347.0,BHATLI,Safe,69.44,5895.19,5532.56,3841.77,
ODISHA,BARGARH,347.0,BIJEPUR,Safe,59.1,5485.9,5195.94,3070.84,
ODISHA,BARGARH,347.0,PAIKAMAL,Safe,41.76,7769.37,6992.43,2920.28,
ODISHA,BARGARH,347.0,GAISILET,Safe,57.73,3925.96,3729.66,2153.26,
ODISHA,BARGARH,347.0,PADAMPUR,Safe,66.59,5822.32,5531.2,3683.17,
ODISHA,BARGARH,347.0,SOHELA,Safe,68.31,8361.93,7943.83,5426.53,
ODISHA,BARGARH,347.0,ATTABIRA,Safe,33.45,4986.52,4487.87,1501.3,
ODISHA,BARGARH,347.0,AMBABHONA,Safe,44.77,5210.97,4950.42,2216.14,
ODISHA,BARGARH,347.0,JHARBANDHA,Safe,69.34,5403.88,5133.2,3559.6,
ODISHA,PURI,369.0,PURI,Safe,67.91,8436.09,7592.48,4558.7,Safe
ODISHA,PURI,369.0,ASTARANG,Safe,64.82,5311.56,4892.41,2683.55,Safe
ODISHA,PURI,369.0,KANAS,Safe,56.94,5841.2,5414.13,2983.78,Safe
ODISHA,PURI,369.0,PIPILI,Safe,56.12,7451.94,7079.36,3909.4,Safe
ODISHA,PURI,369.0,BRAHMAGIRI,Safe,55.46,7987.57,7436.49,3645.1,Safe
ODISHA,PURI,369.0,GOP,Safe,53.15,10158.82,9650.88,4364.0,Safe
ODISHA,PURI,369.0,SATYABADI,Safe,27.2,5034.24,4595.1,1335.66,Semi-critical
ODISHA,PURI,369.0,NIMAPARA,Safe,49.73,11551.17,10396.06,4726.28,Safe
ODISHA,PURI,369.0,DELANG,Safe,59.1,6393.68,5754.32,3302.93,Safe
ODISHA,PURI,369.0,KAKATPUR,Safe,69.95,6288.3,5709.54,3588.86,Safe
ODISHA,PURI,369.0,KRUSHNAPRASAD,Safe,41.38,2489.56,2240.6,733.81,Safe
ASSAM,DHEMAJI,284.0,DHEMAJI,Safe,3.32,19951.65,558881.53,455.31,
ASSAM,DHEMAJI,284.0,MACHKHOWA,Safe,1.7,8533.94,220057.98,126.13,
ASSAM,DHEMAJI,284.0,SISIBORGAON,Safe,2.66,39934.11,1101460.25,767.29,
ASSAM,DHEMAJI,284.0,BORDOLONI,Safe,1.8,25002.21,631178.31,333.04,
ASSAM,DHEMAJI,284.0,MURKONGSELEK,Safe,1.6,44807.54,1255293.13,558.15,
ASSAM,BONGAIGAON,281.0,TAPATTARY,Safe,33.05,7747.72,78866.99,2256.94,
ASSAM,BONGAIGAON,281.0,MANIKPUR (PART),Safe,33.78,9649.07,97528.11,2336.01,
ASSAM,BONGAIGAON,281.0,BOITAMARI,Safe,13.87,16809.98,174531.78,2081.18,
ASSAM,BONGAIGAON,281.0,DANGTOL,Safe,12.15,10825.88,115059.38,1102.35,
ASSAM,BONGAIGAON,281.0,SRIJANGRAM,Safe,22.09,13068.05,130556.07,2306.16,
ASSAM,JORHAT,290.0,JORHAT CENTRAL,Safe,4.07,5756.54,159189.92,179.09,
ASSAM,JORHAT,290.0,JORHAT,Safe,22.46,10091.18,207451.45,854.63,
ASSAM,JORHAT,290.0,JORHAT EAST,Safe,12.68,6229.83,134417.47,180.2,
ASSAM,JORHAT,290.0,KALIAPANI,Safe,10.86,5969.07,158513.17,582.05,
ASSAM,JORHAT,290.0,NORTH WEST JORHAT,Safe,19.25,7181.17,186409.94,787.39,
ASSAM,JORHAT,290.0,TITABOR,Safe,10.34,10599.63,285259.9,321.23,
ASSAM,JORHAT,290.0,MAJULI,Safe,2.2,26208.49,551450.9,504.1,
ASSAM,JORHAT,290.0,UJANI MAJULI,Safe,3.34,14641.14,293720.26,437.76,
ASSAM,KAMRUP (M),618.0,CHANDRAPUR,Safe,3.44,4327.36,165847.93,129.75,
ASSAM,KAMRUP (M),618.0,DIMORIA,Safe,6.36,8977.18,301880.4,408.71,
ASSAM,KAMRUP (M),618.0,GUWAHATI,Semi-critical,87.8,4279.49,148759.67,3280.02,
ASSAM,KAMRUP (M),618.0,RANI (PART),Safe,7.43,1986.09,88148.73,132.68,
ASSAM,KOKRAJHAR,294.0,CHAPAR-SALKOCHA (PART),Safe,0.98,4812.48,35417.17,42.52,
ASSAM,KOKRAJHAR,294.0,DEBITOLA (PART),Safe,0.75,23231.4,145287.22,146.13,
ASSAM,KOKRAJHAR,294.0,DOTOMA,Safe,4.36,20322.74,150086.49,780.43,
ASSAM,KOKRAJHAR,294.0,GOSSAIGAON,Safe,8.25,15269.39,133150.2,1068.99,
ASSAM,KOKRAJHAR,294.0,HATIDHURA (PART),Safe,3.65,4863.67,42829.77,159.32,
ASSAM,KOKRAJHAR,294.0,RUPSI (PART),Safe,1.08,7867.02,62810.84,69.51,
ASSAM,KOKRAJHAR,294.0,KACHUGAON,Safe,2.02,55171.37,480881.67,857.21,
ASSAM,KOKRAJHAR,294.0,KOKRAJHAR,Safe,1.98,62623.87,471143.6,1089.76,
ASSAM,KOKRAJHAR,294.0,MAHAMAYA (PART),Safe,21.2,369.44,2694.59,70.49,
ASSAM,KOKRAJHAR,294.0,BILASIPARA (PART),Safe,3.14,706.94,6042.58,20.01,
ASSAM,KOKRAJHAR,294.0,GOLAKGANJ (PART),Safe,0.95,1282.48,10625.52,10.65,
ASSAM,DARRANG,283.0,KALAIGAON (PART),Safe,13.47,3052.11,90766.78,242.92,
ASSAM,DARRANG,283.0,SIPAJHAR_PART,Safe,7.78,16903.46,396252.17,949.86,
ASSAM,DARRANG,283.0,PACHIM-MANGALDAI,Safe,7.68,6695.84,179834.05,398.33,
ASSAM,DARRANG,283.0,PUB MANGOLDOI,Safe,8.87,8913.54,221477.5,681.24,
ASSAM,DARRANG,283.0,DALGAON-SIALMARI,Safe,30.0,13474.07,281149.55,3603.67,
ASSAM,DARRANG,283.0,KHOIRABARI (PART),Safe,5.38,493.38,13005.2,20.74,
ASSAM,DARRANG,283.0,BECHIMARI,Safe,50.2,5531.75,104358.77,2320.99,
ASSAM,HAILAKANDI,289.0,ALGAPUR,Safe,8.1,3025.66,21117.09,119.13,
ASSAM,HAILAKANDI,289.0,HAILAKANDI,Safe,12.83,4161.26,24213.18,160.28,
ASSAM,HAILAKANDI,289.0,KATLICHERRA,Safe,2.3,9373.63,52882.55,68.26,
ASSAM,HAILAKANDI,289.0,LALA,Safe,16.08,4118.06,24110.76,182.74,
ASSAM,HAILAKANDI,289.0,SOUTH HAILAKANDI,Safe,2.4,5790.89,36140.9,82.4,
ASSAM,KAMRUP,291.0,SUALKUCHI,Safe,23.62,3873.5,76066.84,245.15,
ASSAM,KAMRUP,291.0,BONGAON,Safe,4.6,3859.18,80006.74,151.16,
ASSAM,KAMRUP,291.0,CHAYANI BARDUAR,Safe,5.69,7078.28,129493.68,295.27,
ASSAM,KAMRUP,291.0,CHAYGAON,Safe,5.38,5705.21,82864.44,260.44,
ASSAM,KAMRUP,291.0,GOROIMARI,Safe,19.91,5046.97,89086.95,954.71,
ASSAM,KAMRUP,291.0,KAMALPUR,Safe,16.13,4363.39,76836.68,359.29,
ASSAM,KAMRUP,291.0,RAMPUR,Safe,10.36,5366.28,90186.59,528.4,
ASSAM,KAMRUP,291.0,RANGIA,Safe,8.93,6924.38,107664.67,505.76,
ASSAM,KAMRUP,291.0,RANI (PART),Safe,10.63,4751.14,91811.76,150.02,
ASSAM,KAMRUP,291.0,HAJO,Safe,20.89,9431.0,151274.19,535.76,
ASSAM,KAMRUP,291.0,CHAMARIA,Safe,14.08,10404.67,177669.24,1300.67,
ASSAM,KAMRUP,291.0,BIHDIYA JAJIKONA,Safe,12.8,4004.32,72170.85,348.24,
ASSAM,KAMRUP,291.0,BEZERA (PART),Safe,33.74,3193.35,62093.36,456.23,
ASSAM,KAMRUP,291.0,BOKO,Safe,2.17,14068.88,230532.2,273.52,
ASSAM,KARBI ANGLONG,292.0,CHINTHONG,Safe,2.11,6206.94,105528.65,117.65,
ASSAM,KARBI ANGLONG,292.0,SOCHENG,Safe,0.33,19300.77,341884.0,57.25,
ASSAM,KARBI ANGLONG,292.0,AMRI,Safe,2.19,5382.92,64067.43,97.28,
ASSAM,KARBI ANGLONG,292.0,BOKAJAN,Safe,2.36,22741.72,339505.15,476.88,
ASSAM,KARBI ANGLONG,292.0,HOWRAGHAT,Safe,4.5,12344.34,104744.5,437.39,
ASSAM,KARBI ANGLONG,292.0,NILIP,Safe,2.42,11704.24,143795.84,254.47,
ASSAM,KARBI ANGLONG,292.0,RONGKHANG,Safe,6.33,10327.75,144664.25,495.91,
ASSAM,KARBI ANGLONG,292.0,RONGMONGWAY,Safe,1.54,12083.09,141796.95,167.79,
ASSAM,KARBI ANGLONG,292.0,SAMELANGSO,Safe,2.02,11614.94,183736.13,179.92,
ASSAM,KARBI ANGLONG,292.0,LUMBAJONG,Safe,1.17,45355.76,284054.31,459.18,
ASSAM,KARBI ANGLONG,292.0,LANGSOMEPI,Safe,1.5,12513.33,115482.56,173.35,
ASSAM,NALBARI,298.0,BARBHAG,Safe,6.17,2361.29,41576.71,81.51,
ASSAM,NALBARI,298.0,BARKHETRI,Safe,6.34,14926.71,221888.36,645.11,
ASSAM,NALBARI,298.0,PACHIM NALBARI,Safe,25.36,5965.93,82168.04,759.47,
ASSAM,NALBARI,298.0,PUB NALBARI,Safe,10.72,5001.2,76364.24,376.69,
ASSAM,NALBARI,298.0,BARIGOG BANBHAG,Safe,13.69,5502.72,84994.87,551.55,
ASSAM,NALBARI,298.0,MADHUPUR,Safe,15.71,2972.86,41385.15,242.76,
ASSAM,NALBARI,298.0,TIHU (PART),Safe,5.32,4234.38,63390.79,119.86,
ASSAM,SONITPUR,301.0,BALIPARA,Safe,26.72,7680.96,393016.88,857.43,
ASSAM,SONITPUR,301.0,BEHALI,Safe,8.93,8077.62,420430.28,468.9,
ASSAM,SONITPUR,301.0,BISWANATH,Safe,4.11,8073.33,242408.61,298.21,
ASSAM,SONITPUR,301.0,CHAIDUAR,Safe,8.13,11349.11,612243.6,810.09,
ASSAM,SONITPUR,301.0,NADUAR,Safe,9.14,5029.54,298489.48,306.87,
ASSAM,SONITPUR,301.0,PUB-CHAIDUAR,Safe,13.25,7243.71,307476.48,669.99,
ASSAM,SONITPUR,301.0,RANGAPARA,Safe,17.27,4384.41,178380.06,475.76,
ASSAM,SONITPUR,301.0,DHEKIAJULI,Safe,9.43,22116.48,824793.85,1733.19,
ASSAM,SONITPUR,301.0,CHATIA,Safe,3.96,9762.71,484262.35,342.42,
ASSAM,SONITPUR,301.0,GABHARU,Safe,4.86,17214.54,556177.31,650.77,
ASSAM,SONITPUR,301.0,BARCHALA,Safe,8.6,10281.69,544404.27,681.48,
ASSAM,SONITPUR,301.0,BIHAGURI,Safe,3.15,14137.28,669044.36,343.79,
ASSAM,SONITPUR,301.0,BAGHMARA,Safe,9.51,6990.72,274348.06,483.92,
ASSAM,SONITPUR,301.0,SAKOMATHA,Safe,4.7,7330.56,211842.01,305.56,
ASSAM,TINSUKIA,302.0,SAIKHOWA,Safe,6.6,10548.75,171360.35,452.3,
ASSAM,TINSUKIA,302.0,HAPJAN,Safe,6.47,24771.24,344143.83,1132.97,
ASSAM,TINSUKIA,302.0,MARGHERITA,Safe,3.99,33298.11,501588.52,869.21,
ASSAM,TINSUKIA,302.0,SADIYA,Safe,1.63,33848.2,488420.18,487.96,
ASSAM,TINSUKIA,302.0,ITAKHULI,Safe,25.64,6199.73,95461.34,1043.77,
ASSAM,TINSUKIA,302.0,GUIJAN,Safe,5.86,12544.89,172998.84,550.78,
ASSAM,TINSUKIA,302.0,KAKOPATHAR,Safe,15.3,12566.09,171607.42,1257.76,
ASSAM,SIBSAGAR,300.0,AMGURI,Safe,6.18,4716.9,66186.46,146.09,
ASSAM,SIBSAGAR,300.0,LAKWA,Safe,12.23,2495.09,42919.52,154.25,
ASSAM,SIBSAGAR,300.0,SIBSAGAR,Safe,16.05,9944.16,153425.5,536.28,
ASSAM,SIBSAGAR,300.0,PACHIM ABHYAPURI,Safe,2.93,7873.23,112474.91,176.91,
ASSAM,SIBSAGAR,300.0,SAPEKHATI,Safe,7.45,11678.85,177889.08,413.33,
ASSAM,SIBSAGAR,300.0,SONARI,Safe,8.13,6954.49,131047.89,374.93,
ASSAM,SIBSAGAR,300.0,DEMOW,Safe,15.99,16802.14,263889.37,606.79,
ASSAM,SIBSAGAR,300.0,NAZIRA,Safe,13.79,7368.14,114812.86,451.7,
ASSAM,SIBSAGAR,300.0,GOURISAGAR,Safe,5.93,9429.38,155998.36,500.53,
ASSAM,LAKHIMPUR,295.0,LAKHIMPUR,Safe,14.15,10730.36,47048.37,564.39,
ASSAM,LAKHIMPUR,295.0,NARAYANPUR,Safe,4.4,17623.9,78963.22,581.21,
ASSAM,LAKHIMPUR,295.0,TELAHI,Safe,5.38,10908.35,60386.45,446.64,
ASSAM,LAKHIMPUR,295.0,BIHPURIA,Safe,9.58,6103.91,30200.24,459.78,
ASSAM,LAKHIMPUR,295.0,BOGINADI,Safe,7.02,15325.53,82254.33,479.12,
ASSAM,LAKHIMPUR,295.0,KARUNABARI,Safe,30.75,8634.49,44822.2,578.86,
ASSAM,LAKHIMPUR,295.0,NOWBOICHA,Safe,7.74,9471.63,54362.66,430.26,
ASSAM,LAKHIMPUR,295.0,DHAKUAKHANA,Safe,9.75,12240.24,62736.23,1074.37,
ASSAM,LAKHIMPUR,295.0,GHILAMARA,Safe,6.47,12822.24,62462.47,746.07,
ASSAM,MORIGAON,296.0,DULONGGHAT (PART),Safe,22.09,1796.48,59465.87,357.09,
ASSAM,MORIGAON,296.0,MAIRABARI (PART),Safe,34.61,3297.77,91073.5,1051.28,
ASSAM,MORIGAON,296.0,KAPILI (PART),Safe,23.02,1734.8,44589.13,301.2,
ASSAM,MORIGAON,296.0,LAHARIGHAT,Safe,25.7,9947.95,301797.13,2167.69,
ASSAM,MORIGAON,296.0,MAYANG,Safe,21.83,17288.19,491904.64,1789.81,
ASSAM,MORIGAON,296.0,BHURBANDHA,Safe,24.13,7594.07,222783.62,1230.1,
ASSAM,MORIGAON,296.0,BATADRABA (PART),Safe,39.18,132.93,4856.28,29.9,
ASSAM,DHUBRI,285.0,DEBITOLA (PART),Safe,50.22,3942.34,17084.58,1781.98,
ASSAM,DHUBRI,285.0,NAYERALGA,Safe,35.01,3875.75,23344.16,1190.65,
ASSAM,DHUBRI,285.0,JAMADARHAT,Safe,20.09,4001.56,22378.98,763.76,
ASSAM,DHUBRI,285.0,GAURIPUR,Safe,46.3,9136.26,59869.99,3616.3,
ASSAM,DHUBRI,285.0,GOLAKGANJ (PART),Safe,27.79,7086.11,44399.71,1542.7,
ASSAM,DHUBRI,285.0,HATIDHURA (PART),Safe,38.91,3869.62,27184.47,1298.47,
ASSAM,DHUBRI,285.0,MAHAMAYA (PART),Safe,34.7,7376.31,34828.74,2431.74,
ASSAM,DHUBRI,285.0,MANKACHAR,Safe,16.92,4333.21,32709.2,659.96,
ASSAM,DHUBRI,285.0,RUPSI (PART),Safe,31.84,7399.03,44088.21,1826.87,
ASSAM,DHUBRI,285.0,SOUTH SALMARA,Safe,9.42,6525.69,46621.66,553.27,
ASSAM,DHUBRI,285.0,BIRSHINGJARUA,Safe,15.16,18625.12,150225.73,2540.54,
ASSAM,DHUBRI,285.0,AGAMONI,Safe,35.98,8294.89,53202.0,2436.1,
ASSAM,DHUBRI,285.0,CHAPAR-SALKOCHA (PART),Safe,13.35,12983.35,88353.06,1512.77,
ASSAM,DHUBRI,285.0,BILASIPARA (PART),Safe,28.33,6681.8,43440.95,1664.87,
ASSAM,DHUBRI,285.0,FEKAMARI,Safe,11.15,7841.77,55966.4,786.82,
ASSAM,NAGAON,297.0,BARHAMPUR,Safe,8.98,3798.51,54851.79,243.4,
ASSAM,NAGAON,297.0,BATADRABA (PART),Safe,24.52,3254.94,39609.48,632.57,
ASSAM,NAGAON,297.0,DHAL PUKHURI,Safe,21.93,8019.91,90119.55,1156.8,
ASSAM,NAGAON,297.0,DULONGGHAT (PART),Safe,4.95,1655.73,22545.18,72.87,
ASSAM,NAGAON,297.0,JURIA,Safe,27.54,4196.12,50700.11,625.09,
ASSAM,NAGAON,297.0,KAPILI (PART),Safe,3.68,2669.88,38077.85,28.13,
ASSAM,NAGAON,297.0,KHAGORIJAN,Safe,31.49,2311.94,35099.26,504.1,
ASSAM,NAGAON,297.0,LAOKHOWA,Safe,47.96,1742.61,25662.25,671.49,
ASSAM,NAGAON,297.0,PAKHIMARIA,Safe,15.74,1645.4,23948.09,148.85,
ASSAM,NAGAON,297.0,RAHA,Safe,6.53,4706.93,88192.19,214.47,
ASSAM,NAGAON,297.0,RUPAHI,Safe,18.36,5801.44,54679.79,747.41,
ASSAM,NAGAON,297.0,UDALI,Safe,11.67,4661.77,58129.84,464.07,
ASSAM,NAGAON,297.0,BAJIAGAON,Safe,20.01,6731.93,60556.91,915.92,
ASSAM,NAGAON,297.0,LUMDING,Safe,1.97,15151.42,194091.49,273.68,
ASSAM,NAGAON,297.0,PACHIM-KALIABOR,Safe,3.2,4387.82,59679.6,122.19,
ASSAM,NAGAON,297.0,JUGIJAN,Safe,19.14,6669.65,90953.02,786.95,
ASSAM,NAGAON,297.0,BINNAKANDI,Safe,16.26,6715.27,65008.17,626.32,
ASSAM,NAGAON,297.0,KATHIATOLI,Safe,8.11,7714.21,119707.6,433.98,
ASSAM,NAGAON,297.0,KALIABOR,Safe,5.94,4431.72,50475.51,238.32,
ASSAM,NAGAON,297.0,MAIRABARI (PART),Safe,36.92,2017.28,26091.19,621.75,
ASSAM,DIMA HASAO,299.0,DIYUNGBRA,Safe,0.3,7903.12,98489.81,21.04,
ASSAM,DIMA HASAO,299.0,NEW SANGBAR,Safe,0.62,6687.8,83338.02,37.24,
ASSAM,DIMA HASAO,299.0,HARANGAJAO,Safe,1.48,6163.17,61778.85,82.17,
ASSAM,DIMA HASAO,299.0,JATINGA VALLEY,Safe,3.78,1246.2,15179.58,42.45,
ASSAM,DIMA HASAO,299.0,DIYUNG VALLEY,Safe,0.57,11949.8,123218.82,60.84,
ASSAM,CHIRANG,612.0,CHAKCHAKA (PART),Safe,7.24,247.11,3641.26,15.29,
ASSAM,CHIRANG,612.0,MANIKPUR (PART),Safe,16.42,5051.34,75504.04,646.93,
ASSAM,CHIRANG,612.0,SIDLI-CHIRANG (PART),Safe,1.13,60344.22,763683.01,594.42,
ASSAM,CHIRANG,612.0,GOBARDHANA (PART),Safe,8.19,65.28,994.24,4.58,
ASSAM,CHIRANG,612.0,BOROBAZAR,Safe,1.86,52414.28,677680.2,861.77,
ASSAM,DIBRUGARH,286.0,TINGKHONG,Safe,4.83,14392.37,474499.22,430.35,
ASSAM,DIBRUGARH,286.0,BARBARUAH,Safe,2.67,17862.0,709692.13,421.67,
ASSAM,DIBRUGARH,286.0,JOYPUR,Safe,6.53,18247.73,517783.76,559.76,
ASSAM,DIBRUGARH,286.0,TENGAKHAT,Safe,6.11,13750.89,436829.7,570.64,
ASSAM,DIBRUGARH,286.0,PANITOLA,Safe,8.06,7199.3,233077.36,319.21,
ASSAM,DIBRUGARH,286.0,LAHOAL,Safe,2.79,28706.47,1062930.37,681.59,
ASSAM,DIBRUGARH,286.0,KHOWANG,Safe,3.95,15154.85,514077.39,376.72,
ASSAM,GOALPARA,287.0,BALIJANA,Safe,5.58,9959.13,132331.39,463.59,
ASSAM,GOALPARA,287.0,JALESWAR,Safe,30.61,10675.26,133523.47,2680.19,
ASSAM,GOALPARA,287.0,KHARMUZA,Safe,17.06,8612.76,102717.76,1229.76,
ASSAM,GOALPARA,287.0,KRISHNAI,Safe,9.13,10668.76,125455.39,751.1,
ASSAM,GOALPARA,287.0,KUCHDHOWA,Safe,7.87,8847.94,110534.15,465.1,
ASSAM,GOALPARA,287.0,MATIA,Safe,27.24,11327.09,131943.11,2461.98,
ASSAM,GOALPARA,287.0,RONGJULI,Safe,7.94,12151.91,145765.35,759.5,
ASSAM,GOALPARA,287.0,LAKHIPUR,Safe,11.16,12409.25,147435.87,1078.71,
ASSAM,UDALGURI,617.0,BARCHALA,Safe,5.22,2263.47,57492.41,57.48,
ASSAM,UDALGURI,617.0,BECHIMARI (PART),Safe,6.19,1778.66,46730.12,70.32,
ASSAM,UDALGURI,617.0,PACHIM-MANGALDAI,Safe,1.27,781.2,2170.3,8.9,
ASSAM,UDALGURI,617.0,PUB-MANGALDAI (PART),Safe,1.74,1980.48,29072.23,23.06,
ASSAM,UDALGURI,617.0,KHOIRABARI (PART),Safe,3.73,5589.43,68811.78,169.64,
ASSAM,UDALGURI,617.0,BHERGAON,Safe,3.18,17029.77,352198.44,364.25,
ASSAM,UDALGURI,617.0,ROWTA,Safe,7.81,3627.58,91761.02,200.82,
ASSAM,UDALGURI,617.0,KALAIGAON (PART),Safe,3.31,8411.09,132669.54,218.39,
ASSAM,UDALGURI,617.0,UDALGURI,Safe,3.7,23147.79,461223.33,516.15,
ASSAM,UDALGURI,617.0,MAJBAT,Safe,2.64,15224.32,314490.1,262.67,
ASSAM,BAKSA,616.0,BAKSA,Safe,2.45,17973.77,232871.39,344.43,
ASSAM,BAKSA,616.0,BARAMA,Safe,5.25,4760.18,77120.29,197.1,
ASSAM,BAKSA,616.0,DHAMDHAMA,Safe,1.98,13065.0,141664.18,224.49,
ASSAM,BAKSA,616.0,TAMULPUR,Safe,4.25,13537.4,261093.13,450.33,
ASSAM,BAKSA,616.0,NAGRIJULI,Safe,3.18,8688.17,159365.61,229.8,
ASSAM,BAKSA,616.0,TIHU-BARAMA,Safe,5.35,1398.19,28783.45,40.18,
ASSAM,BAKSA,616.0,TIHU (PART),Safe,3.27,245.29,5016.34,5.23,
ASSAM,BAKSA,616.0,GOBARDHANA (PART),Safe,4.5,13293.34,303494.27,482.43,
ASSAM,BAKSA,616.0,JALAH,Safe,3.36,21642.8,448490.21,512.6,
ASSAM,BAKSA,616.0,GORESWAR,Safe,2.96,18621.67,235674.63,441.0,
ASSAM,CACHAR,282.0,LAKHIPUR,Safe,2.83,3164.0,17580.77,46.15,
ASSAM,CACHAR,282.0,SILCHAR,Safe,15.14,2174.86,11603.48,149.19,
ASSAM,CACHAR,282.0,BARJALENGA,Safe,3.68,4578.26,27122.96,91.57,
ASSAM,CACHAR,282.0,BASKANDI,Safe,14.86,2009.14,11969.29,61.38,
ASSAM,CACHAR,282.0,KATIGORAH,Safe,3.29,4241.0,21634.07,96.24,
ASSAM,CACHAR,282.0,SALCHAPRA,Safe,12.71,2434.34,11735.56,72.39,
ASSAM,CACHAR,282.0,TAPANG,Safe,4.48,4193.3,22306.31,56.16,
ASSAM,CACHAR,282.0,BINNAKANDI,Safe,1.55,7751.11,38664.3,67.88,
ASSAM,CACHAR,282.0,BORKHOLA,Safe,3.85,6677.17,34552.31,120.8,
ASSAM,CACHAR,282.0,PALONGHAT,Safe,6.03,3904.01,19577.16,79.73,
ASSAM,CACHAR,282.0,KALAIN,Safe,3.82,7617.11,34244.94,169.03,
ASSAM,CACHAR,282.0,SONAI,Safe,5.56,5185.54,24158.02,131.69,
ASSAM,CACHAR,282.0,RAJABAZAR,Safe,1.04,10178.33,59687.62,91.09,
ASSAM,CACHAR,282.0,UDARBOND,Safe,3.92,6094.82,37520.97,145.65,
ASSAM,CACHAR,282.0,NARSINGPUR,Safe,7.06,11887.16,56020.41,159.91,
ASSAM,GOLAGHAT,288.0,GAMARIGURI,Safe,7.45,6804.2,79115.21,227.06,
ASSAM,GOLAGHAT,288.0,GOLAGHAT NORTH,Safe,18.29,4464.17,31914.9,734.95,
ASSAM,GOLAGHAT,288.0,GOLAGHAT WEST,Safe,6.73,28477.57,279976.71,1733.86,
ASSAM,GOLAGHAT,288.0,MORONGI,Safe,5.54,6175.14,85260.43,286.86,
ASSAM,GOLAGHAT,288.0,KAKODONGA,Safe,13.91,2701.1,27507.78,338.16,
ASSAM,GOLAGHAT,288.0,GOLAGHAT CENTRAL,Safe,6.4,7455.39,66158.49,408.86,
ASSAM,GOLAGHAT,288.0,GOLAGHAT SOUTH,Safe,2.85,24351.37,214816.38,631.3,
ASSAM,GOLAGHAT,288.0,GOLAGHAT EAST,Safe,2.38,11750.76,106884.78,239.02,
ASSAM,BARPETA,280.0,BARPETA,Safe,33.19,10786.8,71431.96,3084.68,
ASSAM,BARPETA,280.0,CHAKCHAKA (PART),Safe,41.89,3920.13,24953.76,1213.66,
ASSAM,BARPETA,280.0,CHENGA,Safe,31.27,10221.33,71955.07,2853.6,
ASSAM,BARPETA,280.0,GOBARDHANA (PART),Safe,12.67,2241.91,16606.51,201.17,
ASSAM,BARPETA,280.0,GOMAPHULBARI,Safe,21.79,8598.1,56541.11,1638.29,
ASSAM,BARPETA,280.0,MANDIA,Safe,31.28,29338.96,213526.73,8258.86,
ASSAM,BARPETA,280.0,RUPOSHI,Safe,40.51,9290.35,58312.42,3189.53,
ASSAM,BARPETA,280.0,SARUKHETRI,Safe,41.81,5991.04,41146.4,2048.33,
ASSAM,BARPETA,280.0,BAJALI,Safe,6.95,8224.6,58135.72,397.77,
ASSAM,BARPETA,280.0,PAKABETBARI,Safe,37.52,6200.45,41714.04,1977.69,
ASSAM,BARPETA,280.0,BHABANIPUR,Safe,20.74,13892.59,107857.17,2121.72,
ASSAM,BARPETA,280.0,JALAH (PART),Safe,1.08,6863.4,50294.51,52.45,
ASSAM,KARIMGANJ,293.0,BADARPUR,Safe,9.29,4486.32,22971.94,242.88,
ASSAM,KARIMGANJ,293.0,DULLAVCHERRA,Safe,3.06,15106.91,71546.46,310.2,
ASSAM,KARIMGANJ,293.0,NORTH KARIMGANJ,Safe,6.82,3639.79,19418.89,223.26,
ASSAM,KARIMGANJ,293.0,RAMKRISHNA NAGAR,Safe,5.05,6669.89,28954.5,174.42,
ASSAM,KARIMGANJ,293.0,LOWAIRPOA,Safe,2.52,14102.94,65439.14,171.43,
ASSAM,KARIMGANJ,293.0,SOUTH KARIMGANJ,Safe,8.17,6867.03,33157.6,367.29,
ASSAM,KARIMGANJ,293.0,PATHARKANDI,Safe,12.01,7294.38,33207.21,247.48,
JHARKHAND,GODDA,330.0,BASANTRAY,Safe,13.33,2312.98,6432.04,277.56,
JHARKHAND,GODDA,330.0,BOARIJOR,Safe,29.53,3983.85,19526.87,1058.63,
JHARKHAND,GODDA,330.0,GODDA,Safe,15.31,6430.11,22445.32,886.14,
JHARKHAND,GODDA,330.0,MAHAGAMA,Safe,14.42,3695.69,10919.36,506.22,
JHARKHAND,GODDA,330.0,MEHARMA,Safe,18.9,3347.84,9524.21,569.32,
JHARKHAND,GODDA,330.0,PATHARGAMA,Safe,11.32,3952.3,11110.7,402.49,
JHARKHAND,GODDA,330.0,PORAIYAHAT,Safe,16.27,6050.39,25516.76,885.79,
JHARKHAND,GODDA,330.0,SUNDERPAHARI,Safe,11.46,4496.53,18653.98,463.61,
JHARKHAND,GODDA,330.0,THAKURGANGTI,Safe,21.37,2395.48,6357.59,460.73,
JHARKHAND,GIRIDIH,329.0,BENGABAD,Safe,33.34,3383.09,21864.65,1071.62,
JHARKHAND,GIRIDIH,329.0,BAGODAR,Safe,25.29,1975.97,14237.76,474.65,
JHARKHAND,GIRIDIH,329.0,BIRNI,Safe,51.49,2563.67,16569.43,1188.11,
JHARKHAND,GIRIDIH,329.0,DEORI,Safe,20.11,4549.15,23750.28,869.22,
JHARKHAND,GIRIDIH,329.0,DHANWAR,Safe,68.58,2948.78,19061.97,1820.0,
JHARKHAND,GIRIDIH,329.0,DUMRI,Safe,32.1,3047.37,20532.45,929.37,
JHARKHAND,GIRIDIH,329.0,GANDE,Safe,33.95,3288.39,19259.19,1004.76,
JHARKHAND,GIRIDIH,329.0,GAWAN,Safe,39.93,5731.05,18336.78,2059.7,
JHARKHAND,GIRIDIH,329.0,GIRIDIH,Semi-critical,71.63,3638.05,22051.05,2475.59,
JHARKHAND,GIRIDIH,329.0,JAMUA,Safe,44.61,4042.6,24510.52,1623.18,
JHARKHAND,GIRIDIH,329.0,PIRTANR,Safe,19.79,3340.25,16690.91,627.95,
JHARKHAND,GIRIDIH,329.0,SARAIYA,Safe,24.19,2745.85,13525.2,597.79,
JHARKHAND,GIRIDIH,329.0,TISRI,Safe,8.75,5669.68,23815.96,471.16,
JHARKHAND,SIMDEGA,342.0,JALDEGA,Safe,13.8,3076.69,23039.0,382.14,
JHARKHAND,SIMDEGA,342.0,KERSAI,Safe,20.02,1745.55,12295.65,314.56,
JHARKHAND,SIMDEGA,342.0,KOLEBIRA,Safe,15.48,3164.51,22542.35,440.97,
JHARKHAND,SIMDEGA,342.0,BANO,Safe,29.16,3907.37,25335.93,1025.62,
JHARKHAND,SIMDEGA,342.0,BANSJOR,Safe,20.38,1016.88,7250.31,186.47,
JHARKHAND,SIMDEGA,342.0,BOLBA,Safe,12.6,2089.36,15298.64,236.88,
JHARKHAND,SIMDEGA,342.0,KURDEG,Safe,19.37,1947.04,14195.39,339.4,
JHARKHAND,SIMDEGA,342.0,PAKARDANR,Safe,14.1,1829.97,12932.55,232.17,
JHARKHAND,SIMDEGA,342.0,SIMDEGA,Safe,16.96,3275.42,23769.92,500.01,
JHARKHAND,SIMDEGA,342.0,THETAITANGAR,Safe,17.97,4593.77,33989.64,742.96,
JHARKHAND,GARHWA,328.0,BHANDARIA,Safe,10.91,2884.21,16139.25,283.18,
JHARKHAND,GARHWA,328.0,BHAVNATHPUR,Safe,52.48,4703.18,16230.23,2221.58,
JHARKHAND,GARHWA,328.0,BISHUNPURA,Safe,20.59,1433.83,4359.7,280.51,
JHARKHAND,GARHWA,328.0,CHINIA,Safe,28.12,1646.98,13704.32,416.8,
JHARKHAND,GARHWA,328.0,DANDA,Safe,29.89,277.58,1756.06,78.81,
JHARKHAND,GARHWA,328.0,DANDAI,Safe,47.83,911.65,7206.26,392.4,
JHARKHAND,GARHWA,328.0,DHURKI,Safe,39.75,1540.84,11979.58,551.2,
JHARKHAND,GARHWA,328.0,GARHWA,Safe,25.81,2918.69,15861.64,715.52,
JHARKHAND,GARHWA,328.0,BARDIHA,Safe,15.85,1787.61,6034.69,255.01,
JHARKHAND,GARHWA,328.0,BARGAD,Safe,16.71,1739.56,14019.41,276.14,
JHARKHAND,GARHWA,328.0,KANDI,Safe,9.58,3637.73,11316.66,313.62,
JHARKHAND,GARHWA,328.0,KETAR,Safe,37.77,2048.89,8390.29,735.12,
JHARKHAND,GARHWA,328.0,KHARAUNDHI,Safe,44.88,1601.21,7239.47,646.81,
JHARKHAND,GARHWA,328.0,MAJHIAON,Safe,27.41,1643.38,7966.06,427.86,
JHARKHAND,GARHWA,328.0,MERAL,Safe,39.35,2749.4,13991.28,973.7,
JHARKHAND,GARHWA,328.0,NAGAR UNTARI,Safe,40.21,2681.02,11378.44,970.24,
JHARKHAND,GARHWA,328.0,RAMKANDA,Safe,22.47,1594.56,11358.58,322.41,
JHARKHAND,GARHWA,328.0,RAMNA,Safe,36.28,1819.63,9128.68,627.09,
JHARKHAND,GARHWA,328.0,RANKA,Safe,34.64,2699.07,20554.93,841.44,
JHARKHAND,GARHWA,328.0,SAGMA,Safe,61.5,668.51,4158.92,390.61,
JHARKHAND,PAKUR,337.0,HIRANPUR,Safe,15.69,2713.34,10329.95,383.15,
JHARKHAND,PAKUR,337.0,MAHESHPUR,Safe,27.02,7385.5,27314.91,1796.05,
JHARKHAND,PAKUR,337.0,PAKUR,Safe,21.31,5367.89,13873.78,1029.66,
JHARKHAND,PAKUR,337.0,PAKURIA,Safe,14.31,4870.05,18022.74,662.22,
JHARKHAND,PAKUR,337.0,LITTIPARA,Safe,6.25,5672.41,21751.54,319.04,
JHARKHAND,PAKUR,337.0,AMRAPARA,Safe,11.2,3766.42,15947.98,379.6,
JHARKHAND,RAMGARH,607.0,CHITARPUR,Over-exploited,112.51,837.06,3767.3,847.64,
JHARKHAND,RAMGARH,607.0,DULMI,Safe,67.69,783.01,5591.92,476.99,
JHARKHAND,RAMGARH,607.0,GOLA,Safe,52.4,2410.25,16292.94,1136.76,
JHARKHAND,RAMGARH,607.0,MANDU,Safe,68.54,4662.37,20335.63,2876.14,
JHARKHAND,RAMGARH,607.0,PATRATU,Safe,64.85,2551.03,13603.11,1488.83,
JHARKHAND,RAMGARH,607.0,RAMGARH,Semi-critical,80.52,1628.3,11773.22,1180.06,
JHARKHAND,SAHIBGANJ,340.0,BARHAIT,Safe,5.65,8026.71,38037.16,431.2,
JHARKHAND,SAHIBGANJ,340.0,BARHARWA,Safe,17.63,5005.28,37188.88,794.23,
JHARKHAND,SAHIBGANJ,340.0,BORIO,Safe,6.12,5849.46,29414.17,322.44,
JHARKHAND,SAHIBGANJ,340.0,MANDRO,Safe,15.92,3435.34,19735.25,492.12,
JHARKHAND,SAHIBGANJ,340.0,PATHNA,Safe,9.38,4381.81,21308.49,370.04,
JHARKHAND,SAHIBGANJ,340.0,RAJMAHAL,Safe,4.78,10838.31,71098.48,466.33,
JHARKHAND,SAHIBGANJ,340.0,SAHIBGANJ,Safe,20.57,5973.55,37941.13,1105.72,
JHARKHAND,SAHIBGANJ,340.0,TALJHARI,Safe,7.83,3666.52,23684.74,258.45,
JHARKHAND,SAHIBGANJ,340.0,UDHUA,Safe,26.42,3699.35,20994.53,879.77,
JHARKHAND,EAST SINGHBHUM,327.0,BAHARAGORA,Safe,12.11,10809.72,30157.62,1177.96,
JHARKHAND,EAST SINGHBHUM,327.0,BORAM,Safe,21.31,2182.0,12625.37,418.48,
JHARKHAND,EAST SINGHBHUM,327.0,CHAKULIA,Safe,6.92,10190.08,28927.61,634.34,
JHARKHAND,EAST SINGHBHUM,327.0,DHALBHUMGARH,Safe,16.08,2479.25,11370.71,358.79,
JHARKHAND,EAST SINGHBHUM,327.0,DUMARIA,Safe,12.63,1679.57,15096.84,190.86,
JHARKHAND,EAST SINGHBHUM,327.0,GHATSHILA,Safe,22.25,2295.14,18477.91,459.55,
JHARKHAND,EAST SINGHBHUM,327.0,GOLMURI CUM JUGSALAI,Critical,91.8,1683.92,15788.34,1391.21,
JHARKHAND,EAST SINGHBHUM,327.0,GURBANDA,Safe,5.46,2006.93,11969.12,98.54,
JHARKHAND,EAST SINGHBHUM,327.0,JAMSHEDPUR URBAN,Over-exploited,134.73,2238.42,7604.05,2865.03,
JHARKHAND,EAST SINGHBHUM,327.0,MUSABANI,Safe,62.62,1287.56,12842.81,725.6,
JHARKHAND,EAST SINGHBHUM,327.0,PATAMDA,Safe,20.38,1928.45,14347.98,373.39,
JHARKHAND,EAST SINGHBHUM,327.0,POTKA,Safe,23.69,3752.85,34262.88,800.25,
JHARKHAND,DUMKA,326.0,JARMUNDI,Safe,39.13,3434.47,21951.55,1209.4,
JHARKHAND,DUMKA,326.0,KATHIKUND,Safe,8.66,3322.53,16446.09,258.82,
JHARKHAND,DUMKA,326.0,MASLIYA,Safe,23.02,3665.19,23866.92,759.32,
JHARKHAND,DUMKA,326.0,RANISWAR,Safe,20.06,2202.02,19222.37,397.6,
JHARKHAND,DUMKA,326.0,SARAIYAHAT,Safe,30.02,2924.88,16427.19,790.33,
JHARKHAND,DUMKA,326.0,SHIKARIPARA,Safe,11.38,5034.01,23399.44,515.48,
JHARKHAND,DUMKA,326.0,DUMKA,Safe,37.83,2797.98,20366.32,952.57,
JHARKHAND,DUMKA,326.0,GOPIKANDER,Safe,15.05,2648.83,11823.99,358.77,
JHARKHAND,DUMKA,326.0,JAMA,Safe,36.11,3348.82,20198.84,1088.29,
JHARKHAND,DUMKA,326.0,RAMGARH,Safe,19.92,4252.88,25368.72,762.49,
JHARKHAND,WEST SINGHBHUM,343.0,KHUNTPANI,Safe,13.45,2439.5,17336.51,311.73,
JHARKHAND,WEST SINGHBHUM,343.0,KUMARDUNGI,Safe,12.55,2256.78,14267.66,268.97,
JHARKHAND,WEST SINGHBHUM,343.0,MAJHGAON,Safe,12.28,2353.06,14591.11,274.61,
JHARKHAND,WEST SINGHBHUM,343.0,MANJHARI,Safe,9.15,2384.89,15027.07,207.37,
JHARKHAND,WEST SINGHBHUM,343.0,MANOHARPUR,Safe,17.78,4294.71,33480.37,725.42,
JHARKHAND,WEST SINGHBHUM,343.0,NOAMUNDI,Safe,11.66,3037.6,27650.8,318.89,
JHARKHAND,WEST SINGHBHUM,343.0,SONUA,Safe,26.37,1645.41,10572.84,412.16,
JHARKHAND,WEST SINGHBHUM,343.0,TANTNAGAR,Safe,17.21,1545.38,10465.29,239.39,
JHARKHAND,WEST SINGHBHUM,343.0,ANANDPUR,Safe,22.09,1769.5,12581.47,371.32,
JHARKHAND,WEST SINGHBHUM,343.0,BANDGAON,Safe,19.95,2719.29,21826.67,488.2,
JHARKHAND,WEST SINGHBHUM,343.0,CHAIBASA,Safe,23.61,2029.51,9701.23,431.31,
JHARKHAND,WEST SINGHBHUM,343.0,CHAKRADHARPUR,Safe,24.63,3040.34,17989.88,711.43,
JHARKHAND,WEST SINGHBHUM,343.0,GOELKERA,Safe,20.22,2549.16,19182.22,463.89,
JHARKHAND,WEST SINGHBHUM,343.0,GUDRI,Safe,13.83,1516.13,12303.91,188.71,
JHARKHAND,WEST SINGHBHUM,343.0,HATGAMHARIYA,Safe,12.15,2866.47,14601.53,313.45,
JHARKHAND,WEST SINGHBHUM,343.0,JAGANNATHPUR,Safe,18.41,2853.2,16481.3,499.01,
JHARKHAND,WEST SINGHBHUM,343.0,JHINKPANI,Safe,27.35,1125.31,6779.14,292.34,
JHARKHAND,WEST SINGHBHUM,343.0,TONTO,Safe,6.81,4223.53,24971.22,259.0,
JHARKHAND,KHUNTI,606.0,ERKI,Safe,23.22,2759.24,28401.06,576.75,
JHARKHAND,KHUNTI,606.0,KARRA,Safe,23.24,3768.69,27434.79,788.39,
JHARKHAND,KHUNTI,606.0,KHUNTI,Safe,18.16,3127.13,24154.46,511.01,
JHARKHAND,KHUNTI,606.0,MURHU,Safe,25.13,2787.25,21058.08,630.44,
JHARKHAND,KHUNTI,606.0,RANIA,Safe,31.8,2145.04,12648.47,613.95,
JHARKHAND,KHUNTI,606.0,TORPA,Safe,18.73,3144.89,22977.24,530.15,
JHARKHAND,JAMTARA,333.0,KUNDAHIT,Safe,38.74,2740.0,16452.79,955.42,
JHARKHAND,JAMTARA,333.0,NALA,Safe,28.42,3746.23,23159.44,958.05,
JHARKHAND,JAMTARA,333.0,NARAYANPUR,Safe,49.31,2782.12,15391.64,1234.76,
JHARKHAND,JAMTARA,333.0,KARMATANR VIDYASAGAR,Safe,56.37,1838.1,9414.28,984.35,
JHARKHAND,JAMTARA,333.0,FATEHPUR,Safe,48.83,2758.64,15099.44,1279.79,
JHARKHAND,JAMTARA,333.0,JAMTARA,Safe,33.51,3257.55,18378.65,982.42,
JHARKHAND,KODERMA,334.0,CHANDWARA,Safe,66.77,1616.5,11669.53,971.43,
JHARKHAND,KODERMA,334.0,DOMCHANCH,Safe,22.26,2714.67,16791.19,543.79,
JHARKHAND,KODERMA,334.0,MARKACHO,Safe,22.64,1564.14,11527.3,318.73,
JHARKHAND,KODERMA,334.0,SATGAWAN,Safe,46.39,1598.51,8633.32,667.37,
JHARKHAND,KODERMA,334.0,JAINAGAR,Semi-critical,79.86,1590.68,10565.62,1143.27,
JHARKHAND,KODERMA,334.0,KODERMA,Safe,42.59,2274.22,11743.26,920.15,
JHARKHAND,LATEHAR,335.0,BALUMATH,Safe,31.83,4228.26,17460.1,1278.61,
JHARKHAND,LATEHAR,335.0,BARIATU,Safe,24.87,2932.11,16302.19,656.34,
JHARKHAND,LATEHAR,335.0,BARWADIH,Safe,23.86,5027.56,28741.45,1139.67,
JHARKHAND,LATEHAR,335.0,CHANDWA,Safe,22.22,6018.47,28812.39,1270.54,
JHARKHAND,LATEHAR,335.0,GARU,Safe,35.07,2091.91,15603.34,660.36,
JHARKHAND,LATEHAR,335.0,HERHANJ,Safe,21.57,2001.29,12794.81,388.48,
JHARKHAND,LATEHAR,335.0,LATEHAR,Safe,32.22,3878.79,23676.02,1124.6,
JHARKHAND,LATEHAR,335.0,MAHUADANR,Safe,9.06,6459.86,27562.37,526.8,
JHARKHAND,LATEHAR,335.0,MANIKA,Safe,24.04,3808.88,19939.66,869.72,
JHARKHAND,LATEHAR,335.0,SARYU,Safe,29.01,656.83,5283.31,171.51,
JHARKHAND,LOHARDAGA,336.0,BHANDRA,Safe,21.06,2369.41,13178.28,449.03,
JHARKHAND,LOHARDAGA,336.0,KARRO,Safe,20.73,1545.67,8175.92,288.39,
JHARKHAND,LOHARDAGA,336.0,KISKO,Safe,21.94,2987.35,12817.36,589.8,
JHARKHAND,LOHARDAGA,336.0,KURU,Safe,29.67,2484.8,16111.76,663.51,
JHARKHAND,LOHARDAGA,336.0,LOHARDAGA,Safe,18.56,3910.94,14807.82,653.33,
JHARKHAND,LOHARDAGA,336.0,PESHRAR,Safe,14.55,1988.96,19381.37,260.42,
JHARKHAND,LOHARDAGA,336.0,SENHA,Safe,13.93,4268.5,17165.47,535.22,
JHARKHAND,PALAMU,338.0,MOHAMADGANJ,Safe,35.43,1311.82,5570.07,441.57,
JHARKHAND,PALAMU,338.0,TARHASI,Safe,37.77,1946.86,9393.13,661.77,
JHARKHAND,PALAMU,338.0,UTARIROR,Safe,31.64,583.64,4206.96,175.41,
JHARKHAND,PALAMU,338.0,BISHRAMPUR,Safe,32.48,1536.46,10461.1,474.03,
JHARKHAND,PALAMU,338.0,CHAINPUR,Safe,40.08,2763.69,20242.74,996.95,
JHARKHAND,PALAMU,338.0,CHHATARPUR,Safe,47.3,2549.94,20420.16,1085.61,
JHARKHAND,PALAMU,338.0,DALTONGANJ,Safe,36.76,2270.63,8464.55,751.22,
JHARKHAND,PALAMU,338.0,HARIHARGANJ,Safe,41.74,952.33,5669.07,377.59,
JHARKHAND,PALAMU,338.0,HUSSAINABAD,Safe,14.04,4889.71,17087.58,617.91,
JHARKHAND,PALAMU,338.0,LESLIEGANJ,Safe,52.6,1672.45,9885.81,791.7,
JHARKHAND,PALAMU,338.0,MANATU,Safe,30.62,2116.44,14244.62,615.66,
JHARKHAND,PALAMU,338.0,NAWABAZAR,Safe,33.95,1363.06,7648.87,439.57,
JHARKHAND,PALAMU,338.0,NAUDIHA BAZAR,Safe,44.49,1444.79,10524.16,578.45,
JHARKHAND,PALAMU,338.0,PANDU,Safe,30.92,1077.08,7032.09,299.75,
JHARKHAND,PALAMU,338.0,PANDWA,Safe,64.59,822.75,3983.52,504.87,
JHARKHAND,PALAMU,338.0,SATBARWA,Safe,40.18,1103.96,7060.66,421.35,
JHARKHAND,PALAMU,338.0,MEDININAGAR M.C.,Safe,26.52,1499.59,2596.89,357.95,
JHARKHAND,PALAMU,338.0,PANKI,Safe,34.22,4220.35,22653.11,1299.67,
JHARKHAND,PALAMU,338.0,PATAN,Safe,31.22,2437.79,14754.57,723.06,
JHARKHAND,PALAMU,338.0,PIPRA,Safe,27.72,977.87,4772.17,243.96,
JHARKHAND,PALAMU,338.0,RAMGARH,Safe,21.73,1254.35,12291.97,245.31,
JHARKHAND,PALAMU,338.0,HAIDARNAGAR,Safe,11.96,1885.1,5839.6,202.91,
JHARKHAND,RANCHI,339.0,SONAHATU,Safe,28.62,2313.12,15816.66,629.02,
JHARKHAND,RANCHI,339.0,TAMAR,Safe,13.35,3505.35,21995.97,444.63,
JHARKHAND,RANCHI,339.0,ANGARA,Safe,31.11,2587.1,19390.58,724.44,
JHARKHAND,RANCHI,339.0,BERO,Safe,36.69,5439.37,17942.68,1796.35,
JHARKHAND,RANCHI,339.0,BUNDU,Safe,18.86,2464.38,12761.54,418.3,
JHARKHAND,RANCHI,339.0,LAPUNG,Safe,35.94,2333.27,16104.16,754.69,
JHARKHAND,RANCHI,339.0,MANDAR,Safe,16.68,5657.39,16828.77,849.04,
JHARKHAND,RANCHI,339.0,NAGRI,Safe,17.39,2882.14,8429.4,451.04,
JHARKHAND,RANCHI,339.0,NAMKUM,Safe,41.56,3083.4,21384.3,1153.37,
JHARKHAND,RANCHI,339.0,ORMANJHI,Semi-critical,80.88,1641.67,10946.77,1194.95,
JHARKHAND,RANCHI,339.0,RAHE,Safe,43.83,1219.15,8919.69,480.88,
JHARKHAND,RANCHI,339.0,RATU,Safe,23.13,2657.96,7585.19,553.34,
JHARKHAND,RANCHI,339.0,SILI,Critical,96.53,2180.19,13463.56,1894.01,
JHARKHAND,RANCHI,339.0,RANCHI M.C.,Critical,92.56,3152.28,10820.17,2625.96,
JHARKHAND,RANCHI,339.0,BURMU,Safe,24.99,2680.49,15577.44,636.47,
JHARKHAND,RANCHI,339.0,CHANHO,Safe,27.91,2344.08,15537.55,588.87,
JHARKHAND,RANCHI,339.0,ITKI,Safe,20.36,2268.2,6036.71,415.54,
JHARKHAND,RANCHI,339.0,KANKE,Safe,42.44,3178.73,19529.95,1214.05,
JHARKHAND,RANCHI,339.0,KHELARI,Critical,98.89,1944.74,7557.38,1827.03,
JHARKHAND,SARAIKELA KHARSAWAN,341.0,GOBINDPUR (RAJNAGAR),Safe,10.3,4229.3,22766.0,391.9,
JHARKHAND,SARAIKELA KHARSAWAN,341.0,ICHAGARH,Safe,17.52,1907.32,19967.63,317.47,
JHARKHAND,SARAIKELA KHARSAWAN,341.0,KHARSAWAN,Safe,25.75,1617.32,11454.59,374.8,
JHARKHAND,SARAIKELA KHARSAWAN,341.0,KUCHAI,Safe,16.1,1863.85,18864.59,270.07,
JHARKHAND,SARAIKELA KHARSAWAN,341.0,KUKRU,Safe,22.91,1123.94,10689.96,244.63,
JHARKHAND,SARAIKELA KHARSAWAN,341.0,NIMDIH,Safe,20.33,1817.84,16220.73,351.14,
JHARKHAND,SARAIKELA KHARSAWAN,341.0,SARAIKELA,Safe,68.7,2103.12,14129.56,1300.4,
JHARKHAND,SARAIKELA KHARSAWAN,341.0,CHANDIL,Safe,33.45,2141.69,19920.1,680.57,
JHARKHAND,SARAIKELA KHARSAWAN,341.0,ADITYAPUR - GAMHARIYA,Safe,61.83,2739.09,27547.68,1608.88,
JHARKHAND,HAZARIBAGH,332.0,BARKAGAON,Safe,23.42,4898.49,21065.92,1032.37,
JHARKHAND,HAZARIBAGH,332.0,BARHI,Safe,32.73,3620.47,17437.84,1066.33,
JHARKHAND,HAZARIBAGH,332.0,BARKATHA,Safe,47.69,2123.67,13770.42,962.05,
JHARKHAND,HAZARIBAGH,332.0,BISHNUGARH,Safe,40.41,3174.55,22650.64,1154.46,
JHARKHAND,HAZARIBAGH,332.0,CHURCHU,Safe,48.81,1436.06,10009.79,630.84,
JHARKHAND,HAZARIBAGH,332.0,DARI,Safe,66.57,1390.57,7780.48,879.38,
JHARKHAND,HAZARIBAGH,332.0,DARU,Safe,67.99,1093.72,7080.88,706.44,
JHARKHAND,HAZARIBAGH,332.0,HAZARIBAG SADAR,Safe,46.54,2722.98,13268.87,1140.52,
JHARKHAND,HAZARIBAGH,332.0,ICHAK,Safe,36.11,2196.36,14457.49,713.81,
JHARKHAND,HAZARIBAGH,332.0,CHALKUSHA,Safe,24.15,1141.05,7871.23,247.97,
JHARKHAND,HAZARIBAGH,332.0,CHAUPARAN,Safe,18.08,5936.32,27097.0,1019.66,
JHARKHAND,HAZARIBAGH,332.0,KATKAMDAG,Safe,39.26,1412.19,7719.1,526.71,
JHARKHAND,HAZARIBAGH,332.0,KATKAMSANDI,Safe,32.46,2053.46,15336.08,599.86,
JHARKHAND,HAZARIBAGH,332.0,KEREDARI,Safe,20.64,4882.81,22166.56,957.24,
JHARKHAND,HAZARIBAGH,332.0,PADMA,Safe,31.48,912.41,6580.59,258.52,
JHARKHAND,HAZARIBAGH,332.0,TATI JHARIA,Safe,56.16,1494.85,10598.16,755.51,
JHARKHAND,DEOGHAR,324.0,PALOJORI,Safe,67.13,3013.88,16600.42,1820.77,
JHARKHAND,DEOGHAR,324.0,SARWAN,Semi-critical,77.06,2039.41,9511.45,1493.03,
JHARKHAND,DEOGHAR,324.0,SONARAITHADHI,Semi-critical,76.09,1375.92,7265.63,942.23,
JHARKHAND,DEOGHAR,324.0,DEOGHAR,Safe,45.52,3519.68,19092.32,1521.98,
JHARKHAND,DEOGHAR,324.0,DEVIPUR,Safe,47.4,2670.52,15308.86,1202.66,
JHARKHAND,DEOGHAR,324.0,KARON,Safe,44.89,3031.85,10296.78,1292.92,
JHARKHAND,DEOGHAR,324.0,MADHUPUR,Safe,49.61,2767.82,14508.32,1304.56,
JHARKHAND,DEOGHAR,324.0,MARGOMUNDA,Safe,50.08,1966.4,9282.44,935.52,
JHARKHAND,DEOGHAR,324.0,MOHANPUR,Safe,50.74,2938.55,18511.89,1416.33,
JHARKHAND,DEOGHAR,324.0,SARATH,Safe,61.91,4609.27,19139.52,2710.78,
JHARKHAND,CHATRA,323.0,CHATRA,Safe,24.99,2628.33,20614.2,591.19,
JHARKHAND,CHATRA,323.0,GIDHAUR,Safe,33.58,1521.51,9017.18,485.43,
JHARKHAND,CHATRA,323.0,HUNTERGANJ,Safe,45.56,4124.7,26589.14,1691.36,
JHARKHAND,CHATRA,323.0,ITKHORI,Safe,27.27,2674.0,9446.15,656.19,
JHARKHAND,CHATRA,323.0,KANHACHATTI,Safe,24.57,1608.05,11880.53,355.61,
JHARKHAND,CHATRA,323.0,KUNDA,Safe,16.08,1953.76,14174.19,298.37,
JHARKHAND,CHATRA,323.0,LAWALONG,Safe,16.17,2295.46,20062.65,333.98,
JHARKHAND,CHATRA,323.0,MAYURHUND,Safe,36.41,3032.19,8791.39,993.53,
JHARKHAND,CHATRA,323.0,PATHALGADA,Safe,39.58,1259.92,6427.17,448.86,
JHARKHAND,CHATRA,323.0,PRATAPPUR,Safe,27.71,2747.5,19509.35,685.26,
JHARKHAND,CHATRA,323.0,SIMARIA,Safe,37.03,3504.31,25737.22,1232.83,
JHARKHAND,CHATRA,323.0,TANDWA,Safe,46.33,3401.98,20743.87,1418.61,
JHARKHAND,DHANBAD,325.0,EGARKUND,Safe,33.23,969.76,3899.08,306.11,
JHARKHAND,DHANBAD,325.0,BAGHMARA,Critical,97.85,4207.35,14905.78,3910.85,
JHARKHAND,DHANBAD,325.0,BALIAPUR,Semi-critical,88.47,2150.85,9138.34,1712.56,
JHARKHAND,DHANBAD,325.0,CHIRKUNDA (NIRSA),Safe,30.28,2205.26,10772.43,600.88,
JHARKHAND,DHANBAD,325.0,DHANBAD,Semi-critical,80.13,2265.55,3413.81,1633.86,
JHARKHAND,DHANBAD,325.0,GOVINDPUR,Safe,58.03,3814.58,17390.49,1992.37,
JHARKHAND,DHANBAD,325.0,DHANBAD M.C.,Over-exploited,143.69,3818.22,14462.75,4937.63,
JHARKHAND,DHANBAD,325.0,KALIYASOLE,Safe,22.08,1721.2,10056.26,360.96,
JHARKHAND,DHANBAD,325.0,PURBI TUNDI,Safe,16.83,1240.31,6306.91,198.35,
JHARKHAND,DHANBAD,325.0,TOPCHANCHI,Semi-critical,73.17,2583.01,10232.52,1700.92,
JHARKHAND,DHANBAD,325.0,TUNDI,Safe,34.76,2349.32,12889.49,775.77,
JHARKHAND,GUMLA,331.0,BASIA,Safe,14.09,3799.12,22680.74,481.77,
JHARKHAND,GUMLA,331.0,VERNO,Safe,13.75,2300.82,16236.37,300.5,
JHARKHAND,GUMLA,331.0,KAMDARA,Safe,18.86,3504.34,18802.93,594.71,
JHARKHAND,GUMLA,331.0,PALKOT,Safe,12.26,3420.35,25755.86,377.41,
JHARKHAND,GUMLA,331.0,RAIDIH,Safe,14.76,3042.24,23714.73,404.15,
JHARKHAND,GUMLA,331.0,SISAI,Safe,16.3,4080.85,24596.44,631.94,
JHARKHAND,GUMLA,331.0,ALBERT EKKA,Safe,26.27,1352.92,9900.9,337.66,
JHARKHAND,GUMLA,331.0,BISHUNPUR,Safe,16.83,3322.72,23971.75,531.3,
JHARKHAND,GUMLA,331.0,CHAINPUR,Safe,25.9,3141.1,21875.62,732.16,
JHARKHAND,GUMLA,331.0,DUMRI,Safe,10.05,2944.81,15768.77,266.29,
JHARKHAND,GUMLA,331.0,GHAGHRA,Safe,17.77,5189.96,37994.32,875.98,
JHARKHAND,GUMLA,331.0,GUMLA,Safe,20.81,4775.3,41304.23,894.29,
JHARKHAND,BOKARO,322.0,BERMO,Over-exploited,140.42,1737.62,7056.67,2195.96,
JHARKHAND,BOKARO,322.0,CHANDANKIYARI,Safe,29.42,3327.65,20415.83,881.13,
JHARKHAND,BOKARO,322.0,CHANDRAPURA,Semi-critical,71.31,1487.01,7191.98,954.32,
JHARKHAND,BOKARO,322.0,CHAS,Safe,68.34,4141.88,30671.97,2547.56,
JHARKHAND,BOKARO,322.0,JARIDIH,Safe,47.28,1419.02,9589.67,637.42,
JHARKHAND,BOKARO,322.0,KASHMAR,Safe,64.29,1399.27,9520.96,809.68,
JHARKHAND,BOKARO,322.0,NAWADIH,Safe,35.36,3207.66,16325.56,1077.59,
JHARKHAND,BOKARO,322.0,PETERWAR,Safe,57.07,2430.17,16069.1,1317.58,
JHARKHAND,BOKARO,322.0,GUMIA,Safe,55.27,5042.58,34178.78,2508.44,
UTTARAKHAND,DEHRADUN,49.0,Doiwala,Safe,35.34,22024.37,19821.94,7005.3,
UTTARAKHAND,DEHRADUN,49.0,Raipur,Safe,56.81,7525.74,6773.16,3847.85,
UTTARAKHAND,DEHRADUN,49.0,Sahaspur,Safe,48.42,11923.17,10730.85,5195.64,
UTTARAKHAND,DEHRADUN,49.0,Vikasnagar,Safe,52.37,10474.91,9951.16,5211.75,
UTTARAKHAND,HARIDWAR,50.0,Bahadrabad,Semi-critical,74.59,13038.7,12386.76,9238.73,
UTTARAKHAND,HARIDWAR,50.0,Bhagwanpur,Semi-critical,76.92,8403.8,7563.42,5817.54,
UTTARAKHAND,HARIDWAR,50.0,Khanpur,Safe,67.3,3321.83,3155.74,2123.69,
UTTARAKHAND,HARIDWAR,50.0,Laksar,Safe,67.82,6147.66,5532.89,3752.68,
UTTARAKHAND,HARIDWAR,50.0,Narsan,Safe,38.66,9544.93,8590.44,3321.17,
UTTARAKHAND,HARIDWAR,50.0,Roorkee,Safe,69.33,6923.21,6230.89,4320.14,
UTTARAKHAND,NAINITAL,51.0,Kotabagh,Safe,28.28,6962.68,6266.41,1772.29,
UTTARAKHAND,NAINITAL,51.0,Haldwani,Semi-critical,87.64,11427.77,10284.99,9014.19,
UTTARAKHAND,NAINITAL,51.0,Ramnagar,Safe,34.51,9717.82,8746.04,3018.39,
UTTARAKHAND,UDHAMSINGH NAGAR,56.0,Bajpur,Safe,49.78,9465.8,8992.51,4476.28,
UTTARAKHAND,UDHAMSINGH NAGAR,56.0,Gadarpur,Safe,57.05,10341.85,9824.75,5605.27,
UTTARAKHAND,UDHAMSINGH NAGAR,56.0,Jaspur,Safe,55.13,9510.73,8559.66,4718.88,
UTTARAKHAND,UDHAMSINGH NAGAR,56.0,Kashipur,Semi-critical,76.71,7636.0,6872.4,5271.54,
UTTARAKHAND,UDHAMSINGH NAGAR,56.0,Khatima,Safe,64.16,17913.87,17018.18,10919.71,
UTTARAKHAND,UDHAMSINGH NAGAR,56.0,Rudrapur,Safe,54.8,13171.57,12512.99,6857.3,
UTTARAKHAND,UDHAMSINGH NAGAR,56.0,Sitarganj,Safe,41.24,11473.58,10899.9,4495.53,
MANIPUR,IMPHAL EAST,255.0,IMPHAL EAST I,Safe,20.56,4291.14,68142.43,794.22,
MANIPUR,IMPHAL EAST,255.0,IMPHAL EAST II,Safe,3.81,7802.68,121286.41,267.61,
MANIPUR,SENAPATI,257.0,PAOMATA,Hilly area,,0.0,0.0,,Hilly area
MANIPUR,SENAPATI,257.0,MAO-MARAM,Hilly area,,0.0,0.0,,Hilly area
MANIPUR,SENAPATI,257.0,SADAR HILLS WEST,Hilly area,,0.0,0.0,,Hilly area
MANIPUR,SENAPATI,257.0,SADAR HILLS EAST,Hilly area,,0.0,0.0,,Hilly area
MANIPUR,TAMENGLONG,258.0,NUNGBA,Hilly area,,0.0,0.0,,Hilly area
MANIPUR,TAMENGLONG,258.0,TAMENGLONG,Hilly area,,0.0,0.0,,Hilly area
MANIPUR,TAMENGLONG,258.0,TAMENGLONG NORTH,Hilly area,,0.0,0.0,,Hilly area
MANIPUR,TAMENGLONG,258.0,TAMENGLONG WEST,Hilly area,,0.0,0.0,,Hilly area
MANIPUR,CHANDEL,253.0,CHANDEL,Hilly area,,0.0,0.0,,Hilly area
MANIPUR,CHANDEL,253.0,CHAKPIKARONG,Hilly area,,0.0,0.0,,Hilly area
MANIPUR,CHANDEL,253.0,TENGNOUPAL,Hilly area,,0.0,0.0,,Hilly area
MANIPUR,CHURACHANPUR,254.0,CHURACHANDPUR,Safe,7.75,6643.47,160059.12,463.28,
MANIPUR,CHURACHANPUR,254.0,THANLON,Hilly area,,0.0,0.0,,Hilly area
MANIPUR,CHURACHANPUR,254.0,CHURACHANDPUR NORTH,Hilly area,,0.0,0.0,,Hilly area
MANIPUR,CHURACHANPUR,254.0,SINGNGAT,Hilly area,,0.0,0.0,,Hilly area
MANIPUR,CHURACHANPUR,254.0,TIPAIMUKH,Hilly area,,0.0,0.0,,Hilly area
MANIPUR,IMPHAL WEST,256.0,IMPHAL WEST II,Safe,11.13,3975.02,79737.52,398.3,
MANIPUR,IMPHAL WEST,256.0,IMPHAL WEST I,Safe,10.47,4585.19,116526.67,431.88,
MANIPUR,UKHRUL,260.0,KAMJONG,Hilly area,,0.0,0.0,,Hilly area
MANIPUR,UKHRUL,260.0,PHUNGYAR PHAISAT,Hilly area,,0.0,0.0,,Hilly area
MANIPUR,UKHRUL,260.0,UKHRUL CENTRAL,Hilly area,,0.0,0.0,,Hilly area
MANIPUR,UKHRUL,260.0,UKHRUL NORTH,Hilly area,,0.0,0.0,,Hilly area
MANIPUR,UKHRUL,260.0,UKHRUL SOUTH,Hilly area,,0.0,0.0,,Hilly area
MANIPUR,BISHNUPUR,252.0,MOIRANG,Safe,8.11,3072.89,71885.6,224.42,
MANIPUR,BISHNUPUR,252.0,BISHNUPUR,Safe,9.8,3940.33,124506.3,347.41,
MANIPUR,THOUBAL,259.0,THOUBAL,Safe,11.41,3569.04,132812.14,366.43,
MANIPUR,THOUBAL,259.0,KAKCHING,Safe,15.24,2174.69,93157.22,298.31,
TAMILNADU,THOOTHUKUDI,594.0,ERAL,Safe,13.39,12862.09,11575.87,1550.16,
TAMILNADU,THOOTHUKUDI,594.0,ETTAYAPURAM,Safe,23.75,6734.78,6093.4,1447.05,
TAMILNADU,THOOTHUKUDI,594.0,KOVILPATTY,Safe,38.16,5090.1,4705.94,1795.98,
TAMILNADU,THOOTHUKUDI,594.0,OTTAPIDARAM,Safe,17.86,10791.43,9775.02,1745.78,
TAMILNADU,THOOTHUKUDI,594.0,SRIVAIKUNDAM,Safe,17.01,11679.32,10511.38,1788.11,
TAMILNADU,THOOTHUKUDI,594.0,THOOTHUKUDI,Safe,11.66,6251.16,5673.9,661.66,
TAMILNADU,THOOTHUKUDI,594.0,TIRUCHENDUR,Safe,41.02,7233.61,6510.25,2670.67,
TAMILNADU,THOOTHUKUDI,594.0,VILATHIKULAM,Safe,11.91,10331.38,9298.24,1107.56,
TAMILNADU,THOOTHUKUDI,594.0,KAYATTAR,Safe,64.12,7643.26,6987.78,4480.9,
TAMILNADU,THOOTHUKUDI,594.0,SATTANKULAM,Semi-critical,75.15,6672.9,6005.6,4512.98,
TAMILNADU,NAMAKKAL,580.0,KUMARAPALAYAM,Semi-critical,80.77,5118.01,4606.22,3720.58,
TAMILNADU,NAMAKKAL,580.0,TIRUCHENGODE,Over-exploited,106.19,8558.44,7764.72,8245.62,
TAMILNADU,NAMAKKAL,580.0,MOHANUR,Over-exploited,117.2,7481.2,6794.26,7962.82,
TAMILNADU,NAMAKKAL,580.0,NAMAKKAL,Over-exploited,135.27,5979.6,5381.63,7279.99,
TAMILNADU,NAMAKKAL,580.0,KOLLI HILLS,Safe,0.52,1944.39,1749.96,9.1,
TAMILNADU,NAMAKKAL,580.0,PARAMATHI VELUR,Over-exploited,116.48,10769.48,9692.54,11290.04,
TAMILNADU,NAMAKKAL,580.0,RASIPURAM,Over-exploited,160.34,9892.67,8903.4,14275.52,
TAMILNADU,NAMAKKAL,580.0,SENDAMANGALAM,Over-exploited,154.12,6339.27,5705.35,8793.25,
TAMILNADU,TENKASI,733.0,ALANGULAM,Semi-critical,86.12,6786.61,14370.44,5286.87,
TAMILNADU,TENKASI,733.0,KADAYANALLUR,Semi-critical,84.22,9023.88,18762.91,6840.28,
TAMILNADU,TENKASI,733.0,SANKARANKOVIL,Over-exploited,111.62,7456.73,18917.13,7490.98,
TAMILNADU,TENKASI,733.0,SENGOTTAI,Safe,15.8,5271.28,8690.55,749.34,
TAMILNADU,TENKASI,733.0,SIVAGIRI,Safe,63.85,7583.02,14608.57,4357.46,
TAMILNADU,TENKASI,733.0,TENKASI,Safe,36.81,10651.38,19254.48,3528.99,
TAMILNADU,TENKASI,733.0,THIRUVENGADAM,Over-exploited,145.57,5405.59,15107.82,7081.8,
TAMILNADU,TENKASI,733.0,VIRAKERALAMPUDUR,Critical,97.61,5733.85,11133.69,5096.2,
TAMILNADU,VELLORE,595.0,ANAIKKATTU,Over-exploited,138.35,5592.02,5032.82,6962.88,
TAMILNADU,VELLORE,595.0,GUDIYATTAM,Over-exploited,126.94,3840.01,3456.01,4386.98,
TAMILNADU,VELLORE,595.0,K V KUPPAM,Over-exploited,141.29,2472.56,2225.31,3144.08,
TAMILNADU,VELLORE,595.0,KATPADI,Semi-critical,82.05,3729.21,3443.34,2825.17,
TAMILNADU,VELLORE,595.0,PERNAMBUT,Critical,96.08,1917.68,1770.14,1700.83,
TAMILNADU,VELLORE,595.0,VELLORE,Over-exploited,105.43,3053.02,2838.02,2992.07,
TAMILNADU,KRISHNAGIRI,577.0,UTHANGARAI,Over-exploited,151.65,8142.92,740405.95,11113.7,
TAMILNADU,KRISHNAGIRI,577.0,POCHAMPALLI,Critical,95.2,5416.84,601523.08,4641.34,
TAMILNADU,KRISHNAGIRI,577.0,DENKANIKOTTAI,Safe,69.02,9941.18,1283387.01,6175.22,
TAMILNADU,KRISHNAGIRI,577.0,HOSUR,Semi-critical,87.24,5833.47,445664.51,4580.28,
TAMILNADU,KRISHNAGIRI,577.0,ANCHETTY,Safe,32.73,1115.98,227984.86,328.71,
TAMILNADU,KRISHNAGIRI,577.0,BARGUR,Critical,99.71,4666.71,476699.05,4187.68,
TAMILNADU,KRISHNAGIRI,577.0,KRISHNAGIRI,Over-exploited,107.84,9726.72,887342.53,9440.1,
TAMILNADU,KRISHNAGIRI,577.0,SHOOLAGIRI,Semi-critical,73.14,5868.22,454239.4,3862.81,
TAMILNADU,NAGAPATTINAM,579.0,KILVELUR,Saline,-100000.0,15305.79,13775.22,319.96,Saline
TAMILNADU,NAGAPATTINAM,579.0,THIRUKKUVALAI,Saline,-100000.0,11935.02,10741.52,35.72,Saline
TAMILNADU,NAGAPATTINAM,579.0,VEDARANYAM,Saline,-100000.0,16025.66,14423.09,7292.98,Saline
TAMILNADU,NAGAPATTINAM,579.0,NAGAPATTINAM,Saline,-100000.0,20220.58,18198.53,1224.38,Saline
TAMILNADU,RANIPET,731.0,ARAKKONAM,Safe,69.8,9080.75,8366.07,5839.64,
TAMILNADU,RANIPET,731.0,ARCOT,Over-exploited,113.53,5855.48,5269.92,5982.74,
TAMILNADU,RANIPET,731.0,KALAVAI,Semi-critical,75.58,4932.66,4439.39,3355.51,
TAMILNADU,RANIPET,731.0,NEMILI,Semi-critical,77.13,9033.29,8305.78,6406.22,
TAMILNADU,RANIPET,731.0,SHOLINGUR,Semi-critical,76.59,4871.44,4384.3,3357.96,
TAMILNADU,RANIPET,731.0,WALAJAPET,Critical,91.2,5851.07,5265.96,4802.8,
TAMILNADU,PERAMBALUR,581.0,ALATHUR,Over-exploited,137.76,4874.05,4386.66,6043.17,
TAMILNADU,PERAMBALUR,581.0,KUNNAM,Semi-critical,71.98,6689.3,6020.38,4333.58,
TAMILNADU,PERAMBALUR,581.0,PERAMBALUR,Over-exploited,158.3,4555.14,4099.62,6489.9,
TAMILNADU,PERAMBALUR,581.0,VEPPANTHATTAI,Over-exploited,112.17,10552.54,9497.27,10652.95,
TAMILNADU,TIRUVANNAMALAI,593.0,TIRUVANNAMALAI,Semi-critical,86.82,17071.12,234416.52,13339.35,
TAMILNADU,TIRUVANNAMALAI,593.0,JAMUNAMARATHUR,Semi-critical,73.67,1013.37,56955.43,671.89,
TAMILNADU,TIRUVANNAMALAI,593.0,KILPENNATHUR,Critical,90.44,11750.53,178426.55,9763.78,
TAMILNADU,TIRUVANNAMALAI,593.0,THANDRAMPET,Over-exploited,103.16,5294.49,240477.9,4915.63,
TAMILNADU,TIRUVANNAMALAI,593.0,ARNI,Semi-critical,75.13,13128.72,207206.21,8876.66,
TAMILNADU,TIRUVANNAMALAI,593.0,CHENGAM,Over-exploited,126.0,14798.62,235403.18,16782.1,
TAMILNADU,TIRUVANNAMALAI,593.0,CHETPET,Semi-critical,84.19,12386.8,132871.42,9385.97,
TAMILNADU,TIRUVANNAMALAI,593.0,CHEYYAR,Semi-critical,70.35,16443.38,275083.13,10478.15,
TAMILNADU,TIRUVANNAMALAI,593.0,KALASAPAKKAM,Semi-critical,84.04,7418.47,105915.19,5611.07,
TAMILNADU,TIRUVANNAMALAI,593.0,POLUR,Semi-critical,74.2,15436.44,186738.32,10308.01,
TAMILNADU,TIRUVANNAMALAI,593.0,VANDAVASI,Critical,96.45,24840.99,384606.77,21563.65,
TAMILNADU,TIRUVANNAMALAI,593.0,VEMBAKKAM,Safe,40.35,14676.21,155717.73,5329.09,
TAMILNADU,DINDIGUL,572.0,DINDIGUL WEST,Over-exploited,143.41,5178.61,4660.74,6683.9,
TAMILNADU,DINDIGUL,572.0,NATHAM,Semi-critical,80.54,4525.05,4072.54,3280.05,
TAMILNADU,DINDIGUL,572.0,VEDASANDUR,Over-exploited,146.8,7203.05,6482.73,9516.47,
TAMILNADU,DINDIGUL,572.0,PALANI,Critical,90.39,9105.57,8195.0,7407.37,
TAMILNADU,DINDIGUL,572.0,ODDENCHATRAM,Over-exploited,138.6,8280.97,7452.87,10329.71,
TAMILNADU,DINDIGUL,572.0,ATHOOR,Over-exploited,123.6,4326.19,3893.57,4812.37,
TAMILNADU,DINDIGUL,572.0,DINDIGUL EAST,Over-exploited,124.28,6432.23,5789.0,7194.31,
TAMILNADU,DINDIGUL,572.0,GUJILIAMPARAI,Over-exploited,129.21,4430.44,3987.38,5152.02,
TAMILNADU,DINDIGUL,572.0,KODAIKANAL,Safe,0.72,3569.47,3304.34,23.69,
TAMILNADU,DINDIGUL,572.0,NILAKOTTAI,Over-exploited,130.42,7080.96,6372.86,8311.68,
TAMILNADU,KARUR,576.0,KRISHNARAYAPURAM,Over-exploited,102.02,4869.1,4382.18,4470.63,
TAMILNADU,KARUR,576.0,MANMANGALAM,Over-exploited,100.66,3621.54,3259.38,3280.74,
TAMILNADU,KARUR,576.0,KARUR,Over-exploited,125.95,2486.13,2237.51,2818.05,
TAMILNADU,KARUR,576.0,KADAVUR,Over-exploited,112.14,4504.94,4054.46,4546.52,
TAMILNADU,KARUR,576.0,KULITHALAI,Semi-critical,75.43,8892.96,8003.66,6036.81,
TAMILNADU,KARUR,576.0,PUGALUR,Over-exploited,118.7,3990.86,3591.77,4263.31,
TAMILNADU,KARUR,576.0,ARAVAKURICHI,Over-exploited,100.12,5039.8,4535.82,4541.06,
TAMILNADU,KANCHEEPURAM,574.0,WALAJABAD,Safe,48.1,7256.31,6530.65,3141.13,
TAMILNADU,KANCHEEPURAM,574.0,KUNDRATHUR,Safe,26.77,8489.85,7640.85,2045.4,
TAMILNADU,KANCHEEPURAM,574.0,KANCHEEPURAM,Safe,49.58,16083.61,14475.25,7176.89,
TAMILNADU,KANCHEEPURAM,574.0,SRIPERUMBUDUR,Safe,22.47,10969.49,9872.55,2218.19,
TAMILNADU,KANCHEEPURAM,574.0,UTHIRAMERUR,Semi-critical,74.58,12949.36,11742.89,8757.3,
TAMILNADU,KANNIYAKUMARI,575.0,THIRUVATTAR,Safe,2.7,4938.0,13955.93,119.88,
TAMILNADU,KANNIYAKUMARI,575.0,KILLIYUR,Safe,13.3,3914.67,12587.26,468.75,
TAMILNADU,KANNIYAKUMARI,575.0,THOVALAI,Safe,5.45,6925.64,17328.3,339.64,
TAMILNADU,KANNIYAKUMARI,575.0,AGASTHEESWARAM,Safe,34.19,8120.13,27651.8,2498.94,
TAMILNADU,KANNIYAKUMARI,575.0,KALKULAM,Safe,10.56,7353.14,21613.09,705.69,
TAMILNADU,KANNIYAKUMARI,575.0,VILAVANCODE,Safe,9.84,4064.46,15648.25,359.78,
TAMILNADU,KALLAKURICHCHI,729.0,SANKARAPURAM,Semi-critical,73.27,6319.26,5687.34,4167.04,
TAMILNADU,KALLAKURICHCHI,729.0,CHINNA SELAM,Over-exploited,101.31,8078.95,7271.05,7366.38,
TAMILNADU,KALLAKURICHCHI,729.0,TIRUKKOILUR,Safe,59.49,8611.16,7750.03,4610.49,
TAMILNADU,KALLAKURICHCHI,729.0,ULUNDURPET,Semi-critical,83.26,17925.3,16374.43,13632.59,
TAMILNADU,KALLAKURICHCHI,729.0,VANAPURAM,Safe,45.49,12489.53,11412.05,5191.13,
TAMILNADU,KALLAKURICHCHI,729.0,KALLAKURICHCHI,Over-exploited,113.65,12700.82,11503.37,13073.45,
TAMILNADU,KALLAKURICHCHI,729.0,KALVARAYAN HILLS,Semi-critical,87.73,323.8,291.42,255.65,
TAMILNADU,TIRUCHIRAPPALLI,591.0,THIRUCHIRAPALLI-WEST,Safe,16.64,953.54,858.18,142.8,
TAMILNADU,TIRUCHIRAPPALLI,591.0,THIRUVERUMBUR,Safe,3.01,7348.04,6613.24,199.16,
TAMILNADU,TIRUCHIRAPPALLI,591.0,SRIRANGAM,Safe,44.55,9198.79,8278.9,3688.23,
TAMILNADU,TIRUCHIRAPPALLI,591.0,MANAPPARAI,Over-exploited,136.51,7678.01,6910.21,9433.13,
TAMILNADU,TIRUCHIRAPPALLI,591.0,MANNACHANALLUR,Semi-critical,80.26,5141.67,4711.82,3781.83,
TAMILNADU,TIRUCHIRAPPALLI,591.0,MARUNGAPURI,Over-exploited,113.26,5078.58,4570.71,5176.58,
TAMILNADU,TIRUCHIRAPPALLI,591.0,THIRUCHIRAPALLI-EAST,Safe,46.09,456.04,410.43,189.15,
TAMILNADU,TIRUCHIRAPPALLI,591.0,LALGUDI,Safe,36.84,19027.59,17196.72,6335.64,
TAMILNADU,TIRUCHIRAPPALLI,591.0,MUSIRI,Over-exploited,128.03,8720.59,7848.52,10048.38,
TAMILNADU,TIRUCHIRAPPALLI,591.0,THOTTIAM,Safe,68.28,6095.91,5486.32,3746.07,
TAMILNADU,TIRUCHIRAPPALLI,591.0,THURAIYUR,Over-exploited,122.64,10380.01,9342.0,11457.33,
TAMILNADU,ARIYALUR,610.0,UDAYARPALAYAM,Safe,49.57,12378.68,11401.63,5652.32,
TAMILNADU,ARIYALUR,610.0,ANDIMADAM,Semi-critical,77.38,3756.66,3466.09,2682.11,
TAMILNADU,ARIYALUR,610.0,ARIYALUR,Safe,51.76,15641.01,14186.9,7343.17,
TAMILNADU,ARIYALUR,610.0,SENDURAI,Safe,49.73,6000.08,5400.07,2685.57,
TAMILNADU,TIRUVALLUR,589.0,GUMMUDIPOONDI,Safe,39.07,11082.83,10096.81,3944.48,
TAMILNADU,TIRUVALLUR,589.0,TIRUTTANI,Safe,67.17,10737.44,9723.97,6531.82,
TAMILNADU,TIRUVALLUR,589.0,PONNERI,Safe,45.5,17549.32,16224.05,7360.14,Safe
TAMILNADU,TIRUVALLUR,589.0,AVADI,Semi-critical,78.87,4138.78,3775.23,2977.36,
TAMILNADU,TIRUVALLUR,589.0,RK PETTAI,Semi-critical,76.45,3215.61,2935.37,2244.12,
TAMILNADU,TIRUVALLUR,589.0,POONAMALLEE,Safe,62.66,4152.05,3836.39,2403.52,
TAMILNADU,TIRUVALLUR,589.0,UTHUKKOTTAI,Safe,67.35,10152.31,9137.08,6153.69,
TAMILNADU,TIRUVALLUR,589.0,PALLIPATTU,Safe,57.15,3195.37,2875.85,1643.5,
TAMILNADU,TIRUVALLUR,589.0,TIRUVALLUR,Safe,57.01,18808.94,17331.74,9880.49,
TAMILNADU,THENI,588.0,BODINAYAKANUR,Safe,62.77,4501.61,4051.44,2542.98,
TAMILNADU,THENI,588.0,AUNDIPATTI,Critical,96.22,6245.42,5620.88,5408.27,
TAMILNADU,THENI,588.0,PERIYAKULAM,Semi-critical,85.94,6992.33,6293.11,5408.45,
TAMILNADU,THENI,588.0,THENI,Safe,54.25,4384.65,3946.18,2140.73,
TAMILNADU,THENI,588.0,UTHAMAPALAYAM,Semi-critical,70.24,11258.81,10132.91,7117.21,
TAMILNADU,SALEM,584.0,VALAPADY,Over-exploited,164.41,3919.03,3527.11,5798.86,
TAMILNADU,SALEM,584.0,ATTUR,Over-exploited,170.12,4378.77,3940.89,6704.3,
TAMILNADU,SALEM,584.0,KADAYAMPATTI,Over-exploited,127.88,3285.69,2957.11,3781.68,
TAMILNADU,SALEM,584.0,SALEM SOUTH,Over-exploited,145.85,1626.83,1464.15,2135.5,
TAMILNADU,SALEM,584.0,EDAPPADY,Over-exploited,132.61,4204.34,3783.91,5017.67,
TAMILNADU,SALEM,584.0,GANGAVALLI,Over-exploited,192.95,4305.89,3875.29,7477.18,
TAMILNADU,SALEM,584.0,METTUR,Over-exploited,122.95,7463.69,6717.33,8259.01,
TAMILNADU,SALEM,584.0,OMALUR,Over-exploited,110.87,3573.62,3216.26,3565.93,
TAMILNADU,SALEM,584.0,PEDDANAYAKKANPALAYAM,Over-exploited,109.26,4086.11,3677.49,4018.14,
TAMILNADU,SALEM,584.0,SANKARI,Over-exploited,162.82,3829.92,3446.93,5612.2,
TAMILNADU,SALEM,584.0,THALAIVASAL,Over-exploited,231.5,5250.09,4725.08,10938.78,
TAMILNADU,SALEM,584.0,SALEM,Over-exploited,147.07,3488.5,3139.64,4617.44,
TAMILNADU,SALEM,584.0,SALEM WEST,Over-exploited,177.77,1234.28,1110.86,1974.77,
TAMILNADU,SALEM,584.0,YERCAUD,Safe,14.12,1015.96,934.39,131.92,
TAMILNADU,CHENGALPATTU,730.0,TAMBARAM,Safe,38.65,1348.2,1213.37,468.93,
TAMILNADU,CHENGALPATTU,730.0,CHENGALPATTU,Semi-critical,84.21,3576.55,3218.9,2710.55,
TAMILNADU,CHENGALPATTU,730.0,THIRUKKALUKUNDRAM,Semi-critical,75.46,13852.75,12467.48,9407.5,
TAMILNADU,CHENGALPATTU,730.0,THIRUPPORUR,Safe,50.3,7595.3,6966.78,3504.11,
TAMILNADU,CHENGALPATTU,730.0,VANDALUR,Safe,49.85,2768.84,2529.0,1260.83,
TAMILNADU,CHENGALPATTU,730.0,CHEYYUR,Safe,65.31,13224.47,11901.99,7773.02,
TAMILNADU,CHENGALPATTU,730.0,MADHURANTAKAM,Safe,64.97,21724.72,19552.22,12702.33,
TAMILNADU,CHENGALPATTU,730.0,PALLAVARAM,Safe,28.11,414.67,382.82,107.6,
TAMILNADU,TIRUPATHUR,732.0,AMBUR,Over-exploited,140.53,2652.83,2387.55,3355.23,
TAMILNADU,TIRUPATHUR,732.0,TIRUPATTUR,Over-exploited,133.67,5961.92,5365.71,7172.35,
TAMILNADU,TIRUPATHUR,732.0,VANIYAMBADI,Over-exploited,139.7,2324.48,2092.03,2922.49,
TAMILNADU,TIRUPATHUR,732.0,NATRAMPALLI,Over-exploited,156.64,2752.97,2477.66,3880.9,
TAMILNADU,CUDDALORE,570.0,VRIDHACHALAM,Critical,92.34,11484.07,10514.2,9708.73,
TAMILNADU,CUDDALORE,570.0,TITAGUDI,Over-exploited,108.13,8999.58,8401.18,9084.16,
TAMILNADU,CUDDALORE,570.0,CHIDAMBARAM,Safe,14.34,19421.43,17479.29,2506.31,
TAMILNADU,CUDDALORE,570.0,BHUVANAGIRI,Safe,27.45,18611.25,16750.13,4597.65,
TAMILNADU,CUDDALORE,570.0,CUDDALORE,Semi-critical,86.21,19109.47,17198.53,14826.69,
TAMILNADU,CUDDALORE,570.0,KURINJIPADI,Safe,47.78,10170.97,9153.87,4373.44,
TAMILNADU,CUDDALORE,570.0,PANRUTTI,Semi-critical,78.75,12930.85,12083.66,9516.24,
TAMILNADU,CUDDALORE,570.0,KATTUMANNARKOIL,Safe,32.05,18878.23,17151.76,5497.88,
TAMILNADU,CUDDALORE,570.0,SRIMUSHNAM,Safe,56.42,7522.32,6851.49,3865.55,
TAMILNADU,CUDDALORE,570.0,VEPPUR,Over-exploited,119.93,3185.52,2866.96,3438.35,
TAMILNADU,VIRUDHUNAGAR,597.0,SATTUR,Safe,61.3,3835.51,3489.14,2138.84,
TAMILNADU,VIRUDHUNAGAR,597.0,SRIVLLIPUTHUR,Semi-critical,87.53,4955.53,4459.98,3903.85,
TAMILNADU,VIRUDHUNAGAR,597.0,VEMBAKOTTAI,Critical,90.89,4622.07,4214.98,3830.88,
TAMILNADU,VIRUDHUNAGAR,597.0,SIVAKASI,Semi-critical,83.54,4296.83,3961.47,3309.46,
TAMILNADU,VIRUDHUNAGAR,597.0,ARUPPUKOTTAI,Safe,38.43,5933.62,5340.25,2052.37,
TAMILNADU,VIRUDHUNAGAR,597.0,KARIYAPATTI,Safe,35.71,6134.59,5521.14,1971.49,
TAMILNADU,VIRUDHUNAGAR,597.0,RAJAPALAYAM,Semi-critical,77.36,10087.01,9078.31,7022.69,
TAMILNADU,VIRUDHUNAGAR,597.0,TIRUCHULI,Safe,17.37,10903.9,9813.52,1704.72,
TAMILNADU,VIRUDHUNAGAR,597.0,VARATTIRAYIRUPPU,Semi-critical,76.71,5963.34,5419.06,4156.9,
TAMILNADU,VIRUDHUNAGAR,597.0,VIRUDHUNAGAR,Semi-critical,78.33,2939.38,2701.34,2115.86,
TAMILNADU,THANJAVUR,586.0,ORATHANADU,Critical,99.4,16931.69,15238.52,15146.36,
TAMILNADU,THANJAVUR,586.0,THIRUVAIYARU,Over-exploited,104.82,4877.03,4467.06,4682.42,
TAMILNADU,THANJAVUR,586.0,THANJAVUR,Critical,97.39,13707.38,12336.65,12014.28,
TAMILNADU,THANJAVUR,586.0,THIRUVONAM,Over-exploited,121.13,5057.68,4551.88,5513.7,
TAMILNADU,THANJAVUR,586.0,KUMBAKONAM,Over-exploited,103.98,12376.45,11138.78,11582.23,
TAMILNADU,THANJAVUR,586.0,PERAVURANI,Critical,95.69,12269.64,11042.68,10566.23,
TAMILNADU,THANJAVUR,586.0,BUDALUR,Safe,65.97,8877.08,7989.37,5270.5,
TAMILNADU,THANJAVUR,586.0,PAPANASAM,Critical,98.58,16614.4,14952.97,14741.14,
TAMILNADU,THANJAVUR,586.0,PATTUKKOTTAI,Over-exploited,111.78,27983.08,25184.75,28150.97,
TAMILNADU,THANJAVUR,586.0,THIRUVIDAIMARUDHUR,Over-exploited,117.19,10435.49,9723.57,11395.19,
TAMILNADU,COIMBATORE,569.0,ANNUR,Over-exploited,120.73,4074.37,20828.63,4427.01,
TAMILNADU,COIMBATORE,569.0,COIMBATORE NORTH,Over-exploited,124.85,3362.55,36393.17,3778.44,
TAMILNADU,COIMBATORE,569.0,VALPARAI,Safe,14.16,2162.2,8099.17,275.58,
TAMILNADU,COIMBATORE,569.0,KINATHUKADAVU,Over-exploited,136.45,5987.36,14480.42,7352.56,
TAMILNADU,COIMBATORE,569.0,POLLACHI,Critical,98.61,10135.07,22722.51,8995.1,
TAMILNADU,COIMBATORE,569.0,ANAMALAI,Safe,55.9,11057.22,22274.76,5677.2,
TAMILNADU,COIMBATORE,569.0,COIMBATORE SOUTH,Over-exploited,127.69,643.07,4051.63,739.02,
TAMILNADU,COIMBATORE,569.0,MADUKARAI,Semi-critical,80.12,3755.17,15551.31,2707.79,
TAMILNADU,COIMBATORE,569.0,METTUPALAYAM,Over-exploited,108.48,6277.5,20204.48,6269.85,
TAMILNADU,COIMBATORE,569.0,PERUR,Over-exploited,105.97,6592.47,15975.48,6287.37,
TAMILNADU,COIMBATORE,569.0,SULUR,Over-exploited,120.54,7959.23,31025.6,8634.63,
TAMILNADU,MAYILADUTHURAI,735.0,MAYILADUTHURAI,Critical,92.87,12134.24,10920.82,10142.4,
TAMILNADU,MAYILADUTHURAI,735.0,THARANGAMBADI,Over-exploited,129.15,9100.47,8235.58,10146.67,Semi-critical
TAMILNADU,MAYILADUTHURAI,735.0,KUTHALAM,Over-exploited,123.41,8653.31,7787.96,9611.05,
TAMILNADU,MAYILADUTHURAI,735.0,SIRKAZHI,Over-exploited,118.94,11179.97,10061.97,11968.12,
TAMILNADU,TIRUPPUR,634.0,AVINASHI,Over-exploited,103.99,6573.32,18836.43,6211.78,
TAMILNADU,TIRUPPUR,634.0,KANGEYAM,Semi-critical,88.5,11876.28,51797.11,9458.98,
TAMILNADU,TIRUPPUR,634.0,TIRUPPUR NORTH,Semi-critical,88.73,1026.65,3769.88,819.88,
TAMILNADU,TIRUPPUR,634.0,UTHUKKULI,Over-exploited,104.13,3877.75,17082.78,3633.96,
TAMILNADU,TIRUPPUR,634.0,UDUMALPET,Semi-critical,70.35,19207.71,39330.39,12160.9,
TAMILNADU,TIRUPPUR,634.0,TIRUPPUR SOUTH,Over-exploited,114.83,4632.4,12662.8,4787.39,
TAMILNADU,TIRUPPUR,634.0,DHARAPURAM,Semi-critical,77.39,19217.14,104561.88,13385.37,
TAMILNADU,TIRUPPUR,634.0,MADATHUKKULAM,Safe,68.92,8563.51,12489.65,5311.75,
TAMILNADU,TIRUPPUR,634.0,PALLADAM,Over-exploited,112.92,7980.36,17001.26,8110.56,
TAMILNADU,DHARMAPURI,571.0,PAPPIREDDIPATTI,Over-exploited,100.73,7407.84,6667.05,6715.81,
TAMILNADU,DHARMAPURI,571.0,DHARMAPURI,Semi-critical,72.96,4928.25,4435.41,3236.25,
TAMILNADU,DHARMAPURI,571.0,KARIMANGALAM,Over-exploited,107.99,6842.72,6289.82,6792.53,
TAMILNADU,DHARMAPURI,571.0,HARUR,Semi-critical,70.36,8787.23,8105.72,5703.05,
TAMILNADU,DHARMAPURI,571.0,PENNAGARAM,Semi-critical,71.64,7206.71,6561.97,4700.96,
TAMILNADU,DHARMAPURI,571.0,PALACODE,Over-exploited,101.16,7107.63,6396.87,6470.93,
TAMILNADU,DHARMAPURI,571.0,NALLAMPALLI,Semi-critical,81.94,5773.54,5196.17,4257.87,
TAMILNADU,VILLUPURAM,596.0,VILLUPURAM,Semi-critical,77.78,12242.46,11177.53,8694.17,
TAMILNADU,VILLUPURAM,596.0,TIRUVENNAINALLUR,Over-exploited,100.57,8949.77,8171.04,8217.83,
TAMILNADU,VILLUPURAM,596.0,VANUR,Semi-critical,73.47,12003.88,10803.48,7937.34,
TAMILNADU,VILLUPURAM,596.0,GINGEE,Over-exploited,118.19,15452.72,13907.45,16437.72,
TAMILNADU,VILLUPURAM,596.0,KANDACHIPURAM,Safe,58.1,6174.38,5724.02,3325.87,
TAMILNADU,VILLUPURAM,596.0,MARAKKANAM,Critical,96.17,6403.96,5763.57,5543.1,none
TAMILNADU,VILLUPURAM,596.0,MELMALAIYANAUR,Critical,99.81,8824.66,8087.1,8071.55,
TAMILNADU,VILLUPURAM,596.0,TINDIVANAM,Safe,69.12,15546.48,13991.82,9671.4,
TAMILNADU,VILLUPURAM,596.0,VIKKIRAVANDI,Over-exploited,103.56,13701.84,12331.65,12770.49,
TAMILNADU,RAMANATHAPURAM,583.0,KAMUTHI,Safe,21.53,7529.85,6776.87,1459.29,
TAMILNADU,RAMANATHAPURAM,583.0,MUDUKULATHUR,Safe,11.32,8708.44,7837.6,736.32,Safe
TAMILNADU,RAMANATHAPURAM,583.0,RAMANATHAPURAM,Safe,25.61,10587.33,9528.6,2440.38,
TAMILNADU,RAMANATHAPURAM,583.0,THIRUVADANI,Safe,1.46,9139.57,8225.62,123.69,Safe
TAMILNADU,RAMANATHAPURAM,583.0,KADALADI,Safe,4.94,6800.39,6120.35,182.55,Safe
TAMILNADU,RAMANATHAPURAM,583.0,PARAMAKUDI,Safe,9.99,14759.46,13283.5,1326.81,
TAMILNADU,RAMANATHAPURAM,583.0,RAMESWARAM,Safe,41.85,851.72,766.55,320.83,
TAMILNADU,RAMANATHAPURAM,583.0,KEELAKARAI,Safe,20.81,6098.65,5488.78,2232.6,Semi-critical
TAMILNADU,RAMANATHAPURAM,583.0,RSMANGALAM,Safe,0.99,9742.82,8768.53,86.62,
TAMILNADU,THE NILGIRIS,587.0,GUDALUR,Safe,1.37,2113.61,1902.25,26.0,
TAMILNADU,THE NILGIRIS,587.0,KOTAGIRI,Safe,23.02,1123.74,1011.36,232.86,
TAMILNADU,THE NILGIRIS,587.0,KUNDAH,Safe,9.84,698.61,628.75,61.86,
TAMILNADU,THE NILGIRIS,587.0,PANTHALUR,Safe,1.84,1692.13,1522.93,28.01,
TAMILNADU,THE NILGIRIS,587.0,UDHAGAMANDALAM,Safe,17.37,1676.89,1509.19,262.19,
TAMILNADU,THE NILGIRIS,587.0,COONOOR,Safe,10.88,1233.99,1110.58,120.86,
TAMILNADU,MADURAI,578.0,PERAIYUR,Safe,66.29,10800.37,9826.86,6514.37,
TAMILNADU,MADURAI,578.0,TIRUMANGALAM,Safe,58.09,9627.83,8665.03,5033.37,
TAMILNADU,MADURAI,578.0,THIRUPPARANKUNDRAM,Safe,64.46,2404.78,2231.39,1438.34,
TAMILNADU,MADURAI,578.0,VADIPATTI,Safe,68.17,11151.34,10036.21,6841.75,
TAMILNADU,MADURAI,578.0,USILAMPATTI,Critical,96.69,10499.33,9449.4,9136.74,
TAMILNADU,MADURAI,578.0,MADURAI NORTH,Safe,47.42,5243.6,5026.9,2383.81,
TAMILNADU,MADURAI,578.0,KALLIKUDI,Safe,36.26,5388.5,4849.65,1758.37,
TAMILNADU,MADURAI,578.0,MADURAI EAST,Safe,45.7,7186.53,6894.48,3150.89,
TAMILNADU,MADURAI,578.0,MELUR,Safe,61.38,18927.01,17034.3,10456.32,
TAMILNADU,MADURAI,578.0,MADURAI SOUTH,Semi-critical,88.73,1830.3,2624.13,2328.45,
TAMILNADU,MADURAI,578.0,MADURAI WEST,Critical,96.3,1545.83,1853.09,1784.44,
TAMILNADU,THIRUVARUR,590.0,THIRUVARUR,Safe,29.71,6460.24,5814.21,1727.24,
TAMILNADU,THIRUVARUR,590.0,NEEDAMANGALAM,Safe,28.04,11677.32,10509.58,2947.21,
TAMILNADU,THIRUVARUR,590.0,KUTTANALLUR,Safe,45.56,4979.76,4481.79,2042.07,
TAMILNADU,THIRUVARUR,590.0,VALANGAIMAN,Over-exploited,146.71,3483.53,3135.18,4599.66,
TAMILNADU,THIRUVARUR,590.0,THIRUTHURAIPOONDI,Saline,-100000.0,17901.83,16111.64,304.12,Saline
TAMILNADU,THIRUVARUR,590.0,MUTHUPETTAI,Safe,19.75,8284.97,7456.48,457.52,Safe
TAMILNADU,THIRUVARUR,590.0,NANNILAM,Over-exploited,102.84,5852.81,5267.52,5417.22,
TAMILNADU,THIRUVARUR,590.0,KUDAVASAL,Over-exploited,123.34,3569.76,3212.77,3962.61,
TAMILNADU,THIRUVARUR,590.0,MANNARGUDI,Safe,33.32,11713.16,10541.84,3512.78,
TAMILNADU,CHENNAI,568.0,MYLAPORE,Over-exploited,142.39,381.08,342.97,488.34,
TAMILNADU,CHENNAI,568.0,GUINDY,Over-exploited,136.34,308.16,277.34,378.12,
TAMILNADU,CHENNAI,568.0,AMBATTUR,Over-exploited,139.41,1542.17,1387.95,1934.93,
TAMILNADU,CHENNAI,568.0,TONDIARPET,Over-exploited,150.36,108.18,97.36,146.39,
TAMILNADU,CHENNAI,568.0,KOLATHUR,Over-exploited,126.22,182.37,164.12,207.15,
TAMILNADU,CHENNAI,568.0,PERAMBUR,Over-exploited,117.04,444.19,399.77,467.91,
TAMILNADU,CHENNAI,568.0,SHOLINGANALLUR,Safe,60.4,1015.82,942.5,569.31,
TAMILNADU,CHENNAI,568.0,EGMORE,Over-exploited,137.6,367.22,330.49,454.74,
TAMILNADU,CHENNAI,568.0,THIRUVOTTIYUR,Over-exploited,150.59,1233.43,1110.09,1671.7,
TAMILNADU,CHENNAI,568.0,MADURAVOYAL,Over-exploited,112.45,792.59,744.73,837.43,
TAMILNADU,CHENNAI,568.0,VELACHERI,Over-exploited,148.55,243.88,224.54,333.56,
TAMILNADU,CHENNAI,568.0,MAMBALAM,Over-exploited,153.87,107.43,98.15,151.02,
TAMILNADU,CHENNAI,568.0,AYANAVARAM,Over-exploited,109.45,228.02,205.22,224.61,
TAMILNADU,CHENNAI,568.0,AMINJIKARAI,Over-exploited,135.66,400.18,360.16,488.58,
TAMILNADU,CHENNAI,568.0,MADHAVARAM,Semi-critical,82.18,927.15,842.78,692.58,
TAMILNADU,CHENNAI,568.0,PURASAIVAKKAM,Over-exploited,158.9,285.77,257.19,408.67,
TAMILNADU,CHENNAI,568.0,ALANDUR,Semi-critical,88.71,222.95,200.66,178.0,
TAMILNADU,ERODE,573.0,ERODE,Safe,66.86,5792.35,5213.11,3485.24,
TAMILNADU,ERODE,573.0,SATHYAMANGALAM,Critical,92.98,8856.07,8072.57,7505.59,
TAMILNADU,ERODE,573.0,MODAKURICHI,Semi-critical,73.44,12447.17,11202.45,8227.04,
TAMILNADU,ERODE,573.0,NAMBIYUR,Over-exploited,163.42,4215.88,3794.28,6200.75,
TAMILNADU,ERODE,573.0,BHAVANI,Safe,48.65,14336.53,12902.87,6276.8,
TAMILNADU,ERODE,573.0,KODUMUDI,Semi-critical,75.24,8669.37,7802.43,5870.58,
TAMILNADU,ERODE,573.0,THALAVADI,Safe,68.82,3092.12,2782.9,1915.31,
TAMILNADU,ERODE,573.0,ANTHIYUR,Semi-critical,81.68,8552.35,7812.65,6381.68,
TAMILNADU,ERODE,573.0,GOBICHETTIPALAYAM,Safe,53.77,16781.61,15103.45,8121.84,
TAMILNADU,ERODE,573.0,PERUNDURAI,Over-exploited,102.02,11318.54,10186.67,10392.84,
TAMILNADU,PUDUKKOTTAI,582.0,MANAMELKUDI,Safe,2.56,10812.3,9731.07,98.89,Safe
TAMILNADU,PUDUKKOTTAI,582.0,THIRUMAYAM,Safe,35.25,11423.56,10281.2,3624.59,
TAMILNADU,PUDUKKOTTAI,582.0,ALANGUDY,Safe,66.23,9843.95,8859.56,5868.1,
TAMILNADU,PUDUKKOTTAI,582.0,KARAMBAKUDI,Safe,62.43,6956.61,6260.95,3908.83,
TAMILNADU,PUDUKKOTTAI,582.0,GANDARVAKOTTAI,Semi-critical,71.1,6581.31,5923.18,4211.15,
TAMILNADU,PUDUKKOTTAI,582.0,ILUPPUR,Safe,56.6,9188.26,8490.76,4805.8,
TAMILNADU,PUDUKKOTTAI,582.0,PUDUKKOTTAI,Semi-critical,73.06,5800.57,5220.52,3814.31,
TAMILNADU,PUDUKKOTTAI,582.0,VIRALIMALAI,Semi-critical,81.88,6009.07,5408.16,4428.36,
TAMILNADU,PUDUKKOTTAI,582.0,KULATHUR,Semi-critical,72.53,9680.43,8798.96,6382.07,
TAMILNADU,PUDUKKOTTAI,582.0,ARANTANGI,Safe,49.13,13815.14,12433.62,6108.48,
TAMILNADU,PUDUKKOTTAI,582.0,AVADAIYARKOVIL,Safe,0.05,17667.45,15900.7,7.23,
TAMILNADU,PUDUKKOTTAI,582.0,PONNAMARAVATHI,Semi-critical,73.59,6684.44,6111.3,4497.1,
TAMILNADU,SIVAGANGAI,585.0,THIRUPATTUR,Safe,19.08,7698.02,6928.2,1321.81,
TAMILNADU,SIVAGANGAI,585.0,ILAYANKUDI,Safe,16.96,8256.54,7430.9,1260.39,
TAMILNADU,SIVAGANGAI,585.0,MANAMADURAI,Safe,15.34,7510.57,6759.51,1036.74,
TAMILNADU,SIVAGANGAI,585.0,DEVAKOTTAI,Safe,11.41,12898.92,11609.03,1324.83,
TAMILNADU,SIVAGANGAI,585.0,KALAIYARKOVIL,Safe,26.8,11501.25,10351.1,2773.88,
TAMILNADU,SIVAGANGAI,585.0,SINGAMPUNARI,Safe,55.4,6034.62,5431.16,3008.83,
TAMILNADU,SIVAGANGAI,585.0,SIVAGANGAI,Safe,39.5,9121.41,8209.26,3242.49,
TAMILNADU,SIVAGANGAI,585.0,KARAIKUDI,Safe,22.02,9094.8,8185.3,1802.55,
TAMILNADU,SIVAGANGAI,585.0,THIRUPPUVANAM,Safe,48.66,5464.7,5012.94,2439.06,
TAMILNADU,TIRUNELVELI,592.0,PALAYANKOTTAI,Safe,20.65,10387.53,19592.98,1939.32,
TAMILNADU,TIRUNELVELI,592.0,AMBASAMUDRAM,Safe,7.14,10949.66,16221.44,703.4,
TAMILNADU,TIRUNELVELI,592.0,RADHAPURAM,Safe,67.95,10121.28,23128.05,6189.75,
TAMILNADU,TIRUNELVELI,592.0,NANGUNERI,Safe,57.11,15558.24,33113.9,7996.47,
TAMILNADU,TIRUNELVELI,592.0,CHERANMAHADEVI,Safe,13.91,14533.35,21047.67,1819.06,
TAMILNADU,TIRUNELVELI,592.0,MANUR,Critical,90.48,7061.3,17631.7,5750.16,
TAMILNADU,TIRUNELVELI,592.0,THIRUNELVELI,Safe,26.99,10267.75,19102.25,2494.38,
TAMILNADU,TIRUNELVELI,592.0,TISAIYANVILAI,Safe,65.55,6494.63,14345.13,3831.43,
RAJASTHAN,DHAULPUR,98.0,BARI,Over-exploited,102.2,9460.15,8514.13,8701.39,
RAJASTHAN,DHAULPUR,98.0,BASERI,Over-exploited,100.05,9918.47,8926.62,8931.03,
RAJASTHAN,DHAULPUR,98.0,DHAULPUR,Over-exploited,183.9,4879.5,4391.55,8076.2,
RAJASTHAN,DHAULPUR,98.0,RAJAKHERA,Over-exploited,129.21,6825.29,6142.76,7937.34,
RAJASTHAN,DHAULPUR,98.0,SAIPU,Over-exploited,175.51,4101.74,3691.57,6478.98,
RAJASTHAN,PRATAPGARH,629.0,ARNOD,Over-exploited,138.69,3995.45,3595.9,4987.32,
RAJASTHAN,PRATAPGARH,629.0,CHHOTI SADRI,Over-exploited,154.61,3051.07,2745.96,4245.54,
RAJASTHAN,PRATAPGARH,629.0,DHARIAWAD,Semi-critical,70.65,2804.42,2523.97,1783.27,
RAJASTHAN,PRATAPGARH,629.0,PEEPALKHOONT,Safe,64.5,3888.45,3499.61,2257.37,
RAJASTHAN,PRATAPGARH,629.0,PRATAPGARH,Over-exploited,129.79,12126.06,10913.45,14164.98,
RAJASTHAN,ALWAR,87.0,MANDAWAR,Over-exploited,175.12,7501.74,6751.56,11823.48,
RAJASTHAN,ALWAR,87.0,BANSUR,Over-exploited,150.87,8208.71,7387.84,11146.26,
RAJASTHAN,ALWAR,87.0,BEHROR,Over-exploited,242.4,4053.5,3648.14,8843.09,
RAJASTHAN,ALWAR,87.0,KATHUMAR,Over-exploited,220.37,7537.13,6783.41,10980.59,Safe
RAJASTHAN,ALWAR,87.0,KISHANGARH BAS,Over-exploited,148.95,5120.48,4608.43,6864.03,
RAJASTHAN,ALWAR,87.0,KOTKASIM,Over-exploited,144.62,5225.03,4702.53,6800.96,
RAJASTHAN,ALWAR,87.0,LAXMANGARH,Over-exploited,271.72,5355.65,4820.08,10406.58,Critical
RAJASTHAN,ALWAR,87.0,NEEMRANA,Over-exploited,175.48,3870.24,3483.22,6112.19,
RAJASTHAN,ALWAR,87.0,RAJGARH,Over-exploited,153.97,2909.15,2618.24,4031.29,
RAJASTHAN,ALWAR,87.0,RAMGARH,Over-exploited,206.46,6078.04,5470.24,11293.7,
RAJASTHAN,ALWAR,87.0,RENI,Over-exploited,237.43,2229.84,2006.86,4764.84,
RAJASTHAN,ALWAR,87.0,THANAGAZI,Over-exploited,105.76,5728.54,5155.69,5452.5,
RAJASTHAN,ALWAR,87.0,TIJARA,Over-exploited,205.83,7385.08,6646.57,13680.89,
RAJASTHAN,ALWAR,87.0,UMREN,Over-exploited,183.43,11129.89,10016.9,18374.4,
RAJASTHAN,DAUSA,97.0,LAWAN,Over-exploited,239.8,1285.76,1157.19,2774.91,
RAJASTHAN,DAUSA,97.0,MAHWA,Over-exploited,267.67,4146.64,3731.98,9989.26,
RAJASTHAN,DAUSA,97.0,SIKRAI,Over-exploited,188.73,4855.39,4369.85,8247.26,
RAJASTHAN,DAUSA,97.0,BANDIKUI,Over-exploited,232.18,4251.12,3826.01,8883.19,
RAJASTHAN,DAUSA,97.0,DAUSA,Over-exploited,179.25,5353.78,4818.4,8637.11,
RAJASTHAN,DAUSA,97.0,LALSOT,Over-exploited,254.95,8742.48,7868.23,20059.96,
RAJASTHAN,BIKANER,93.0,DUNGARGARH,Over-exploited,245.12,6604.81,6234.1,13496.0,Safe
RAJASTHAN,BIKANER,93.0,NOKHA,Over-exploited,220.36,4782.38,4304.15,9484.5,
RAJASTHAN,BIKANER,93.0,PANCHOO,Semi-critical,86.97,4641.91,4177.71,3498.23,Safe
RAJASTHAN,BIKANER,93.0,BIKANER_RURAL,Over-exploited,135.21,9541.07,8586.97,9878.44,Safe
RAJASTHAN,BIKANER,93.0,KHAJUWALA,Saline,-100000.0,0.0,0.0,11.0,Saline
RAJASTHAN,BIKANER,93.0,KOLAYAT,Safe,67.8,22217.43,19995.69,2510.23,Safe
RAJASTHAN,BIKANER,93.0,LUNKARANSAR,Safe,63.26,15893.9,14304.51,2460.2,Safe
RAJASTHAN,BIKANER,93.0,BIKANER_URBAN,Safe,60.87,283.92,264.51,161.02,none
RAJASTHAN,KARAULI,108.0,SAPOTRA,Over-exploited,167.84,6443.6,5799.25,9733.57,
RAJASTHAN,KARAULI,108.0,TODABHIM,Over-exploited,239.3,4425.87,3983.28,9531.79,
RAJASTHAN,KARAULI,108.0,HINDAUN,Over-exploited,216.6,5456.95,4911.26,10637.59,
RAJASTHAN,KARAULI,108.0,KARAULI,Over-exploited,107.5,9778.17,8800.35,9460.75,
RAJASTHAN,KARAULI,108.0,MANDRAIL,Over-exploited,113.94,4101.29,3691.16,4205.64,
RAJASTHAN,KARAULI,108.0,NADOTI,Safe,69.4,3725.02,3352.51,2326.78,
RAJASTHAN,CHITTAURGARH,95.0,BARI SADRI,Over-exploited,181.3,2320.36,2088.32,3786.13,
RAJASTHAN,CHITTAURGARH,95.0,BEGUN,Over-exploited,155.36,4944.44,4450.0,6913.68,
RAJASTHAN,CHITTAURGARH,95.0,BHADESAR,Over-exploited,188.94,3179.89,2861.9,5407.19,
RAJASTHAN,CHITTAURGARH,95.0,BHAINSRORGARH,Over-exploited,117.81,4023.11,3620.79,4265.81,
RAJASTHAN,CHITTAURGARH,95.0,BHOPALSAGAR,Over-exploited,153.31,2006.42,1805.77,2768.34,
RAJASTHAN,CHITTAURGARH,95.0,CHITTAURGARH,Over-exploited,169.42,4808.29,4327.46,7331.46,
RAJASTHAN,CHITTAURGARH,95.0,DUNGLA,Over-exploited,149.72,2527.58,2274.82,3405.8,
RAJASTHAN,CHITTAURGARH,95.0,GANGRAR,Over-exploited,126.67,3067.38,2760.65,3496.92,
RAJASTHAN,CHITTAURGARH,95.0,KAPASAN,Over-exploited,157.82,2258.36,2032.52,3207.8,
RAJASTHAN,CHITTAURGARH,95.0,NIMBAHERA,Over-exploited,136.83,6697.73,6027.96,8248.2,
RAJASTHAN,CHITTAURGARH,95.0,RASHMI,Over-exploited,147.55,2394.05,2154.65,3179.1,
RAJASTHAN,AJMER,86.0,AJMER_URBAN,Over-exploited,162.4,278.15,250.33,406.54,
RAJASTHAN,AJMER,86.0,MASOODA,Over-exploited,124.52,4063.25,3656.93,4553.49,
RAJASTHAN,AJMER,86.0,SARWAR,Over-exploited,118.19,2244.0,2019.6,2386.88,
RAJASTHAN,AJMER,86.0,KISHANGARH,Over-exploited,114.84,4444.9,4000.41,4594.04,
RAJASTHAN,AJMER,86.0,PEESANGAN_RURAL,Over-exploited,150.98,6418.85,5776.97,8722.28,
RAJASTHAN,AJMER,86.0,SHRINAGAR_RURAL,Over-exploited,149.84,3678.87,3310.98,4961.04,
RAJASTHAN,AJMER,86.0,ARAIN,Critical,99.38,4285.74,3857.17,3833.31,
RAJASTHAN,AJMER,86.0,BHINAY,Critical,98.57,5027.65,4524.88,4460.0,
RAJASTHAN,AJMER,86.0,JAWAJA,Over-exploited,149.87,2729.87,2456.88,3682.08,
RAJASTHAN,AJMER,86.0,KEKRI,Over-exploited,162.17,6552.75,5897.48,9564.1,
RAJASTHAN,BHARATPUR,91.0,DEEG,Over-exploited,101.6,5565.0,5008.5,4381.08,Safe
RAJASTHAN,BHARATPUR,91.0,BAYANA,Over-exploited,100.88,8722.68,7850.41,7919.32,
RAJASTHAN,BHARATPUR,91.0,KAMAN,Critical,99.94,4178.36,3760.53,3758.19,
RAJASTHAN,BHARATPUR,91.0,KUMHER,Over-exploited,144.89,4844.7,4360.23,3174.16,Safe
RAJASTHAN,BHARATPUR,91.0,NADBAI,Over-exploited,171.39,2853.26,2567.94,5195.4,Over-exploited
RAJASTHAN,BHARATPUR,91.0,NAGAR,Critical,99.9,4900.14,4410.13,2802.18,Safe
RAJASTHAN,BHARATPUR,91.0,PAHARI,Over-exploited,123.77,3593.27,3233.94,4002.79,
RAJASTHAN,BHARATPUR,91.0,RUPBAS,Over-exploited,109.28,6436.59,5792.93,6330.49,
RAJASTHAN,BHARATPUR,91.0,SEWAR,Over-exploited,126.24,6470.22,5823.2,5197.92,Safe
RAJASTHAN,BHARATPUR,91.0,WEIR,Over-exploited,117.18,6917.93,6226.14,5614.91,Safe
RAJASTHAN,JALOR,104.0,SANCHORE,Over-exploited,132.4,8865.43,8316.71,11011.63,
RAJASTHAN,JALOR,104.0,AHORE,Over-exploited,106.74,10953.84,9858.46,4882.23,Safe
RAJASTHAN,JALOR,104.0,BHINMAL,Over-exploited,166.01,8920.28,8463.44,13746.35,Safe
RAJASTHAN,JALOR,104.0,CHITALWANA,Critical,90.47,15505.16,13954.63,9178.63,Safe
RAJASTHAN,JALOR,104.0,JALORE,Over-exploited,131.17,7073.38,6719.71,7844.87,Safe
RAJASTHAN,JALOR,104.0,JASWANTPURA,Over-exploited,132.82,6501.58,5851.42,7772.05,
RAJASTHAN,JALOR,104.0,RANIWARA,Over-exploited,217.86,8480.29,7632.26,16627.31,
RAJASTHAN,JALOR,104.0,SAYLA,Over-exploited,295.64,10493.28,9443.94,26982.02,Critical
RAJASTHAN,BARAN,89.0,ANTAH,Semi-critical,86.7,13621.08,12258.96,10628.5,
RAJASTHAN,BARAN,89.0,ATRU,Over-exploited,168.26,9427.9,8916.76,15003.63,
RAJASTHAN,BARAN,89.0,BARAN,Over-exploited,215.67,8214.89,7393.39,15945.66,
RAJASTHAN,BARAN,89.0,CHHABRA,Over-exploited,157.6,6672.04,6004.83,9463.4,
RAJASTHAN,BARAN,89.0,CHHIPABAROD,Over-exploited,157.59,6476.21,5828.59,9185.21,
RAJASTHAN,BARAN,89.0,KISHANGANJ,Critical,93.39,12497.91,11248.11,10505.02,
RAJASTHAN,BARAN,89.0,SHAHBAD,Critical,96.31,9292.79,8363.51,8054.66,
RAJASTHAN,UDAIPUR,117.0,BARGAON,Over-exploited,133.1,1224.92,1102.43,1467.31,
RAJASTHAN,UDAIPUR,117.0,GIRWA_RURAL,Critical,90.46,2758.11,2482.3,2245.41,
RAJASTHAN,UDAIPUR,117.0,UDAIPUR_URBAN,Over-exploited,101.17,700.18,630.16,637.51,
RAJASTHAN,UDAIPUR,117.0,BHINDAR,Critical,94.64,3830.13,3447.11,3262.29,
RAJASTHAN,UDAIPUR,117.0,GOGUNDA,Critical,92.22,1615.79,1454.21,1341.14,
RAJASTHAN,UDAIPUR,117.0,JHADOL,Critical,91.87,1271.23,1144.1,1051.13,
RAJASTHAN,UDAIPUR,117.0,JHALARA,Semi-critical,83.05,2212.54,1991.28,1653.78,
RAJASTHAN,UDAIPUR,117.0,KHERWARA,Critical,99.84,1415.94,1274.35,1272.3,
RAJASTHAN,UDAIPUR,117.0,KOTRA,Over-exploited,101.13,2481.83,2233.64,2258.91,
RAJASTHAN,UDAIPUR,117.0,KURAWAR,Critical,95.46,1743.99,1569.59,1498.33,
RAJASTHAN,UDAIPUR,117.0,LASADIYA,Over-exploited,107.21,1325.55,1192.99,1278.96,
RAJASTHAN,UDAIPUR,117.0,MAVLI,Over-exploited,123.0,3364.02,3027.61,3723.9,
RAJASTHAN,UDAIPUR,117.0,PHALASIYA,Critical,91.76,1289.55,1160.6,1065.0,
RAJASTHAN,UDAIPUR,117.0,RISHABHDEV,Over-exploited,104.62,1545.25,1422.76,1488.45,
RAJASTHAN,UDAIPUR,117.0,SALUMBAR,Semi-critical,85.44,2684.21,2415.78,2063.96,
RAJASTHAN,UDAIPUR,117.0,SARADA,Semi-critical,86.12,2513.53,2262.18,1948.2,
RAJASTHAN,UDAIPUR,117.0,SAYRA,Critical,96.0,1379.37,1241.44,1191.79,
RAJASTHAN,UDAIPUR,117.0,SEMARI,Critical,92.09,1097.15,987.43,909.34,
RAJASTHAN,JAISALMER,103.0,JAISALMER_RURAL,Over-exploited,262.91,30554.0,27498.6,8092.64,Safe
RAJASTHAN,JAISALMER,103.0,SAM,Over-exploited,311.13,11936.49,10742.84,11398.7,Safe
RAJASTHAN,JAISALMER,103.0,SANKRA,Over-exploited,312.77,11857.82,10672.04,11634.3,Safe
RAJASTHAN,JAISALMER,103.0,JAISALMER_URBAN,Over-exploited,308.26,60.78,54.7,168.62,
RAJASTHAN,SIROHI,115.0,ABU ROAD,Over-exploited,109.33,3765.87,3389.29,3705.36,
RAJASTHAN,SIROHI,115.0,PINDWARA,Critical,91.09,7616.59,6854.93,6243.92,
RAJASTHAN,SIROHI,115.0,REODAR,Over-exploited,160.88,9129.95,8216.95,13219.3,
RAJASTHAN,SIROHI,115.0,SHEOGANJ,Over-exploited,105.69,6520.6,5868.54,6202.49,
RAJASTHAN,SIROHI,115.0,SIROHI,Critical,96.91,8267.53,7440.78,7210.69,
RAJASTHAN,TONK,116.0,DEOLI,Semi-critical,75.55,8400.93,7560.83,5712.33,
RAJASTHAN,TONK,116.0,MALPURA,Over-exploited,132.86,6052.84,5452.15,7314.55,none
RAJASTHAN,TONK,116.0,NIWAI,Over-exploited,112.48,4249.29,3825.18,4302.52,
RAJASTHAN,TONK,116.0,TODARAISINGH,Safe,63.41,6035.41,5431.87,3444.25,
RAJASTHAN,TONK,116.0,TONK,Semi-critical,86.74,11740.67,10566.6,9170.81,none
RAJASTHAN,TONK,116.0,UNIARA,Critical,94.59,9827.93,8845.14,8366.71,
RAJASTHAN,RAJSAMAND,112.0,AMET,Over-exploited,146.95,1356.84,1221.15,1794.5,
RAJASTHAN,RAJSAMAND,112.0,BHIM,Over-exploited,126.81,1320.31,1188.27,1506.88,
RAJASTHAN,RAJSAMAND,112.0,DEOGARH,Over-exploited,103.04,1270.46,1143.41,1178.12,
RAJASTHAN,RAJSAMAND,112.0,KHAMNOR,Critical,92.02,2730.35,2457.31,2261.15,
RAJASTHAN,RAJSAMAND,112.0,KUMBHALGARH,Critical,93.34,2101.96,1891.76,1765.81,
RAJASTHAN,RAJSAMAND,112.0,RAILMAGRA,Over-exploited,133.68,2083.68,1875.32,2506.95,
RAJASTHAN,RAJSAMAND,112.0,RAJSAMAND,Over-exploited,134.27,2242.45,2018.2,2709.85,
RAJASTHAN,JAIPUR,102.0,VIRATNAGAR,Over-exploited,149.69,4788.06,4309.26,6450.52,
RAJASTHAN,JAIPUR,102.0,JAMWA RAMGARH,Over-exploited,130.55,8443.14,7598.83,9920.21,
RAJASTHAN,JAIPUR,102.0,SANGANER_RURAL,Over-exploited,220.97,4070.82,3663.73,8095.71,
RAJASTHAN,JAIPUR,102.0,AMBER_RURAL,Over-exploited,215.76,3426.93,3084.24,6654.45,
RAJASTHAN,JAIPUR,102.0,JALSOO,Over-exploited,222.1,3659.94,3293.94,7315.82,
RAJASTHAN,JAIPUR,102.0,GOVINDGARH,Over-exploited,304.55,5835.53,5251.97,15994.73,
RAJASTHAN,JAIPUR,102.0,BASSI,Over-exploited,259.06,5344.22,4809.79,12460.32,
RAJASTHAN,JAIPUR,102.0,JHOTWARA_RURAL,Over-exploited,225.55,3023.82,2721.44,6138.09,
RAJASTHAN,JAIPUR,102.0,JAIPUR_URBAN,Over-exploited,349.88,1346.7,1212.03,4240.63,
RAJASTHAN,JAIPUR,102.0,CHAKSU,Over-exploited,239.16,8020.76,7218.68,17264.48,
RAJASTHAN,JAIPUR,102.0,DUDU,Over-exploited,118.49,8693.41,7824.07,9270.6,
RAJASTHAN,JAIPUR,102.0,KOTPUTLI,Over-exploited,263.07,3524.21,3171.79,8343.88,
RAJASTHAN,JAIPUR,102.0,PAOTA,Over-exploited,254.82,3580.44,3222.4,8211.36,
RAJASTHAN,JAIPUR,102.0,SAMBHAR,Over-exploited,259.5,6564.63,5908.16,15331.82,
RAJASTHAN,JAIPUR,102.0,PHAGI,Over-exploited,114.47,8267.42,7440.68,6132.34,Safe
RAJASTHAN,JAIPUR,102.0,SHAHPURA,Over-exploited,280.64,4139.79,3725.81,10455.96,
RAJASTHAN,GANGANAGAR,100.0,ANUPGARH,Safe,12.47,28784.04,25905.63,1281.03,Safe
RAJASTHAN,GANGANAGAR,100.0,GANGANAGAR,Semi-critical,77.9,21554.92,19399.43,14175.51,Safe
RAJASTHAN,GANGANAGAR,100.0,GHADSANA,Safe,19.47,12503.32,11252.99,767.82,Safe
RAJASTHAN,GANGANAGAR,100.0,KARANPUR,Safe,53.27,14578.93,13121.04,4457.62,Safe
RAJASTHAN,GANGANAGAR,100.0,PADAMPUR,Safe,56.06,17294.12,15564.7,5357.2,Safe
RAJASTHAN,GANGANAGAR,100.0,RAISINGHNAGAR,Safe,53.73,18387.34,16679.31,3030.45,Safe
RAJASTHAN,GANGANAGAR,100.0,SADULSHAHAR,Safe,28.68,12214.38,11503.06,1834.36,Safe
RAJASTHAN,GANGANAGAR,100.0,SRI VIJAYNAGAR,Safe,12.37,7867.68,7080.91,1143.97,Safe
RAJASTHAN,GANGANAGAR,100.0,SURATGARH,Safe,51.63,15195.83,13676.25,2798.07,Safe
RAJASTHAN,DUNGARPUR,99.0,ASPUR,Safe,33.17,2769.04,2492.14,826.56,
RAJASTHAN,DUNGARPUR,99.0,BICHHIWARA,Safe,54.04,3400.67,3060.61,1653.98,
RAJASTHAN,DUNGARPUR,99.0,CHEEKHLI,Safe,51.67,2149.72,1934.75,999.59,
RAJASTHAN,DUNGARPUR,99.0,DOVRA,Semi-critical,78.85,1402.73,1262.45,995.47,
RAJASTHAN,DUNGARPUR,99.0,DUNGARPUR,Safe,58.77,1287.67,1158.91,681.05,
RAJASTHAN,DUNGARPUR,99.0,GALIAKOT,Safe,60.56,2314.15,2082.73,1261.2,
RAJASTHAN,DUNGARPUR,99.0,JHONTHRI,Safe,33.85,964.32,867.89,293.77,
RAJASTHAN,DUNGARPUR,99.0,SABLA,Safe,45.48,1479.09,1331.17,605.39,
RAJASTHAN,DUNGARPUR,99.0,SAGWARA,Semi-critical,83.91,5382.38,4844.15,4064.55,
RAJASTHAN,DUNGARPUR,99.0,SIMALWARA,Safe,56.44,2329.13,2096.21,1183.19,
RAJASTHAN,BHILWARA,92.0,SUWANA,Over-exploited,160.96,4904.06,4413.65,7104.2,
RAJASTHAN,BHILWARA,92.0,RAIPUR,Over-exploited,156.69,2725.74,2453.17,3843.96,
RAJASTHAN,BHILWARA,92.0,ASIND,Over-exploited,147.42,3953.78,3558.4,5245.69,
RAJASTHAN,BHILWARA,92.0,BANERA,Over-exploited,117.9,3703.21,3332.89,3929.38,
RAJASTHAN,BHILWARA,92.0,BIJOLIYAN,Over-exploited,119.52,3303.81,2984.58,3567.23,
RAJASTHAN,BHILWARA,92.0,HURDA,Over-exploited,148.8,2407.77,2166.99,3224.5,
RAJASTHAN,BHILWARA,92.0,JAHAZPUR,Over-exploited,146.56,4866.7,4380.03,6419.31,
RAJASTHAN,BHILWARA,92.0,KOTRI,Over-exploited,125.24,5040.88,4536.8,5681.92,
RAJASTHAN,BHILWARA,92.0,MANDAL,Over-exploited,153.88,6033.07,5429.77,8355.4,
RAJASTHAN,BHILWARA,92.0,MANDALGARH,Over-exploited,159.43,3870.25,3483.22,5553.39,
RAJASTHAN,BHILWARA,92.0,SAHARA,Over-exploited,140.75,2704.92,2434.43,3426.47,
RAJASTHAN,BHILWARA,92.0,SHAHPURA,Over-exploited,135.36,5398.07,4858.27,6576.03,
RAJASTHAN,SAWAI MADHOPUR,113.0,GANGAPUR,Over-exploited,188.07,8001.28,7201.15,13543.51,
RAJASTHAN,SAWAI MADHOPUR,113.0,KHANDAR,Over-exploited,122.47,9732.84,8759.56,10727.47,
RAJASTHAN,SAWAI MADHOPUR,113.0,SAWAI MADHOPUR,Over-exploited,141.65,10155.57,9140.01,12946.96,
RAJASTHAN,SAWAI MADHOPUR,113.0,BAMANWAS,Over-exploited,167.03,9404.21,8463.78,14136.75,
RAJASTHAN,SAWAI MADHOPUR,113.0,BONLI,Over-exploited,136.78,7971.66,7174.48,9813.28,
RAJASTHAN,SAWAI MADHOPUR,113.0,CHAUTH KA BARWARA,Over-exploited,126.9,4397.73,3957.95,5022.73,
RAJASTHAN,JHUNJHUNU,106.0,ALSISAR,Over-exploited,130.88,3622.67,3260.41,3849.5,Safe
RAJASTHAN,JHUNJHUNU,106.0,BUHANA,Over-exploited,172.42,3138.27,2824.45,4870.0,
RAJASTHAN,JHUNJHUNU,106.0,CHIRAWA,Over-exploited,277.02,2930.93,2637.83,7307.37,
RAJASTHAN,JHUNJHUNU,106.0,JHUNJHUNUN,Over-exploited,303.13,3104.59,2794.13,8469.86,
RAJASTHAN,JHUNJHUNU,106.0,KHETRI,Over-exploited,149.63,3491.17,3142.06,4701.46,
RAJASTHAN,JHUNJHUNU,106.0,NAWALGARH,Over-exploited,331.18,2802.07,2521.86,8351.77,
RAJASTHAN,JHUNJHUNU,106.0,SURAJGARH,Over-exploited,231.63,3559.5,3203.55,7420.5,
RAJASTHAN,JHUNJHUNU,106.0,UDAIPURWATI,Over-exploited,216.67,4776.55,4298.89,9314.47,
RAJASTHAN,BUNDI,94.0,BUNDI,Over-exploited,102.01,6973.24,6275.92,6402.26,
RAJASTHAN,BUNDI,94.0,HINDOLI,Over-exploited,105.23,9944.06,9291.34,9777.02,
RAJASTHAN,BUNDI,94.0,KESHORAI PATAN,Semi-critical,71.58,9253.69,8328.33,5961.26,
RAJASTHAN,BUNDI,94.0,NAINWA,Critical,99.56,7542.96,7156.81,7125.02,
RAJASTHAN,BUNDI,94.0,TALERA,Safe,63.43,5254.45,4729.0,2999.67,
RAJASTHAN,JODHPUR,107.0,LUNI,Critical,97.72,6342.34,5708.1,2285.91,Safe
RAJASTHAN,JODHPUR,107.0,MANDOR_RURAL,Over-exploited,188.12,2538.43,2284.59,2171.14,Safe
RAJASTHAN,JODHPUR,107.0,BAP,Over-exploited,118.17,4932.28,4617.14,4038.33,Safe
RAJASTHAN,JODHPUR,107.0,BAPINI,Over-exploited,336.31,2426.74,2305.4,7753.28,
RAJASTHAN,JODHPUR,107.0,BHOPALGARH,Over-exploited,198.98,3821.76,3439.58,6843.92,
RAJASTHAN,JODHPUR,107.0,BILARA,Over-exploited,209.76,4592.59,4133.32,6570.72,Safe
RAJASTHAN,JODHPUR,107.0,DECHOO,Over-exploited,242.83,3102.47,2947.34,7156.92,
RAJASTHAN,JODHPUR,107.0,LOHAWAT,Over-exploited,350.38,2515.77,2264.19,7933.32,
RAJASTHAN,JODHPUR,107.0,BALESAR,Over-exploited,298.58,1325.29,1235.62,2532.0,Safe
RAJASTHAN,JODHPUR,107.0,BAORI,Over-exploited,382.94,2847.42,2705.04,10358.66,
RAJASTHAN,JODHPUR,107.0,PIPAR CITY,Over-exploited,252.89,2751.32,2476.19,6262.15,
RAJASTHAN,JODHPUR,107.0,TIWARI,Over-exploited,325.1,2661.12,2395.0,7786.08,
RAJASTHAN,JODHPUR,107.0,JODHPUR_URBAN,Semi-critical,77.9,510.99,459.89,358.27,
RAJASTHAN,JODHPUR,107.0,OSIAN,Over-exploited,378.81,2442.27,2198.04,8326.43,
RAJASTHAN,JODHPUR,107.0,PHALODI,Over-exploited,323.4,3346.84,3012.16,9741.21,
RAJASTHAN,JODHPUR,107.0,SHEKHALA,Over-exploited,347.85,2021.06,1920.0,6678.72,
RAJASTHAN,JODHPUR,107.0,SHERGARH,Critical,98.74,4375.88,4012.79,2678.48,Safe
RAJASTHAN,BARMER,90.0,CHOHTAN,Semi-critical,70.12,5003.8,4503.42,2294.55,Safe
RAJASTHAN,BARMER,90.0,DHANAOO,Critical,95.96,3957.37,3561.64,3417.79,
RAJASTHAN,BARMER,90.0,DHORIMANNA,Over-exploited,230.85,4028.45,3625.61,7422.87,Safe
RAJASTHAN,BARMER,90.0,SHEO,Over-exploited,364.65,2271.76,2044.58,5962.84,Over-exploited
RAJASTHAN,BARMER,90.0,SINDHARI,Over-exploited,116.08,6345.97,5711.37,3974.16,Safe
RAJASTHAN,BARMER,90.0,BALOTRA,Over-exploited,208.8,4331.01,3897.9,2756.8,Safe
RAJASTHAN,BARMER,90.0,BARMER,Over-exploited,141.82,3911.91,3520.71,3718.16,Safe
RAJASTHAN,BARMER,90.0,BAYTOO,Over-exploited,243.06,3025.3,2722.77,1275.52,Safe
RAJASTHAN,BARMER,90.0,GADRAROAD,Over-exploited,120.2,3335.57,3002.0,1839.06,Safe
RAJASTHAN,BARMER,90.0,GIRA,Over-exploited,317.08,2247.53,2022.78,350.88,Safe
RAJASTHAN,BARMER,90.0,GUDHAMALANI,Critical,97.21,5171.56,4654.4,4476.93,Semi-critical
RAJASTHAN,BARMER,90.0,KALYANPUR,Semi-critical,70.17,4519.63,4230.46,872.17,Safe
RAJASTHAN,BARMER,90.0,PATODI,Semi-critical,89.23,3161.62,2845.45,1270.92,Safe
RAJASTHAN,BARMER,90.0,RAMSAR,Over-exploited,109.41,2937.64,2643.87,777.18,Safe
RAJASTHAN,BARMER,90.0,SAMDARI,Over-exploited,139.75,4652.99,4187.68,2211.2,Safe
RAJASTHAN,BARMER,90.0,SERWA,Over-exploited,121.09,5731.17,5158.04,5575.08,Semi-critical
RAJASTHAN,BARMER,90.0,SIWANA,Over-exploited,108.12,5912.75,5321.48,5475.8,Safe
RAJASTHAN,JHALAWAR,105.0,AKLERA,Semi-critical,89.04,6584.61,5926.15,5276.72,
RAJASTHAN,JHALAWAR,105.0,BAKANI,Over-exploited,142.92,5181.7,4663.52,6665.03,
RAJASTHAN,JHALAWAR,105.0,BHAWANI MANDI,Semi-critical,82.41,6314.43,5682.99,4683.54,
RAJASTHAN,JHALAWAR,105.0,DAG,Over-exploited,123.09,9215.42,8293.89,10208.8,
RAJASTHAN,JHALAWAR,105.0,JHALRAPATAN,Over-exploited,132.15,8003.55,7203.19,9519.16,
RAJASTHAN,JHALAWAR,105.0,KHANPUR,Over-exploited,111.22,11080.79,10115.56,11250.79,
RAJASTHAN,JHALAWAR,105.0,MANOHAR THANA,Semi-critical,84.27,5634.4,5295.95,4462.75,
RAJASTHAN,JHALAWAR,105.0,PIRAWA,Safe,64.24,8298.14,7468.32,4797.52,
RAJASTHAN,CHURU,96.0,BIDASAR,Over-exploited,158.24,3487.84,3139.06,4967.24,none
RAJASTHAN,CHURU,96.0,CHURU,Over-exploited,121.85,1243.91,1119.51,1364.17,none
RAJASTHAN,CHURU,96.0,RAJGARH,Over-exploited,233.33,2472.94,2349.3,5481.54,none
RAJASTHAN,CHURU,96.0,RATANGARH,Over-exploited,110.93,2303.05,2072.74,2299.25,none
RAJASTHAN,CHURU,96.0,SARDARSHAHAR,Safe,69.95,5689.97,5405.47,3780.89,none
RAJASTHAN,CHURU,96.0,SUJANGARH,Over-exploited,184.14,735.13,661.62,1218.32,none
RAJASTHAN,CHURU,96.0,TARANAGAR,Saline,-100000.0,5574.81,5017.33,0.0,Saline
RAJASTHAN,HANUMANGARH,101.0,SANGARIYA,Safe,52.03,14613.57,13677.28,5666.57,Safe
RAJASTHAN,HANUMANGARH,101.0,TIBI,Safe,66.08,14410.74,12969.66,11626.92,Over-exploited
RAJASTHAN,HANUMANGARH,101.0,BHADRA,Safe,63.91,15551.16,14160.15,3212.5,Safe
RAJASTHAN,HANUMANGARH,101.0,HANUMANGARH,Safe,66.95,18073.75,16266.38,11125.24,Safe
RAJASTHAN,HANUMANGARH,101.0,NOHAR,Safe,58.44,16033.65,15231.96,2649.94,Safe
RAJASTHAN,HANUMANGARH,101.0,PILIBANGA,Semi-critical,74.03,12112.65,11295.27,10058.93,Critical
RAJASTHAN,HANUMANGARH,101.0,RAWATSAR,Saline,-100000.0,8855.76,7970.19,3594.77,Saline
RAJASTHAN,BANSWARA,88.0,ANANDPURI,Semi-critical,89.55,1760.77,1584.69,1419.15,
RAJASTHAN,BANSWARA,88.0,ARTHOONA,Safe,53.2,1773.19,1595.88,848.94,
RAJASTHAN,BANSWARA,88.0,BAGIDORA,Semi-critical,87.56,1868.36,1681.52,1472.28,
RAJASTHAN,BANSWARA,88.0,BANSWARA,Safe,55.65,4028.49,3734.42,2078.13,
RAJASTHAN,BANSWARA,88.0,CHHOTISARVAN,Safe,70.0,1542.46,1388.22,971.72,
RAJASTHAN,BANSWARA,88.0,GANGAR TALAI,Semi-critical,79.93,954.18,858.76,686.42,
RAJASTHAN,BANSWARA,88.0,GARHI,Semi-critical,77.25,3647.56,3282.81,2535.96,
RAJASTHAN,BANSWARA,88.0,GHATOL,Safe,57.59,3875.09,3487.57,2008.32,
RAJASTHAN,BANSWARA,88.0,KUSHALGARH,Critical,96.65,1627.82,1465.04,1415.96,
RAJASTHAN,BANSWARA,88.0,SAJJANGARH,Safe,67.6,1548.01,1393.21,941.79,
RAJASTHAN,BANSWARA,88.0,TALWARA,Semi-critical,70.96,1743.52,1569.17,1113.56,
RAJASTHAN,SIKAR,114.0,KHANDELA,Over-exploited,171.38,3535.7,3182.13,5453.68,
RAJASTHAN,SIKAR,114.0,LACHHMANGARH,Over-exploited,225.51,4945.6,4451.03,9708.47,Safe
RAJASTHAN,SIKAR,114.0,NEEM KA THANA,Over-exploited,230.47,3145.78,2831.2,6525.11,
RAJASTHAN,SIKAR,114.0,PATAN,Over-exploited,164.54,1159.53,1043.57,1717.06,
RAJASTHAN,SIKAR,114.0,PIPRALI,Over-exploited,191.78,4372.14,4149.75,7838.94,Safe
RAJASTHAN,SIKAR,114.0,DANTA RAMGARH,Over-exploited,215.97,5913.77,5322.39,11495.01,
RAJASTHAN,SIKAR,114.0,DHOND,Over-exploited,244.25,5060.19,4554.17,11123.65,
RAJASTHAN,SIKAR,114.0,FATEHPUR,Semi-critical,88.01,6144.44,5530.0,4815.21,Safe
RAJASTHAN,SIKAR,114.0,SRIMADHOPUR,Over-exploited,200.43,4897.68,4407.91,8834.99,
RAJASTHAN,PALI,111.0,BALI,Over-exploited,164.41,4614.49,4153.04,6827.85,
RAJASTHAN,PALI,111.0,DESURI,Over-exploited,164.36,3611.81,3250.63,5342.81,
RAJASTHAN,PALI,111.0,JAITARAN,Over-exploited,170.33,7052.24,6347.02,10962.77,Over-exploited
RAJASTHAN,PALI,111.0,KHARCHI (MARWAR JUNCTION),Over-exploited,139.95,5012.54,4511.29,6505.89,Over-exploited
RAJASTHAN,PALI,111.0,PALI,Semi-critical,74.28,5294.65,4765.18,2081.03,Safe
RAJASTHAN,PALI,111.0,RAIPUR,Over-exploited,164.32,2662.69,2396.42,3937.9,
RAJASTHAN,PALI,111.0,RANI STATION,Over-exploited,168.14,3219.95,2897.95,4544.23,Critical
RAJASTHAN,PALI,111.0,ROHAT,Safe,22.58,5385.62,4847.06,491.75,Safe
RAJASTHAN,PALI,111.0,SOJAT,Over-exploited,132.35,5773.01,5195.7,5367.85,Safe
RAJASTHAN,PALI,111.0,SUMERPUR,Over-exploited,160.43,6173.83,5556.44,7539.26,Safe
RAJASTHAN,KOTA,109.0,LADPURA_RURAL,Over-exploited,125.42,5739.8,5165.81,6478.91,
RAJASTHAN,KOTA,109.0,ITAWA,Semi-critical,87.24,14024.15,12621.73,11010.92,
RAJASTHAN,KOTA,109.0,KHAIRABAD,Over-exploited,124.2,6125.69,5513.12,6847.38,
RAJASTHAN,KOTA,109.0,SANGOD,Over-exploited,151.27,11589.61,10430.64,15778.89,
RAJASTHAN,KOTA,109.0,SULTANPUR,Semi-critical,82.22,13228.28,11905.45,9788.33,
RAJASTHAN,KOTA,109.0,KOTA_URBAN,Over-exploited,130.94,2381.49,2143.34,2806.57,
RAJASTHAN,NAGAUR,110.0,KHEENVSAR,Over-exploited,282.79,6073.59,5466.23,15458.16,
RAJASTHAN,NAGAUR,110.0,MERTA,Over-exploited,277.71,5996.3,5396.67,14403.42,Safe
RAJASTHAN,NAGAUR,110.0,MUNDWA,Over-exploited,323.56,4368.49,3931.64,12721.35,
RAJASTHAN,NAGAUR,110.0,NAGAUR,Over-exploited,122.8,3960.69,3762.66,4022.62,Safe
RAJASTHAN,NAGAUR,110.0,NAWA,Over-exploited,244.82,5153.43,4638.09,6299.04,Safe
RAJASTHAN,NAGAUR,110.0,PARBATSAR,Critical,91.09,5610.98,5049.88,4599.9,
RAJASTHAN,NAGAUR,110.0,RIYAN BARI,Over-exploited,146.38,6628.59,5965.73,8732.86,
RAJASTHAN,NAGAUR,110.0,DEGANA,Over-exploited,196.4,6061.41,5717.28,10552.1,Over-exploited
RAJASTHAN,NAGAUR,110.0,DIDWANA,Over-exploited,101.59,3069.16,2762.25,2806.1,
RAJASTHAN,NAGAUR,110.0,JAYAL,Over-exploited,168.39,5194.17,4674.75,7179.48,Safe
RAJASTHAN,NAGAUR,110.0,KUCHAMAN CITY,Over-exploited,165.71,3918.75,3526.87,5844.27,
RAJASTHAN,NAGAUR,110.0,LADNU,Over-exploited,118.89,6185.39,5566.85,6838.27,Over-exploited
RAJASTHAN,NAGAUR,110.0,MAKRANA,Semi-critical,86.77,7423.72,7034.44,6119.22,Critical
RAJASTHAN,NAGAUR,110.0,MOLASAR,Over-exploited,202.63,3264.43,2937.99,5953.2,
GUJARAT,AHMEDABAD,438.0,DHOLERA,Saline,-100000.0,13008.51,11707.66,12.87,Saline
GUJARAT,AHMEDABAD,438.0,VIRAMGAM,Safe,34.3,281275.68,253148.11,11953.48,Safe
GUJARAT,AHMEDABAD,438.0,MANDAL,Safe,68.77,26568.39,23911.55,5639.52,Safe
GUJARAT,AHMEDABAD,438.0,DHOLKA,Safe,59.72,20558.05,18502.25,10867.29,Safe
GUJARAT,AHMEDABAD,438.0,DHANDHUKA,Saline,-100000.0,14319.94,12887.94,3395.01,Saline
GUJARAT,AHMEDABAD,438.0,BAVLA,Safe,29.82,21391.2,19252.08,9451.92,Safe
GUJARAT,AHMEDABAD,438.0,DETROJ-RAMPURA,Safe,60.24,156548.66,140893.8,3352.64,Safe
GUJARAT,AHMEDABAD,438.0,AHMEDABAD CITY & DAS,Over-exploited,143.16,13967.93,13269.53,19257.35,Over-exploited
GUJARAT,AHMEDABAD,438.0,SANAND,Safe,56.42,22948.72,20653.84,15210.97,Semi-critical
GUJARAT,AHMEDABAD,438.0,AHMEDABAD URBAN,Over-exploited,128.85,2132.71,1919.44,2473.15,
GUJARAT,TAPI,641.0,DOLVAN,Safe,60.27,9262.71,8336.44,5024.0,
GUJARAT,TAPI,641.0,UCHCHHAL,Safe,23.97,8701.61,7831.45,1877.04,
GUJARAT,TAPI,641.0,VALOD,Safe,58.03,8457.09,7611.38,4417.16,
GUJARAT,TAPI,641.0,KUKARMUNDA,Semi-critical,74.15,3319.48,3153.51,2338.29,
GUJARAT,TAPI,641.0,NIZAR,Safe,68.45,3397.54,3227.66,2209.3,
GUJARAT,TAPI,641.0,SONGADH,Safe,21.6,30818.25,29277.33,6323.88,
GUJARAT,TAPI,641.0,VYARA,Safe,52.1,13192.94,11873.65,6186.44,
GUJARAT,RAJKOT,457.0,KOTADA SANGANI,Safe,61.67,10559.44,10031.46,6186.07,
GUJARAT,RAJKOT,457.0,JASDAN,Semi-critical,75.0,17050.25,16197.74,12148.47,
GUJARAT,RAJKOT,457.0,GONDAL,Safe,53.55,38177.7,36268.82,19420.31,
GUJARAT,RAJKOT,457.0,VINCHCHIYA,Semi-critical,85.59,9635.56,9153.78,7835.06,
GUJARAT,RAJKOT,457.0,DHORAJI,Semi-critical,85.88,12319.27,11703.3,10050.68,
GUJARAT,RAJKOT,457.0,JAMKANDORNA,Safe,68.35,15100.44,14345.41,9804.61,
GUJARAT,RAJKOT,457.0,JETPUR,Semi-critical,77.08,15432.87,14661.22,11301.31,
GUJARAT,RAJKOT,457.0,LODHIKA,Safe,61.03,8769.37,8330.9,5084.26,
GUJARAT,RAJKOT,457.0,PADDHARI,Semi-critical,79.08,9609.63,9129.15,8954.43,none
GUJARAT,RAJKOT,457.0,RAJKOT,Safe,56.0,27688.95,26304.5,14730.99,
GUJARAT,RAJKOT,457.0,UPLETA,Semi-critical,76.75,14609.6,13879.12,10651.72,
GUJARAT,RAJKOT,457.0,RAJKOT URBAN,Safe,0.11,2339.34,2222.37,2.39,
GUJARAT,GANDHINAGAR,446.0,GANDHINAGAR,Over-exploited,135.62,15489.73,13940.75,18905.85,
GUJARAT,GANDHINAGAR,446.0,KALOL,Safe,47.52,17367.37,16409.93,7035.52,
GUJARAT,GANDHINAGAR,446.0,DEHGAM,Over-exploited,166.84,17162.61,15446.35,25770.55,
GUJARAT,GANDHINAGAR,446.0,MANSA,Semi-critical,89.97,12088.75,10879.88,9789.05,
GUJARAT,SABARKANTHA,458.0,POSHINA,Safe,46.45,5990.72,5391.65,2504.2,
GUJARAT,SABARKANTHA,458.0,HIMATNAGAR,Semi-critical,75.74,19313.72,17382.34,13165.52,
GUJARAT,SABARKANTHA,458.0,PRANTIJ,Over-exploited,126.25,8405.62,7565.05,9550.5,
GUJARAT,SABARKANTHA,458.0,KHEDBRAHMA,Safe,57.56,8454.65,7609.18,4379.86,
GUJARAT,SABARKANTHA,458.0,IDAR,Semi-critical,75.27,16896.43,15206.79,11445.52,
GUJARAT,SABARKANTHA,458.0,TALOD,Safe,66.36,10709.38,9638.44,6395.82,
GUJARAT,SABARKANTHA,458.0,VADALI,Critical,95.91,7000.35,6300.32,6042.45,
GUJARAT,SABARKANTHA,458.0,VIJAYNAGAR,Safe,67.91,8573.75,7716.38,5240.41,
GUJARAT,VALSAD,462.0,VAPI,Safe,37.53,5178.48,4660.63,1749.17,
GUJARAT,VALSAD,462.0,DHARAMPUR,Safe,33.59,14358.36,12922.52,4341.22,
GUJARAT,VALSAD,462.0,KAPRADA,Safe,18.04,18525.89,16673.3,3008.69,
GUJARAT,VALSAD,462.0,PARDI,Safe,42.74,8814.02,7932.62,3390.32,
GUJARAT,VALSAD,462.0,UMERGAM,Safe,17.89,11909.8,10718.82,1917.36,
GUJARAT,VALSAD,462.0,VALSAD,Safe,45.13,18346.16,16511.54,7447.51,
GUJARAT,RANA AND KUTCH,449.0,RANA AND KUTCH,Hilly area,,,0.0,,Hilly area
GUJARAT,KHEDA,450.0,KHEDA,Safe,39.1,9925.51,8932.96,6461.09,Critical
GUJARAT,KHEDA,450.0,KAPADVANJ,Safe,56.1,13476.06,12128.45,6803.96,
GUJARAT,KHEDA,450.0,THASRA,Safe,33.0,12372.43,11135.19,4044.21,Safe
GUJARAT,KHEDA,450.0,VASO,Safe,38.27,6463.18,5816.86,2225.95,
GUJARAT,KHEDA,450.0,GALTESHWAR,Safe,49.11,2254.96,2142.21,1051.98,
GUJARAT,KHEDA,450.0,KATHLAL,Safe,47.99,8310.19,7479.17,3589.1,
GUJARAT,KHEDA,450.0,MAHUDHA,Safe,29.04,7789.08,7399.62,2148.53,
GUJARAT,KHEDA,450.0,MATAR,Safe,31.31,9824.88,8959.14,3616.41,Safe
GUJARAT,KHEDA,450.0,MEHMEDABAD,Semi-critical,80.65,11098.26,9988.43,8223.03,Critical
GUJARAT,KHEDA,450.0,NADIAD,Safe,35.51,17219.86,16358.86,5809.26,
GUJARAT,DANG,444.0,WAGHAI,Safe,16.03,12415.46,11173.92,1790.76,
GUJARAT,DANG,444.0,SUBIR,Safe,9.79,9922.5,8930.25,873.91,
GUJARAT,DANG,444.0,AHWA,Safe,13.2,12367.77,11130.99,1468.85,
GUJARAT,SURAT,459.0,BARDOLI,Safe,66.58,12494.14,11244.73,7486.39,
GUJARAT,SURAT,459.0,PALSANA,Safe,59.86,12231.19,11008.07,6589.59,
GUJARAT,SURAT,459.0,SURAT CITY & CHORASI,Safe,60.44,10092.9,9083.61,5620.13,Semi-critical
GUJARAT,SURAT,459.0,KAMREJ,Safe,46.12,14358.41,13640.49,6290.33,
GUJARAT,SURAT,459.0,MAHUVA,Safe,49.86,11971.26,10774.13,5372.51,
GUJARAT,SURAT,459.0,MANDVI,Safe,31.71,26409.94,23768.95,7536.3,
GUJARAT,SURAT,459.0,MANGROL,Safe,19.94,23408.87,22067.28,4559.17,Safe
GUJARAT,SURAT,459.0,OLPAD,Safe,15.35,19377.23,17711.78,3617.51,Safe
GUJARAT,SURAT,459.0,UMARPADA,Safe,13.47,13488.91,12814.47,1725.89,
GUJARAT,SURAT,459.0,SURAT URBAN,Over-exploited,133.91,12985.7,12334.65,16475.39,
GUJARAT,ANAND,440.0,ANAND,Safe,61.63,16094.23,15289.52,9423.43,
GUJARAT,ANAND,440.0,KHAMBHAT,Safe,30.44,22920.41,21235.63,6809.76,Safe
GUJARAT,ANAND,440.0,UMRETH,Safe,32.99,12355.78,11737.99,3872.92,
GUJARAT,ANAND,440.0,ANKLAV,Safe,27.56,12121.67,11515.59,3174.02,
GUJARAT,ANAND,440.0,BORSAD,Safe,39.81,18414.31,17493.59,6963.41,
GUJARAT,ANAND,440.0,PETLAD,Safe,27.46,18548.49,16693.64,4584.84,
GUJARAT,ANAND,440.0,SOJITRA,Safe,15.25,13959.83,12563.84,2168.05,Critical
GUJARAT,ANAND,440.0,TARAPUR,Safe,2.15,21955.02,19953.53,1113.98,Safe
GUJARAT,PANCHMAHAL,454.0,KALOL,Safe,29.5,10101.24,9596.17,2830.5,
GUJARAT,PANCHMAHAL,454.0,JAMBUGHODA,Safe,37.63,2281.0,2052.9,772.57,
GUJARAT,PANCHMAHAL,454.0,HALOL,Safe,31.17,9519.31,8567.38,2670.14,
GUJARAT,PANCHMAHAL,454.0,GHOGHAMBA,Safe,64.69,4606.74,4146.06,2682.2,
GUJARAT,PANCHMAHAL,454.0,MORWA HADAF,Safe,31.74,3310.58,2979.53,945.76,
GUJARAT,PANCHMAHAL,454.0,SHEHRA,Safe,17.98,11343.07,10775.92,1937.52,
GUJARAT,PANCHMAHAL,454.0,GODHRA,Safe,17.15,16757.91,15920.01,2729.66,
GUJARAT,VADODARA,461.0,PADRA,Semi-critical,83.56,33230.41,29907.37,9369.03,
GUJARAT,VADODARA,461.0,DABHOI,Safe,46.71,18277.14,17363.28,8110.89,
GUJARAT,VADODARA,461.0,DESAR,Semi-critical,70.64,4274.52,4060.8,2868.44,
GUJARAT,VADODARA,461.0,KARJAN,Safe,65.56,19907.46,18912.09,12398.18,
GUJARAT,VADODARA,461.0,SAVLI,Safe,54.38,11164.07,10605.87,5767.67,
GUJARAT,VADODARA,461.0,SINOR,Semi-critical,87.51,8391.02,7971.47,6976.19,
GUJARAT,VADODARA,461.0,VADODARA,Over-exploited,100.56,17045.14,16192.88,16282.81,
GUJARAT,VADODARA,461.0,VAGHODIA,Safe,24.07,12014.57,11413.84,2747.46,
GUJARAT,VADODARA,461.0,VADODARA URBAN,Semi-critical,74.33,6416.03,6095.23,4530.45,
GUJARAT,PATAN,455.0,RADHANPUR,Saline,-100000.0,9855.04,9362.28,3328.5,Saline
GUJARAT,PATAN,455.0,SANKHESWAR,Saline,-100000.0,9257.29,8331.57,1099.88,Saline
GUJARAT,PATAN,455.0,SANTALPUR,Saline,-100000.0,17893.58,16104.22,595.5,Saline
GUJARAT,PATAN,455.0,SARSVATI(PATAN),Over-exploited,142.13,18502.38,16652.14,28215.73,Over-exploited
GUJARAT,PATAN,455.0,PATAN,Over-exploited,116.58,15511.01,13959.92,16056.52,Over-exploited
GUJARAT,PATAN,455.0,CHANASMA,Over-exploited,101.78,10273.9,9246.51,8284.51,Semi-critical
GUJARAT,PATAN,455.0,HARIJ,Saline,-100000.0,10442.46,9398.21,973.5,Saline
GUJARAT,PATAN,455.0,SAMI,Saline,-100000.0,11767.86,10591.08,1060.5,Saline
GUJARAT,PATAN,455.0,SIDHPUR,Over-exploited,106.61,13888.02,13193.62,14065.88,
GUJARAT,DAHOD,445.0,DHANPUR,Safe,44.2,2365.28,2128.75,940.86,
GUJARAT,DAHOD,445.0,DAHOD,Safe,60.41,3048.41,2895.99,1749.61,
GUJARAT,DAHOD,445.0,FATEPURA,Semi-critical,70.68,3030.49,2727.44,1927.87,
GUJARAT,DAHOD,445.0,SANJELI,Safe,19.17,1346.45,1211.8,232.35,
GUJARAT,DAHOD,445.0,SINGVAD,Safe,23.67,6041.5,5437.35,1287.1,
GUJARAT,DAHOD,445.0,DEVGADH BARIA,Safe,53.53,5494.7,4945.23,2647.42,
GUJARAT,DAHOD,445.0,GARBADA,Safe,26.72,3856.29,3470.66,927.37,
GUJARAT,DAHOD,445.0,LIMKHEDA,Safe,28.58,6404.88,5764.39,1647.74,
GUJARAT,DAHOD,445.0,ZALOD,Safe,53.82,6033.75,5430.37,2922.47,
GUJARAT,NARMADA,452.0,NANDOD,Semi-critical,82.75,18600.65,17670.62,14621.75,
GUJARAT,NARMADA,452.0,SAGBARA,Safe,69.49,5114.89,4603.4,3199.1,
GUJARAT,NARMADA,452.0,DEDIAPADA,Safe,69.86,9415.31,8473.78,5919.6,
GUJARAT,NARMADA,452.0,GARUDESHWAR,Safe,45.0,4749.74,4512.25,2030.29,
GUJARAT,NARMADA,452.0,TILAKWADA,Safe,57.06,4278.44,4064.51,2319.38,
GUJARAT,DEVBHUMI DWARKA,674.0,KALYANPUR,Safe,69.46,17720.91,16834.86,11649.19,Safe
GUJARAT,DEVBHUMI DWARKA,674.0,KHAMBHALIA,Semi-critical,74.84,17269.58,16406.11,12253.99,Semi-critical
GUJARAT,DEVBHUMI DWARKA,674.0,OKHAMANDAL,Safe,56.96,4215.82,4005.03,2245.29,Safe
GUJARAT,DEVBHUMI DWARKA,674.0,BHANVAD,Semi-critical,77.43,12120.74,11514.7,8915.96,
GUJARAT,JUNAGADH,448.0,MALIA,Safe,49.51,17418.29,16547.37,8172.08,Safe
GUJARAT,JUNAGADH,448.0,VANTHALI,Safe,44.04,14259.13,13546.18,5965.12,
GUJARAT,JUNAGADH,448.0,VISAVADAR,Safe,39.35,35474.0,33700.3,13262.03,
GUJARAT,JUNAGADH,448.0,BHESAN,Semi-critical,72.27,10763.21,10225.05,7390.1,
GUJARAT,JUNAGADH,448.0,MANAVADAR,Safe,52.53,21034.43,19982.71,10456.53,Safe
GUJARAT,JUNAGADH,448.0,JUNAGADH CITY & JUNA,Safe,66.26,15211.76,14451.17,9575.41,
GUJARAT,JUNAGADH,448.0,KESHOD,Safe,68.71,15471.02,14697.47,10099.09,
GUJARAT,JUNAGADH,448.0,MANGROL,Safe,54.28,15462.57,14689.43,7969.42,Safe
GUJARAT,JUNAGADH,448.0,MENDARDA,Safe,26.0,24569.1,23340.65,6067.67,
GUJARAT,KACHCHH,449.0,GANDHIDHAM,Saline,-100000.0,1740.75,1566.67,217.73,Saline
GUJARAT,KACHCHH,449.0,ABDASA,Safe,41.1,18508.7,17583.27,7422.58,Safe
GUJARAT,KACHCHH,449.0,MUNDRA,Safe,50.29,16447.44,14802.69,9512.2,Semi-critical
GUJARAT,KACHCHH,449.0,MANDVI,Semi-critical,79.27,21269.42,19142.48,15773.18,Semi-critical
GUJARAT,KACHCHH,449.0,ANJAR,Safe,53.07,21095.98,19664.72,11474.05,Safe
GUJARAT,KACHCHH,449.0,BHACHAU,Safe,38.7,23625.54,21262.99,10735.71,Safe
GUJARAT,KACHCHH,449.0,BHUJ,Critical,97.12,34488.05,31039.24,36394.2,Over-exploited
GUJARAT,KACHCHH,449.0,LAKHPAT,Safe,8.8,24218.06,21796.25,2381.5,Safe
GUJARAT,KACHCHH,449.0,NAKHATRANA,Safe,66.67,15683.96,14115.56,18355.24,Over-exploited
GUJARAT,KACHCHH,449.0,RAPAR,Safe,35.53,40716.0,36644.41,16066.58,Safe
GUJARAT,MAHISAGAR,669.0,KHANPUR,Safe,57.1,5225.52,4702.97,2685.24,
GUJARAT,MAHISAGAR,669.0,VIRPUR,Semi-critical,77.02,3506.57,3155.91,2430.53,
GUJARAT,MAHISAGAR,669.0,BALASINOR,Safe,58.06,4687.21,4218.49,2449.19,
GUJARAT,MAHISAGAR,669.0,KADANA,Safe,35.42,6002.03,5401.82,1913.24,
GUJARAT,MAHISAGAR,669.0,LUNAWADA,Safe,47.82,8845.48,7960.93,3806.85,
GUJARAT,MAHISAGAR,669.0,SANTRAMPUR,Safe,53.79,6043.1,5438.79,2925.37,
GUJARAT,ARVALLI,672.0,MEGHRAJ,Safe,34.17,18975.11,18026.36,6160.4,
GUJARAT,ARVALLI,672.0,DHANSURA,Safe,53.25,8545.13,8117.87,4322.36,
GUJARAT,ARVALLI,672.0,MALPUR,Semi-critical,71.55,5853.0,5560.35,3978.69,
GUJARAT,ARVALLI,672.0,BAYAD,Safe,41.78,20905.88,19860.58,8297.29,
GUJARAT,ARVALLI,672.0,BHILODA,Safe,43.09,23820.1,22629.1,9750.89,
GUJARAT,ARVALLI,672.0,MODASA,Safe,52.88,13213.99,12553.29,6637.7,
GUJARAT,BHAVNAGAR,443.0,MAHUVA,Safe,50.83,22774.96,21636.22,10998.3,Safe
GUJARAT,BHAVNAGAR,443.0,JESAR,Safe,46.54,9197.68,8737.8,4066.3,
GUJARAT,BHAVNAGAR,443.0,UMRALA,Semi-critical,72.44,5853.26,5560.59,4028.0,
GUJARAT,BHAVNAGAR,443.0,SIHOR,Safe,44.03,15280.89,14516.85,6391.24,
GUJARAT,BHAVNAGAR,443.0,BHAVNAGAR,Safe,21.13,21288.25,20223.84,4441.04,Safe
GUJARAT,BHAVNAGAR,443.0,GARIADHAR,Safe,59.54,7154.29,6796.58,4046.67,
GUJARAT,BHAVNAGAR,443.0,GHOGHA,Safe,64.57,6363.06,6044.91,3899.11,Safe
GUJARAT,BHAVNAGAR,443.0,PALITANA,Safe,39.94,16756.82,15918.98,6357.65,
GUJARAT,BHAVNAGAR,443.0,TALAJA,Safe,50.59,18074.53,17170.8,8771.02,Safe
GUJARAT,BHAVNAGAR,443.0,VALLABHIPUR,Safe,45.43,4962.39,4714.28,2346.25,Safe
GUJARAT,SURENDRANAGAR,460.0,THANGADH,Semi-critical,72.7,5040.88,4784.53,3421.83,
GUJARAT,SURENDRANAGAR,460.0,CHUDA,Semi-critical,86.93,7224.18,6501.76,5934.83,Over-exploited
GUJARAT,SURENDRANAGAR,460.0,LAKHTAR,Safe,26.64,11413.33,10436.27,2130.27,Safe
GUJARAT,SURENDRANAGAR,460.0,CHOTILA,Safe,49.59,18569.75,17641.26,8747.6,
GUJARAT,SURENDRANAGAR,460.0,DASADA,Safe,13.67,114950.64,103455.58,5688.82,Safe
GUJARAT,SURENDRANAGAR,460.0,DHRANGADHRA,Safe,55.0,27887.22,26492.86,14761.51,Safe
GUJARAT,SURENDRANAGAR,460.0,LIMBDI,Safe,13.29,13128.32,11815.49,3046.0,Safe
GUJARAT,SURENDRANAGAR,460.0,MULI,Safe,67.62,16601.34,15771.27,10820.92,Safe
GUJARAT,SURENDRANAGAR,460.0,SAYLA,Safe,66.87,10207.15,9680.67,8012.23,Over-exploited
GUJARAT,SURENDRANAGAR,460.0,WADHWAN,Safe,58.47,11235.75,10673.97,6085.24,Safe
GUJARAT,JAMNAGAR,447.0,LALPUR,Safe,41.77,23552.2,22374.58,9346.0,
GUJARAT,JAMNAGAR,447.0,KALAVAD,Safe,57.94,28273.36,26859.69,15561.9,
GUJARAT,JAMNAGAR,447.0,DHROL,Critical,90.27,7360.55,6992.53,6356.65,Critical
GUJARAT,JAMNAGAR,447.0,JAMJODHPUR,Safe,60.27,19789.84,18800.35,11330.45,
GUJARAT,JAMNAGAR,447.0,JAMNAGAR,Safe,30.24,49193.54,46731.03,14116.42,
GUJARAT,JAMNAGAR,447.0,JODIYA,Safe,42.6,11707.56,11122.17,6599.14,Semi-critical
GUJARAT,NAVSARI,453.0,BANSDA,Safe,29.48,17965.5,16168.95,4767.14,
GUJARAT,NAVSARI,453.0,CHIKHLI,Safe,46.12,15808.68,15018.24,6925.77,
GUJARAT,NAVSARI,453.0,GANDEVI,Safe,37.98,9732.68,8759.4,3300.53,
GUJARAT,NAVSARI,453.0,JALALPORE,Safe,20.9,25266.27,22739.64,4747.43,
GUJARAT,NAVSARI,453.0,KHERGAM,Safe,52.58,3533.07,3356.41,1764.68,
GUJARAT,NAVSARI,453.0,NAVSARI,Safe,25.18,11498.11,10348.3,2605.89,
GUJARAT,AMRELI,439.0,JAFRABAD,Safe,64.06,4591.4,4361.83,2703.64,Safe
GUJARAT,AMRELI,439.0,RAJULA,Semi-critical,89.24,6105.37,5800.09,5178.64,Semi-critical
GUJARAT,AMRELI,439.0,AMRELI,Safe,66.76,17698.71,16813.78,11225.44,
GUJARAT,AMRELI,439.0,KUNKAVAV VADIA,Safe,55.69,20168.15,19159.74,10670.23,
GUJARAT,AMRELI,439.0,LATHI,Safe,46.8,17047.56,16195.18,7579.9,
GUJARAT,AMRELI,439.0,LILIA,Semi-critical,72.46,5215.27,4954.51,3590.22,
GUJARAT,AMRELI,439.0,BABRA,Safe,67.9,18680.12,17746.12,12050.25,
GUJARAT,AMRELI,439.0,BAGASARA,Semi-critical,84.31,6094.17,5789.46,4880.84,
GUJARAT,AMRELI,439.0,DHARI,Safe,43.83,27486.67,26112.34,11444.55,
GUJARAT,AMRELI,439.0,KHAMBHA,Safe,45.94,12840.32,12198.3,5604.46,
GUJARAT,AMRELI,439.0,SAVAR KUNDLA,Safe,65.75,19809.74,18819.25,12374.21,
GUJARAT,BANASKANTHA,441.0,LAKHANI,Over-exploited,143.54,9225.12,8302.6,11915.13,
GUJARAT,BANASKANTHA,441.0,SUIGAM,Saline,-100000.0,9806.54,8825.88,1475.22,Saline
GUJARAT,BANASKANTHA,441.0,DHANERA,Over-exploited,167.95,15532.15,13978.93,23718.26,Over-exploited
GUJARAT,BANASKANTHA,441.0,THARAD,Over-exploited,181.34,21210.72,19089.65,36077.75,Over-exploited
GUJARAT,BANASKANTHA,441.0,VAV,Saline,-100000.0,14051.06,12645.95,5260.38,Saline
GUJARAT,BANASKANTHA,441.0,VADGAM,Critical,93.75,12119.91,10907.91,10225.98,
GUJARAT,BANASKANTHA,441.0,PALANPUR,Over-exploited,108.62,17373.64,15636.28,16984.81,
GUJARAT,BANASKANTHA,441.0,DEESA,Over-exploited,141.49,25337.03,22803.32,32264.53,
GUJARAT,BANASKANTHA,441.0,AMIRGADH,Safe,51.68,9600.09,8640.08,4464.84,
GUJARAT,BANASKANTHA,441.0,BHABHAR,Saline,-100000.0,7345.77,6611.19,967.8,Saline
GUJARAT,BANASKANTHA,441.0,DANTA,Safe,49.26,13720.52,12348.46,6082.61,
GUJARAT,BANASKANTHA,441.0,DANTIWADA,Over-exploited,105.39,8519.75,7667.77,8080.69,
GUJARAT,BANASKANTHA,441.0,DEODAR,Over-exploited,103.96,11516.6,10364.94,11177.64,Over-exploited
GUJARAT,BANASKANTHA,441.0,KANKREJ,Over-exploited,131.64,16200.07,14580.06,16513.63,Semi-critical
GUJARAT,BHARUCH,442.0,VALIA,Safe,58.71,6870.29,6183.26,3630.19,
GUJARAT,BHARUCH,442.0,AMOD,Safe,50.29,3666.62,3299.96,2330.72,Over-exploited
GUJARAT,BHARUCH,442.0,ANKLESVAR,Safe,26.82,11321.17,10326.46,2902.52,Safe
GUJARAT,BHARUCH,442.0,BHARUCH,Safe,39.59,13753.03,12377.72,4893.87,Safe
GUJARAT,BHARUCH,442.0,HANSOT,Safe,6.22,9921.73,8929.56,1161.15,Safe
GUJARAT,BHARUCH,442.0,JAMBUSAR,Safe,6.06,16584.95,15755.7,1031.37,Safe
GUJARAT,BHARUCH,442.0,JHAGADIA,Safe,52.25,11446.69,10874.36,5682.2,
GUJARAT,BHARUCH,442.0,NETRANG,Safe,33.15,7006.86,6656.52,2206.57,
GUJARAT,BHARUCH,442.0,VAGRA,Safe,1.51,16939.77,15245.8,253.56,Safe
GUJARAT,BOTAD,676.0,GADHADA,Semi-critical,79.43,15419.06,14648.11,11672.37,Semi-critical
GUJARAT,BOTAD,676.0,BARWALA,Safe,65.21,3551.88,3374.28,2371.3,Semi-critical
GUJARAT,BOTAD,676.0,BOTAD,Safe,64.42,16243.83,15429.81,9919.06,
GUJARAT,BOTAD,676.0,RANPUR,Safe,36.18,16819.08,15978.13,5755.1,Safe
GUJARAT,CHHOTA UDEPUR,668.0,SANKHEDA,Safe,43.76,9272.27,8345.05,3652.21,
GUJARAT,CHHOTA UDEPUR,668.0,BODELI,Safe,27.31,12459.47,11213.52,3062.62,
GUJARAT,CHHOTA UDEPUR,668.0,CHHOTA UDAIPUR,Safe,53.81,9917.34,8925.61,4802.65,
GUJARAT,CHHOTA UDEPUR,668.0,JETPUR PAVI,Safe,69.22,11048.62,9943.76,6882.77,
GUJARAT,CHHOTA UDEPUR,668.0,KAVANT,Safe,52.86,11261.23,10135.11,5357.84,
GUJARAT,CHHOTA UDEPUR,668.0,NASVADI,Safe,35.24,9590.56,8631.5,3042.16,
GUJARAT,GIR SOMNATH,675.0,SUTRAPADA,Safe,33.27,22727.63,21591.26,7137.9,Safe
GUJARAT,GIR SOMNATH,675.0,PATAN-VERAVAL,Safe,64.91,9282.86,8354.57,5406.41,
GUJARAT,GIR SOMNATH,675.0,KODINAR,Safe,55.66,15169.21,13652.3,7590.08,
GUJARAT,GIR SOMNATH,675.0,GIR GADHDA,Safe,43.93,11794.68,11204.94,4922.45,
GUJARAT,GIR SOMNATH,675.0,TALALA,Safe,63.34,10675.09,10141.34,6423.08,
GUJARAT,GIR SOMNATH,675.0,UNA,Safe,55.54,11801.34,10621.21,5790.03,Safe
GUJARAT,MAHESANA,451.0,UNJHA,Semi-critical,88.51,8513.73,7662.36,6781.95,
GUJARAT,MAHESANA,451.0,BECHARAJI,Safe,53.22,170589.93,153664.53,6346.7,Safe
GUJARAT,MAHESANA,451.0,VIJAPUR,Over-exploited,112.74,15301.53,13771.38,15525.99,
GUJARAT,MAHESANA,451.0,VADNAGAR,Over-exploited,138.25,7523.54,6771.18,9361.49,
GUJARAT,MAHESANA,451.0,KADI,Safe,69.4,26671.67,24446.37,16276.77,Safe
GUJARAT,MAHESANA,451.0,MAHESANA,Over-exploited,103.69,20549.89,18494.9,22264.04,Over-exploited
GUJARAT,MAHESANA,451.0,KHERALU,Over-exploited,172.72,8540.88,7686.79,13276.29,
GUJARAT,MAHESANA,451.0,JOTANA,Over-exploited,114.29,10246.33,9221.7,4964.54,Safe
GUJARAT,MAHESANA,451.0,SATLASANA,Over-exploited,122.16,7452.39,6707.15,8193.27,
GUJARAT,MAHESANA,451.0,VISNAGAR,Semi-critical,76.51,13016.13,11714.51,11606.63,Over-exploited
GUJARAT,MORBI,673.0,WANKANER,Safe,66.25,20625.81,19594.52,12981.57,
GUJARAT,MORBI,673.0,HALVAD,Safe,46.17,23797.08,21417.37,13544.57,Over-exploited
GUJARAT,MORBI,673.0,MORBI,Safe,37.9,19299.31,18334.35,6859.62,Safe
GUJARAT,MORBI,673.0,MALIYA,Saline,-100000.0,9282.42,8354.17,58.53,Saline
GUJARAT,MORBI,673.0,TANKARA,Safe,53.01,17936.39,17039.57,9348.27,Semi-critical
GUJARAT,PORBANDAR,456.0,RANAVAV,Safe,49.91,10716.83,10180.98,5019.0,Safe
GUJARAT,PORBANDAR,456.0,KUTIYANA,Safe,49.89,7897.31,7483.46,5543.92,Over-exploited
GUJARAT,PORBANDAR,456.0,PORBANDAR,Safe,69.83,16689.58,15020.63,10688.21,Semi-critical
LADAKH,LEH,9.0,KHARU,Safe,66.63,196.82,177.13,118.02,
LADAKH,LEH,9.0,CHUCHOT,Safe,48.32,511.53,460.38,222.46,
LADAKH,LEH,9.0,DISKIT,Safe,15.13,1358.94,1223.04,185.09,
LADAKH,LEH,9.0,DURBUK,Safe,18.66,651.65,586.49,109.43,
LADAKH,LEH,9.0,PANAMIC,Safe,18.82,711.88,640.69,120.6,
LADAKH,LEH,9.0,SASPOL,Safe,33.68,304.68,274.21,92.35,
LADAKH,LEH,9.0,THIKSAY,Safe,67.33,139.2,125.27,84.35,
LADAKH,LEH,9.0,LEH,Semi-critical,83.87,626.53,563.87,472.92,
LADAKH,LEH,9.0,NIMOO,Safe,26.28,510.18,459.16,120.68,
LADAKH,KARGIL,6.0,GM PORA,Safe,52.66,94.56,85.1,44.81,
LADAKH,KARGIL,6.0,PASHKUM,Safe,64.45,64.86,58.37,37.62,
LADAKH,KARGIL,6.0,ZANSKAR,Safe,24.97,274.51,247.05,61.7,
LADAKH,KARGIL,6.0,BIMBAT,Safe,33.18,150.72,135.64,45.01,
LADAKH,KARGIL,6.0,DRASS,Safe,37.17,196.94,177.25,65.88,
LADAKH,KARGIL,6.0,KARGIL,Safe,48.58,205.92,185.33,90.04,
LADAKH,KARGIL,6.0,KARSHA,Safe,35.12,126.88,114.19,40.1,
LADAKH,KARGIL,6.0,SANKOO,Safe,47.17,129.72,116.75,55.07,
LADAKH,KARGIL,6.0,SHARGOLE,Safe,17.84,218.9,197.01,35.14,
