{"type":"Feature","properties":{},"geometry":{"type":"MultiPolygon","coordinates":[[[[73.064,8.285],[73.048,8.267],[73.039,8.273],[73.064,8.285]]],[[[72.288,10.047],[72.283,10.043],[72.289,10.051],[72.288,10.047]]],[[[73.63,10.069],[73.63,10.07],[73.631,10.07],[73.63,10.069]]],[[[73.628,10.075],[73.626,10.073],[73.627,10.075],[73.628,10.075]]],[[[73.647,10.062],[73.634,10.072],[73.634,10.073],[73.649,10.097],[73.647,10.062]]],[[[72.338,10.106],[72.334,10.101],[72.336,10.106],[72.338,10.106]]],[[[73.652,10.11],[73.651,10.11],[73.651,10.111],[73.652,10.11]]],[[[72.327,10.14],[72.333,10.129],[72.327,10.131],[72.327,10.14]]],[[[73.663,10.142],[73.657,10.156],[73.659,10.156],[73.663,10.142]]],[[[72.651,10.57],[72.623,10.549],[72.641,10.58],[72.651,10.57]]],[[[73.666,10.819],[73.699,10.817],[73.677,10.805],[73.666,10.819]]],[[[72.168,10.816],[72.167,10.814],[72.164,10.815],[72.168,10.816]]],[[[72.194,10.872],[72.206,10.877],[72.188,10.849],[72.194,10.872]]],[[[72.292,10.938],[72.284,10.939],[72.287,10.948],[72.292,10.938]]],[[[72.315,10.945],[72.317,10.951],[72.326,10.952],[72.315,10.945]]],[[[72.333,10.954],[72.331,10.952],[72.33,10.953],[72.333,10.954]]],[[[72.334,10.956],[72.333,10.954],[72.333,10.956],[72.334,10.956]]],[[[72.719,11.115],[72.716,11.125],[72.73,11.138],[72.719,11.115]]],[[[72.775,11.216],[72.763,11.194],[72.779,11.243],[72.79,11.261],[72.775,11.216]]],[[[73.007,11.471],[73.001,11.499],[73.009,11.489],[73.007,11.471]]],[[[72.19,11.6],[72.186,11.6],[72.185,11.603],[72.19,11.6]]],[[[72.717,11.696],[72.709,11.684],[72.716,11.705],[72.717,11.696]]],[[[73.51,15.94],[73.491,15.984],[73.484,16.034],[73.455,16.062],[73.458,16.118],[73.44,16.191],[73.43,16.199],[73.413,16.269],[73.386,16.336],[73.386,16.358],[73.369,16.363],[73.371,16.389],[73.357,16.439],[73.347,16.45],[73.343,16.474],[73.313,16.535],[73.328,16.563],[73.345,16.57],[73.322,16.584],[73.321,16.607],[73.341,16.606],[73.355,16.619],[73.341,16.621],[73.332,16.648],[73.33,16.687],[73.305,16.73],[73.304,16.766],[73.318,16.796],[73.303,16.809],[73.292,16.844],[73.289,16.883],[73.298,16.897],[73.279,16.893],[73.287,16.92],[73.283,16.95],[73.293,16.955],[73.3,16.982],[73.285,16.99],[73.27,17.0],[73.283,17.001],[73.279,17.02],[73.259,17.02],[73.258,17.049],[73.277,17.036],[73.289,17.074],[73.282,17.109],[73.272,17.119],[73.253,17.19],[73.236,17.194],[73.247,17.211],[73.227,17.256],[73.191,17.298],[73.223,17.306],[73.229,17.282],[73.258,17.28],[73.255,17.291],[73.236,17.288],[73.237,17.318],[73.224,17.323],[73.213,17.37],[73.203,17.39],[73.184,17.384],[73.167,17.404],[73.186,17.415],[73.192,17.47],[73.174,17.516],[73.138,17.554],[73.15,17.574],[73.153,17.599],[73.139,17.61],[73.132,17.655],[73.122,17.666],[73.114,17.695],[73.135,17.712],[73.121,17.767],[73.103,17.803],[73.102,17.804],[73.101,17.805],[73.093,17.812],[73.084,17.859],[73.051,17.906],[73.051,17.931],[73.032,17.941],[73.037,17.983],[73.021,17.989],[73.005,18.02],[73.021,18.027],[73.008,18.05],[72.99,18.056],[72.999,18.07],[72.992,18.096],[72.971,18.133],[72.989,18.158],[72.981,18.196],[72.956,18.22],[72.932,18.22],[72.942,18.234],[72.939,18.284],[72.963,18.28],[72.973,18.266],[72.987,18.28],[72.971,18.3],[72.954,18.335],[72.932,18.352],[72.918,18.349],[72.912,18.365],[72.925,18.377],[72.923,18.393],[72.907,18.403],[72.91,18.422],[72.894,18.473],[72.902,18.476],[72.912,18.517],[72.906,18.54],[72.922,18.547],[72.894,18.602],[72.864,18.645],[72.858,18.69],[72.851,18.699],[72.862,18.721],[72.864,18.759],[72.859,18.771],[72.866,18.808],[72.914,18.8],[72.93,18.823],[72.965,18.795],[72.996,18.784],[72.978,18.809],[72.987,18.813],[72.975,18.84],[72.994,18.872],[72.973,18.863],[72.965,18.843],[72.935,18.844],[72.921,18.852],[72.914,18.876],[72.901,18.886],[72.905,18.905],[72.928,18.914],[72.937,18.909],[72.951,18.96],[72.947,18.987],[72.902,18.979],[72.88,18.988],[72.886,19.012],[72.878,19.022],[72.854,18.997],[72.844,18.931],[72.809,18.893],[72.805,18.91],[72.826,18.919],[72.822,18.945],[72.808,18.955],[72.795,18.943],[72.806,18.977],[72.817,19.026],[72.83,19.022],[72.838,19.048],[72.824,19.056],[72.828,19.094],[72.822,19.119],[72.804,19.141],[72.789,19.137],[72.782,19.159],[72.795,19.175],[72.795,19.195],[72.776,19.227],[72.784,19.265],[72.786,19.306],[72.816,19.314],[72.831,19.329],[72.801,19.324],[72.744,19.379],[72.76,19.392],[72.756,19.42],[72.743,19.458],[72.75,19.489],[72.742,19.5],[72.72,19.501],[72.72,19.537],[72.711,19.542],[72.717,19.566],[72.709,19.599],[72.723,19.618],[72.699,19.662],[72.708,19.704],[72.698,19.719],[72.676,19.716],[72.674,19.739],[72.682,19.76],[72.684,19.789],[72.674,19.811],[72.654,19.811],[72.642,19.844],[72.647,19.87],[72.655,19.862],[72.679,19.865],[72.677,19.919],[72.664,19.933],[72.689,19.957],[72.715,19.971],[72.721,19.989],[72.708,20.07],[72.726,20.08],[72.742,20.135],[72.744,20.182],[72.75,20.201],[72.742,20.241],[72.755,20.266],[72.756,20.289],[72.774,20.302],[72.777,20.332],[72.79,20.348],[72.814,20.353],[72.824,20.367],[72.805,20.376],[72.813,20.39],[72.82,20.434],[72.844,20.467],[72.858,20.466],[72.873,20.493],[72.886,20.498],[72.886,20.541],[72.898,20.574],[72.897,20.593],[72.854,20.715],[72.854,20.752],[72.854,20.754],[72.829,20.777],[72.82,20.794],[72.839,20.801],[72.829,20.81],[72.781,20.918],[72.82,20.928],[72.82,20.952],[72.765,20.935],[72.744,20.959],[72.722,21.038],[72.729,21.061],[72.736,21.051],[72.75,21.064],[72.733,21.078],[72.711,21.079],[72.702,21.096],[72.686,21.094],[72.67,21.115],[72.638,21.085],[72.623,21.093],[72.619,21.115],[72.629,21.144],[72.638,21.211],[72.655,21.217],[72.622,21.243],[72.6,21.29],[72.601,21.389],[72.651,21.419],[72.687,21.452],[72.66,21.443],[72.613,21.4],[72.579,21.41],[72.605,21.441],[72.625,21.448],[72.657,21.47],[72.677,21.503],[72.687,21.501],[72.703,21.526],[72.75,21.528],[72.785,21.587],[72.821,21.612],[72.831,21.632],[72.828,21.651],[72.842,21.656],[72.868,21.642],[72.874,21.669],[72.895,21.675],[72.908,21.665],[72.963,21.674],[72.961,21.682],[72.923,21.676],[72.881,21.686],[72.85,21.684],[72.818,21.658],[72.801,21.658],[72.764,21.669],[72.737,21.691],[72.712,21.68],[72.698,21.684],[72.638,21.681],[72.61,21.685],[72.548,21.659],[72.534,21.671],[72.532,21.717],[72.546,21.735],[72.56,21.733],[72.6,21.75],[72.606,21.765],[72.593,21.805],[72.62,21.83],[72.61,21.84],[72.623,21.884],[72.633,21.88],[72.646,21.897],[72.671,21.896],[72.691,21.883],[72.698,21.889],[72.692,21.942],[72.719,21.939],[72.747,21.962],[72.723,21.995],[72.71,21.979],[72.708,21.953],[72.641,21.957],[72.602,21.929],[72.547,21.911],[72.528,21.937],[72.545,21.949],[72.548,21.964],[72.531,21.966],[72.534,21.987],[72.549,21.991],[72.54,22.033],[72.537,22.075],[72.546,22.111],[72.543,22.124],[72.562,22.175],[72.581,22.199],[72.622,22.217],[72.654,22.214],[72.705,22.183],[72.721,22.184],[72.76,22.171],[72.783,22.158],[72.783,22.193],[72.823,22.209],[72.819,22.223],[72.854,22.239],[72.849,22.275],[72.775,22.229],[72.747,22.223],[72.695,22.201],[72.657,22.225],[72.624,22.234],[72.576,22.233],[72.531,22.216],[72.499,22.179],[72.43,22.138],[72.393,22.105],[72.302,22.035],[72.288,22.019],[72.269,21.971],[72.242,21.976],[72.212,21.962],[72.203,21.914],[72.217,21.867],[72.242,21.83],[72.235,21.812],[72.203,21.819],[72.237,21.78],[72.25,21.743],[72.29,21.681],[72.306,21.629],[72.269,21.571],[72.256,21.502],[72.236,21.457],[72.215,21.426],[72.176,21.393],[72.156,21.361],[72.132,21.339],[72.098,21.279],[72.084,21.246],[72.091,21.227],[72.112,21.199],[72.089,21.192],[72.046,21.163],[72.02,21.155],[72.004,21.142],[71.976,21.133],[71.974,21.123],[71.898,21.11],[71.88,21.089],[71.828,21.069],[71.798,21.053],[71.806,21.038],[71.739,21.017],[71.72,21.021],[71.677,21.002],[71.649,20.995],[71.627,20.968],[71.58,20.957],[71.566,20.949],[71.527,20.951],[71.509,20.942],[71.5,20.919],[71.482,20.906],[71.477,20.889],[71.45,20.881],[71.44,20.87],[71.374,20.868],[71.383,20.856],[71.322,20.847],[71.302,20.835],[71.204,20.795],[71.204,20.79],[71.156,20.778],[71.15,20.771],[71.15,20.762],[71.146,20.759],[71.092,20.757],[71.079,20.737],[71.051,20.731],[71.005,20.739],[70.998,20.716],[70.979,20.705],[70.953,20.704],[70.928,20.712],[70.916,20.701],[70.874,20.706],[70.846,20.707],[70.819,20.694],[70.789,20.711],[70.756,20.722],[70.749,20.718],[70.704,20.737],[70.674,20.757],[70.659,20.756],[70.562,20.792],[70.425,20.862],[70.396,20.892],[70.371,20.9],[70.32,20.928],[70.257,20.973],[70.239,20.992],[70.225,21.0],[70.16,21.055],[70.139,21.076],[70.098,21.108],[70.051,21.154],[69.982,21.228],[69.885,21.335],[69.815,21.417],[69.707,21.534],[69.666,21.571],[69.602,21.637],[69.584,21.638],[69.541,21.673],[69.476,21.736],[69.433,21.767],[69.4,21.797],[69.373,21.832],[69.354,21.838],[69.284,21.894],[69.216,21.958],[69.125,22.056],[69.094,22.093],[69.048,22.137],[68.954,22.245],[68.952,22.272],[68.936,22.312],[68.943,22.333],[68.956,22.339],[68.957,22.366],[69.006,22.44],[69.07,22.478],[69.083,22.474],[69.074,22.454],[69.049,22.438],[69.034,22.394],[69.049,22.398],[69.071,22.388],[69.103,22.399],[69.11,22.41],[69.131,22.394],[69.164,22.405],[69.181,22.421],[69.195,22.422],[69.188,22.403],[69.197,22.388],[69.168,22.373],[69.181,22.371],[69.161,22.307],[69.149,22.238],[69.135,22.224],[69.137,22.195],[69.157,22.195],[69.182,22.232],[69.211,22.22],[69.213,22.21],[69.238,22.223],[69.234,22.25],[69.255,22.267],[69.292,22.275],[69.313,22.287],[69.34,22.313],[69.333,22.328],[69.367,22.317],[69.423,22.316],[69.443,22.33],[69.465,22.329],[69.49,22.338],[69.499,22.366],[69.543,22.377],[69.565,22.355],[69.574,22.367],[69.598,22.346],[69.617,22.345],[69.621,22.368],[69.635,22.358],[69.656,22.36],[69.663,22.394],[69.701,22.396],[69.705,22.435],[69.695,22.443],[69.7,22.461],[69.731,22.485],[69.744,22.459],[69.74,22.445],[69.755,22.43],[69.758,22.443],[69.779,22.417],[69.797,22.406],[69.794,22.378],[69.809,22.386],[69.809,22.401],[69.833,22.447],[69.867,22.433],[69.895,22.458],[69.907,22.449],[69.913,22.464],[69.937,22.463],[69.94,22.483],[69.951,22.472],[69.964,22.478],[69.979,22.468],[69.979,22.491],[69.988,22.51],[70.01,22.5],[70.021,22.507],[70.057,22.507],[70.073,22.518],[70.091,22.508],[70.086,22.494],[70.116,22.501],[70.133,22.517],[70.149,22.512],[70.163,22.527],[70.185,22.522],[70.176,22.544],[70.179,22.568],[70.211,22.599],[70.211,22.611],[70.264,22.655],[70.273,22.672],[70.268,22.705],[70.31,22.743],[70.323,22.749],[70.361,22.783],[70.396,22.803],[70.413,22.818],[70.462,22.831],[70.478,22.86],[70.491,22.89],[70.522,22.915],[70.532,22.908],[70.54,22.925],[70.51,22.937],[70.492,22.934],[70.456,22.95],[70.438,22.965],[70.479,22.975],[70.513,22.96],[70.542,22.965],[70.548,23.0],[70.572,23.037],[70.603,23.035],[70.594,23.055],[70.629,23.062],[70.639,23.081],[70.694,23.12],[70.75,23.146],[70.766,23.146],[70.76,23.161],[70.819,23.159],[70.816,23.137],[70.834,23.13],[70.826,23.081],[70.838,23.095],[70.835,23.108],[70.857,23.125],[70.84,23.145],[70.847,23.169],[70.896,23.17],[70.958,23.194],[70.919,23.198],[70.896,23.184],[70.863,23.192],[70.86,23.207],[70.893,23.225],[70.871,23.23],[70.831,23.248],[70.821,23.233],[70.802,23.235],[70.776,23.249],[70.75,23.235],[70.746,23.222],[70.692,23.209],[70.676,23.222],[70.656,23.221],[70.645,23.208],[70.649,23.192],[70.618,23.182],[70.579,23.178],[70.501,23.178],[70.476,23.2],[70.451,23.204],[70.428,23.218],[70.436,23.233],[70.418,23.237],[70.378,23.232],[70.366,23.22],[70.324,23.218],[70.302,23.224],[70.292,23.199],[70.268,23.178],[70.253,23.179],[70.25,23.177],[70.209,23.16],[70.213,23.14],[70.202,23.116],[70.174,23.077],[70.153,23.038],[70.17,23.044],[70.169,23.056],[70.189,23.073],[70.208,23.075],[70.218,23.064],[70.22,23.015],[70.231,22.955],[70.18,22.938],[70.164,22.938],[70.121,22.963],[70.133,22.981],[70.134,23.002],[70.158,23.032],[70.148,23.035],[70.119,22.993],[70.085,22.969],[70.037,22.953],[70.027,22.929],[70.012,22.918],[69.985,22.915],[69.982,22.903],[69.932,22.897],[69.894,22.871],[69.856,22.869],[69.812,22.85],[69.795,22.849],[69.769,22.826],[69.724,22.814],[69.712,22.806],[69.647,22.796],[69.646,22.81],[69.618,22.812],[69.607,22.803],[69.578,22.815],[69.533,22.802],[69.469,22.798],[69.452,22.808],[69.432,22.803],[69.473,22.774],[69.44,22.782],[69.397,22.811],[69.314,22.833],[69.269,22.825],[69.225,22.837],[69.195,22.839],[69.194,22.852],[69.177,22.852],[69.131,22.872],[69.098,22.897],[69.02,22.942],[68.944,22.979],[68.89,23.012],[68.846,23.042],[68.844,23.054],[68.776,23.076],[68.761,23.09],[68.77,23.124],[68.746,23.11],[68.732,23.134],[68.711,23.152],[68.683,23.153],[68.68,23.179],[68.66,23.198],[68.674,23.203],[68.67,23.217],[68.628,23.212],[68.654,23.231],[68.676,23.229],[68.702,23.24],[68.711,23.262],[68.714,23.296],[68.708,23.314],[68.681,23.312],[68.685,23.328],[68.668,23.331],[68.661,23.347],[68.649,23.307],[68.637,23.347],[68.611,23.381],[68.563,23.418],[68.548,23.417],[68.531,23.446],[68.546,23.46],[68.519,23.465],[68.512,23.499],[68.494,23.519],[68.484,23.549],[68.495,23.559],[68.493,23.606],[68.501,23.604],[68.51,23.637],[68.525,23.635],[68.527,23.648],[68.549,23.658],[68.56,23.678],[68.551,23.705],[68.569,23.722],[68.586,23.703],[68.595,23.72],[68.617,23.72],[68.616,23.736],[68.647,23.738],[68.636,23.764],[68.654,23.797],[68.672,23.804],[68.681,23.795],[68.694,23.818],[68.711,23.83],[68.688,23.846],[68.658,23.833],[68.603,23.83],[68.581,23.821],[68.527,23.746],[68.509,23.75],[68.488,23.732],[68.465,23.742],[68.421,23.733],[68.403,23.658],[68.402,23.626],[68.387,23.595],[68.335,23.579],[68.291,23.571],[68.278,23.56],[68.266,23.567],[68.194,23.59],[68.178,23.614],[68.186,23.645],[68.206,23.652],[68.206,23.68],[68.182,23.722],[68.203,23.767],[68.198,23.836],[68.209,23.875],[68.251,23.896],[68.271,23.925],[68.287,23.932],[68.329,23.922],[68.338,23.936],[68.341,23.97],[68.379,23.984],[68.397,23.97],[68.753,23.971],[68.764,24.139],[68.769,24.267],[68.765,24.296],[68.808,24.314],[68.831,24.312],[68.843,24.278],[68.848,24.239],[68.857,24.214],[68.875,24.212],[68.907,24.28],[68.945,24.302],[68.973,24.26],[68.985,24.228],[69.012,24.224],[69.095,24.274],[69.193,24.236],[69.313,24.282],[69.367,24.27],[69.405,24.271],[69.446,24.28],[69.47,24.271],[69.504,24.269],[69.564,24.282],[69.595,24.292],[69.731,24.171],[70.025,24.171],[70.067,24.199],[70.11,24.295],[70.166,24.303],[70.212,24.32],[70.254,24.326],[70.289,24.342],[70.327,24.352],[70.368,24.351],[70.412,24.376],[70.476,24.39],[70.573,24.422],[70.602,24.408],[70.58,24.363],[70.562,24.352],[70.582,24.304],[70.585,24.277],[70.571,24.252],[70.644,24.225],[70.714,24.216],[70.805,24.221],[70.836,24.231],[70.851,24.244],[70.877,24.246],[70.909,24.263],[70.876,24.28],[70.879,24.301],[70.925,24.326],[70.948,24.348],[70.987,24.365],[71.02,24.347],[71.049,24.356],[71.084,24.394],[71.12,24.402],[71.126,24.42],[71.103,24.436],[71.073,24.437],[71.038,24.432],[70.999,24.444],[70.996,24.466],[71.005,24.523],[70.987,24.543],[70.992,24.564],[70.986,24.595],[71.009,24.635],[71.075,24.662],[71.096,24.689],[71.065,24.717],[71.034,24.788],[70.992,24.863],[70.938,24.939],[70.92,24.996],[70.902,25.073],[70.889,25.148],[70.842,25.191],[70.752,25.278],[70.737,25.333],[70.665,25.397],[70.672,25.42],[70.678,25.526],[70.667,25.531],[70.674,25.676],[70.647,25.713],[70.609,25.715],[70.53,25.683],[70.449,25.682],[70.387,25.674],[70.359,25.68],[70.269,25.714],[70.252,25.755],[70.222,25.793],[70.174,25.828],[70.1,25.938],[70.083,26.083],[70.141,26.156],[70.168,26.218],[70.175,26.252],[70.164,26.295],[70.185,26.374],[70.177,26.424],[70.185,26.482],[70.174,26.551],[70.117,26.587],[70.056,26.601],[69.935,26.582],[69.886,26.579],[69.823,26.589],[69.792,26.598],[69.722,26.653],[69.51,26.744],[69.484,26.805],[69.497,26.866],[69.513,27.01],[69.586,27.183],[69.645,27.225],[69.703,27.284],[69.76,27.321],[69.783,27.343],[69.862,27.402],[69.89,27.433],[69.934,27.498],[69.966,27.524],[70.026,27.563],[70.069,27.655],[70.132,27.806],[70.198,27.867],[70.227,27.901],[70.296,27.936],[70.372,28.012],[70.439,28.02],[70.506,28.037],[70.554,28.026],[70.589,28.01],[70.599,27.993],[70.677,27.922],[70.678,27.873],[70.684,27.828],[70.732,27.76],[70.74,27.742],[70.759,27.721],[70.872,27.706],[70.906,27.71],[71.065,27.775],[71.206,27.835],[71.383,27.873],[71.48,27.873],[71.532,27.876],[71.666,27.878],[71.883,27.958],[71.89,27.955],[71.898,27.961],[71.927,28.121],[72.004,28.219],[72.132,28.313],[72.204,28.392],[72.282,28.613],[72.299,28.67],[72.355,28.734],[72.404,28.783],[72.479,28.812],[72.733,28.948],[72.946,29.028],[73.004,29.153],[73.084,29.236],[73.282,29.572],[73.324,29.704],[73.397,29.946],[73.597,30.019],[73.807,30.068],[73.828,30.092],[73.9,30.143],[73.973,30.198],[73.964,30.257],[73.931,30.32],[73.903,30.349],[73.88,30.36],[73.904,30.375],[73.92,30.396],[73.965,30.425],[73.974,30.444],[73.95,30.437],[73.928,30.466],[73.934,30.49],[73.948,30.484],[73.947,30.464],[73.964,30.456],[73.964,30.485],[73.993,30.514],[74.02,30.514],[74.024,30.526],[74.048,30.54],[74.057,30.519],[74.072,30.523],[74.091,30.549],[74.073,30.555],[74.102,30.579],[74.096,30.612],[74.105,30.619],[74.118,30.608],[74.127,30.635],[74.149,30.632],[74.163,30.648],[74.193,30.665],[74.213,30.689],[74.227,30.719],[74.261,30.723],[74.275,30.737],[74.261,30.77],[74.298,30.777],[74.295,30.795],[74.32,30.827],[74.32,30.847],[74.382,30.86],[74.361,30.874],[74.366,30.893],[74.397,30.909],[74.423,30.908],[74.429,30.931],[74.416,30.94],[74.44,30.942],[74.442,30.952],[74.466,30.957],[74.457,30.964],[74.492,30.974],[74.498,30.964],[74.516,30.979],[74.546,30.992],[74.54,31.009],[74.548,31.033],[74.574,31.057],[74.597,31.038],[74.671,31.054],[74.696,31.074],[74.702,31.092],[74.689,31.128],[74.666,31.124],[74.659,31.134],[74.64,31.12],[74.631,31.133],[74.597,31.128],[74.61,31.112],[74.601,31.088],[74.551,31.086],[74.548,31.122],[74.51,31.132],[74.515,31.152],[74.511,31.181],[74.519,31.184],[74.524,31.22],[74.517,31.227],[74.532,31.252],[74.521,31.272],[74.541,31.306],[74.534,31.325],[74.554,31.367],[74.585,31.381],[74.597,31.416],[74.622,31.43],[74.644,31.416],[74.654,31.428],[74.64,31.441],[74.653,31.455],[74.632,31.487],[74.622,31.483],[74.611,31.499],[74.594,31.496],[74.584,31.521],[74.613,31.527],[74.616,31.558],[74.592,31.574],[74.578,31.6],[74.555,31.608],[74.535,31.677],[74.503,31.695],[74.487,31.715],[74.504,31.74],[74.547,31.749],[74.562,31.763],[74.551,31.779],[74.567,31.796],[74.558,31.805],[74.573,31.816],[74.571,31.837],[74.596,31.866],[74.606,31.868],[74.608,31.89],[74.636,31.884],[74.677,31.926],[74.719,31.924],[74.722,31.943],[74.757,31.944],[74.781,31.956],[74.819,31.959],[74.831,31.981],[74.829,31.999],[74.88,32.032],[74.875,32.051],[74.908,32.051],[74.925,32.066],[74.974,32.053],[74.972,32.043],[75.012,32.036],[75.032,32.051],[75.041,32.043],[75.069,32.064],[75.102,32.059],[75.123,32.081],[75.158,32.082],[75.174,32.068],[75.204,32.097],[75.202,32.12],[75.216,32.121],[75.224,32.098],[75.24,32.091],[75.279,32.118],[75.285,32.151],[75.299,32.153],[75.322,32.179],[75.31,32.196],[75.327,32.214],[75.372,32.225],[75.371,32.28],[75.344,32.279],[75.35,32.29],[75.32,32.297],[75.334,32.311],[75.332,32.327],[75.323,32.344],[75.288,32.354],[75.29,32.37],[75.26,32.37],[75.257,32.388],[75.238,32.386],[75.221,32.398],[75.192,32.402],[75.199,32.422],[75.153,32.421],[75.131,32.409],[75.133,32.426],[75.108,32.461],[75.107,32.474],[75.091,32.469],[75.055,32.482],[75.028,32.497],[75.02,32.468],[74.992,32.451],[74.971,32.46],[74.953,32.447],[74.931,32.471],[74.917,32.464],[74.879,32.477],[74.878,32.493],[74.871,32.486],[74.819,32.498],[74.813,32.48],[74.798,32.477],[74.755,32.482],[74.711,32.478],[74.71,32.493],[74.682,32.494],[74.691,32.533],[74.663,32.545],[74.674,32.568],[74.653,32.563],[74.659,32.597],[74.642,32.601],[74.639,32.615],[74.655,32.615],[74.655,32.637],[74.67,32.639],[74.696,32.664],[74.667,32.675],[74.653,32.697],[74.664,32.724],[74.656,32.728],[74.704,32.817],[74.705,32.842],[74.668,32.825],[74.656,32.832],[74.635,32.807],[74.657,32.789],[74.63,32.768],[74.634,32.75],[74.619,32.761],[74.574,32.751],[74.554,32.758],[74.548,32.748],[74.509,32.747],[74.51,32.764],[74.486,32.764],[74.459,32.788],[74.415,32.785],[74.391,32.763],[74.355,32.767],[74.334,32.78],[74.308,32.808],[74.303,32.83],[74.268,32.832],[74.263,32.842],[74.22,32.849],[74.211,32.873],[74.192,32.875],[74.179,32.889],[74.063,32.912],[74.058,32.935],[74.024,32.93],[73.999,32.939],[74.006,32.955],[73.97,32.969],[73.965,32.987],[73.941,32.982],[73.908,33.001],[73.826,33.004],[73.826,32.977],[73.79,32.967],[73.795,33.004],[73.748,33.036],[73.749,33.06],[73.7,33.085],[73.64,33.083],[73.632,33.095],[73.634,33.142],[73.649,33.137],[73.652,33.159],[73.664,33.161],[73.668,33.202],[73.645,33.222],[73.638,33.204],[73.613,33.248],[73.607,33.274],[73.613,33.294],[73.596,33.303],[73.589,33.324],[73.57,33.343],[73.584,33.356],[73.565,33.366],[73.573,33.392],[73.602,33.423],[73.596,33.439],[73.632,33.449],[73.605,33.5],[73.62,33.497],[73.611,33.513],[73.641,33.532],[73.627,33.538],[73.629,33.571],[73.606,33.587],[73.585,33.617],[73.567,33.618],[73.577,33.642],[73.567,33.668],[73.598,33.701],[73.603,33.728],[73.595,33.751],[73.56,33.781],[73.575,33.822],[73.578,33.847],[73.593,33.879],[73.591,33.897],[73.55,33.934],[73.526,33.991],[73.516,33.999],[73.508,34.065],[73.493,34.146],[73.493,34.202],[73.499,34.208],[73.474,34.249],[73.484,34.275],[73.481,34.289],[73.46,34.276],[73.446,34.303],[73.442,34.325],[73.408,34.35],[73.396,34.372],[73.409,34.378],[73.428,34.426],[73.422,34.466],[73.435,34.485],[73.431,34.523],[73.446,34.54],[73.448,34.567],[73.493,34.575],[73.539,34.574],[73.556,34.59],[73.572,34.584],[73.611,34.585],[73.637,34.561],[73.651,34.563],[73.66,34.585],[73.654,34.601],[73.695,34.647],[73.664,34.663],[73.659,34.673],[73.685,34.708],[73.705,34.722],[73.722,34.763],[73.772,34.796],[73.784,34.791],[73.824,34.794],[73.834,34.81],[73.853,34.809],[73.899,34.819],[73.919,34.812],[73.929,34.83],[73.961,34.839],[73.967,34.864],[74.02,34.872],[74.042,34.893],[74.039,34.921],[74.071,34.935],[74.059,34.993],[74.09,35.002],[74.11,35.016],[74.098,35.032],[74.067,35.047],[74.082,35.079],[74.101,35.099],[74.134,35.105],[74.106,35.126],[74.113,35.148],[74.096,35.141],[74.072,35.153],[74.034,35.147],[74.005,35.168],[74.004,35.182],[73.978,35.181],[73.957,35.168],[73.925,35.204],[73.897,35.212],[73.866,35.206],[73.845,35.225],[73.808,35.239],[73.776,35.237],[73.734,35.209],[73.708,35.222],[73.719,35.242],[73.725,35.273],[73.695,35.318],[73.693,35.351],[73.698,35.376],[73.727,35.419],[73.752,35.436],[73.792,35.454],[73.779,35.523],[73.736,35.528],[73.721,35.549],[73.673,35.545],[73.652,35.551],[73.628,35.569],[73.609,35.558],[73.562,35.546],[73.528,35.567],[73.507,35.558],[73.481,35.571],[73.398,35.557],[73.363,35.597],[73.3,35.611],[73.26,35.629],[73.213,35.669],[73.194,35.674],[73.138,35.707],[73.126,35.721],[73.128,35.785],[73.137,35.819],[73.148,35.829],[73.084,35.877],[73.068,35.878],[73.058,35.863],[73.035,35.85],[73.012,35.849],[72.987,35.86],[72.93,35.84],[72.898,35.841],[72.889,35.849],[72.894,35.871],[72.873,35.875],[72.839,35.867],[72.819,35.882],[72.808,35.859],[72.792,35.859],[72.787,35.842],[72.761,35.832],[72.723,35.852],[72.684,35.823],[72.65,35.839],[72.631,35.856],[72.585,35.859],[72.556,35.898],[72.543,35.894],[72.518,35.905],[72.513,35.939],[72.535,35.951],[72.539,35.986],[72.562,35.989],[72.585,36.025],[72.564,36.047],[72.536,36.047],[72.517,36.067],[72.521,36.098],[72.54,36.128],[72.562,36.14],[72.536,36.176],[72.547,36.205],[72.574,36.224],[72.573,36.239],[72.588,36.259],[72.612,36.269],[72.662,36.258],[72.68,36.243],[72.681,36.271],[72.708,36.274],[72.731,36.298],[72.761,36.305],[72.8,36.328],[72.809,36.351],[72.864,36.379],[72.874,36.39],[72.875,36.42],[72.859,36.434],[72.887,36.444],[72.905,36.46],[72.924,36.454],[72.946,36.466],[72.973,36.454],[72.988,36.469],[72.975,36.474],[72.978,36.512],[73.052,36.533],[73.053,36.549],[73.078,36.569],[73.08,36.586],[73.098,36.61],[73.074,36.629],[73.08,36.67],[73.068,36.701],[73.095,36.683],[73.116,36.684],[73.163,36.708],[73.171,36.724],[73.187,36.701],[73.21,36.696],[73.246,36.705],[73.304,36.706],[73.311,36.714],[73.345,36.715],[73.352,36.735],[73.39,36.73],[73.425,36.743],[73.447,36.729],[73.462,36.735],[73.479,36.719],[73.5,36.714],[73.512,36.722],[73.52,36.71],[73.55,36.716],[73.554,36.71],[73.579,36.722],[73.593,36.693],[73.625,36.691],[73.635,36.698],[73.683,36.687],[73.71,36.712],[73.775,36.702],[73.796,36.719],[73.849,36.702],[73.867,36.701],[73.885,36.73],[73.883,36.745],[73.84,36.794],[73.802,36.794],[73.798,36.817],[73.759,36.816],[73.749,36.827],[73.706,36.838],[73.706,36.858],[73.667,36.881],[73.671,36.912],[73.703,36.912],[73.734,36.899],[73.745,36.909],[73.774,36.896],[73.794,36.9],[73.801,36.887],[73.82,36.903],[73.87,36.894],[73.893,36.875],[73.907,36.884],[73.941,36.862],[73.951,36.846],[73.982,36.83],[74.008,36.834],[74.047,36.811],[74.089,36.842],[74.116,36.836],[74.135,36.85],[74.144,36.891],[74.156,36.911],[74.221,36.903],[74.249,36.894],[74.319,36.93],[74.347,36.957],[74.376,36.973],[74.413,36.985],[74.417,36.993],[74.451,36.998],[74.523,36.995],[74.543,36.961],[74.566,36.959],[74.58,37.021],[74.577,37.048],[74.589,37.059],[74.634,37.064],[74.681,37.087],[74.706,37.088],[74.716,37.054],[74.742,37.023],[74.76,37.036],[74.783,37.041],[74.805,37.035],[74.829,37.039],[74.841,37.032],[74.835,37.005],[74.916,36.92],[74.954,36.955],[75.016,36.991],[75.037,36.989],[75.055,36.974],[75.091,36.961],[75.109,36.962],[75.153,36.988],[75.197,37.042],[75.211,37.05],[75.321,37.064],[75.347,37.053],[75.354,36.988],[75.369,36.975],[75.404,36.982],[75.425,36.952],[75.409,36.904],[75.43,36.905],[75.45,36.889],[75.463,36.83],[75.488,36.816],[75.586,36.786],[75.613,36.775],[75.663,36.722],[75.721,36.638],[75.744,36.608],[75.807,36.563],[75.852,36.558],[75.891,36.533],[75.945,36.512],[76.01,36.495],[76.053,36.491],[76.092,36.475],[76.112,36.46],[76.164,36.406],[76.201,36.397],[76.274,36.357],[76.34,36.37],[76.354,36.369],[76.38,36.347],[76.437,36.31],[76.449,36.272],[76.437,36.258],[76.468,36.24],[76.481,36.22],[76.549,36.202],[76.565,36.186],[76.617,36.178],[76.645,36.198],[76.711,36.14],[76.72,36.098],[76.752,36.08],[76.784,36.072],[76.814,36.041],[76.81,36.023],[76.788,36.017],[76.759,35.98],[76.736,35.966],[76.732,35.955],[76.783,35.905],[76.799,35.88],[76.807,35.85],[76.824,35.841],[76.861,35.836],[76.887,35.813],[76.936,35.789],[76.982,35.788],[77.001,35.776],[77.045,35.777],[77.091,35.795],[77.127,35.794],[77.135,35.78],[77.162,35.765],[77.176,35.768],[77.169,35.741],[77.18,35.73],[77.213,35.733],[77.242,35.708],[77.276,35.708],[77.287,35.723],[77.299,35.708],[77.321,35.701],[77.336,35.72],[77.366,35.715],[77.402,35.681],[77.412,35.656],[77.438,35.656],[77.44,35.602],[77.472,35.584],[77.476,35.571],[77.465,35.55],[77.483,35.53],[77.473,35.518],[77.431,35.514],[77.389,35.539],[77.362,35.543],[77.332,35.53],[77.345,35.519],[77.355,35.496],[77.385,35.474],[77.444,35.459],[77.474,35.465],[77.496,35.478],[77.557,35.476],[77.629,35.465],[77.653,35.481],[77.673,35.466],[77.686,35.472],[77.729,35.477],[77.726,35.513],[77.736,35.521],[77.767,35.495],[77.786,35.488],[77.829,35.505],[77.838,35.492],[77.869,35.473],[77.886,35.477],[77.912,35.461],[77.921,35.488],[77.929,35.49],[77.977,35.449],[77.986,35.455],[77.939,35.507],[77.938,35.517],[77.968,35.572],[77.958,35.605],[77.991,35.585],[78.056,35.582],[78.075,35.559],[78.106,35.553],[78.137,35.537],[78.165,35.552],[78.16,35.581],[78.173,35.606],[78.17,35.625],[78.197,35.623],[78.196,35.635],[78.212,35.666],[78.256,35.646],[78.285,35.664],[78.277,35.677],[78.277,35.718],[78.298,35.728],[78.338,35.719],[78.404,35.736],[78.416,35.763],[78.443,35.784],[78.475,35.775],[78.513,35.772],[78.534,35.763],[78.61,35.812],[78.646,35.821],[78.665,35.836],[78.673,35.854],[78.728,35.865],[78.786,35.869],[78.82,35.857],[78.925,35.868],[78.982,35.89],[79.013,35.86],[79.032,35.848],[79.142,35.835],[79.165,35.838],[79.213,35.878],[79.204,35.928],[79.213,35.955],[79.252,35.985],[79.401,35.993],[79.41,35.986],[79.43,35.908],[79.44,35.894],[79.468,35.887],[79.536,35.88],[79.562,35.866],[79.619,35.845],[79.682,35.832],[79.728,35.814],[79.751,35.797],[79.828,35.787],[79.887,35.774],[79.905,35.778],[79.938,35.81],[79.968,35.825],[80.016,35.826],[80.043,35.803],[80.062,35.768],[80.078,35.726],[80.101,35.706],[80.129,35.657],[80.213,35.639],[80.269,35.615],[80.312,35.588],[80.318,35.565],[80.315,35.536],[80.327,35.529],[80.345,35.461],[80.34,35.45],[80.298,35.417],[80.297,35.353],[80.284,35.314],[80.251,35.248],[80.243,35.208],[80.226,35.18],[80.199,35.153],[80.185,35.131],[80.188,35.053],[80.187,35.008],[80.171,34.965],[80.127,34.873],[80.075,34.805],[80.069,34.769],[80.069,34.701],[80.043,34.686],[79.974,34.677],[79.945,34.661],[79.922,34.673],[79.878,34.675],[79.858,34.667],[79.829,34.636],[79.777,34.61],[79.794,34.581],[79.769,34.552],[79.77,34.538],[79.821,34.514],[79.816,34.483],[79.791,34.467],[79.682,34.471],[79.653,34.481],[79.615,34.479],[79.598,34.487],[79.584,34.478],[79.522,34.464],[79.528,34.416],[79.543,34.404],[79.567,34.406],[79.561,34.381],[79.57,34.337],[79.569,34.32],[79.597,34.278],[79.592,34.236],[79.571,34.213],[79.54,34.191],[79.513,34.201],[79.494,34.185],[79.491,34.147],[79.496,34.124],[79.466,34.094],[79.421,34.076],[79.415,34.042],[79.443,34.021],[79.416,33.999],[79.374,34.027],[79.301,34.03],[79.283,34.028],[79.232,34.047],[79.206,34.04],[79.173,34.058],[79.148,34.055],[79.138,34.018],[79.113,34.009],[79.08,34.01],[79.025,34.033],[79.001,34.034],[78.953,34.013],[78.926,33.982],[78.918,33.964],[78.945,33.926],[79.013,33.783],[79.03,33.788],[79.06,33.776],[79.059,33.756],[79.038,33.745],[79.016,33.702],[79.022,33.686],[79.046,33.674],[79.078,33.686],[79.095,33.613],[79.031,33.624],[78.989,33.615],[78.94,33.618],[78.909,33.629],[78.915,33.606],[78.906,33.574],[78.923,33.56],[78.944,33.526],[78.927,33.487],[78.927,33.454],[78.94,33.414],[78.955,33.382],[78.972,33.364],[78.978,33.336],[79.016,33.328],[79.082,33.297],[79.108,33.289],[79.149,33.294],[79.224,33.296],[79.261,33.289],[79.3,33.273],[79.356,33.282],[79.394,33.274],[79.446,33.258],[79.452,33.235],[79.443,33.2],[79.423,33.165],[79.373,33.106],[79.368,33.083],[79.387,33.042],[79.38,33.028],[79.357,33.016],[79.325,33.012],[79.346,32.989],[79.368,32.983],[79.369,32.966],[79.398,32.962],[79.421,32.933],[79.446,32.912],[79.465,32.88],[79.518,32.827],[79.538,32.786],[79.557,32.768],[79.588,32.766],[79.612,32.735],[79.61,32.723],[79.572,32.688],[79.567,32.67],[79.537,32.66],[79.525,32.631],[79.475,32.574],[79.451,32.559],[79.429,32.524],[79.397,32.517],[79.385,32.523],[79.373,32.56],[79.339,32.57],[79.325,32.585],[79.305,32.586],[79.281,32.548],[79.26,32.523],[79.23,32.513],[79.182,32.474],[79.132,32.47],[79.121,32.458],[79.135,32.432],[79.13,32.417],[79.113,32.411],[79.094,32.377],[79.045,32.387],[79.004,32.375],[78.971,32.336],[78.947,32.361],[78.86,32.41],[78.839,32.434],[78.822,32.434],[78.805,32.456],[78.775,32.505],[78.759,32.568],[78.782,32.596],[78.775,32.621],[78.762,32.629],[78.743,32.655],[78.753,32.684],[78.741,32.691],[78.709,32.656],[78.68,32.656],[78.648,32.644],[78.605,32.591],[78.566,32.615],[78.515,32.604],[78.503,32.587],[78.451,32.578],[78.428,32.563],[78.41,32.524],[78.429,32.507],[78.461,32.504],[78.466,32.455],[78.496,32.422],[78.523,32.422],[78.533,32.41],[78.515,32.375],[78.485,32.349],[78.483,32.281],[78.463,32.24],[78.496,32.237],[78.559,32.249],[78.588,32.236],[78.615,32.209],[78.614,32.175],[78.596,32.158],[78.611,32.142],[78.621,32.112],[78.657,32.111],[78.68,32.077],[78.708,32.047],[78.758,32.001],[78.789,31.993],[78.778,31.935],[78.75,31.904],[78.753,31.885],[78.732,31.823],[78.71,31.8],[78.72,31.765],[78.741,31.758],[78.728,31.742],[78.754,31.686],[78.776,31.677],[78.798,31.682],[78.807,31.647],[78.84,31.628],[78.853,31.607],[78.819,31.572],[78.791,31.561],[78.77,31.543],[78.747,31.539],[78.729,31.52],[78.736,31.481],[78.767,31.486],[78.774,31.474],[78.813,31.45],[78.818,31.44],[78.811,31.409],[78.792,31.396],[78.848,31.379],[78.864,31.346],[78.855,31.323],[78.892,31.288],[78.899,31.263],[78.912,31.255],[78.933,31.253],[78.942,31.274],[78.948,31.32],[78.967,31.337],[79.011,31.357],[79.018,31.386],[79.052,31.42],[79.051,31.44],[79.062,31.461],[79.09,31.445],[79.144,31.425],[79.182,31.385],[79.192,31.363],[79.212,31.346],[79.246,31.33],[79.239,31.314],[79.271,31.287],[79.255,31.268],[79.252,31.243],[79.28,31.235],[79.293,31.221],[79.303,31.19],[79.301,31.168],[79.317,31.137],[79.333,31.127],[79.399,31.108],[79.411,31.075],[79.425,31.071],[79.425,31.03],[79.507,31.032],[79.519,31.027],[79.556,30.957],[79.602,30.94],[79.62,30.951],[79.658,30.963],[79.665,30.983],[79.698,30.973],[79.738,30.984],[79.753,31.008],[79.775,30.989],[79.792,30.988],[79.816,30.974],[79.856,30.977],[79.876,30.968],[79.89,30.919],[79.91,30.915],[79.929,30.882],[79.962,30.89],[80.012,30.864],[80.042,30.836],[80.077,30.815],[80.1,30.787],[80.122,30.777],[80.157,30.789],[80.158,30.806],[80.178,30.804],[80.203,30.777],[80.2,30.765],[80.217,30.749],[80.24,30.762],[80.25,30.742],[80.248,30.718],[80.235,30.688],[80.198,30.68],[80.197,30.662],[80.221,30.642],[80.212,30.625],[80.229,30.603],[80.227,30.579],[80.253,30.565],[80.283,30.572],[80.319,30.559],[80.361,30.527],[80.386,30.515],[80.413,30.525],[80.448,30.498],[80.498,30.484],[80.517,30.473],[80.539,30.449],[80.586,30.482],[80.656,30.442],[80.674,30.439],[80.714,30.408],[80.746,30.397],[80.786,30.354],[80.787,30.343],[80.822,30.316],[80.863,30.299],[80.896,30.294],[80.933,30.28],[81.006,30.263],[81.033,30.246],[81.027,30.228],[81.047,30.211],[81.029,30.196],[81.0,30.193],[80.96,30.179],[80.918,30.19],[80.92,30.214],[80.903,30.215],[80.882,30.184],[80.868,30.174],[80.875,30.126],[80.845,30.116],[80.845,30.103],[80.806,30.09],[80.777,30.055],[80.761,30.05],[80.758,30.024],[80.737,29.999],[80.72,30.001],[80.674,29.957],[80.649,29.956],[80.631,29.965],[80.605,29.959],[80.574,29.925],[80.572,29.895],[80.552,29.85],[80.538,29.847],[80.522,29.827],[80.5,29.817],[80.492,29.795],[80.464,29.802],[80.407,29.795],[80.407,29.784],[80.385,29.75],[80.365,29.747],[80.366,29.727],[80.391,29.664],[80.416,29.651],[80.421,29.63],[80.408,29.621],[80.408,29.595],[80.379,29.563],[80.363,29.564],[80.342,29.54],[80.358,29.533],[80.342,29.51],[80.316,29.5],[80.313,29.485],[80.299,29.491],[80.287,29.474],[80.303,29.454],[80.278,29.459],[80.242,29.444],[80.242,29.411],[80.276,29.391],[80.272,29.363],[80.296,29.325],[80.317,29.315],[80.318,29.302],[80.304,29.285],[80.3,29.242],[80.291,29.232],[80.297,29.205],[80.29,29.196],[80.263,29.206],[80.253,29.221],[80.241,29.203],[80.259,29.187],[80.258,29.167],[80.272,29.141],[80.26,29.14],[80.234,29.119],[80.208,29.123],[80.183,29.137],[80.143,29.099],[80.129,29.063],[80.137,29.06],[80.118,28.982],[80.101,28.987],[80.077,28.946],[80.077,28.945],[80.058,28.917],[80.065,28.837],[80.075,28.824],[80.118,28.829],[80.171,28.783],[80.216,28.756],[80.251,28.758],[80.266,28.744],[80.257,28.729],[80.279,28.71],[80.292,28.712],[80.317,28.7],[80.326,28.666],[80.361,28.645],[80.361,28.635],[80.385,28.63],[80.414,28.639],[80.437,28.636],[80.463,28.618],[80.47,28.583],[80.481,28.585],[80.506,28.568],[80.518,28.552],[80.531,28.573],[80.522,28.577],[80.503,28.665],[80.54,28.691],[80.591,28.68],[80.58,28.661],[80.606,28.652],[80.612,28.64],[80.651,28.634],[80.668,28.642],[80.68,28.621],[80.677,28.604],[80.696,28.603],[80.69,28.588],[80.715,28.568],[80.738,28.575],[80.769,28.566],[80.77,28.55],[80.79,28.543],[80.785,28.529],[80.815,28.521],[80.866,28.49],[80.862,28.504],[80.875,28.511],[80.909,28.498],[80.902,28.486],[80.915,28.458],[80.98,28.455],[80.965,28.445],[80.979,28.434],[80.999,28.453],[81.017,28.451],[81.013,28.438],[81.034,28.428],[81.018,28.415],[81.034,28.399],[81.036,28.414],[81.055,28.404],[81.08,28.385],[81.211,28.361],[81.234,28.325],[81.233,28.289],[81.292,28.223],[81.321,28.198],[81.321,28.169],[81.303,28.168],[81.335,28.14],[81.367,28.142],[81.378,28.157],[81.374,28.177],[81.418,28.174],[81.447,28.161],[81.45,28.141],[81.484,28.119],[81.478,28.083],[81.547,28.049],[81.584,28.025],[81.644,27.994],[81.698,27.988],[81.743,27.953],[81.805,27.904],[81.834,27.897],[81.9,27.854],[81.925,27.859],[81.925,27.875],[81.968,27.929],[82.062,27.922],[82.07,27.924],[82.091,27.895],[82.121,27.866],[82.15,27.858],[82.154,27.867],[82.209,27.843],[82.23,27.821],[82.253,27.81],[82.303,27.773],[82.368,27.743],[82.402,27.704],[82.449,27.679],[82.473,27.677],[82.517,27.691],[82.541,27.686],[82.605,27.706],[82.619,27.702],[82.666,27.716],[82.708,27.721],[82.707,27.699],[82.718,27.687],[82.712,27.666],[82.73,27.653],[82.738,27.637],[82.735,27.609],[82.756,27.587],[82.738,27.547],[82.747,27.519],[82.735,27.503],[82.802,27.496],[82.833,27.502],[82.879,27.499],[82.929,27.501],[82.954,27.468],[83.034,27.449],[83.166,27.457],[83.188,27.454],[83.211,27.423],[83.272,27.383],[83.265,27.365],[83.292,27.335],[83.337,27.333],[83.373,27.357],[83.388,27.376],[83.385,27.39],[83.403,27.402],[83.405,27.419],[83.384,27.436],[83.399,27.449],[83.389,27.48],[83.614,27.469],[83.831,27.37],[83.864,27.347],[83.883,27.377],[83.833,27.425],[83.856,27.446],[83.871,27.436],[83.912,27.441],[83.933,27.45],[83.945,27.441],[83.995,27.446],[84.024,27.433],[84.051,27.443],[84.069,27.481],[84.095,27.489],[84.105,27.521],[84.124,27.511],[84.151,27.517],[84.149,27.486],[84.21,27.465],[84.208,27.443],[84.231,27.456],[84.254,27.454],[84.273,27.428],[84.277,27.396],[84.347,27.375],[84.374,27.377],[84.396,27.37],[84.44,27.37],[84.472,27.355],[84.476,27.362],[84.514,27.353],[84.555,27.349],[84.622,27.337],[84.651,27.292],[84.69,27.223],[84.68,27.2],[84.684,27.18],[84.676,27.172],[84.681,27.151],[84.675,27.101],[84.646,27.076],[84.643,27.046],[84.701,27.027],[84.72,27.015],[84.758,27.004],[84.773,27.018],[84.794,26.996],[84.809,27.018],[84.825,27.021],[84.854,27.008],[84.864,26.984],[84.909,26.968],[84.963,26.961],[84.979,26.94],[84.968,26.916],[85.0,26.912],[85.005,26.895],[85.053,26.889],[85.056,26.881],[85.031,26.874],[85.024,26.855],[85.058,26.849],[85.083,26.854],[85.1,26.871],[85.14,26.871],[85.193,26.866],[85.191,26.831],[85.177,26.815],[85.181,26.796],[85.193,26.791],[85.197,26.77],[85.213,26.758],[85.254,26.758],[85.307,26.752],[85.335,26.742],[85.355,26.76],[85.371,26.758],[85.408,26.791],[85.451,26.782],[85.496,26.797],[85.498,26.812],[85.52,26.815],[85.543,26.838],[85.566,26.841],[85.572,26.857],[85.586,26.847],[85.624,26.874],[85.642,26.853],[85.681,26.843],[85.721,26.82],[85.734,26.796],[85.729,26.75],[85.734,26.737],[85.725,26.71],[85.726,26.671],[85.749,26.639],[85.802,26.624],[85.817,26.603],[85.831,26.612],[85.851,26.609],[85.858,26.569],[85.914,26.609],[85.948,26.614],[85.957,26.649],[85.976,26.658],[86.012,26.655],[86.028,26.667],[86.07,26.657],[86.074,26.65],[86.12,26.63],[86.139,26.629],[86.136,26.606],[86.172,26.617],[86.193,26.614],[86.199,26.594],[86.231,26.593],[86.253,26.615],[86.293,26.613],[86.308,26.62],[86.345,26.617],[86.342,26.606],[86.396,26.594],[86.396,26.585],[86.456,26.568],[86.499,26.542],[86.542,26.539],[86.57,26.497],[86.626,26.48],[86.633,26.464],[86.696,26.449],[86.7,26.438],[86.725,26.427],[86.747,26.428],[86.766,26.459],[86.834,26.439],[86.861,26.458],[86.894,26.462],[86.894,26.488],[86.93,26.49],[86.932,26.517],[86.961,26.524],[86.975,26.52],[87.015,26.532],[87.038,26.563],[87.045,26.587],[87.072,26.586],[87.073,26.542],[87.081,26.521],[87.092,26.45],[87.139,26.415],[87.163,26.404],[87.189,26.405],[87.186,26.414],[87.229,26.414],[87.266,26.406],[87.266,26.374],[87.313,26.372],[87.341,26.348],[87.358,26.361],[87.356,26.388],[87.369,26.408],[87.389,26.419],[87.428,26.422],[87.467,26.44],[87.517,26.431],[87.548,26.418],[87.553,26.406],[87.593,26.392],[87.592,26.382],[87.652,26.393],[87.65,26.406],[87.678,26.416],[87.678,26.435],[87.711,26.427],[87.734,26.408],[87.748,26.418],[87.765,26.41],[87.79,26.469],[87.83,26.45],[87.828,26.44],[87.849,26.436],[87.861,26.449],[87.858,26.464],[87.886,26.476],[87.888,26.487],[87.91,26.458],[87.899,26.449],[87.923,26.447],[87.916,26.433],[87.966,26.397],[87.992,26.393],[87.992,26.371],[88.007,26.361],[88.031,26.365],[88.038,26.394],[88.06,26.409],[88.071,26.408],[88.096,26.44],[88.092,26.463],[88.105,26.487],[88.094,26.516],[88.103,26.54],[88.113,26.573],[88.129,26.573],[88.141,26.623],[88.163,26.646],[88.167,26.7],[88.182,26.719],[88.188,26.772],[88.168,26.837],[88.172,26.868],[88.136,26.899],[88.145,26.915],[88.12,26.951],[88.134,26.986],[88.118,26.987],[88.099,27.004],[88.077,27.036],[88.059,27.03],[88.038,27.036],[88.016,27.077],[88.02,27.083],[88.003,27.105],[87.991,27.106],[87.991,27.13],[88.007,27.143],[88.014,27.213],[88.031,27.25],[88.032,27.286],[88.054,27.325],[88.067,27.336],[88.042,27.37],[88.047,27.406],[88.075,27.433],[88.067,27.458],[88.044,27.478],[88.044,27.496],[88.061,27.512],[88.059,27.534],[88.076,27.572],[88.093,27.598],[88.113,27.609],[88.12,27.645],[88.145,27.665],[88.154,27.692],[88.148,27.703],[88.158,27.741],[88.178,27.747],[88.182,27.776],[88.197,27.791],[88.174,27.821],[88.203,27.839],[88.195,27.855],[88.135,27.882],[88.14,27.889],[88.123,27.907],[88.121,27.922],[88.138,27.937],[88.129,27.949],[88.145,27.964],[88.188,27.943],[88.206,27.942],[88.206,27.96],[88.237,27.971],[88.251,27.942],[88.286,27.966],[88.303,27.966],[88.319,27.979],[88.329,27.973],[88.352,27.99],[88.377,27.99],[88.399,27.978],[88.431,28.008],[88.467,28.017],[88.482,28.044],[88.497,28.054],[88.522,28.036],[88.544,28.033],[88.556,28.075],[88.566,28.09],[88.584,28.083],[88.619,28.098],[88.61,28.129],[88.628,28.125],[88.667,28.076],[88.755,28.076],[88.793,28.049],[88.814,28.022],[88.836,28.015],[88.844,27.993],[88.843,27.953],[88.837,27.929],[88.86,27.927],[88.872,27.899],[88.883,27.891],[88.88,27.829],[88.856,27.815],[88.861,27.798],[88.854,27.781],[88.859,27.738],[88.856,27.717],[88.838,27.706],[88.848,27.693],[88.848,27.668],[88.828,27.644],[88.815,27.646],[88.805,27.624],[88.805,27.594],[88.791,27.575],[88.764,27.564],[88.773,27.541],[88.791,27.532],[88.777,27.469],[88.795,27.446],[88.805,27.415],[88.837,27.379],[88.861,27.387],[88.863,27.369],[88.881,27.361],[88.895,27.332],[88.916,27.331],[88.915,27.314],[88.914,27.29],[88.903,27.273],[88.879,27.261],[88.831,27.262],[88.803,27.248],[88.803,27.22],[88.787,27.182],[88.765,27.177],[88.76,27.153],[88.746,27.144],[88.774,27.135],[88.804,27.139],[88.812,27.127],[88.852,27.108],[88.871,27.108],[88.88,27.066],[88.871,26.993],[88.873,26.964],[88.877,26.944],[88.922,26.994],[88.952,26.968],[88.954,26.947],[88.944,26.934],[88.98,26.917],[89.021,26.941],[89.03,26.923],[89.051,26.916],[89.049,26.899],[89.07,26.904],[89.096,26.892],[89.093,26.872],[89.106,26.86],[89.101,26.843],[89.134,26.808],[89.177,26.819],[89.194,26.811],[89.227,26.818],[89.262,26.814],[89.273,26.828],[89.323,26.851],[89.327,26.843],[89.379,26.862],[89.39,26.842],[89.423,26.836],[89.439,26.841],[89.461,26.806],[89.498,26.804],[89.513,26.814],[89.56,26.813],[89.566,26.799],[89.621,26.778],[89.651,26.776],[89.644,26.749],[89.622,26.739],[89.624,26.719],[89.635,26.725],[89.66,26.719],[89.675,26.74],[89.7,26.737],[89.724,26.723],[89.753,26.735],[89.755,26.717],[89.771,26.701],[89.807,26.711],[89.863,26.701],[89.863,26.737],[89.897,26.724],[89.967,26.724],[90.008,26.732],[90.05,26.73],[90.14,26.754],[90.195,26.773],[90.188,26.807],[90.201,26.835],[90.231,26.859],[90.249,26.859],[90.3,26.848],[90.338,26.869],[90.348,26.875],[90.357,26.901],[90.417,26.905],[90.547,26.817],[90.585,26.804],[90.634,26.794],[90.647,26.777],[90.676,26.784],[90.693,26.771],[90.717,26.768],[90.742,26.775],[90.816,26.776],[90.956,26.788],[90.957,26.782],[90.992,26.791],[91.054,26.781],[91.098,26.822],[91.146,26.811],[91.237,26.812],[91.277,26.8],[91.297,26.787],[91.337,26.781],[91.376,26.795],[91.407,26.838],[91.464,26.802],[91.495,26.791],[91.592,26.805],[91.626,26.821],[91.69,26.806],[91.705,26.813],[91.721,26.812],[91.824,26.864],[91.859,26.913],[91.892,26.919],[91.964,26.883],[91.984,26.858],[92.017,26.85],[92.057,26.847],[92.103,26.867],[92.114,26.894],[92.114,26.95],[92.118,26.974],[92.095,27.012],[92.078,27.017],[92.076,27.042],[92.044,27.051],[92.023,27.11],[92.036,27.135],[92.027,27.168],[92.058,27.19],[92.073,27.233],[92.059,27.252],[92.04,27.256],[92.045,27.269],[92.076,27.278],[92.086,27.27],[92.121,27.272],[92.12,27.29],[92.089,27.305],[92.065,27.327],[92.053,27.351],[92.049,27.377],[92.058,27.4],[92.042,27.419],[92.043,27.435],[92.022,27.45],[92.016,27.481],[91.99,27.469],[91.944,27.46],[91.923,27.474],[91.872,27.471],[91.849,27.486],[91.825,27.468],[91.814,27.474],[91.767,27.465],[91.768,27.474],[91.731,27.469],[91.715,27.475],[91.714,27.493],[91.695,27.505],[91.652,27.483],[91.645,27.502],[91.624,27.514],[91.612,27.544],[91.594,27.542],[91.583,27.565],[91.566,27.583],[91.584,27.608],[91.563,27.63],[91.573,27.661],[91.594,27.67],[91.607,27.691],[91.629,27.7],[91.645,27.77],[91.636,27.801],[91.615,27.822],[91.581,27.812],[91.554,27.846],[91.57,27.848],[91.576,27.864],[91.594,27.854],[91.602,27.864],[91.663,27.853],[91.71,27.808],[91.761,27.8],[91.788,27.808],[91.812,27.805],[91.821,27.816],[91.836,27.785],[91.851,27.776],[91.862,27.74],[91.888,27.726],[91.904,27.732],[91.928,27.723],[91.958,27.748],[91.994,27.771],[92.051,27.764],[92.109,27.809],[92.159,27.84],[92.219,27.87],[92.268,27.872],[92.282,27.862],[92.285,27.844],[92.302,27.802],[92.313,27.788],[92.385,27.801],[92.39,27.821],[92.423,27.831],[92.45,27.814],[92.466,27.818],[92.484,27.843],[92.503,27.854],[92.528,27.849],[92.556,27.824],[92.615,27.895],[92.658,27.902],[92.688,27.927],[92.733,27.979],[92.742,27.993],[92.735,28.011],[92.7,28.049],[92.67,28.061],[92.665,28.07],[92.68,28.119],[92.7,28.136],[92.746,28.158],[92.819,28.21],[92.826,28.179],[92.853,28.183],[92.906,28.212],[92.923,28.24],[92.963,28.259],[92.984,28.252],[92.997,28.229],[93.028,28.269],[93.022,28.31],[93.05,28.303],[93.11,28.312],[93.122,28.328],[93.161,28.319],[93.189,28.318],[93.222,28.334],[93.224,28.405],[93.22,28.414],[93.18,28.435],[93.21,28.452],[93.229,28.474],[93.278,28.501],[93.286,28.54],[93.307,28.579],[93.302,28.599],[93.325,28.609],[93.339,28.643],[93.362,28.642],[93.414,28.654],[93.453,28.675],[93.467,28.655],[93.484,28.683],[93.514,28.682],[93.522,28.659],[93.536,28.661],[93.619,28.653],[93.656,28.658],[93.688,28.674],[93.74,28.685],[93.753,28.683],[93.784,28.663],[93.851,28.707],[93.862,28.706],[93.902,28.679],[93.936,28.666],[93.947,28.674],[93.968,28.707],[93.973,28.743],[94.007,28.767],[94.011,28.779],[93.987,28.804],[94.007,28.841],[94.037,28.851],[94.075,28.891],[94.15,28.944],[94.164,28.957],[94.177,29.007],[94.192,29.037],[94.224,29.088],[94.258,29.109],[94.294,29.145],[94.353,29.148],[94.368,29.158],[94.375,29.185],[94.438,29.223],[94.487,29.213],[94.534,29.215],[94.551,29.221],[94.574,29.25],[94.579,29.275],[94.605,29.289],[94.623,29.314],[94.631,29.341],[94.645,29.339],[94.689,29.318],[94.741,29.275],[94.793,29.215],[94.796,29.173],[94.811,29.162],[94.844,29.174],[94.879,29.175],[94.916,29.152],[94.958,29.156],[94.988,29.137],[95.014,29.13],[95.012,29.147],[94.982,29.152],[94.98,29.173],[95.037,29.152],[95.095,29.14],[95.106,29.119],[95.166,29.109],[95.242,29.111],[95.242,29.064],[95.271,29.059],[95.305,29.06],[95.348,29.041],[95.411,29.031],[95.421,29.041],[95.44,29.037],[95.466,29.066],[95.477,29.087],[95.481,29.143],[95.531,29.13],[95.537,29.169],[95.527,29.216],[95.564,29.217],[95.572,29.223],[95.578,29.254],[95.597,29.26],[95.619,29.25],[95.66,29.272],[95.689,29.305],[95.706,29.304],[95.777,29.362],[95.782,29.341],[95.811,29.36],[95.831,29.359],[95.862,29.395],[95.92,29.387],[95.942,29.388],[95.977,29.413],[96.009,29.428],[96.031,29.453],[96.067,29.466],[96.081,29.461],[96.121,29.414],[96.141,29.402],[96.154,29.374],[96.179,29.337],[96.174,29.323],[96.192,29.29],[96.224,29.251],[96.244,29.239],[96.282,29.242],[96.309,29.264],[96.34,29.274],[96.347,29.289],[96.364,29.292],[96.379,29.267],[96.379,29.243],[96.365,29.225],[96.35,29.184],[96.316,29.171],[96.245,29.166],[96.232,29.152],[96.211,29.148],[96.192,29.116],[96.156,29.092],[96.102,29.079],[96.129,29.07],[96.141,29.058],[96.171,28.999],[96.172,28.97],[96.142,28.957],[96.135,28.935],[96.155,28.918],[96.161,28.898],[96.22,28.93],[96.294,29.008],[96.327,29.028],[96.356,29.037],[96.423,29.038],[96.462,29.057],[96.514,29.074],[96.466,28.995],[96.469,28.971],[96.481,28.959],[96.509,28.966],[96.508,28.952],[96.53,28.91],[96.526,28.882],[96.557,28.841],[96.603,28.793],[96.61,28.767],[96.604,28.744],[96.579,28.712],[96.556,28.701],[96.525,28.701],[96.467,28.675],[96.482,28.653],[96.487,28.633],[96.43,28.591],[96.402,28.581],[96.4,28.559],[96.345,28.554],[96.319,28.526],[96.328,28.519],[96.351,28.504],[96.364,28.487],[96.349,28.467],[96.253,28.407],[96.291,28.4],[96.307,28.383],[96.317,28.378],[96.363,28.386],[96.37,28.363],[96.395,28.336],[96.417,28.341],[96.424,28.356],[96.434,28.387],[96.457,28.414],[96.505,28.411],[96.571,28.452],[96.641,28.458],[96.682,28.436],[96.727,28.422],[96.757,28.4],[96.77,28.367],[96.835,28.361],[96.89,28.378],[96.904,28.369],[96.926,28.337],[96.953,28.328],[96.988,28.303],[97.012,28.31],[97.048,28.339],[97.081,28.351],[97.106,28.347],[97.14,28.328],[97.171,28.286],[97.227,28.285],[97.252,28.266],[97.295,28.262],[97.315,28.248],[97.378,28.218],[97.403,28.182],[97.364,28.189],[97.357,28.172],[97.328,28.15],[97.324,28.137],[97.346,28.114],[97.31,28.075],[97.326,28.053],[97.381,28.059],[97.376,28.04],[97.413,28.015],[97.393,28.001],[97.373,27.968],[97.382,27.951],[97.376,27.933],[97.38,27.897],[97.374,27.88],[97.357,27.879],[97.316,27.903],[97.313,27.914],[97.249,27.899],[97.22,27.864],[97.188,27.844],[97.165,27.811],[97.146,27.805],[97.133,27.788],[97.104,27.77],[97.099,27.747],[97.085,27.739],[97.07,27.747],[97.036,27.742],[96.998,27.692],[96.983,27.664],[96.942,27.661],[96.917,27.625],[96.9,27.615],[96.897,27.582],[96.912,27.581],[96.913,27.544],[96.93,27.524],[96.911,27.486],[96.903,27.453],[96.933,27.43],[96.932,27.419],[96.962,27.401],[96.962,27.374],[96.991,27.344],[96.998,27.319],[97.028,27.308],[97.055,27.265],[97.089,27.238],[97.09,27.214],[97.122,27.19],[97.125,27.174],[97.147,27.165],[97.166,27.135],[97.15,27.117],[97.142,27.095],[97.119,27.104],[97.095,27.103],[97.071,27.089],[97.036,27.124],[96.985,27.154],[96.956,27.164],[96.931,27.162],[96.9,27.169],[96.857,27.193],[96.855,27.21],[96.885,27.226],[96.884,27.26],[96.869,27.258],[96.847,27.271],[96.848,27.29],[96.822,27.308],[96.796,27.346],[96.767,27.357],[96.752,27.352],[96.704,27.372],[96.698,27.358],[96.661,27.364],[96.645,27.359],[96.606,27.366],[96.588,27.336],[96.564,27.319],[96.551,27.318],[96.543,27.303],[96.519,27.287],[96.508,27.299],[96.489,27.296],[96.462,27.306],[96.423,27.302],[96.408,27.288],[96.367,27.287],[96.352,27.295],[96.341,27.285],[96.308,27.294],[96.274,27.283],[96.271,27.271],[96.231,27.276],[96.185,27.249],[96.154,27.247],[96.121,27.231],[96.091,27.223],[96.078,27.209],[96.025,27.181],[96.011,27.143],[95.969,27.1],[95.946,27.052],[95.911,27.037],[95.875,27.014],[95.83,27.007],[95.803,27.015],[95.781,26.978],[95.769,26.977],[95.755,26.954],[95.76,26.937],[95.748,26.926],[95.745,26.896],[95.716,26.878],[95.683,26.896],[95.667,26.903],[95.632,26.873],[95.627,26.843],[95.608,26.813],[95.57,26.816],[95.543,26.835],[95.508,26.809],[95.506,26.8],[95.503,26.787],[95.473,26.741],[95.459,26.744],[95.432,26.716],[95.431,26.701],[95.372,26.683],[95.361,26.671],[95.337,26.674],[95.304,26.651],[95.274,26.659],[95.259,26.656],[95.25,26.683],[95.233,26.681],[95.208,26.648],[95.181,26.643],[95.149,26.616],[95.154,26.583],[95.139,26.557],[95.124,26.557],[95.107,26.54],[95.115,26.519],[95.096,26.493],[95.073,26.472],[95.065,26.442],[95.084,26.447],[95.104,26.421],[95.096,26.401],[95.129,26.386],[95.121,26.35],[95.128,26.339],[95.128,26.302],[95.12,26.261],[95.127,26.254],[95.115,26.233],[95.142,26.212],[95.123,26.181],[95.117,26.159],[95.126,26.129],[95.118,26.101],[95.148,26.087],[95.165,26.092],[95.186,26.073],[95.164,26.049],[95.159,26.026],[95.096,25.956],[95.033,25.926],[95.012,25.898],[95.017,25.888],[95.009,25.868],[95.03,25.84],[95.033,25.814],[95.05,25.8],[95.044,25.774],[95.049,25.759],[95.04,25.741],[95.007,25.731],[94.971,25.689],[94.936,25.668],[94.925,25.65],[94.915,25.608],[94.882,25.592],[94.882,25.585],[94.899,25.565],[94.846,25.562],[94.826,25.543],[94.825,25.524],[94.808,25.493],[94.783,25.48],[94.762,25.482],[94.751,25.494],[94.745,25.482],[94.717,25.471],[94.684,25.466],[94.68,25.454],[94.673,25.424],[94.66,25.406],[94.632,25.389],[94.635,25.358],[94.622,25.346],[94.585,25.267],[94.589,25.257],[94.578,25.216],[94.606,25.181],[94.619,25.187],[94.641,25.166],[94.665,25.163],[94.68,25.149],[94.689,25.158],[94.716,25.138],[94.736,25.135],[94.743,25.076],[94.739,25.024],[94.727,25.0],[94.709,24.989],[94.696,24.96],[94.713,24.935],[94.702,24.93],[94.687,24.893],[94.674,24.875],[94.659,24.872],[94.632,24.839],[94.629,24.802],[94.619,24.78],[94.628,24.755],[94.613,24.74],[94.602,24.709],[94.585,24.705],[94.555,24.715],[94.548,24.71],[94.553,24.683],[94.55,24.659],[94.529,24.618],[94.492,24.575],[94.457,24.552],[94.439,24.51],[94.421,24.48],[94.406,24.478],[94.401,24.449],[94.409,24.437],[94.398,24.407],[94.37,24.398],[94.38,24.375],[94.354,24.334],[94.329,24.33],[94.324,24.278],[94.315,24.253],[94.293,24.236],[94.284,24.212],[94.284,24.185],[94.262,24.167],[94.255,24.109],[94.252,24.082],[94.234,24.039],[94.199,23.988],[94.187,23.965],[94.187,23.941],[94.165,23.93],[94.157,23.864],[94.121,23.833],[94.084,23.881],[94.062,23.881],[94.019,23.912],[93.989,23.928],[93.954,23.932],[93.93,23.95],[93.894,23.953],[93.859,23.932],[93.82,23.924],[93.8,23.933],[93.798,23.948],[93.775,23.968],[93.762,23.999],[93.741,24.002],[93.724,23.997],[93.69,24.009],[93.672,24.002],[93.623,24.011],[93.612,23.997],[93.608,23.971],[93.591,23.961],[93.56,23.982],[93.552,23.961],[93.525,23.956],[93.505,23.942],[93.471,23.965],[93.461,23.981],[93.454,24.011],[93.433,24.025],[93.42,24.066],[93.399,24.085],[93.384,24.087],[93.335,24.09],[93.328,24.077],[93.338,24.061],[93.326,24.05],[93.337,24.039],[93.326,24.029],[93.337,23.989],[93.356,23.942],[93.393,23.929],[93.385,23.848],[93.391,23.817],[93.401,23.813],[93.392,23.756],[93.411,23.729],[93.406,23.712],[93.437,23.687],[93.417,23.642],[93.429,23.588],[93.41,23.563],[93.415,23.531],[93.395,23.504],[93.399,23.472],[93.388,23.446],[93.39,23.429],[93.392,23.406],[93.403,23.389],[93.383,23.362],[93.357,23.354],[93.373,23.329],[93.364,23.313],[93.37,23.289],[93.363,23.278],[93.388,23.215],[93.375,23.204],[93.381,23.187],[93.368,23.144],[93.387,23.143],[93.384,23.133],[93.356,23.116],[93.334,23.049],[93.314,23.02],[93.294,23.007],[93.242,23.007],[93.215,23.028],[93.202,23.055],[93.18,23.057],[93.154,23.046],[93.134,23.058],[93.122,23.006],[93.144,22.977],[93.137,22.971],[93.145,22.932],[93.164,22.909],[93.141,22.914],[93.119,22.859],[93.111,22.818],[93.095,22.807],[93.096,22.786],[93.107,22.754],[93.091,22.704],[93.094,22.68],[93.109,22.656],[93.108,22.636],[93.128,22.623],[93.14,22.59],[93.112,22.558],[93.11,22.541],[93.11,22.525],[93.128,22.524],[93.124,22.51],[93.133,22.494],[93.131,22.467],[93.139,22.454],[93.163,22.451],[93.185,22.428],[93.19,22.383],[93.186,22.339],[93.196,22.327],[93.19,22.303],[93.199,22.256],[93.178,22.246],[93.142,22.245],[93.161,22.198],[93.151,22.176],[93.123,22.175],[93.111,22.204],[93.089,22.197],[93.064,22.207],[93.046,22.202],[93.04,22.187],[93.049,22.173],[93.037,22.144],[93.057,22.121],[93.059,22.1],[93.005,22.104],[93.012,22.088],[92.998,22.054],[92.995,22.033],[93.003,22.006],[93.007,21.982],[92.981,21.98],[92.978,21.997],[92.952,22.03],[92.915,21.979],[92.904,21.94],[92.895,22.003],[92.88,22.022],[92.865,22.023],[92.866,22.052],[92.85,22.063],[92.818,22.075],[92.809,22.096],[92.774,22.107],[92.76,22.126],[92.734,22.136],[92.727,22.149],[92.7,22.155],[92.696,22.145],[92.692,22.139],[92.693,22.075],[92.682,22.103],[92.685,22.045],[92.679,22.011],[92.652,22.016],[92.635,21.983],[92.607,21.975],[92.61,21.998],[92.598,22.009],[92.594,22.041],[92.602,22.062],[92.59,22.071],[92.575,22.116],[92.563,22.128],[92.579,22.143],[92.606,22.123],[92.611,22.138],[92.607,22.172],[92.597,22.175],[92.588,22.216],[92.59,22.256],[92.581,22.276],[92.583,22.3],[92.559,22.4],[92.543,22.498],[92.551,22.513],[92.54,22.54],[92.522,22.56],[92.539,22.589],[92.527,22.621],[92.526,22.673],[92.504,22.738],[92.474,22.746],[92.472,22.796],[92.455,22.818],[92.464,22.853],[92.453,22.861],[92.446,22.897],[92.436,22.885],[92.419,22.919],[92.4,22.912],[92.398,22.93],[92.376,22.929],[92.374,22.971],[92.385,22.992],[92.38,23.012],[92.392,23.054],[92.38,23.085],[92.358,23.103],[92.368,23.127],[92.357,23.134],[92.362,23.168],[92.353,23.186],[92.353,23.225],[92.347,23.236],[92.401,23.237],[92.394,23.267],[92.381,23.285],[92.385,23.307],[92.364,23.323],[92.381,23.352],[92.379,23.362],[92.356,23.372],[92.347,23.433],[92.333,23.431],[92.332,23.465],[92.319,23.47],[92.322,23.492],[92.314,23.533],[92.306,23.535],[92.308,23.578],[92.287,23.597],[92.296,23.621],[92.273,23.642],[92.291,23.681],[92.289,23.702],[92.265,23.725],[92.236,23.713],[92.236,23.693],[92.226,23.655],[92.21,23.654],[92.206,23.672],[92.214,23.685],[92.203,23.706],[92.178,23.708],[92.171,23.739],[92.145,23.733],[92.124,23.696],[92.1,23.677],[92.083,23.68],[92.079,23.648],[92.04,23.649],[92.015,23.66],[91.999,23.678],[91.978,23.733],[91.957,23.734],[91.948,23.714],[91.957,23.694],[91.934,23.685],[91.947,23.646],[91.942,23.635],[91.952,23.601],[91.964,23.535],[91.956,23.526],[91.971,23.503],[91.969,23.476],[91.958,23.479],[91.937,23.467],[91.943,23.435],[91.9,23.441],[91.86,23.405],[91.843,23.4],[91.837,23.371],[91.805,23.332],[91.783,23.324],[91.763,23.303],[91.76,23.284],[91.777,23.269],[91.789,23.208],[91.806,23.179],[91.814,23.147],[91.811,23.121],[91.817,23.101],[91.836,23.094],[91.824,23.084],[91.812,23.066],[91.775,23.07],[91.784,23.038],[91.754,23.023],[91.721,22.987],[91.694,22.988],[91.683,22.977],[91.651,22.977],[91.645,22.985],[91.636,22.961],[91.624,22.961],[91.62,22.939],[91.592,22.976],[91.577,22.965],[91.557,22.978],[91.557,22.997],[91.542,22.999],[91.55,23.038],[91.53,23.038],[91.535,23.063],[91.53,23.092],[91.511,23.104],[91.515,23.139],[91.491,23.158],[91.507,23.18],[91.503,23.192],[91.485,23.188],[91.475,23.22],[91.455,23.256],[91.431,23.262],[91.418,23.255],[91.42,23.273],[91.409,23.285],[91.409,23.248],[91.393,23.247],[91.401,23.229],[91.381,23.192],[91.385,23.156],[91.403,23.114],[91.4,23.096],[91.417,23.082],[91.396,23.056],[91.37,23.07],[91.347,23.102],[91.333,23.153],[91.323,23.158],[91.324,23.237],[91.31,23.276],[91.316,23.28],[91.302,23.286],[91.31,23.314],[91.29,23.319],[91.296,23.341],[91.311,23.342],[91.315,23.361],[91.291,23.351],[91.295,23.361],[91.28,23.377],[91.276,23.415],[91.252,23.454],[91.249,23.49],[91.236,23.502],[91.218,23.5],[91.224,23.514],[91.201,23.523],[91.208,23.543],[91.194,23.547],[91.195,23.562],[91.177,23.593],[91.162,23.595],[91.158,23.622],[91.161,23.654],[91.201,23.656],[91.205,23.68],[91.194,23.69],[91.154,23.688],[91.15,23.711],[91.156,23.736],[91.169,23.75],[91.21,23.749],[91.222,23.743],[91.231,23.765],[91.226,23.791],[91.234,23.811],[91.254,23.838],[91.23,23.881],[91.228,23.899],[91.246,23.914],[91.234,23.928],[91.276,23.923],[91.264,23.944],[91.285,23.982],[91.287,23.968],[91.305,23.996],[91.323,23.994],[91.341,23.982],[91.362,23.986],[91.38,23.975],[91.374,24.004],[91.391,24.026],[91.397,24.05],[91.377,24.08],[91.375,24.108],[91.414,24.11],[91.431,24.1],[91.485,24.096],[91.545,24.074],[91.592,24.076],[91.596,24.097],[91.609,24.092],[91.635,24.101],[91.641,24.113],[91.634,24.138],[91.655,24.176],[91.648,24.219],[91.665,24.234],[91.667,24.212],[91.677,24.2],[91.688,24.162],[91.739,24.142],[91.759,24.142],[91.745,24.247],[91.792,24.22],[91.821,24.209],[91.838,24.219],[91.854,24.183],[91.874,24.174],[91.878,24.148],[91.903,24.138],[91.941,24.268],[91.92,24.337],[91.941,24.343],[91.958,24.356],[91.969,24.35],[91.977,24.327],[91.996,24.322],[91.996,24.339],[91.967,24.379],[91.986,24.377],[91.997,24.394],[92.008,24.381],[92.076,24.375],[92.097,24.373],[92.121,24.382],[92.137,24.425],[92.168,24.425],[92.151,24.496],[92.155,24.523],[92.169,24.532],[92.213,24.504],[92.231,24.531],[92.233,24.578],[92.254,24.675],[92.296,24.737],[92.28,24.748],[92.29,24.761],[92.287,24.787],[92.274,24.799],[92.27,24.83],[92.243,24.84],[92.235,24.864],[92.246,24.867],[92.247,24.888],[92.233,24.9],[92.25,24.909],[92.283,24.906],[92.297,24.916],[92.339,24.878],[92.349,24.891],[92.371,24.875],[92.388,24.851],[92.408,24.859],[92.438,24.856],[92.445,24.872],[92.476,24.867],[92.491,24.874],[92.497,24.902],[92.484,24.928],[92.488,24.944],[92.449,24.939],[92.469,24.962],[92.42,24.969],[92.425,25.03],[92.338,25.052],[92.349,25.073],[92.322,25.078],[92.3,25.072],[92.255,25.085],[92.222,25.104],[92.196,25.108],[92.195,25.13],[92.184,25.118],[92.171,25.129],[92.136,25.139],[92.139,25.155],[92.104,25.175],[92.074,25.185],[92.016,25.187],[91.999,25.184],[91.98,25.169],[91.967,25.176],[91.921,25.181],[91.862,25.172],[91.833,25.178],[91.776,25.163],[91.754,25.177],[91.743,25.144],[91.704,25.16],[91.692,25.137],[91.664,25.135],[91.638,25.123],[91.623,25.128],[91.621,25.143],[91.604,25.14],[91.606,25.174],[91.577,25.172],[91.577,25.16],[91.557,25.15],[91.51,25.147],[91.5,25.135],[91.464,25.135],[91.47,25.151],[91.441,25.15],[91.387,25.17],[91.365,25.178],[91.337,25.174],[91.268,25.207],[91.23,25.197],[91.195,25.202],[91.125,25.194],[91.07,25.198],[91.038,25.186],[91.019,25.187],[90.97,25.173],[90.928,25.162],[90.884,25.167],[90.844,25.158],[90.805,25.166],[90.795,25.181],[90.769,25.183],[90.748,25.164],[90.728,25.157],[90.71,25.168],[90.699,25.157],[90.666,25.166],[90.663,25.191],[90.642,25.175],[90.609,25.178],[90.519,25.172],[90.451,25.152],[90.441,25.145],[90.404,25.16],[90.37,25.163],[90.33,25.194],[90.31,25.189],[90.248,25.2],[90.196,25.211],[90.171,25.223],[90.118,25.223],[90.074,25.244],[90.055,25.261],[90.037,25.261],[90.004,25.281],[89.981,25.281],[89.966,25.304],[89.949,25.293],[89.909,25.308],[89.877,25.285],[89.831,25.296],[89.841,25.319],[89.821,25.356],[89.82,25.379],[89.833,25.438],[89.852,25.466],[89.85,25.494],[89.869,25.513],[89.851,25.539],[89.864,25.544],[89.883,25.617],[89.87,25.663],[89.847,25.696],[89.849,25.715],[89.834,25.717],[89.827,25.74],[89.841,25.759],[89.826,25.81],[89.817,25.814],[89.835,25.841],[89.833,25.871],[89.843,25.883],[89.878,25.924],[89.887,25.945],[89.839,25.941],[89.849,25.949],[89.842,25.97],[89.872,25.974],[89.85,25.99],[89.836,26.013],[89.836,25.982],[89.817,25.991],[89.819,26.026],[89.806,26.044],[89.78,26.04],[89.799,26.06],[89.795,26.087],[89.781,26.083],[89.786,26.102],[89.755,26.114],[89.765,26.125],[89.744,26.159],[89.72,26.156],[89.717,26.165],[89.701,26.152],[89.681,26.164],[89.702,26.174],[89.687,26.181],[89.674,26.206],[89.681,26.21],[89.679,26.238],[89.672,26.22],[89.634,26.229],[89.64,26.2],[89.65,26.19],[89.63,26.182],[89.653,26.181],[89.649,26.164],[89.637,26.178],[89.607,26.179],[89.613,26.162],[89.601,26.158],[89.597,26.135],[89.606,26.122],[89.63,26.118],[89.594,26.102],[89.617,26.096],[89.624,26.108],[89.639,26.091],[89.633,26.081],[89.649,26.061],[89.592,26.045],[89.579,26.026],[89.587,25.98],[89.569,25.968],[89.54,25.97],[89.538,25.995],[89.548,25.998],[89.516,26.008],[89.491,26.006],[89.48,25.996],[89.427,26.013],[89.429,26.043],[89.407,26.042],[89.391,26.019],[89.393,26.009],[89.357,26.008],[89.306,26.047],[89.279,26.051],[89.283,26.064],[89.254,26.064],[89.267,26.093],[89.22,26.127],[89.192,26.124],[89.155,26.139],[89.149,26.17],[89.136,26.187],[89.149,26.207],[89.139,26.238],[89.12,26.252],[89.125,26.263],[89.1,26.279],[89.108,26.3],[89.121,26.287],[89.132,26.297],[89.136,26.321],[89.113,26.318],[89.099,26.329],[89.098,26.359],[89.088,26.366],[89.092,26.394],[89.038,26.4],[89.006,26.421],[88.983,26.421],[88.983,26.447],[88.946,26.448],[88.945,26.426],[88.928,26.433],[88.931,26.414],[88.917,26.403],[88.92,26.375],[88.91,26.37],[88.948,26.356],[88.96,26.33],[88.961,26.352],[88.985,26.35],[88.985,26.301],[89.015,26.3],[89.045,26.275],[89.046,26.295],[89.059,26.293],[89.063,26.26],[89.046,26.241],[89.021,26.245],[88.957,26.241],[88.926,26.284],[88.876,26.287],[88.861,26.272],[88.861,26.252],[88.878,26.233],[88.838,26.232],[88.829,26.25],[88.814,26.254],[88.811,26.274],[88.819,26.294],[88.794,26.31],[88.76,26.3],[88.71,26.287],[88.679,26.259],[88.667,26.263],[88.668,26.297],[88.683,26.308],[88.747,26.322],[88.744,26.349],[88.713,26.344],[88.705,26.333],[88.698,26.357],[88.682,26.382],[88.687,26.401],[88.651,26.416],[88.65,26.43],[88.626,26.434],[88.623,26.471],[88.596,26.471],[88.595,26.452],[88.562,26.458],[88.557,26.485],[88.526,26.481],[88.521,26.511],[88.49,26.511],[88.485,26.541],[88.459,26.547],[88.456,26.536],[88.432,26.548],[88.409,26.635],[88.387,26.612],[88.399,26.606],[88.376,26.595],[88.37,26.56],[88.358,26.543],[88.349,26.509],[88.335,26.497],[88.355,26.447],[88.361,26.485],[88.389,26.478],[88.406,26.485],[88.42,26.466],[88.457,26.467],[88.485,26.46],[88.479,26.451],[88.496,26.437],[88.495,26.41],[88.524,26.376],[88.519,26.352],[88.488,26.36],[88.488,26.349],[88.459,26.362],[88.459,26.377],[88.444,26.36],[88.434,26.335],[88.414,26.337],[88.398,26.317],[88.371,26.306],[88.35,26.283],[88.35,26.248],[88.359,26.243],[88.348,26.222],[88.32,26.203],[88.292,26.202],[88.276,26.189],[88.242,26.189],[88.216,26.163],[88.199,26.164],[88.177,26.148],[88.178,26.126],[88.159,26.094],[88.186,26.065],[88.176,26.058],[88.178,26.021],[88.14,26.013],[88.114,25.958],[88.122,25.948],[88.111,25.933],[88.095,25.931],[88.086,25.915],[88.09,25.896],[88.103,25.889],[88.094,25.874],[88.109,25.869],[88.114,25.854],[88.102,25.845],[88.107,25.815],[88.12,25.812],[88.114,25.798],[88.138,25.797],[88.152,25.776],[88.173,25.787],[88.184,25.802],[88.21,25.787],[88.216,25.801],[88.232,25.798],[88.236,25.809],[88.27,25.808],[88.267,25.783],[88.317,25.753],[88.321,25.738],[88.338,25.738],[88.375,25.715],[88.372,25.697],[88.405,25.684],[88.402,25.673],[88.454,25.663],[88.455,25.627],[88.445,25.597],[88.457,25.599],[88.468,25.584],[88.5,25.584],[88.493,25.563],[88.5,25.551],[88.539,25.535],[88.54,25.508],[88.553,25.515],[88.597,25.506],[88.603,25.516],[88.622,25.497],[88.641,25.5],[88.646,25.478],[88.7,25.471],[88.71,25.481],[88.708,25.5],[88.742,25.505],[88.74,25.489],[88.769,25.499],[88.759,25.525],[88.776,25.516],[88.811,25.523],[88.814,25.488],[88.83,25.49],[88.838,25.453],[88.824,25.401],[88.837,25.402],[88.838,25.368],[88.869,25.352],[88.882,25.328],[88.906,25.338],[88.916,25.312],[88.928,25.315],[88.939,25.301],[88.96,25.306],[89.002,25.296],[89.009,25.303],[89.006,25.269],[88.987,25.274],[88.951,25.244],[88.961,25.21],[88.934,25.2],[88.948,25.194],[88.943,25.173],[88.933,25.181],[88.923,25.165],[88.913,25.178],[88.889,25.185],[88.876,25.179],[88.865,25.201],[88.85,25.21],[88.832,25.206],[88.813,25.174],[88.799,25.171],[88.759,25.186],[88.752,25.177],[88.735,25.185],[88.733,25.199],[88.712,25.208],[88.68,25.209],[88.672,25.198],[88.643,25.206],[88.612,25.204],[88.58,25.177],[88.556,25.179],[88.56,25.191],[88.5,25.204],[88.475,25.213],[88.463,25.195],[88.443,25.196],[88.443,25.174],[88.46,25.161],[88.459,25.136],[88.442,25.128],[88.453,25.079],[88.435,25.056],[88.452,25.038],[88.434,25.005],[88.422,25.007],[88.393,24.965],[88.402,24.951],[88.382,24.939],[88.359,24.952],[88.34,24.94],[88.324,24.917],[88.333,24.897],[88.347,24.892],[88.331,24.87],[88.321,24.883],[88.301,24.873],[88.297,24.888],[88.276,24.892],[88.258,24.878],[88.264,24.898],[88.26,24.919],[88.225,24.96],[88.17,24.95],[88.158,24.934],[88.138,24.936],[88.14,24.914],[88.169,24.892],[88.164,24.85],[88.145,24.85],[88.132,24.836],[88.136,24.806],[88.124,24.823],[88.105,24.798],[88.106,24.78],[88.089,24.783],[88.066,24.751],[88.073,24.744],[88.063,24.722],[88.009,24.668],[88.039,24.645],[88.069,24.603],[88.089,24.567],[88.141,24.511],[88.174,24.493],[88.204,24.459],[88.263,24.446],[88.285,24.422],[88.328,24.385],[88.345,24.377],[88.389,24.372],[88.43,24.384],[88.446,24.379],[88.508,24.342],[88.527,24.344],[88.555,24.293],[88.568,24.327],[88.587,24.324],[88.603,24.31],[88.624,24.316],[88.628,24.305],[88.659,24.314],[88.697,24.315],[88.725,24.298],[88.741,24.254],[88.734,24.222],[88.732,24.172],[88.746,24.147],[88.708,24.12],[88.697,24.121],[88.7,24.095],[88.734,24.066],[88.742,24.05],[88.726,24.041],[88.757,24.033],[88.737,24.018],[88.729,23.999],[88.761,24.006],[88.769,23.981],[88.744,23.985],[88.732,23.961],[88.743,23.93],[88.735,23.915],[88.707,23.916],[88.703,23.9],[88.688,23.901],[88.683,23.889],[88.664,23.882],[88.668,23.869],[88.621,23.877],[88.608,23.863],[88.587,23.871],[88.576,23.862],[88.592,23.852],[88.588,23.828],[88.602,23.818],[88.592,23.798],[88.571,23.783],[88.58,23.775],[88.577,23.736],[88.565,23.713],[88.575,23.677],[88.558,23.649],[88.562,23.637],[88.594,23.641],[88.594,23.617],[88.58,23.605],[88.618,23.602],[88.646,23.609],[88.638,23.598],[88.668,23.546],[88.686,23.538],[88.696,23.517],[88.724,23.513],[88.744,23.483],[88.77,23.48],[88.772,23.498],[88.801,23.497],[88.787,23.469],[88.794,23.447],[88.765,23.449],[88.749,23.398],[88.766,23.369],[88.748,23.362],[88.733,23.328],[88.75,23.321],[88.727,23.3],[88.696,23.302],[88.711,23.278],[88.724,23.272],[88.719,23.255],[88.752,23.24],[88.767,23.246],[88.779,23.221],[88.806,23.219],[88.811,23.256],[88.854,23.236],[88.884,23.229],[88.912,23.234],[88.914,23.214],[88.942,23.206],[88.976,23.224],[88.991,23.213],[88.976,23.182],[88.959,23.19],[88.928,23.163],[88.923,23.145],[88.892,23.108],[88.868,23.101],[88.866,23.086],[88.875,23.045],[88.884,23.04],[88.873,23.019],[88.877,23.003],[88.865,22.999],[88.871,22.979],[88.857,22.97],[88.859,22.944],[88.893,22.953],[88.891,22.927],[88.906,22.922],[88.898,22.898],[88.909,22.88],[88.95,22.873],[88.969,22.844],[88.958,22.796],[88.936,22.791],[88.911,22.758],[88.928,22.718],[88.956,22.704],[88.962,22.685],[88.927,22.65],[88.935,22.621],[88.96,22.617],[88.939,22.588],[88.942,22.559],[88.96,22.551],[88.981,22.482],[88.996,22.47],[88.989,22.447],[89.0,22.431],[88.972,22.41],[88.994,22.388],[88.982,22.373],[88.989,22.364],[88.984,22.327],[89.0,22.324],[89.024,22.299],[88.996,22.295],[88.996,22.285],[89.02,22.27],[89.017,22.254],[89.034,22.258],[89.037,22.235],[89.072,22.197],[89.064,22.164],[89.074,22.145],[89.091,22.158],[89.095,22.143],[89.06,22.12],[89.038,22.092],[89.043,22.062],[89.073,22.019],[89.08,21.984],[89.07,21.934],[89.035,21.927],[88.996,21.953],[89.012,21.973],[89.012,21.984],[88.988,21.974],[88.984,21.989],[88.954,22.012],[88.936,22.012],[88.934,21.993],[88.918,21.981],[88.915,22.008],[88.902,22.004],[88.908,21.971],[88.904,21.928],[88.887,21.922],[88.842,21.925],[88.824,21.941],[88.806,21.938],[88.799,21.922],[88.813,21.904],[88.84,21.886],[88.82,21.838],[88.831,21.808],[88.821,21.781],[88.833,21.766],[88.864,21.764],[88.841,21.717],[88.843,21.682],[88.862,21.641],[88.846,21.619],[88.804,21.637],[88.82,21.658],[88.819,21.701],[88.803,21.718],[88.771,21.701],[88.781,21.714],[88.781,21.732],[88.756,21.735],[88.778,21.721],[88.757,21.703],[88.769,21.694],[88.81,21.704],[88.808,21.663],[88.792,21.656],[88.77,21.666],[88.75,21.658],[88.711,21.69],[88.694,21.745],[88.712,21.8],[88.696,21.843],[88.713,21.89],[88.723,21.932],[88.725,21.98],[88.751,22.006],[88.714,21.999],[88.694,21.971],[88.696,21.953],[88.679,21.943],[88.657,21.954],[88.638,21.949],[88.628,21.966],[88.637,22.009],[88.624,22.011],[88.574,21.978],[88.571,21.96],[88.544,21.973],[88.544,21.971],[88.548,21.922],[88.569,21.903],[88.541,21.907],[88.547,21.881],[88.538,21.857],[88.526,21.852],[88.492,21.883],[88.475,21.89],[88.488,21.84],[88.473,21.838],[88.449,21.818],[88.449,21.806],[88.43,21.8],[88.426,21.815],[88.42,21.812],[88.418,21.812],[88.379,21.788],[88.375,21.768],[88.355,21.767],[88.34,21.757],[88.344,21.721],[88.329,21.709],[88.308,21.714],[88.309,21.734],[88.3,21.781],[88.287,21.792],[88.282,21.762],[88.262,21.735],[88.276,21.727],[88.282,21.706],[88.304,21.671],[88.288,21.624],[88.284,21.601],[88.31,21.581],[88.294,21.563],[88.253,21.559],[88.238,21.578],[88.246,21.587],[88.218,21.616],[88.237,21.644],[88.228,21.675],[88.206,21.675],[88.199,21.69],[88.219,21.698],[88.212,21.721],[88.215,21.778],[88.2,21.836],[88.198,21.839],[88.196,21.844],[88.167,21.879],[88.164,21.883],[88.173,21.915],[88.167,21.936],[88.151,21.954],[88.155,21.966],[88.193,22.001],[88.211,22.028],[88.224,22.09],[88.205,22.165],[88.186,22.188],[88.16,22.199],[88.117,22.209],[88.073,22.209],[88.089,22.25],[88.061,22.206],[88.024,22.217],[88.0,22.243],[87.986,22.238],[87.968,22.265],[87.956,22.27],[87.948,22.255],[87.992,22.224],[87.998,22.208],[88.017,22.2],[88.032,22.209],[88.05,22.205],[88.067,22.189],[88.103,22.192],[88.137,22.184],[88.19,22.117],[88.183,22.094],[88.154,22.064],[88.086,22.023],[88.052,22.007],[88.036,21.982],[88.012,21.921],[87.968,21.855],[87.936,21.819],[87.911,21.802],[87.883,21.793],[87.884,21.782],[87.861,21.754],[87.785,21.694],[87.747,21.7],[87.745,21.685],[87.713,21.665],[87.674,21.653],[87.632,21.648],[87.552,21.632],[87.485,21.612],[87.408,21.589],[87.372,21.561],[87.358,21.557],[87.266,21.557],[87.206,21.545],[87.169,21.533],[87.113,21.505],[87.074,21.471],[87.05,21.459],[86.983,21.411],[86.954,21.382],[86.912,21.331],[86.893,21.318],[86.882,21.294],[86.856,21.258],[86.829,21.209],[86.856,21.206],[86.842,21.181],[86.842,21.125],[86.848,21.096],[86.867,21.051],[86.894,21.013],[86.918,20.959],[86.981,20.846],[86.967,20.791],[86.95,20.776],[86.944,20.766],[86.992,20.77],[87.006,20.735],[86.997,20.712],[87.0,20.698],[87.053,20.712],[86.998,20.674],[86.876,20.596],[86.775,20.521],[86.759,20.5],[86.746,20.468],[86.735,20.465],[86.729,20.441],[86.734,20.415],[86.725,20.393],[86.739,20.401],[86.747,20.379],[86.777,20.405],[86.779,20.357],[86.781,20.358],[86.798,20.364],[86.779,20.337],[86.722,20.29],[86.68,20.27],[86.674,20.26],[86.602,20.228],[86.547,20.192],[86.52,20.17],[86.491,20.116],[86.437,20.054],[86.413,20.008],[86.413,19.996],[86.378,19.967],[86.382,19.959],[86.411,19.976],[86.388,19.955],[86.31,19.941],[86.224,19.899],[86.144,19.874],[86.058,19.85],[85.948,19.828],[85.8,19.787],[85.678,19.744],[85.637,19.725],[85.499,19.657],[85.431,19.628],[85.381,19.603],[85.323,19.57],[85.279,19.542],[85.173,19.467],[85.114,19.422],[85.098,19.406],[85.08,19.375],[84.983,19.317],[84.93,19.276],[84.85,19.202],[84.811,19.157],[84.794,19.122],[84.766,19.078],[84.76,19.08],[84.72,19.016],[84.672,18.954],[84.604,18.89],[84.587,18.867],[84.575,18.838],[84.557,18.817],[84.551,18.79],[84.512,18.758],[84.47,18.714],[84.443,18.675],[84.44,18.659],[84.369,18.594],[84.356,18.556],[84.276,18.494],[84.231,18.455],[84.151,18.377],[84.127,18.344],[84.129,18.317],[84.071,18.276],[84.002,18.245],[83.936,18.209],[83.88,18.192],[83.861,18.174],[83.805,18.154],[83.73,18.119],[83.663,18.078],[83.569,18.012],[83.544,17.963],[83.52,17.951],[83.521,17.95],[83.525,17.947],[83.469,17.911],[83.443,17.872],[83.421,17.858],[83.411,17.809],[83.387,17.78],[83.352,17.752],[83.343,17.723],[83.296,17.692],[83.295,17.675],[83.239,17.63],[83.216,17.595],[83.149,17.557],[83.113,17.546],[83.018,17.506],[82.975,17.466],[82.817,17.394],[82.726,17.355],[82.68,17.331],[82.542,17.249],[82.473,17.199],[82.422,17.156],[82.319,17.058],[82.288,17.016],[82.269,16.957],[82.272,16.948],[82.241,16.908],[82.25,16.88],[82.266,16.87],[82.301,16.863],[82.314,16.846],[82.338,16.856],[82.362,16.854],[82.359,16.814],[82.339,16.716],[82.333,16.717],[82.345,16.706],[82.317,16.659],[82.32,16.639],[82.307,16.623],[82.284,16.626],[82.299,16.592],[82.29,16.573],[82.263,16.563],[82.293,16.563],[82.292,16.556],[82.245,16.55],[82.231,16.541],[82.141,16.494],[82.086,16.468],[81.998,16.42],[81.949,16.396],[81.891,16.386],[81.859,16.375],[81.717,16.307],[81.711,16.317],[81.691,16.327],[81.627,16.338],[81.553,16.347],[81.487,16.354],[81.428,16.347],[81.357,16.329],[81.314,16.309],[81.257,16.267],[81.238,16.247],[81.214,16.207],[81.196,16.115],[81.187,16.093],[81.15,16.024],[81.143,16.0],[81.148,15.975],[81.109,15.945],[81.061,15.9],[81.005,15.838],[81.019,15.792],[81.008,15.797],[81.008,15.752],[80.937,15.714],[80.926,15.719],[80.851,15.706],[80.831,15.707],[80.81,15.721],[80.817,15.75],[80.78,15.835],[80.789,15.832],[80.801,15.806],[80.815,15.811],[80.807,15.84],[80.782,15.863],[80.727,15.879],[80.687,15.882],[80.64,15.877],[80.575,15.862],[80.497,15.836],[80.41,15.793],[80.346,15.751],[80.306,15.714],[80.282,15.685],[80.241,15.611],[80.234,15.592],[80.225,15.534],[80.203,15.506],[80.21,15.494],[80.201,15.467],[80.142,15.395],[80.11,15.345],[80.106,15.324],[80.086,15.282],[80.081,15.241],[80.09,15.215],[80.084,15.192],[80.065,15.153],[80.047,15.083],[80.053,15.012],[80.064,14.947],[80.084,14.883],[80.089,14.825],[80.095,14.79],[80.115,14.736],[80.142,14.704],[80.166,14.623],[80.193,14.593],[80.195,14.578],[80.18,14.509],[80.172,14.373],[80.165,14.339],[80.147,14.301],[80.139,14.258],[80.129,14.219],[80.126,14.164],[80.136,14.087],[80.15,14.032],[80.181,13.962],[80.198,13.917],[80.221,13.875],[80.254,13.781],[80.24,13.734],[80.234,13.658],[80.243,13.616],[80.269,13.565],[80.301,13.478],[80.325,13.444],[80.329,13.407],[80.347,13.313],[80.345,13.281],[80.332,13.235],[80.313,13.167],[80.299,13.138],[80.304,13.094],[80.287,13.065],[80.268,12.975],[80.259,12.934],[80.249,12.857],[80.248,12.81],[80.255,12.782],[80.201,12.632],[80.182,12.569],[80.169,12.537],[80.157,12.469],[80.113,12.402],[80.067,12.346],[80.026,12.288],[80.009,12.255],[79.885,12.064],[79.874,12.042],[79.857,12.006],[79.841,11.956],[79.823,11.876],[79.807,11.837],[79.805,11.834],[79.796,11.786],[79.788,11.741],[79.773,11.686],[79.761,11.624],[79.757,11.556],[79.777,11.488],[79.803,11.454],[79.813,11.423],[79.832,11.356],[79.843,11.35],[79.835,11.306],[79.848,11.236],[79.856,11.176],[79.858,11.129],[79.854,10.983],[79.851,10.828],[79.853,10.624],[79.867,10.416],[79.865,10.401],[79.88,10.305],[79.858,10.282],[79.782,10.272],[79.786,10.29],[79.749,10.314],[79.749,10.301],[79.778,10.284],[79.766,10.272],[79.709,10.281],[79.594,10.303],[79.53,10.31],[79.544,10.325],[79.513,10.313],[79.499,10.315],[79.388,10.318],[79.36,10.291],[79.329,10.284],[79.298,10.263],[79.267,10.229],[79.279,10.215],[79.265,10.197],[79.247,10.192],[79.239,10.16],[79.226,10.137],[79.233,10.128],[79.226,10.101],[79.25,10.05],[79.266,10.039],[79.244,10.027],[79.198,9.973],[79.153,9.928],[79.147,9.912],[79.119,9.878],[79.117,9.85],[79.107,9.851],[79.109,9.842],[79.083,9.816],[79.059,9.773],[79.041,9.766],[78.994,9.709],[78.975,9.678],[78.96,9.631],[78.935,9.608],[78.925,9.585],[78.915,9.499],[78.898,9.49],[78.9,9.469],[78.924,9.426],[78.944,9.399],[78.986,9.356],[79.037,9.315],[79.071,9.295],[79.158,9.285],[79.21,9.283],[79.22,9.291],[79.271,9.295],[79.291,9.32],[79.313,9.328],[79.335,9.309],[79.315,9.279],[79.335,9.252],[79.429,9.173],[79.424,9.172],[79.335,9.228],[79.291,9.25],[79.257,9.259],[79.222,9.259],[79.209,9.282],[79.143,9.276],[79.09,9.262],[79.062,9.262],[78.983,9.275],[78.927,9.268],[78.896,9.252],[78.875,9.257],[78.733,9.212],[78.715,9.189],[78.691,9.195],[78.65,9.188],[78.642,9.172],[78.656,9.157],[78.602,9.147],[78.579,9.131],[78.531,9.138],[78.454,9.125],[78.415,9.115],[78.385,9.095],[78.346,9.06],[78.272,9.004],[78.215,8.966],[78.189,8.929],[78.166,8.866],[78.168,8.826],[78.159,8.803],[78.16,8.78],[78.19,8.764],[78.196,8.753],[78.17,8.745],[78.155,8.713],[78.136,8.694],[78.129,8.668],[78.127,8.617],[78.137,8.589],[78.124,8.534],[78.13,8.497],[78.096,8.46],[78.063,8.415],[78.057,8.379],[78.064,8.372],[78.026,8.359],[77.972,8.333],[77.953,8.315],[77.899,8.285],[77.889,8.274],[77.849,8.256],[77.803,8.24],[77.785,8.223],[77.782,8.203],[77.746,8.177],[77.696,8.163],[77.648,8.159],[77.589,8.142],[77.559,8.12],[77.551,8.078],[77.445,8.095],[77.352,8.122],[77.316,8.122],[77.299,8.146],[77.275,8.163],[77.235,8.181],[77.225,8.194],[77.185,8.219],[77.149,8.256],[77.096,8.293],[76.971,8.392],[76.961,8.418],[76.896,8.496],[76.756,8.671],[76.712,8.723],[76.673,8.782],[76.641,8.824],[76.595,8.873],[76.565,8.88],[76.542,8.913],[76.515,9.017],[76.499,9.058],[76.463,9.135],[76.352,9.378],[76.33,9.441],[76.313,9.51],[76.3,9.59],[76.282,9.757],[76.277,9.789],[76.26,9.883],[76.23,9.978],[76.202,10.053],[76.186,10.117],[76.165,10.18],[76.136,10.263],[76.116,10.334],[76.102,10.374],[76.069,10.45],[76.031,10.526],[76.04,10.537],[76.027,10.575],[76.01,10.567],[75.956,10.685],[75.911,10.785],[75.876,10.942],[75.848,11.057],[75.826,11.124],[75.801,11.165],[75.756,11.294],[75.714,11.394],[75.684,11.446],[75.645,11.468],[75.634,11.461],[75.617,11.476],[75.617,11.489],[75.561,11.643],[75.536,11.694],[75.53,11.704],[75.509,11.731],[75.498,11.734],[75.473,11.764],[75.453,11.771],[75.436,11.805],[75.426,11.811],[75.381,11.859],[75.368,11.851],[75.334,11.893],[75.25,12.008],[75.229,12.023],[75.201,12.009],[75.184,12.044],[75.159,12.103],[75.097,12.261],[75.059,12.35],[75.039,12.391],[75.032,12.39],[74.974,12.5],[74.916,12.642],[74.865,12.759],[74.869,12.761],[74.846,12.796],[74.824,12.849],[74.812,12.9],[74.795,12.99],[74.776,13.072],[74.732,13.251],[74.719,13.284],[74.716,13.313],[74.697,13.347],[74.697,13.394],[74.682,13.543],[74.664,13.652],[74.651,13.666],[74.619,13.824],[74.609,13.863],[74.595,13.886],[74.582,13.925],[74.567,13.949],[74.549,13.949],[74.514,13.987],[74.502,14.022],[74.501,14.045],[74.486,14.095],[74.483,14.124],[74.465,14.2],[74.454,14.2],[74.413,14.317],[74.401,14.395],[74.384,14.439],[74.355,14.522],[74.31,14.521],[74.315,14.543],[74.293,14.596],[74.273,14.628],[74.285,14.63],[74.277,14.666],[74.283,14.674],[74.249,14.741],[74.226,14.748],[74.227,14.738],[74.193,14.727],[74.185,14.744],[74.163,14.753],[74.142,14.779],[74.125,14.775],[74.094,14.806],[74.125,14.805],[74.125,14.84],[74.096,14.898],[74.087,14.9],[74.086,14.898],[74.085,14.9],[74.045,14.916],[74.05,14.957],[74.033,14.998],[73.998,15.02],[73.98,15.052],[73.968,15.064],[73.923,15.085],[73.923,15.106],[73.942,15.119],[73.936,15.131],[73.951,15.14],[73.928,15.227],[73.902,15.31],[73.879,15.362],[73.87,15.369],[73.842,15.358],[73.808,15.377],[73.806,15.392],[73.792,15.393],[73.784,15.413],[73.786,15.437],[73.79,15.464],[73.768,15.499],[73.749,15.561],[73.742,15.562],[73.732,15.598],[73.735,15.612],[73.715,15.648],[73.689,15.718],[73.71,15.724],[73.726,15.717],[73.739,15.734],[73.696,15.724],[73.696,15.722],[73.677,15.726],[73.664,15.74],[73.654,15.792],[73.623,15.855],[73.614,15.854],[73.587,15.911],[73.535,15.938],[73.51,15.94]],[[87.077,22.726],[87.089,22.739],[87.076,22.726],[87.077,22.726]],[[93.826,27.113],[93.826,27.112],[93.827,27.112],[93.826,27.113]]],[[[71.155,20.76],[71.15,20.759],[71.153,20.762],[71.155,20.76]]],[[[71.255,20.812],[71.255,20.814],[71.257,20.813],[71.255,20.812]]],[[[71.262,20.815],[71.261,20.816],[71.263,20.816],[71.262,20.815]]],[[[71.269,20.819],[71.27,20.821],[71.271,20.819],[71.269,20.819]]],[[[71.305,20.833],[71.303,20.831],[71.302,20.832],[71.305,20.833]]],[[[71.458,20.879],[71.459,20.878],[71.456,20.877],[71.458,20.879]]],[[[71.522,20.905],[71.507,20.903],[71.516,20.913],[71.522,20.905]]],[[[71.548,20.912],[71.546,20.912],[71.547,20.913],[71.548,20.912]]],[[[72.82,21.624],[72.794,21.609],[72.77,21.609],[72.722,21.585],[72.695,21.589],[72.674,21.575],[72.647,21.548],[72.642,21.532],[72.623,21.539],[72.613,21.531],[72.578,21.537],[72.576,21.571],[72.592,21.585],[72.606,21.551],[72.611,21.602],[72.624,21.627],[72.669,21.644],[72.718,21.647],[72.74,21.645],[72.77,21.657],[72.816,21.653],[72.826,21.639],[72.82,21.624]]],[[[72.355,21.592],[72.35,21.608],[72.361,21.596],[72.355,21.592]]],[[[69.333,22.373],[69.323,22.381],[69.335,22.387],[69.333,22.373]]],[[[69.636,22.406],[69.607,22.417],[69.591,22.44],[69.629,22.459],[69.657,22.427],[69.636,22.406]]],[[[69.107,22.459],[69.108,22.438],[69.084,22.422],[69.096,22.441],[69.094,22.461],[69.142,22.476],[69.142,22.463],[69.123,22.468],[69.107,22.459]]],[[[70.04,22.553],[70.054,22.543],[70.048,22.524],[70.035,22.536],[70.04,22.553]]],[[[70.258,23.171],[70.257,23.171],[70.258,23.174],[70.258,23.171]]],[[[70.253,23.177],[70.252,23.175],[70.25,23.177],[70.253,23.177]]],[[[68.527,23.687],[68.547,23.675],[68.524,23.662],[68.527,23.687]]],[[[74.238,14.711],[74.242,14.711],[74.24,14.709],[74.238,14.711]]],[[[74.158,14.739],[74.157,14.737],[74.153,14.742],[74.158,14.739]]],[[[74.12,14.753],[74.111,14.755],[74.109,14.762],[74.12,14.753]]],[[[74.087,14.794],[74.086,14.796],[74.089,14.796],[74.087,14.794]]],[[[74.066,14.82],[74.062,14.82],[74.064,14.821],[74.066,14.82]]],[[[74.057,14.82],[74.061,14.822],[74.061,14.82],[74.057,14.82]]],[[[74.094,14.836],[74.093,14.839],[74.096,14.837],[74.094,14.836]]],[[[74.102,14.844],[74.097,14.843],[74.098,14.846],[74.102,14.844]]],[[[74.106,14.866],[74.108,14.865],[74.106,14.865],[74.106,14.866]]],[[[78.211,8.834],[78.216,8.842],[78.219,8.835],[78.211,8.834]]],[[[78.226,8.866],[78.223,8.873],[78.227,8.871],[78.226,8.866]]],[[[78.273,8.942],[78.27,8.939],[78.271,8.944],[78.273,8.942]]],[[[78.251,8.953],[78.252,8.956],[78.255,8.954],[78.251,8.953]]],[[[78.495,9.091],[78.493,9.086],[78.487,9.089],[78.495,9.091]]],[[[78.538,9.103],[78.535,9.103],[78.54,9.105],[78.538,9.103]]],[[[78.579,9.113],[78.588,9.108],[78.571,9.101],[78.579,9.113]]],[[[79.496,9.125],[79.489,9.119],[79.492,9.124],[79.496,9.125]]],[[[79.489,9.127],[79.487,9.127],[79.488,9.128],[79.489,9.127]]],[[[79.484,9.134],[79.482,9.132],[79.483,9.134],[79.484,9.134]]],[[[79.474,9.136],[79.47,9.139],[79.472,9.14],[79.474,9.136]]],[[[79.468,9.141],[79.465,9.143],[79.467,9.143],[79.468,9.141]]],[[[79.454,9.144],[79.454,9.145],[79.455,9.145],[79.454,9.144]]],[[[79.453,9.15],[79.453,9.146],[79.45,9.148],[79.453,9.15]]],[[[79.445,9.151],[79.445,9.154],[79.446,9.152],[79.445,9.151]]],[[[78.694,9.151],[78.695,9.155],[78.697,9.153],[78.694,9.151]]],[[[78.731,9.156],[78.731,9.152],[78.728,9.153],[78.731,9.156]]],[[[79.445,9.158],[79.448,9.154],[79.447,9.153],[79.445,9.158]]],[[[78.752,9.157],[78.752,9.155],[78.751,9.157],[78.752,9.157]]],[[[78.698,9.158],[78.698,9.159],[78.699,9.158],[78.698,9.158]]],[[[78.818,9.161],[78.819,9.165],[78.823,9.166],[78.818,9.161]]],[[[78.828,9.174],[78.827,9.166],[78.824,9.167],[78.828,9.174]]],[[[78.912,9.18],[78.898,9.179],[78.906,9.185],[78.912,9.18]]],[[[78.969,9.186],[78.967,9.184],[78.967,9.187],[78.969,9.186]]],[[[79.067,9.21],[79.091,9.197],[79.066,9.201],[79.067,9.21]]],[[[79.141,9.213],[79.139,9.213],[79.14,9.214],[79.141,9.213]]],[[[79.134,9.216],[79.129,9.214],[79.125,9.217],[79.134,9.216]]],[[[79.179,9.249],[79.209,9.249],[79.199,9.23],[79.18,9.237],[79.179,9.249]]],[[[79.233,9.244],[79.238,9.241],[79.236,9.24],[79.233,9.244]]],[[[82.35,16.977],[82.36,16.957],[82.366,16.911],[82.362,16.854],[82.363,16.921],[82.356,16.954],[82.328,16.989],[82.35,16.977]]],[[[86.78,20.361],[86.785,20.363],[86.781,20.358],[86.78,20.361]]],[[[86.804,20.398],[86.807,20.372],[86.798,20.365],[86.796,20.395],[86.804,20.398]]],[[[86.791,20.382],[86.79,20.386],[86.793,20.383],[86.791,20.382]]],[[[86.801,20.47],[86.807,20.442],[86.791,20.402],[86.792,20.428],[86.799,20.439],[86.801,20.47]]],[[[87.011,20.711],[87.008,20.71],[87.012,20.717],[87.011,20.711]]],[[[87.002,20.712],[87.007,20.719],[87.006,20.715],[87.002,20.712]]],[[[87.058,20.731],[87.056,20.73],[87.057,20.732],[87.058,20.731]]],[[[87.076,20.734],[87.072,20.732],[87.077,20.74],[87.076,20.734]]],[[[87.072,20.743],[87.07,20.739],[87.072,20.749],[87.072,20.743]]],[[[87.058,20.745],[87.05,20.743],[87.052,20.745],[87.058,20.745]]],[[[87.1,20.749],[87.099,20.75],[87.102,20.751],[87.1,20.749]]],[[[87.086,20.765],[87.094,20.753],[87.074,20.753],[87.086,20.765]]],[[[86.982,20.778],[86.979,20.78],[86.982,20.785],[86.982,20.778]]],[[[87.074,20.79],[87.074,20.788],[87.069,20.793],[87.074,20.79]]],[[[86.989,20.804],[86.99,20.802],[86.987,20.802],[86.989,20.804]]],[[[88.017,21.563],[88.016,21.547],[88.01,21.553],[88.017,21.563]]],[[[88.17,21.585],[88.186,21.583],[88.197,21.541],[88.176,21.55],[88.17,21.585]]],[[[88.487,21.58],[88.498,21.601],[88.537,21.576],[88.532,21.565],[88.548,21.537],[88.521,21.528],[88.485,21.553],[88.487,21.58]]],[[[88.856,21.537],[88.83,21.553],[88.826,21.572],[88.832,21.608],[88.869,21.597],[88.897,21.575],[88.906,21.548],[88.881,21.534],[88.856,21.537]]],[[[87.413,21.569],[87.425,21.583],[87.414,21.56],[87.413,21.569]]],[[[88.947,21.595],[88.945,21.6],[88.947,21.601],[88.947,21.595]]],[[[89.14,21.596],[89.149,21.601],[89.15,21.597],[89.14,21.596]]],[[[88.718,21.644],[88.687,21.679],[88.693,21.72],[88.708,21.681],[88.752,21.648],[88.769,21.656],[88.777,21.643],[88.776,21.62],[88.797,21.597],[88.795,21.582],[88.776,21.57],[88.742,21.562],[88.715,21.572],[88.707,21.59],[88.717,21.623],[88.718,21.644]]],[[[88.35,21.647],[88.34,21.619],[88.318,21.605],[88.306,21.615],[88.316,21.672],[88.307,21.706],[88.329,21.702],[88.352,21.675],[88.344,21.662],[88.35,21.647]]],[[[88.402,21.721],[88.369,21.728],[88.402,21.737],[88.422,21.718],[88.428,21.701],[88.413,21.693],[88.412,21.653],[88.432,21.619],[88.415,21.614],[88.397,21.59],[88.385,21.611],[88.393,21.621],[88.381,21.662],[88.382,21.683],[88.4,21.699],[88.402,21.721]]],[[[88.642,21.679],[88.632,21.649],[88.631,21.674],[88.642,21.679]]],[[[88.197,21.692],[88.195,21.679],[88.206,21.675],[88.225,21.666],[88.226,21.639],[88.203,21.614],[88.183,21.674],[88.182,21.7],[88.204,21.726],[88.209,21.705],[88.197,21.692]]],[[[88.046,21.698],[88.043,21.693],[88.044,21.699],[88.046,21.698]]],[[[88.042,21.703],[88.043,21.708],[88.045,21.702],[88.042,21.703]]],[[[88.052,21.705],[88.054,21.711],[88.056,21.71],[88.052,21.705]]],[[[88.42,21.69],[88.433,21.702],[88.427,21.718],[88.401,21.743],[88.384,21.779],[88.42,21.812],[88.428,21.801],[88.43,21.8],[88.455,21.789],[88.471,21.791],[88.458,21.767],[88.453,21.719],[88.472,21.675],[88.447,21.609],[88.435,21.604],[88.441,21.623],[88.42,21.653],[88.42,21.69]]],[[[88.574,21.723],[88.588,21.713],[88.592,21.696],[88.609,21.681],[88.591,21.659],[88.609,21.62],[88.597,21.613],[88.567,21.635],[88.537,21.645],[88.526,21.664],[88.528,21.692],[88.506,21.758],[88.516,21.787],[88.543,21.812],[88.574,21.786],[88.56,21.771],[88.574,21.742],[88.574,21.723]]],[[[88.369,21.728],[88.364,21.725],[88.395,21.714],[88.363,21.686],[88.338,21.713],[88.349,21.723],[88.348,21.76],[88.378,21.766],[88.39,21.759],[88.383,21.738],[88.369,21.728]]],[[[88.63,21.751],[88.628,21.729],[88.611,21.705],[88.598,21.713],[88.62,21.728],[88.619,21.739],[88.619,21.743],[88.587,21.757],[88.593,21.783],[88.619,21.783],[88.63,21.751]]],[[[88.28,21.735],[88.289,21.779],[88.298,21.767],[88.305,21.732],[88.289,21.715],[88.28,21.735]]],[[[88.171,21.74],[88.141,21.675],[88.145,21.639],[88.124,21.626],[88.057,21.639],[88.042,21.654],[88.041,21.676],[88.05,21.694],[88.05,21.7],[88.053,21.702],[88.057,21.71],[88.055,21.721],[88.076,21.752],[88.077,21.777],[88.102,21.833],[88.121,21.863],[88.137,21.87],[88.171,21.809],[88.166,21.796],[88.171,21.74]]],[[[88.569,21.77],[88.582,21.776],[88.587,21.757],[88.588,21.753],[88.619,21.739],[88.593,21.721],[88.581,21.726],[88.585,21.748],[88.569,21.77]]],[[[89.068,21.617],[89.02,21.64],[89.035,21.626],[89.024,21.603],[88.998,21.603],[88.995,21.622],[88.98,21.615],[88.954,21.627],[88.939,21.646],[88.953,21.681],[88.949,21.702],[88.921,21.722],[88.931,21.75],[88.916,21.759],[88.922,21.742],[88.915,21.716],[88.935,21.703],[88.94,21.689],[88.923,21.632],[88.884,21.661],[88.871,21.695],[88.872,21.719],[88.88,21.746],[88.877,21.767],[88.858,21.781],[88.835,21.783],[88.842,21.816],[88.837,21.843],[88.854,21.866],[88.85,21.896],[88.825,21.914],[88.822,21.93],[88.849,21.913],[88.888,21.916],[88.912,21.931],[88.937,21.915],[88.984,21.895],[89.031,21.864],[89.028,21.831],[89.012,21.794],[89.019,21.766],[89.056,21.733],[89.072,21.699],[89.067,21.692],[89.094,21.664],[89.094,21.641],[89.068,21.617]]],[[[88.193,21.78],[88.198,21.765],[88.193,21.758],[88.193,21.78]]],[[[88.181,21.784],[88.179,21.799],[88.185,21.791],[88.181,21.784]]],[[[88.488,21.834],[88.499,21.811],[88.485,21.799],[88.465,21.8],[88.453,21.814],[88.475,21.834],[88.488,21.834]]],[[[88.198,21.839],[88.202,21.818],[88.192,21.831],[88.198,21.839]]],[[[88.19,21.83],[88.167,21.87],[88.195,21.839],[88.19,21.83]]],[[[88.574,21.88],[88.574,21.856],[88.559,21.83],[88.56,21.847],[88.559,21.852],[88.555,21.877],[88.574,21.88]]],[[[88.586,21.802],[88.577,21.818],[88.58,21.835],[88.617,21.896],[88.639,21.922],[88.67,21.914],[88.653,21.872],[88.644,21.788],[88.586,21.802]]],[[[88.552,21.87],[88.559,21.852],[88.554,21.817],[88.536,21.834],[88.551,21.88],[88.543,21.904],[88.564,21.897],[88.574,21.881],[88.555,21.879],[88.552,21.87]]],[[[88.169,21.869],[88.167,21.879],[88.174,21.869],[88.169,21.869]]],[[[88.116,21.923],[88.132,21.93],[88.145,21.917],[88.127,21.9],[88.116,21.923]]],[[[88.6,21.937],[88.609,21.927],[88.602,21.905],[88.583,21.891],[88.563,21.915],[88.552,21.92],[88.544,21.971],[88.568,21.958],[88.589,21.953],[88.6,21.937]]],[[[88.984,21.985],[88.984,21.976],[88.988,21.974],[88.992,21.972],[89.01,21.977],[88.989,21.955],[89.019,21.921],[89.012,21.903],[88.995,21.906],[88.963,21.925],[88.946,21.929],[88.929,21.945],[88.926,21.967],[88.944,21.986],[88.944,22.001],[88.984,21.985]]],[[[88.6,21.962],[88.615,21.938],[88.589,21.953],[88.577,21.96],[88.576,21.978],[88.595,21.988],[88.6,21.962]]],[[[92.544,10.594],[92.565,10.588],[92.569,10.577],[92.545,10.55],[92.531,10.516],[92.513,10.511],[92.48,10.518],[92.458,10.54],[92.42,10.548],[92.403,10.531],[92.381,10.539],[92.4,10.576],[92.41,10.584],[92.418,10.622],[92.396,10.667],[92.381,10.67],[92.383,10.721],[92.372,10.774],[92.382,10.795],[92.396,10.781],[92.42,10.801],[92.426,10.818],[92.46,10.854],[92.453,10.864],[92.48,10.873],[92.497,10.897],[92.516,10.901],[92.543,10.884],[92.562,10.862],[92.564,10.816],[92.587,10.79],[92.584,10.741],[92.599,10.706],[92.597,10.678],[92.577,10.673],[92.578,10.653],[92.554,10.64],[92.544,10.623],[92.544,10.594]]],[[[92.621,10.925],[92.623,10.926],[92.624,10.922],[92.621,10.925]]],[[[92.609,10.939],[92.622,10.928],[92.61,10.927],[92.609,10.939]]],[[[92.606,10.941],[92.605,10.939],[92.601,10.941],[92.606,10.941]]],[[[92.599,10.941],[92.596,10.944],[92.597,10.945],[92.599,10.941]]],[[[92.601,10.952],[92.601,10.951],[92.6,10.951],[92.601,10.952]]],[[[92.226,10.984],[92.217,10.972],[92.208,10.98],[92.226,10.984]]],[[[92.668,10.985],[92.658,10.983],[92.66,10.992],[92.668,10.985]]],[[[92.676,11.19],[92.677,11.177],[92.672,11.187],[92.676,11.19]]],[[[92.704,11.262],[92.692,11.28],[92.705,11.29],[92.704,11.262]]],[[[92.563,11.395],[92.557,11.39],[92.555,11.397],[92.563,11.395]]],[[[92.55,11.399],[92.545,11.39],[92.542,11.398],[92.55,11.399]]],[[[92.598,11.345],[92.58,11.367],[92.591,11.379],[92.587,11.401],[92.622,11.404],[92.623,11.44],[92.609,11.458],[92.621,11.501],[92.635,11.517],[92.644,11.5],[92.674,11.491],[92.671,11.478],[92.683,11.443],[92.671,11.415],[92.644,11.407],[92.676,11.398],[92.692,11.386],[92.689,11.369],[92.649,11.357],[92.638,11.346],[92.598,11.345]]],[[[92.615,11.511],[92.61,11.502],[92.604,11.505],[92.615,11.511]]],[[[92.643,11.514],[92.644,11.515],[92.644,11.513],[92.643,11.514]]],[[[92.259,11.514],[92.255,11.514],[92.255,11.515],[92.259,11.514]]],[[[92.24,11.517],[92.239,11.517],[92.24,11.518],[92.24,11.517]]],[[[92.272,11.517],[92.267,11.517],[92.27,11.52],[92.272,11.517]]],[[[92.568,11.529],[92.561,11.516],[92.55,11.536],[92.568,11.529]]],[[[92.597,11.529],[92.605,11.533],[92.607,11.52],[92.597,11.529]]],[[[92.588,11.53],[92.587,11.53],[92.587,11.531],[92.588,11.53]]],[[[92.592,11.53],[92.59,11.531],[92.593,11.532],[92.592,11.53]]],[[[92.585,11.541],[92.582,11.535],[92.583,11.542],[92.585,11.541]]],[[[92.601,11.553],[92.619,11.557],[92.609,11.531],[92.601,11.553]]],[[[92.628,11.548],[92.628,11.543],[92.626,11.544],[92.628,11.548]]],[[[92.211,11.529],[92.204,11.548],[92.211,11.572],[92.203,11.587],[92.261,11.591],[92.273,11.535],[92.259,11.517],[92.251,11.524],[92.211,11.529]]],[[[92.543,11.554],[92.541,11.554],[92.541,11.555],[92.543,11.554]]],[[[92.591,11.578],[92.595,11.533],[92.583,11.549],[92.591,11.578]]],[[[92.54,11.558],[92.544,11.558],[92.541,11.555],[92.539,11.554],[92.54,11.558]]],[[[92.631,11.558],[92.632,11.557],[92.631,11.556],[92.631,11.558]]],[[[92.605,11.561],[92.607,11.563],[92.609,11.557],[92.605,11.561]]],[[[92.572,11.563],[92.577,11.57],[92.575,11.563],[92.572,11.563]]],[[[92.567,11.57],[92.565,11.567],[92.564,11.57],[92.567,11.57]]],[[[92.53,11.57],[92.529,11.569],[92.529,11.571],[92.53,11.57]]],[[[92.268,11.572],[92.269,11.573],[92.269,11.572],[92.268,11.572]]],[[[92.617,11.582],[92.614,11.563],[92.601,11.586],[92.617,11.582]]],[[[92.569,11.58],[92.569,11.579],[92.568,11.579],[92.568,11.58],[92.569,11.58]]],[[[92.197,11.582],[92.196,11.581],[92.196,11.583],[92.197,11.582]]],[[[92.548,11.593],[92.57,11.593],[92.554,11.558],[92.534,11.568],[92.528,11.589],[92.536,11.608],[92.548,11.593]]],[[[92.198,11.587],[92.197,11.584],[92.197,11.587],[92.198,11.587]]],[[[92.579,11.583],[92.576,11.583],[92.577,11.588],[92.579,11.583]]],[[[92.594,11.589],[92.592,11.59],[92.594,11.59],[92.594,11.589]]],[[[92.265,11.59],[92.266,11.589],[92.264,11.589],[92.265,11.59]]],[[[92.2,11.591],[92.202,11.589],[92.199,11.589],[92.2,11.591]]],[[[92.222,11.594],[92.222,11.593],[92.22,11.593],[92.222,11.594]]],[[[92.553,11.595],[92.552,11.594],[92.551,11.595],[92.553,11.595]]],[[[92.686,11.634],[92.686,11.64],[92.689,11.635],[92.686,11.634]]],[[[92.7,11.663],[92.7,11.659],[92.693,11.661],[92.7,11.663]]],[[[92.751,12.003],[92.766,12.012],[92.77,11.998],[92.727,11.996],[92.724,11.967],[92.714,11.952],[92.722,11.933],[92.725,11.862],[92.711,11.815],[92.73,11.857],[92.73,11.899],[92.743,11.931],[92.763,11.941],[92.785,11.935],[92.78,11.896],[92.783,11.851],[92.77,11.803],[92.764,11.751],[92.754,11.7],[92.745,11.692],[92.707,11.703],[92.7,11.677],[92.683,11.651],[92.665,11.655],[92.674,11.624],[92.691,11.627],[92.694,11.653],[92.728,11.66],[92.716,11.665],[92.721,11.683],[92.749,11.674],[92.755,11.646],[92.747,11.644],[92.754,11.614],[92.741,11.592],[92.739,11.568],[92.723,11.532],[92.727,11.517],[92.711,11.488],[92.684,11.511],[92.667,11.502],[92.645,11.523],[92.645,11.573],[92.632,11.581],[92.62,11.561],[92.617,11.582],[92.617,11.586],[92.604,11.593],[92.608,11.621],[92.641,11.621],[92.643,11.639],[92.629,11.65],[92.63,11.628],[92.607,11.635],[92.591,11.672],[92.599,11.69],[92.587,11.717],[92.575,11.716],[92.564,11.691],[92.55,11.72],[92.55,11.802],[92.53,11.794],[92.543,11.829],[92.536,11.84],[92.523,11.807],[92.511,11.811],[92.508,11.856],[92.518,11.891],[92.531,11.9],[92.535,11.919],[92.569,11.951],[92.581,11.931],[92.584,11.893],[92.601,11.898],[92.599,11.866],[92.609,11.912],[92.593,11.918],[92.608,11.93],[92.611,11.988],[92.625,12.059],[92.619,12.063],[92.624,12.107],[92.645,12.179],[92.665,12.222],[92.653,12.182],[92.687,12.233],[92.698,12.239],[92.709,12.211],[92.702,12.165],[92.736,12.182],[92.757,12.176],[92.757,12.163],[92.734,12.103],[92.736,12.07],[92.726,12.059],[92.73,12.039],[92.731,12.039],[92.749,12.019],[92.751,12.003]],[[92.735,11.571],[92.738,11.591],[92.726,11.604],[92.715,11.584],[92.721,11.569],[92.735,11.571]]],[[[92.604,11.93],[92.602,11.935],[92.605,11.935],[92.604,11.93]]],[[[92.603,11.976],[92.602,11.937],[92.594,11.926],[92.587,11.977],[92.603,11.976]]],[[[92.607,11.966],[92.606,11.96],[92.605,11.967],[92.607,11.966]]],[[[92.58,11.978],[92.583,11.982],[92.584,11.977],[92.58,11.978]]],[[[92.698,12.244],[92.695,12.247],[92.697,12.25],[92.698,12.244]]],[[[92.681,12.557],[92.688,12.55],[92.677,12.506],[92.662,12.533],[92.681,12.557]]],[[[92.702,12.636],[92.699,12.637],[92.7,12.638],[92.702,12.636]]],[[[92.699,12.639],[92.7,12.64],[92.701,12.641],[92.702,12.638],[92.699,12.639]]],[[[92.703,12.641],[92.701,12.642],[92.703,12.644],[92.703,12.641]]],[[[92.656,12.774],[92.655,12.771],[92.653,12.771],[92.656,12.774]]],[[[92.679,12.947],[92.67,12.966],[92.693,12.992],[92.719,12.982],[92.714,12.943],[92.721,12.946],[92.722,12.906],[92.714,12.863],[92.692,12.835],[92.668,12.783],[92.665,12.808],[92.65,12.846],[92.651,12.867],[92.663,12.881],[92.668,12.918],[92.679,12.947]]],[[[92.676,12.949],[92.673,12.948],[92.673,12.95],[92.676,12.949]]],[[[92.672,12.95],[92.67,12.948],[92.67,12.95],[92.672,12.95]]],[[[92.67,12.952],[92.67,12.95],[92.669,12.95],[92.67,12.952]]],[[[92.669,12.953],[92.667,12.953],[92.669,12.956],[92.669,12.953]]],[[[92.694,13.091],[92.719,13.099],[92.698,13.073],[92.694,13.091]]],[[[92.83,9.172],[92.826,9.137],[92.785,9.119],[92.766,9.129],[92.727,9.125],[92.714,9.154],[92.717,9.209],[92.722,9.221],[92.768,9.221],[92.775,9.258],[92.818,9.212],[92.83,9.172]]],[[[92.73,11.15],[92.729,11.142],[92.721,11.143],[92.73,11.15]]],[[[92.697,11.309],[92.722,11.317],[92.708,11.299],[92.697,11.309]]],[[[92.765,11.682],[92.76,11.669],[92.758,11.678],[92.765,11.682]]],[[[92.725,11.688],[92.724,11.686],[92.721,11.688],[92.725,11.688]]],[[[92.725,11.942],[92.726,11.957],[92.732,11.96],[92.725,11.942]]],[[[92.725,11.954],[92.722,11.952],[92.723,11.955],[92.725,11.954]]],[[[92.744,11.945],[92.735,11.953],[92.748,11.969],[92.764,11.968],[92.77,11.952],[92.744,11.945]]],[[[92.742,11.965],[92.742,11.967],[92.744,11.967],[92.742,11.965]]],[[[92.75,11.977],[92.742,11.988],[92.757,11.993],[92.75,11.977]]],[[[92.776,12.016],[92.77,12.013],[92.771,12.019],[92.776,12.016]]],[[[92.762,12.019],[92.731,12.039],[92.737,12.054],[92.782,12.049],[92.778,12.026],[92.762,12.019]]],[[[92.737,12.069],[92.757,12.064],[92.744,12.057],[92.737,12.069]]],[[[92.8,12.09],[92.799,12.089],[92.799,12.09],[92.8,12.09]]],[[[92.74,12.111],[92.739,12.111],[92.74,12.113],[92.74,12.111]]],[[[92.756,12.149],[92.758,12.146],[92.755,12.145],[92.756,12.149]]],[[[92.759,12.171],[92.76,12.172],[92.76,12.17],[92.759,12.171]]],[[[92.757,12.181],[92.761,12.18],[92.758,12.174],[92.757,12.181]]],[[[92.865,12.183],[92.866,12.182],[92.865,12.182],[92.865,12.183]]],[[[92.724,12.186],[92.729,12.189],[92.73,12.185],[92.724,12.186]]],[[[92.845,12.188],[92.855,12.19],[92.855,12.164],[92.835,12.167],[92.805,12.131],[92.818,12.114],[92.809,12.103],[92.786,12.102],[92.801,12.093],[92.763,12.063],[92.742,12.076],[92.738,12.099],[92.758,12.145],[92.758,12.146],[92.769,12.202],[92.77,12.232],[92.75,12.232],[92.741,12.245],[92.749,12.274],[92.763,12.263],[92.764,12.265],[92.782,12.286],[92.771,12.313],[92.791,12.304],[92.794,12.306],[92.81,12.313],[92.829,12.3],[92.855,12.305],[92.873,12.292],[92.877,12.285],[92.882,12.274],[92.891,12.267],[92.858,12.249],[92.861,12.237],[92.87,12.228],[92.871,12.226],[92.88,12.193],[92.845,12.201],[92.845,12.188]]],[[[92.763,12.182],[92.732,12.185],[92.729,12.193],[92.722,12.188],[92.721,12.233],[92.729,12.243],[92.73,12.214],[92.746,12.23],[92.762,12.229],[92.763,12.182]]],[[[92.87,12.228],[92.871,12.229],[92.872,12.228],[92.87,12.228]]],[[[92.87,12.245],[92.88,12.238],[92.882,12.239],[92.884,12.239],[92.896,12.263],[92.914,12.231],[92.891,12.231],[92.877,12.21],[92.87,12.245]]],[[[92.882,12.242],[92.882,12.239],[92.881,12.24],[92.882,12.242]]],[[[92.866,12.237],[92.862,12.248],[92.869,12.249],[92.866,12.237]]],[[[92.881,12.249],[92.88,12.246],[92.878,12.249],[92.881,12.249]]],[[[92.724,12.256],[92.723,12.254],[92.721,12.256],[92.724,12.256]]],[[[92.717,12.259],[92.717,12.256],[92.716,12.258],[92.717,12.259]]],[[[92.722,12.296],[92.71,12.23],[92.699,12.275],[92.704,12.3],[92.722,12.296]]],[[[92.742,12.255],[92.734,12.25],[92.739,12.282],[92.749,12.288],[92.742,12.255]]],[[[92.888,12.281],[92.89,12.272],[92.884,12.274],[92.888,12.281]]],[[[92.764,12.265],[92.752,12.278],[92.76,12.293],[92.764,12.265]]],[[[92.885,12.28],[92.877,12.285],[92.885,12.29],[92.885,12.28]]],[[[92.736,12.282],[92.734,12.287],[92.736,12.293],[92.736,12.282]]],[[[92.768,12.289],[92.766,12.29],[92.771,12.294],[92.768,12.289]]],[[[92.891,12.293],[92.887,12.294],[92.892,12.297],[92.891,12.293]]],[[[92.884,12.296],[92.876,12.294],[92.879,12.3],[92.884,12.296]]],[[[92.765,12.299],[92.765,12.298],[92.763,12.297],[92.765,12.299]]],[[[92.861,12.324],[92.885,12.332],[92.9,12.324],[92.877,12.313],[92.861,12.324]]],[[[92.904,12.341],[92.906,12.34],[92.904,12.338],[92.904,12.341]]],[[[92.867,12.377],[92.844,12.395],[92.846,12.406],[92.894,12.407],[92.885,12.382],[92.867,12.377]]],[[[92.897,12.392],[92.895,12.396],[92.897,12.397],[92.897,12.392]]],[[[92.881,12.411],[92.877,12.409],[92.876,12.41],[92.881,12.411]]],[[[92.897,12.408],[92.899,12.412],[92.899,12.408],[92.897,12.408]]],[[[92.869,12.415],[92.859,12.418],[92.867,12.421],[92.869,12.415]]],[[[92.829,12.426],[92.856,12.413],[92.838,12.415],[92.829,12.426]]],[[[92.903,12.421],[92.898,12.422],[92.901,12.426],[92.903,12.421]]],[[[92.957,12.64],[92.955,12.604],[92.975,12.543],[92.966,12.514],[92.969,12.497],[92.956,12.487],[92.948,12.499],[92.929,12.477],[92.933,12.466],[92.958,12.473],[92.936,12.447],[92.922,12.442],[92.915,12.407],[92.909,12.42],[92.891,12.437],[92.875,12.414],[92.865,12.426],[92.83,12.428],[92.829,12.426],[92.828,12.424],[92.838,12.397],[92.862,12.361],[92.89,12.35],[92.897,12.333],[92.88,12.344],[92.871,12.33],[92.855,12.333],[92.86,12.319],[92.831,12.303],[92.81,12.316],[92.794,12.306],[92.771,12.319],[92.753,12.296],[92.72,12.3],[92.7,12.327],[92.7,12.361],[92.695,12.429],[92.705,12.452],[92.699,12.47],[92.704,12.499],[92.693,12.509],[92.699,12.542],[92.708,12.556],[92.701,12.6],[92.684,12.604],[92.71,12.617],[92.719,12.644],[92.72,12.618],[92.735,12.639],[92.732,12.653],[92.751,12.671],[92.773,12.67],[92.779,12.63],[92.783,12.647],[92.781,12.679],[92.787,12.704],[92.784,12.714],[92.782,12.719],[92.782,12.721],[92.776,12.719],[92.783,12.692],[92.77,12.674],[92.732,12.673],[92.728,12.698],[92.739,12.706],[92.74,12.733],[92.738,12.734],[92.73,12.744],[92.72,12.789],[92.728,12.799],[92.72,12.798],[92.722,12.825],[92.753,12.848],[92.762,12.841],[92.767,12.848],[92.781,12.824],[92.783,12.862],[92.794,12.863],[92.791,12.89],[92.821,12.896],[92.83,12.885],[92.831,12.885],[92.847,12.869],[92.873,12.881],[92.895,12.898],[92.897,12.927],[92.916,12.911],[92.906,12.889],[92.928,12.883],[92.929,12.859],[92.938,12.858],[92.944,12.826],[92.954,12.806],[92.933,12.782],[92.939,12.769],[92.939,12.768],[92.968,12.739],[92.965,12.677],[92.957,12.64]]],[[[92.781,12.656],[92.782,12.648],[92.779,12.649],[92.781,12.656]]],[[[92.724,12.653],[92.725,12.656],[92.727,12.655],[92.724,12.653]]],[[[92.782,12.688],[92.775,12.674],[92.775,12.676],[92.782,12.688]]],[[[92.713,12.689],[92.714,12.69],[92.715,12.689],[92.713,12.689]]],[[[92.729,12.703],[92.73,12.706],[92.732,12.703],[92.729,12.703]]],[[[92.784,12.714],[92.781,12.712],[92.777,12.718],[92.784,12.714]]],[[[92.782,12.719],[92.781,12.718],[92.781,12.719],[92.782,12.719]]],[[[92.726,12.736],[92.727,12.727],[92.722,12.736],[92.726,12.736]]],[[[92.738,12.734],[92.738,12.733],[92.737,12.733],[92.738,12.734]]],[[[92.725,12.753],[92.726,12.754],[92.726,12.752],[92.725,12.753]]],[[[92.712,12.819],[92.712,12.775],[92.722,12.76],[92.717,12.72],[92.708,12.772],[92.694,12.8],[92.712,12.819]]],[[[92.724,12.762],[92.718,12.774],[92.717,12.774],[92.716,12.775],[92.718,12.775],[92.719,12.784],[92.724,12.762]]],[[[92.715,12.775],[92.715,12.777],[92.717,12.777],[92.715,12.775]]],[[[92.719,12.791],[92.716,12.795],[92.719,12.794],[92.719,12.791]]],[[[92.722,12.796],[92.72,12.795],[92.72,12.796],[92.722,12.796]]],[[[92.715,12.801],[92.716,12.799],[92.715,12.799],[92.715,12.801]]],[[[92.715,12.802],[92.716,12.805],[92.716,12.802],[92.715,12.802]]],[[[92.724,12.835],[92.727,12.837],[92.724,12.832],[92.724,12.835]]],[[[92.721,12.866],[92.729,12.862],[92.718,12.836],[92.707,12.837],[92.721,12.866]]],[[[92.781,12.84],[92.77,12.864],[92.78,12.862],[92.781,12.84]]],[[[92.765,12.848],[92.757,12.846],[92.758,12.858],[92.765,12.848]]],[[[92.729,12.855],[92.728,12.856],[92.731,12.857],[92.729,12.855]]],[[[92.763,12.856],[92.761,12.87],[92.764,12.868],[92.763,12.856]]],[[[92.76,12.878],[92.756,12.876],[92.757,12.879],[92.76,12.878]]],[[[92.831,12.885],[92.831,12.886],[92.832,12.886],[92.831,12.885]]],[[[92.788,12.883],[92.781,12.892],[92.788,12.893],[92.788,12.883]]],[[[92.891,12.9],[92.893,12.899],[92.891,12.898],[92.891,12.9]]],[[[92.754,12.914],[92.757,12.908],[92.754,12.89],[92.754,12.914]]],[[[92.88,12.904],[92.879,12.902],[92.879,12.906],[92.88,12.904]]],[[[92.792,12.914],[92.798,12.895],[92.782,12.896],[92.774,12.912],[92.792,12.914]]],[[[92.877,12.91],[92.879,12.912],[92.88,12.907],[92.877,12.91]]],[[[92.862,12.914],[92.864,12.914],[92.864,12.913],[92.862,12.914]]],[[[92.765,12.926],[92.764,12.918],[92.761,12.922],[92.765,12.926]]],[[[92.86,12.934],[92.888,12.929],[92.872,12.916],[92.86,12.934]]],[[[92.771,12.933],[92.775,12.928],[92.772,12.918],[92.771,12.933]]],[[[92.766,12.929],[92.761,12.926],[92.759,12.935],[92.766,12.929]]],[[[92.89,12.932],[92.889,12.933],[92.892,12.932],[92.89,12.932]]],[[[92.89,12.939],[92.893,12.937],[92.889,12.933],[92.888,12.933],[92.89,12.939]]],[[[92.903,12.939],[92.9,12.94],[92.9,12.942],[92.903,12.939]]],[[[92.882,12.967],[92.883,12.966],[92.882,12.965],[92.882,12.967]]],[[[92.786,13.055],[92.785,13.055],[92.786,13.056],[92.786,13.055]]],[[[92.728,13.093],[92.732,13.095],[92.728,13.09],[92.728,13.093]]],[[[92.841,13.144],[92.841,13.143],[92.84,13.143],[92.841,13.144]]],[[[92.808,13.148],[92.809,13.15],[92.809,13.148],[92.808,13.148]]],[[[92.804,13.152],[92.803,13.153],[92.804,13.154],[92.804,13.152]]],[[[92.792,13.171],[92.796,13.171],[92.793,13.168],[92.792,13.171]]],[[[92.826,13.208],[92.823,13.207],[92.823,13.208],[92.826,13.208]]],[[[92.819,13.286],[92.816,13.282],[92.813,13.287],[92.819,13.286]]],[[[92.829,13.369],[92.83,13.368],[92.829,13.368],[92.829,13.369]]],[[[92.818,13.404],[92.806,13.402],[92.811,13.432],[92.818,13.404]]],[[[92.863,13.422],[92.861,13.421],[92.862,13.423],[92.863,13.422]]],[[[92.846,13.431],[92.821,13.421],[92.824,13.44],[92.842,13.45],[92.846,13.431]]],[[[92.865,13.464],[92.867,13.463],[92.863,13.461],[92.865,13.464]]],[[[92.873,13.514],[92.873,13.502],[92.865,13.503],[92.873,13.514]]],[[[92.906,13.522],[92.907,13.52],[92.905,13.52],[92.906,13.522]]],[[[92.874,13.537],[92.874,13.541],[92.878,13.539],[92.874,13.537]]],[[[92.892,13.603],[92.905,13.598],[92.89,13.576],[92.88,13.578],[92.892,13.603]]],[[[93.085,8.341],[93.118,8.356],[93.132,8.349],[93.118,8.277],[93.149,8.242],[93.186,8.225],[93.196,8.214],[93.192,8.197],[93.153,8.202],[93.127,8.216],[93.106,8.228],[93.076,8.273],[93.073,8.295],[93.085,8.341]]],[[[93.05,8.442],[93.049,8.442],[93.049,8.443],[93.05,8.443],[93.05,8.442]]],[[[93.031,8.471],[93.048,8.46],[93.048,8.441],[93.025,8.452],[93.031,8.471]]],[[[93.076,11.783],[93.082,11.79],[93.086,11.785],[93.076,11.783]]],[[[93.014,11.829],[93.012,11.852],[93.03,11.842],[93.054,11.846],[93.072,11.836],[93.059,11.814],[93.044,11.81],[93.014,11.829]]],[[[92.971,11.948],[92.958,11.981],[92.935,11.983],[92.923,11.998],[92.946,12.01],[92.96,12.033],[93.004,12.034],[93.017,12.02],[93.009,11.999],[93.038,11.95],[93.054,11.897],[93.045,11.884],[93.024,11.888],[93.015,11.911],[92.991,11.944],[93.002,11.947],[92.996,11.947],[92.971,11.948]]],[[[92.99,12.038],[92.99,12.037],[92.989,12.037],[92.99,12.038]]],[[[92.968,12.066],[92.971,12.063],[92.968,12.063],[92.968,12.066]]],[[[92.965,12.067],[92.963,12.065],[92.962,12.066],[92.965,12.067]]],[[[93.009,12.067],[93.011,12.069],[93.013,12.067],[93.009,12.067]]],[[[93.008,12.07],[93.009,12.071],[93.01,12.07],[93.008,12.07]]],[[[93.008,12.072],[93.006,12.069],[93.005,12.072],[93.008,12.072]]],[[[92.998,12.072],[93.001,12.051],[92.99,12.044],[92.97,12.067],[92.957,12.07],[92.96,12.097],[92.99,12.11],[92.991,12.11],[93.004,12.104],[92.998,12.072]]],[[[93.082,12.078],[93.082,12.079],[93.083,12.078],[93.082,12.078]]],[[[92.958,12.091],[92.957,12.09],[92.956,12.091],[92.958,12.091]]],[[[92.957,12.097],[92.948,12.085],[92.948,12.11],[92.957,12.097]]],[[[93.028,12.168],[93.024,12.141],[93.032,12.105],[93.033,12.105],[93.034,12.105],[93.034,12.103],[93.055,12.061],[93.04,12.042],[93.028,12.065],[93.004,12.078],[93.007,12.103],[93.005,12.108],[93.003,12.112],[92.996,12.134],[93.028,12.168]]],[[[92.999,12.109],[93.005,12.108],[93.005,12.106],[92.999,12.109]]],[[[92.977,12.112],[92.978,12.109],[92.976,12.112],[92.977,12.112]]],[[[92.991,12.11],[92.992,12.112],[92.993,12.111],[92.991,12.11]]],[[[92.962,12.118],[92.962,12.114],[92.959,12.119],[92.962,12.118]]],[[[92.956,12.123],[92.957,12.127],[92.958,12.126],[92.956,12.123]]],[[[93.003,12.112],[92.964,12.119],[92.954,12.146],[92.988,12.147],[93.003,12.112]]],[[[92.957,12.131],[92.957,12.13],[92.955,12.131],[92.957,12.131]]],[[[93.124,12.153],[93.112,12.13],[93.109,12.145],[93.124,12.153]]],[[[93.097,12.093],[93.082,12.079],[93.079,12.077],[93.078,12.077],[93.077,12.077],[93.057,12.097],[93.035,12.132],[93.042,12.161],[93.065,12.211],[93.078,12.209],[93.092,12.183],[93.086,12.156],[93.096,12.152],[93.102,12.129],[93.097,12.093]]],[[[93.005,12.148],[93.004,12.15],[93.006,12.15],[93.005,12.148]]],[[[92.986,12.156],[92.984,12.154],[92.984,12.156],[92.986,12.156]]],[[[93.012,12.156],[93.014,12.156],[93.013,12.154],[93.012,12.156]]],[[[93.012,12.158],[93.013,12.159],[93.013,12.158],[93.012,12.158]]],[[[93.015,12.164],[93.015,12.165],[93.016,12.165],[93.015,12.164]]],[[[92.926,12.222],[92.941,12.216],[92.931,12.203],[92.926,12.222]]],[[[93.02,12.223],[93.019,12.223],[93.02,12.225],[93.02,12.223]]],[[[93.106,12.262],[93.102,12.201],[93.063,12.228],[93.073,12.262],[93.087,12.257],[93.085,12.238],[93.106,12.262]]],[[[92.91,12.249],[92.912,12.249],[92.911,12.247],[92.91,12.249]]],[[[92.907,12.251],[92.908,12.249],[92.906,12.249],[92.907,12.251]]],[[[92.912,12.251],[92.912,12.25],[92.911,12.25],[92.912,12.251]]],[[[92.908,12.253],[92.908,12.251],[92.907,12.251],[92.906,12.253],[92.908,12.253]]],[[[92.906,12.253],[92.906,12.254],[92.909,12.255],[92.906,12.253]]],[[[92.918,12.255],[92.919,12.255],[92.919,12.254],[92.918,12.254],[92.918,12.255]]],[[[92.92,12.256],[92.919,12.255],[92.919,12.256],[92.92,12.256]]],[[[92.918,12.257],[92.919,12.256],[92.918,12.256],[92.918,12.257]]],[[[92.908,12.258],[92.909,12.257],[92.907,12.256],[92.908,12.258]]],[[[92.916,12.262],[92.917,12.261],[92.916,12.261],[92.916,12.262]]],[[[92.913,12.26],[92.913,12.263],[92.914,12.261],[92.913,12.26]]],[[[92.916,12.263],[92.914,12.263],[92.915,12.264],[92.916,12.263]]],[[[92.9,12.272],[92.902,12.292],[92.929,12.283],[92.929,12.307],[92.943,12.279],[92.918,12.238],[92.922,12.259],[92.92,12.269],[92.9,12.272]]],[[[93.029,12.279],[93.024,12.273],[93.02,12.275],[93.029,12.279]]],[[[93.071,12.32],[93.072,12.315],[93.061,12.315],[93.071,12.32]]],[[[92.919,12.351],[92.907,12.342],[92.913,12.356],[92.919,12.351]]],[[[92.916,12.363],[92.932,12.419],[92.947,12.416],[92.953,12.435],[92.961,12.423],[92.944,12.4],[92.943,12.382],[92.93,12.357],[92.916,12.363]]],[[[92.968,12.741],[92.968,12.742],[92.969,12.741],[92.968,12.741]]],[[[92.96,12.756],[92.961,12.755],[92.96,12.755],[92.96,12.756]]],[[[92.959,12.756],[92.958,12.758],[92.96,12.757],[92.959,12.756]]],[[[92.933,12.911],[92.929,12.917],[92.938,12.918],[92.933,12.911]]],[[[92.978,12.93],[92.97,12.941],[92.95,12.94],[92.97,12.953],[92.954,12.957],[92.961,12.969],[92.951,12.98],[92.963,12.99],[92.972,12.97],[92.993,12.992],[92.981,12.963],[92.978,12.93]]],[[[92.989,13.001],[92.988,12.998],[92.985,12.999],[92.989,13.001]]],[[[92.946,12.999],[92.92,13.0],[92.913,13.017],[92.921,13.032],[92.939,13.026],[92.946,12.999]]],[[[92.946,13.024],[92.948,13.025],[92.949,13.019],[92.946,13.024]]],[[[92.93,13.051],[92.931,13.054],[92.933,13.052],[92.93,13.051]]],[[[92.919,13.054],[92.912,13.058],[92.913,13.067],[92.919,13.054]]],[[[92.913,13.068],[92.914,13.069],[92.914,13.067],[92.913,13.068]]],[[[92.911,13.076],[92.912,13.074],[92.909,13.075],[92.911,13.076]]],[[[93.056,13.226],[93.058,13.227],[93.06,13.22],[93.056,13.226]]],[[[93.059,13.227],[93.061,13.228],[93.06,13.225],[93.059,13.227]]],[[[92.843,13.131],[92.842,13.147],[92.808,13.154],[92.81,13.163],[92.811,13.168],[92.811,13.169],[92.835,13.175],[92.817,13.182],[92.829,13.21],[92.832,13.215],[92.822,13.217],[92.83,13.243],[92.844,13.238],[92.851,13.262],[92.814,13.268],[92.823,13.289],[92.838,13.288],[92.84,13.305],[92.824,13.304],[92.834,13.375],[92.859,13.385],[92.837,13.392],[92.843,13.411],[92.871,13.414],[92.88,13.429],[92.871,13.445],[92.87,13.454],[92.869,13.474],[92.899,13.479],[92.905,13.498],[92.925,13.499],[92.922,13.467],[92.933,13.48],[92.922,13.509],[92.93,13.524],[92.914,13.521],[92.92,13.539],[92.941,13.538],[92.963,13.55],[92.98,13.527],[92.987,13.527],[92.987,13.537],[92.979,13.55],[92.989,13.575],[93.011,13.549],[93.014,13.572],[93.028,13.578],[93.044,13.531],[93.043,13.504],[93.03,13.461],[93.047,13.405],[93.062,13.42],[93.059,13.398],[93.036,13.375],[93.035,13.374],[93.035,13.375],[93.034,13.375],[93.032,13.345],[92.999,13.35],[92.984,13.328],[92.97,13.359],[92.955,13.344],[92.957,13.327],[92.997,13.315],[92.983,13.3],[92.985,13.3],[92.985,13.298],[92.983,13.299],[92.983,13.298],[92.998,13.287],[93.002,13.304],[93.021,13.295],[93.021,13.294],[93.014,13.286],[93.009,13.281],[93.034,13.278],[93.047,13.261],[93.049,13.262],[93.048,13.264],[93.05,13.263],[93.066,13.273],[93.056,13.255],[93.056,13.232],[93.042,13.222],[93.045,13.21],[93.032,13.179],[93.036,13.138],[93.03,13.127],[93.035,13.09],[93.03,13.067],[93.003,13.028],[92.966,13.029],[92.971,13.011],[92.935,13.038],[92.939,13.057],[92.924,13.054],[92.911,13.078],[92.908,13.077],[92.909,13.075],[92.912,13.058],[92.912,13.057],[92.922,13.043],[92.906,13.015],[92.92,12.987],[92.933,12.991],[92.938,12.967],[92.908,12.949],[92.906,12.984],[92.895,12.995],[92.873,12.964],[92.876,12.945],[92.856,12.935],[92.858,12.907],[92.87,12.91],[92.873,12.884],[92.841,12.877],[92.838,12.893],[92.824,12.897],[92.802,12.899],[92.792,12.931],[92.792,12.98],[92.818,12.986],[92.806,12.994],[92.82,13.006],[92.831,12.999],[92.831,13.0],[92.831,13.001],[92.833,13.002],[92.823,13.013],[92.805,13.006],[92.789,13.018],[92.795,13.075],[92.796,13.081],[92.805,13.075],[92.806,13.101],[92.819,13.103],[92.809,13.128],[92.843,13.131]]],[[[93.033,13.279],[93.031,13.28],[93.033,13.281],[93.033,13.279]]],[[[93.017,13.285],[93.015,13.283],[93.014,13.286],[93.017,13.285]]],[[[93.047,13.296],[93.05,13.294],[93.045,13.294],[93.047,13.296]]],[[[93.002,13.304],[92.994,13.299],[93.008,13.321],[93.006,13.306],[93.002,13.304]]],[[[93.022,13.302],[93.014,13.308],[93.017,13.329],[93.022,13.302]]],[[[93.0,13.316],[92.994,13.319],[93.006,13.322],[93.0,13.316]]],[[[92.97,13.339],[92.966,13.333],[92.964,13.336],[92.97,13.339]]],[[[93.007,13.337],[93.009,13.337],[93.007,13.335],[93.007,13.337]]],[[[93.012,13.337],[93.015,13.339],[93.014,13.337],[93.012,13.337]]],[[[93.02,13.343],[93.017,13.337],[93.016,13.343],[93.02,13.343]]],[[[93.039,13.344],[93.036,13.34],[93.035,13.343],[93.039,13.344]]],[[[93.057,13.33],[93.038,13.322],[93.047,13.367],[93.057,13.381],[93.064,13.361],[93.09,13.334],[93.075,13.329],[93.064,13.304],[93.057,13.33]]],[[[93.036,13.362],[93.036,13.361],[93.035,13.361],[93.036,13.362]]],[[[93.076,13.367],[93.076,13.362],[93.072,13.366],[93.076,13.367]]],[[[93.037,13.365],[93.04,13.368],[93.038,13.363],[93.037,13.365]]],[[[93.082,13.37],[93.081,13.367],[93.079,13.368],[93.082,13.37]]],[[[93.037,13.374],[93.045,13.375],[93.047,13.369],[93.037,13.374]]],[[[93.078,13.377],[93.08,13.377],[93.08,13.376],[93.078,13.377]]],[[[93.06,13.383],[93.059,13.386],[93.067,13.386],[93.06,13.383]]],[[[93.09,13.407],[93.086,13.416],[93.096,13.423],[93.09,13.407]]],[[[93.071,13.413],[93.066,13.423],[93.07,13.431],[93.071,13.413]]],[[[93.087,13.433],[93.088,13.432],[93.087,13.431],[93.087,13.433]]],[[[93.094,13.437],[93.104,13.436],[93.104,13.429],[93.094,13.437]]],[[[93.076,13.432],[93.076,13.434],[93.078,13.434],[93.076,13.432]]],[[[92.906,13.529],[92.904,13.537],[92.912,13.537],[92.906,13.529]]],[[[92.983,13.538],[92.986,13.535],[92.984,13.53],[92.983,13.538]]],[[[92.914,13.544],[92.916,13.542],[92.914,13.541],[92.914,13.544]]],[[[93.053,13.559],[93.051,13.565],[93.057,13.567],[93.053,13.559]]],[[[93.0,13.573],[93.002,13.571],[93.0,13.569],[93.0,13.573]]],[[[93.033,13.631],[93.017,13.624],[93.015,13.63],[93.014,13.631],[93.015,13.632],[93.013,13.643],[92.975,13.643],[92.98,13.667],[93.02,13.676],[93.033,13.631]]],[[[93.014,13.633],[93.013,13.633],[93.013,13.635],[93.014,13.633]]],[[[93.048,13.62],[93.041,13.638],[93.055,13.655],[93.048,13.62]]],[[[93.034,13.642],[93.035,13.644],[93.035,13.642],[93.034,13.642]]],[[[93.035,13.647],[93.035,13.645],[93.034,13.646],[93.035,13.647]]],[[[93.11,13.657],[93.111,13.658],[93.111,13.657],[93.11,13.657]]],[[[93.949,6.935],[93.95,6.936],[93.951,6.935],[93.949,6.935]]],[[[93.94,6.959],[93.914,6.944],[93.905,6.93],[93.91,6.912],[93.895,6.905],[93.896,6.873],[93.889,6.846],[93.905,6.835],[93.892,6.803],[93.875,6.794],[93.867,6.809],[93.847,6.811],[93.842,6.778],[93.831,6.755],[93.799,6.766],[93.808,6.779],[93.803,6.806],[93.781,6.826],[93.775,6.852],[93.763,6.862],[93.767,6.889],[93.75,6.912],[93.733,6.919],[93.742,6.931],[93.738,6.963],[93.73,6.958],[93.715,6.99],[93.698,6.99],[93.693,7.01],[93.671,7.016],[93.657,7.042],[93.659,7.084],[93.645,7.094],[93.664,7.114],[93.645,7.114],[93.643,7.13],[93.663,7.139],[93.661,7.178],[93.681,7.195],[93.722,7.189],[93.743,7.213],[93.79,7.211],[93.796,7.235],[93.835,7.24],[93.84,7.216],[93.857,7.218],[93.87,7.205],[93.876,7.132],[93.883,7.128],[93.881,7.091],[93.899,7.08],[93.913,7.046],[93.944,6.995],[93.932,6.989],[93.923,7.01],[93.91,6.993],[93.94,6.959]]],[[[93.7,7.231],[93.71,7.214],[93.703,7.208],[93.7,7.231]]],[[[93.787,7.243],[93.798,7.249],[93.799,7.246],[93.787,7.243]]],[[[93.838,7.29],[93.834,7.287],[93.833,7.29],[93.838,7.29]]],[[[93.618,7.331],[93.623,7.328],[93.618,7.326],[93.618,7.331]]],[[[93.607,7.312],[93.623,7.322],[93.623,7.328],[93.624,7.334],[93.62,7.375],[93.638,7.371],[93.648,7.384],[93.658,7.375],[93.687,7.397],[93.701,7.447],[93.709,7.407],[93.744,7.377],[93.743,7.361],[93.73,7.347],[93.712,7.31],[93.695,7.305],[93.667,7.285],[93.659,7.26],[93.636,7.243],[93.616,7.269],[93.622,7.287],[93.607,7.312]]],[[[93.756,7.406],[93.756,7.396],[93.75,7.399],[93.756,7.406]]],[[[93.684,7.401],[93.67,7.405],[93.68,7.412],[93.684,7.401]]],[[[93.634,7.479],[93.641,7.471],[93.632,7.473],[93.634,7.479]]],[[[93.623,7.482],[93.622,7.478],[93.619,7.483],[93.623,7.482]]],[[[93.534,7.525],[93.526,7.515],[93.52,7.528],[93.534,7.525]]],[[[93.386,7.89],[93.387,7.892],[93.388,7.891],[93.386,7.89]]],[[[93.387,7.899],[93.391,7.896],[93.389,7.891],[93.387,7.899]]],[[[93.394,7.902],[93.392,7.899],[93.39,7.902],[93.394,7.902]]],[[[93.4,7.902],[93.395,7.899],[93.395,7.902],[93.4,7.902]]],[[[93.327,7.931],[93.323,7.93],[93.323,7.932],[93.327,7.931]]],[[[93.338,7.937],[93.335,7.938],[93.339,7.943],[93.338,7.937]]],[[[93.389,7.902],[93.387,7.9],[93.387,7.899],[93.386,7.89],[93.385,7.887],[93.368,7.878],[93.342,7.893],[93.327,7.924],[93.336,7.925],[93.343,7.943],[93.338,7.945],[93.308,7.934],[93.301,7.961],[93.313,7.974],[93.323,8.011],[93.346,8.009],[93.369,8.024],[93.401,8.008],[93.392,7.993],[93.405,7.961],[93.42,7.969],[93.452,7.939],[93.466,7.89],[93.454,7.872],[93.444,7.875],[93.442,7.877],[93.432,7.899],[93.416,7.906],[93.39,7.902],[93.389,7.902]]],[[[93.498,7.984],[93.521,8.007],[93.519,8.025],[93.542,7.996],[93.535,8.029],[93.553,8.025],[93.573,7.994],[93.569,7.93],[93.498,7.984]]],[[[93.478,8.011],[93.479,8.009],[93.477,8.01],[93.478,8.011]]],[[[93.476,8.013],[93.475,8.014],[93.476,8.014],[93.476,8.013]]],[[[93.474,8.035],[93.474,8.036],[93.475,8.036],[93.474,8.035]]],[[[93.494,8.049],[93.495,8.048],[93.494,8.047],[93.494,8.049]]],[[[93.563,8.068],[93.573,8.075],[93.553,8.12],[93.572,8.127],[93.58,8.11],[93.583,8.066],[93.591,8.051],[93.582,8.039],[93.563,8.068]]],[[[93.498,8.036],[93.492,7.999],[93.476,8.019],[93.477,8.047],[93.497,8.042],[93.522,8.07],[93.514,8.076],[93.504,8.085],[93.48,8.051],[93.472,8.084],[93.454,8.111],[93.445,8.158],[93.446,8.181],[93.466,8.185],[93.479,8.197],[93.482,8.221],[93.511,8.235],[93.535,8.229],[93.537,8.205],[93.524,8.177],[93.502,8.171],[93.493,8.147],[93.515,8.123],[93.523,8.098],[93.537,8.091],[93.543,8.068],[93.535,8.049],[93.522,8.05],[93.514,8.033],[93.498,8.036]]],[[[93.227,8.225],[93.227,8.224],[93.226,8.224],[93.227,8.225]]],[[[93.23,8.225],[93.214,8.239],[93.211,8.258],[93.229,8.265],[93.24,8.242],[93.23,8.225]]],[[[93.635,8.395],[93.643,8.395],[93.646,8.391],[93.635,8.395]]],[[[93.623,8.399],[93.624,8.399],[93.624,8.398],[93.623,8.398],[93.623,8.399]]],[[[93.607,8.433],[93.607,8.432],[93.606,8.432],[93.607,8.433]]],[[[93.625,8.47],[93.625,8.471],[93.626,8.471],[93.625,8.47]]],[[[93.609,8.543],[93.612,8.537],[93.613,8.533],[93.614,8.531],[93.614,8.53],[93.621,8.508],[93.624,8.471],[93.614,8.462],[93.615,8.503],[93.615,8.504],[93.614,8.505],[93.614,8.506],[93.615,8.506],[93.616,8.507],[93.611,8.526],[93.611,8.527],[93.611,8.529],[93.6,8.545],[93.601,8.55],[93.603,8.563],[93.604,8.566],[93.609,8.543]]],[[[93.601,8.563],[93.6,8.563],[93.6,8.564],[93.601,8.563]]],[[[93.598,8.58],[93.596,8.583],[93.599,8.583],[93.598,8.58]]],[[[93.864,12.272],[93.845,12.269],[93.834,12.278],[93.85,12.302],[93.869,12.285],[93.864,12.272]]],[[[94.24,13.441],[94.252,13.466],[94.262,13.466],[94.265,13.443],[94.252,13.433],[94.24,13.441]]]]}}