state,name,ingres_uuid,ingres_state_uuid,source,dist_lgd,method,score,relation,lgd_name
MADHYA PRADESH,SHEOPUR,e4b41149-81aa-4e9e-938f-d1b6cca4167f,f38e6de8-396e-47b4-af18-32c333eddccc,ingres_2024-2025,431.0,exact,1.0,one,Sheopur
MADHYA PRADESH,BARWANI,4343b911-a1c5-4614-a352-b7b4c16b5a91,f38e6de8-396e-47b4-af18-32c333eddccc,ingres_2024-2025,393.0,exact,1.0,one,Barwani
MADHYA PRADESH,SATNA,0e4a6206-ce38-4eb8-ae01-4df08e80e5f0,f38e6de8-396e-47b4-af18-32c333eddccc,ingres_2024-2025,426.0,exact,1.0,one,Satna
MADHYA PRADESH,UJJAIN,d055cd96-98c0-4683-86d2-209a2799c118,f38e6de8-396e-47b4-af18-32c333eddccc,ingres_2024-2025,435.0,exact,1.0,one,Ujjain
MADHYA PRADESH,NEEMUCH,124cae0f-6e66-4cb8-ba02-b9ef99d7e6a7,f38e6de8-396e-47b4-af18-32c333eddccc,ingres_2024-2025,419.0,exact,1.0,one,Neemuch
MADHYA PRADESH,RAJGARH,1ebd9022-db03-4825-8916-a51a4bc08524,f38e6de8-396e-47b4-af18-32c333eddccc,ingres_2024-2025,422.0,exact,1.0,one,Rajgarh
MADHYA PRADESH,DHAR,9b697d41-35cc-4004-9081-41551082b174,f38e6de8-396e-47b4-af18-32c333eddccc,ingres_2024-2025,403.0,exact,1.0,one,Dhar
MADHYA PRADESH,GUNA,b07ab66b-11e8-4d12-8521-a32104ceb195,f38e6de8-396e-47b4-af18-32c333eddccc,ingres_2024-2025,406.0,exact,1.0,one,Guna
MADHYA PRADESH,PANDHURNA,14fe46e3-4655-448a-ac43-416fff4c9b68,f38e6de8-396e-47b4-af18-32c333eddccc,ingres_2024-2025,399.0,not_on_map,,child_of,Chhindwara
MADHYA PRADESH,BURHANPUR,da387a13-be8a-4810-bddf-688f3c49dc7f,f38e6de8-396e-47b4-af18-32c333eddccc,ingres_2024-2025,397.0,exact,1.0,one,Burhanpur
MADHYA PRADESH,DEWAS,4cc8dbe8-a631-4217-8fed-a20472a4223d,f38e6de8-396e-47b4-af18-32c333eddccc,ingres_2024-2025,402.0,exact,1.0,one,Dewas
MADHYA PRADESH,SIDHI,76c5f378-adb1-4e77-924e-7fb5123b7ebe,f38e6de8-396e-47b4-af18-32c333eddccc,ingres_2024-2025,433.0,exact,1.0,one,Sidhi
MADHYA PRADESH,BETUL,3f809da8-bad3-430a-ab3c-820964b2ce70,f38e6de8-396e-47b4-af18-32c333eddccc,ingres_2024-2025,394.0,exact,1.0,one,Betul
MADHYA PRADESH,ALIRAJPUR,1a9d3a80-c6b7-4b30-9bfb-daa80ceb31cc,f38e6de8-396e-47b4-af18-32c333eddccc,ingres_2024-2025,639.0,exact,1.0,one,Alirajpur
MADHYA PRADESH,AGAR MALWA,6200386e-6421-4496-96f6-3b70745ef6fe,f38e6de8-396e-47b4-af18-32c333eddccc,ingres_2024-2025,667.0,exact,1.0,one,Agar Malwa
MADHYA PRADESH,GWALIOR,f02764ea-42ad-4d2d-8356-dcc17c879efa,f38e6de8-396e-47b4-af18-32c333eddccc,ingres_2024-2025,407.0,exact,1.0,one,Gwalior
MADHYA PRADESH,SHIVPURI,9a492c55-0aea-4003-8072-0bef413cb13a,f38e6de8-396e-47b4-af18-32c333eddccc,ingres_2024-2025,432.0,exact,1.0,one,Shivpuri
MADHYA PRADESH,SINGRAULI,2a6a57f5-32d8-4387-b90d-219f5ddd9381,f38e6de8-396e-47b4-af18-32c333eddccc,ingres_2024-2025,638.0,exact,1.0,one,Singrauli
MADHYA PRADESH,TIKAMGARH,26815a83-db6f-4921-9f99-9565c7a4e095,f38e6de8-396e-47b4-af18-32c333eddccc,ingres_2024-2025,434.0,exact,1.0,one,Tikamgarh
MADHYA PRADESH,UMARIA,1c91d362-6d41-47dc-93e9-e94656d30e9e,f38e6de8-396e-47b4-af18-32c333eddccc,ingres_2024-2025,436.0,exact,1.0,one,Umaria
MADHYA PRADESH,VIDISHA,2a69268c-9dde-410a-bb8b-ee15e7175766,f38e6de8-396e-47b4-af18-32c333eddccc,ingres_2024-2025,437.0,exact,1.0,one,Vidisha
MADHYA PRADESH,NIWARI,be237eff-7a32-4495-9678-563b74f9ee79,f38e6de8-396e-47b4-af18-32c333eddccc,ingres_2024-2025,722.0,exact,1.0,one,Niwari
MADHYA PRADESH,MAIHAR,5898ed9e-c6a6-48d5-8deb-6cb2c480b2c0,f38e6de8-396e-47b4-af18-32c333eddccc,ingres_2024-2025,426.0,not_on_map,,child_of,Satna
MADHYA PRADESH,MAUGANJ,0173a365-f363-47c2-9a55-b6e5aa38930e,f38e6de8-396e-47b4-af18-32c333eddccc,ingres_2024-2025,424.0,not_on_map,,child_of,Rewa
MADHYA PRADESH,DINDORI,acb01c41-5469-4a61-a4ca-a7c9991f8564,f38e6de8-396e-47b4-af18-32c333eddccc,ingres_2024-2025,404.0,exact,1.0,one,Dindori
MADHYA PRADESH,HARDA,d1124d4b-0137-4608-a899-8140c69030cf,f38e6de8-396e-47b4-af18-32c333eddccc,ingres_2024-2025,408.0,exact,1.0,one,Harda
MADHYA PRADESH,HOSHANGABAD,58e94fc8-3e5c-40ea-8ea3-be5a6c0e4757,f38e6de8-396e-47b4-af18-32c333eddccc,ingres_2024-2025,409.0,alias,,one,Narmadapuram
MADHYA PRADESH,SEHORE,ffc5de82-5e7a-498e-8f84-90faf5edccd9,f38e6de8-396e-47b4-af18-32c333eddccc,ingres_2024-2025,427.0,exact,1.0,one,Sehore
MADHYA PRADESH,SEONI,3eb9cd90-0e22-4d11-ba8e-6b79a4d65c95,f38e6de8-396e-47b4-af18-32c333eddccc,ingres_2024-2025,428.0,exact,1.0,one,Seoni
MADHYA PRADESH,SHAHDOL,b4c6a47a-7375-4400-b597-f85c8e79eb14,f38e6de8-396e-47b4-af18-32c333eddccc,ingres_2024-2025,429.0,exact,1.0,one,Shahdol
MADHYA PRADESH,SHAJAPUR,6500b151-0513-4945-a4dc-779345ff667e,f38e6de8-396e-47b4-af18-32c333eddccc,ingres_2024-2025,430.0,exact,1.0,one,Shajapur
MADHYA PRADESH,ANUPPUR,973db8af-af2b-4921-b071-dd2c2bddaecf,f38e6de8-396e-47b4-af18-32c333eddccc,ingres_2024-2025,390.0,exact,1.0,one,Anuppur
MADHYA PRADESH,ASHOKNAGAR,9ba3473e-dd30-43ae-bd73-060526b2bdbb,f38e6de8-396e-47b4-af18-32c333eddccc,ingres_2024-2025,391.0,exact,1.0,one,Ashoknagar
MADHYA PRADESH,BALAGHAT,7a6d10fc-ed5f-4196-8335-43e294126df6,f38e6de8-396e-47b4-af18-32c333eddccc,ingres_2024-2025,392.0,exact,1.0,one,Balaghat
MADHYA PRADESH,BHIND,e81028d6-8a1e-4bc4-b18e-1d2d8c0ec146,f38e6de8-396e-47b4-af18-32c333eddccc,ingres_2024-2025,395.0,exact,1.0,one,Bhind
MADHYA PRADESH,BHOPAL,0f913787-1edc-4710-a62e-83db36a21983,f38e6de8-396e-47b4-af18-32c333eddccc,ingres_2024-2025,396.0,exact,1.0,one,Bhopal
MADHYA PRADESH,CHHATARPUR,93e8e962-cb83-4126-9240-63b2eef9c5a1,f38e6de8-396e-47b4-af18-32c333eddccc,ingres_2024-2025,398.0,exact,1.0,one,Chhatarpur
MADHYA PRADESH,CHHINDWARA,dcf4df36-b127-4d24-846c-3055aac1d13c,f38e6de8-396e-47b4-af18-32c333eddccc,ingres_2024-2025,399.0,exact,1.0,one,Chhindwara
MADHYA PRADESH,DAMOH,9d9cb33c-ce22-4578-bce0-7b1c5dde5ea9,f38e6de8-396e-47b4-af18-32c333eddccc,ingres_2024-2025,400.0,exact,1.0,one,Damoh
MADHYA PRADESH,DATIA,8f500621-d619-42ce-b1bd-f2ec76a524b1,f38e6de8-396e-47b4-af18-32c333eddccc,ingres_2024-2025,401.0,exact,1.0,one,Datia
MADHYA PRADESH,INDORE,c0fbf2ad-416b-4a60-a6e2-5d128b351d24,f38e6de8-396e-47b4-af18-32c333eddccc,ingres_2024-2025,410.0,exact,1.0,one,Indore
MADHYA PRADESH,JABALPUR,243fdd1a-1027-4932-a122-2c0f7f1d1a14,f38e6de8-396e-47b4-af18-32c333eddccc,ingres_2024-2025,411.0,exact,1.0,one,Jabalpur
MADHYA PRADESH,JHABUA,c99c8fb1-412c-416c-90fe-e3d2e4388c87,f38e6de8-396e-47b4-af18-32c333eddccc,ingres_2024-2025,412.0,exact,1.0,one,Jhabua
MADHYA PRADESH,KATNI,4aa2e757-aa24-4645-a2a8-6f5b51309619,f38e6de8-396e-47b4-af18-32c333eddccc,ingres_2024-2025,413.0,exact,1.0,one,Katni
MADHYA PRADESH,KHANDWA,311446b2-de8c-4bf3-b663-cb4579ed7f24,f38e6de8-396e-47b4-af18-32c333eddccc,ingres_2024-2025,405.0,alias,,one,East Nimar
MADHYA PRADESH,KHARGONE,ddc395fc-3d5c-4134-9a9f-52545aef5e85,f38e6de8-396e-47b4-af18-32c333eddccc,ingres_2024-2025,414.0,exact,1.0,one,Khargone
MADHYA PRADESH,MANDLA,0c99b1fc-5e07-4f80-b41c-07cf367b4dc3,f38e6de8-396e-47b4-af18-32c333eddccc,ingres_2024-2025,415.0,exact,1.0,one,Mandla
MADHYA PRADESH,MANDSAUR,ed74728c-06f3-467d-9464-39688212a09b,f38e6de8-396e-47b4-af18-32c333eddccc,ingres_2024-2025,416.0,exact,1.0,one,Mandsaur
MADHYA PRADESH,MORENA,16f7d73a-867b-4b1e-a3ae-461291f1764c,f38e6de8-396e-47b4-af18-32c333eddccc,ingres_2024-2025,417.0,exact,1.0,one,Morena
MADHYA PRADESH,NARSINGHPUR,9ddd30fa-9da0-480a-8346-5cc448195aec,f38e6de8-396e-47b4-af18-32c333eddccc,ingres_2024-2025,418.0,exact,1.0,one,Narsinghpur
MADHYA PRADESH,PANNA,8738a535-424f-4e5c-b3d5-ef55f88d55c8,f38e6de8-396e-47b4-af18-32c333eddccc,ingres_2024-2025,420.0,exact,1.0,one,Panna
MADHYA PRADESH,RAISEN,302c8328-4093-4001-986d-8db9259c8794,f38e6de8-396e-47b4-af18-32c333eddccc,ingres_2024-2025,421.0,exact,1.0,one,Raisen
MADHYA PRADESH,RATLAM,9c335502-f1d6-4688-bc73-258480bdb99e,f38e6de8-396e-47b4-af18-32c333eddccc,ingres_2024-2025,423.0,exact,1.0,one,Ratlam
MADHYA PRADESH,REWA,0225b84a-4a82-4dcb-8aa4-32a8c65463af,f38e6de8-396e-47b4-af18-32c333eddccc,ingres_2024-2025,424.0,exact,1.0,one,Rewa
MADHYA PRADESH,SAGAR,c709ece2-1163-4806-82dd-a718a7f96f63,f38e6de8-396e-47b4-af18-32c333eddccc,ingres_2024-2025,425.0,exact,1.0,one,Sagar
NAGALAND,Kiphire,3a691a6d-a0b9-4f70-bc41-01ed3b40e390,37572702-1c31-4723-8328-0a1757f6b4e1,ingres_2024-2025,614.0,exact,1.0,one,Kiphire
NAGALAND,Zunheboto,7a4e537e-7c02-4523-bcf4-b4737ab48c47,37572702-1c31-4723-8328-0a1757f6b4e1,ingres_2024-2025,251.0,exact,1.0,one,Zunheboto
NAGALAND,Wokha,ebc739eb-6d77-4d53-89d9-85f79a4aa935,37572702-1c31-4723-8328-0a1757f6b4e1,ingres_2024-2025,250.0,exact,1.0,one,Wokha
NAGALAND,Kohima,01e3bb8d-d5dc-4424-80fa-39d8110e7953,37572702-1c31-4723-8328-0a1757f6b4e1,ingres_2024-2025,245.0,exact,1.0,one,Kohima
NAGALAND,Longleng,820077ab-bf59-476f-a3c6-07ad4f75bc3e,37572702-1c31-4723-8328-0a1757f6b4e1,ingres_2024-2025,615.0,exact,1.0,one,Longleng
NAGALAND,Mon,2b6a72db-095f-45c4-b2de-1e301297ad14,37572702-1c31-4723-8328-0a1757f6b4e1,ingres_2024-2025,247.0,exact,1.0,one,Mon
NAGALAND,Peren,6e723e5d-937b-4055-8246-3d2272d96fc5,37572702-1c31-4723-8328-0a1757f6b4e1,ingres_2024-2025,613.0,exact,1.0,one,Peren
NAGALAND,Phek,ea2bbd4f-9713-4b69-96a5-df6bf5ef282c,37572702-1c31-4723-8328-0a1757f6b4e1,ingres_2024-2025,248.0,exact,1.0,one,Phek
NAGALAND,Dimapur,4224c0f1-7a4a-4800-b152-5a3644d37b4b,37572702-1c31-4723-8328-0a1757f6b4e1,ingres_2024-2025,244.0,exact,1.0,one,Dimapur
NAGALAND,Tuensang,8a960d7a-37a6-4bdd-b20f-e26c2d189f52,37572702-1c31-4723-8328-0a1757f6b4e1,ingres_2024-2025,249.0,exact,1.0,one,Tuensang
NAGALAND,Mokokchung,3c8e129f-6a09-45fb-90e9-e2bbb4cbf933,37572702-1c31-4723-8328-0a1757f6b4e1,ingres_2024-2025,246.0,exact,1.0,one,Mokokchung
MIZORAM,CHAMPHAI,796abbdb-4afd-42a3-b87c-64315b1d5963,812072c8-d651-485c-88e8-7dd29d8c183b,ingres_2024-2025,262.0,exact,1.0,one,Champhai
MIZORAM,AIZAWL,a04a3982-0f5a-4200-9fc2-5bda13e21a58,812072c8-d651-485c-88e8-7dd29d8c183b,ingres_2024-2025,261.0,exact,1.0,one,Aizawl
MIZORAM,SERCHHIP,fe91f489-ed29-45c0-9b8e-f550fe34810d,812072c8-d651-485c-88e8-7dd29d8c183b,ingres_2024-2025,268.0,exact,1.0,one,Serchhip
MIZORAM,LUNGLEI,7571a464-ddd0-42b0-891f-252a32f0fd8d,812072c8-d651-485c-88e8-7dd29d8c183b,ingres_2024-2025,265.0,exact,1.0,one,Lunglei
MIZORAM,SAIHA,4061c9a8-9662-4429-90c6-476491db33eb,812072c8-d651-485c-88e8-7dd29d8c183b,ingres_2024-2025,267.0,exact,1.0,one,Saiha
MIZORAM,KOLASIB,a2430a8d-6e64-4eea-803a-1272e30c2559,812072c8-d651-485c-88e8-7dd29d8c183b,ingres_2024-2025,263.0,exact,1.0,one,Kolasib
MIZORAM,LAWNGTLAI,4720a453-cdd4-4adf-b457-058c76597b7b,812072c8-d651-485c-88e8-7dd29d8c183b,ingres_2024-2025,264.0,exact,1.0,one,Lawngtlai
MIZORAM,MAMIT,9d1d838c-5779-459c-9781-44c6f926bfe7,812072c8-d651-485c-88e8-7dd29d8c183b,ingres_2024-2025,266.0,exact,1.0,one,Mamit
ARUNACHAL PRADESH,TIRAP,8e7a2ecd-8d57-4803-8f33-b74a1be8c4ed,f318279f-537d-4373-b9dc-ac347cdef82f,ingres_2024-2025,239.0,exact,1.0,one,Tirap
ARUNACHAL PRADESH,DIBANG VALLEY,96cc9151-2747-4a00-8468-5566adaadf06,f318279f-537d-4373-b9dc-ac347cdef82f,ingres_2024-2025,230.0,exact,1.0,one,Dibang Valley
ARUNACHAL PRADESH,TAWANG,1a51adb3-3650-4429-9f74-3279710f4e5a,f318279f-537d-4373-b9dc-ac347cdef82f,ingres_2024-2025,238.0,exact,1.0,one,Tawang
ARUNACHAL PRADESH,WEST SIANG,c5e1d5ea-d377-40ec-a79e-1286a914407c,f318279f-537d-4373-b9dc-ac347cdef82f,ingres_2024-2025,243.0,exact,1.0,one,West Siang
ARUNACHAL PRADESH,LOWER DIBANG VALLEY,6f3fe263-0fe4-4f97-a4ce-b976be2c71ab,f318279f-537d-4373-b9dc-ac347cdef82f,ingres_2024-2025,235.0,exact,1.0,one,Lower Dibang Valley
ARUNACHAL PRADESH,UPPER SUBANSIRI,c3528b4a-2009-4163-bf53-e58ea578c651,f318279f-537d-4373-b9dc-ac347cdef82f,ingres_2024-2025,241.0,exact,1.0,one,Upper Subansiri
ARUNACHAL PRADESH,CHANGLANG,cd1bb5ba-c223-4ebd-b4a5-a8709eda230d,f318279f-537d-4373-b9dc-ac347cdef82f,ingres_2024-2025,229.0,exact,1.0,one,Changlang
ARUNACHAL PRADESH,EAST SIANG,85ee1284-8a94-4a00-8bc7-564d95133591,f318279f-537d-4373-b9dc-ac347cdef82f,ingres_2024-2025,232.0,exact,1.0,one,East Siang
ARUNACHAL PRADESH,UPPER SIANG,6eef35f2-a425-4308-82b7-522f6f4acf8b,f318279f-537d-4373-b9dc-ac347cdef82f,ingres_2024-2025,240.0,exact,1.0,one,Upper Siang
ARUNACHAL PRADESH,LOWER SUBANSIRI,944fb328-4dea-4a39-858c-3bf7db83d21a,f318279f-537d-4373-b9dc-ac347cdef82f,ingres_2024-2025,236.0,exact,1.0,one,Lower Subansiri
ARUNACHAL PRADESH,EAST KAMENG,bc5f3abb-55e0-43bf-817c-f3363bc38075,f318279f-537d-4373-b9dc-ac347cdef82f,ingres_2024-2025,231.0,exact,1.0,one,East Kameng
ARUNACHAL PRADESH,KURUNG KUMEY,bbd87408-d2d1-4340-a593-f9cad3a2968b,f318279f-537d-4373-b9dc-ac347cdef82f,ingres_2024-2025,233.0,exact,1.0,one,Kurung Kumey
ARUNACHAL PRADESH,ANJAW,d7f64ef6-d210-4dba-9759-d91cbe4b7d40,f318279f-537d-4373-b9dc-ac347cdef82f,ingres_2024-2025,628.0,exact,1.0,one,Anjaw
ARUNACHAL PRADESH,LOHIT,f6557512-fac3-43b0-b580-c48b6915c24a,f318279f-537d-4373-b9dc-ac347cdef82f,ingres_2024-2025,234.0,exact,1.0,one,Lohit
ARUNACHAL PRADESH,PAPUM PARE,4b223024-9b3b-4843-a42a-b9e8222fa1ee,f318279f-537d-4373-b9dc-ac347cdef82f,ingres_2024-2025,237.0,exact,1.0,one,Papum Pare
ARUNACHAL PRADESH,WEST KAMENG,b42b8c01-0a46-4a30-9de0-7b83b355b38a,f318279f-537d-4373-b9dc-ac347cdef82f,ingres_2024-2025,242.0,exact,1.0,one,West Kameng
BIHAR,BEGUSARAI,11b8b268-2288-4698-bba4-7aa7f0bc1ca2,ae12d8f1-e36c-445f-8d32-80f958766b4e,ingres_2024-2025,191.0,exact,1.0,one,Begusarai
BIHAR,SUPAUL,94b938b9-fa6a-47bf-8423-e5ed7ee8b493,ae12d8f1-e36c-445f-8d32-80f958766b4e,ingres_2024-2025,223.0,exact,1.0,one,Supaul
BIHAR,BANKA,3a2296b5-5a32-44bf-ab9e-57ddcc664c2b,ae12d8f1-e36c-445f-8d32-80f958766b4e,ingres_2024-2025,190.0,exact,1.0,one,Banka
BIHAR,NAWADA,e38efbe5-f7d5-4a3d-bfa7-6174de49d49e,ae12d8f1-e36c-445f-8d32-80f958766b4e,ingres_2024-2025,210.0,exact,1.0,one,Nawada
BIHAR,AURANGABAD,e065954c-6721-45a7-b798-55084bfaa91f,ae12d8f1-e36c-445f-8d32-80f958766b4e,ingres_2024-2025,189.0,exact,1.0,one,Aurangabad
BIHAR,BHAGALPUR,44b5cbc9-d943-40e0-8608-753b00a9575c,ae12d8f1-e36c-445f-8d32-80f958766b4e,ingres_2024-2025,192.0,exact,1.0,one,Bhagalpur
BIHAR,KAIMUR,84d4e37f-47da-47ca-a9b4-59cd8dd41902,ae12d8f1-e36c-445f-8d32-80f958766b4e,ingres_2024-2025,200.0,alias,,one,Kaimur (Bhabua)
BIHAR,SAHARSA,7e3be36e-69eb-46a4-adf9-aa332744abb4,ae12d8f1-e36c-445f-8d32-80f958766b4e,ingres_2024-2025,216.0,exact,1.0,one,Saharsa
BIHAR,BHOJPUR,f381a4a9-7034-4323-9740-5430b6e9753b,ae12d8f1-e36c-445f-8d32-80f958766b4e,ingres_2024-2025,193.0,exact,1.0,one,Bhojpur
BIHAR,SITAMARHI,aa45fc6f-5124-48d7-9623-65a8dbbc87d2,ae12d8f1-e36c-445f-8d32-80f958766b4e,ingres_2024-2025,221.0,exact,1.0,one,Sitamarhi
BIHAR,SIWAN,c1c46bcd-e4ec-4202-a1fa-3d83722bb442,ae12d8f1-e36c-445f-8d32-80f958766b4e,ingres_2024-2025,222.0,exact,1.0,one,Siwan
BIHAR,WEST CHAMPARAN,42bbcf32-6a75-406c-999c-71aeae5b40fa,ae12d8f1-e36c-445f-8d32-80f958766b4e,ingres_2024-2025,211.0,alias,,one,Pashchim Champaran
BIHAR,ARARIA,b72f2d4c-dc1e-4261-b24c-fd1b2ae81534,ae12d8f1-e36c-445f-8d32-80f958766b4e,ingres_2024-2025,188.0,exact,1.0,one,Araria
BIHAR,ARWAL,735787bc-334c-407c-bcd3-013bbedf145b,ae12d8f1-e36c-445f-8d32-80f958766b4e,ingres_2024-2025,611.0,exact,1.0,one,Arwal
BIHAR,DARBHANGA,5171ab76-7c6e-491e-9001-4550e7e00718,ae12d8f1-e36c-445f-8d32-80f958766b4e,ingres_2024-2025,195.0,exact,1.0,one,Darbhanga
BIHAR,EAST CHAMPARAN,3c271ca4-a99b-47ad-8f27-0f5c44a4438d,ae12d8f1-e36c-445f-8d32-80f958766b4e,ingres_2024-2025,213.0,alias,,one,Purbi Champaran
BIHAR,GAYA,535c0735-5709-4e16-b842-83fb97fa3ade,ae12d8f1-e36c-445f-8d32-80f958766b4e,ingres_2024-2025,196.0,exact,1.0,one,Gaya
BIHAR,JAMUI,7625aaa6-20f2-4eb5-a53c-b855cb2734fc,ae12d8f1-e36c-445f-8d32-80f958766b4e,ingres_2024-2025,198.0,exact,1.0,one,Jamui
BIHAR,JEHANABAD,0fc37855-00e7-4307-a784-5880e87b9c6e,ae12d8f1-e36c-445f-8d32-80f958766b4e,ingres_2024-2025,199.0,exact,1.0,one,Jehanabad
BIHAR,KATIHAR,3e0ee72b-7f0b-481a-8847-447103f63aed,ae12d8f1-e36c-445f-8d32-80f958766b4e,ingres_2024-2025,201.0,exact,1.0,one,Katihar
BIHAR,KHAGARIA,2b2cbf7e-d60f-45fe-a43d-bf6000c16efa,ae12d8f1-e36c-445f-8d32-80f958766b4e,ingres_2024-2025,202.0,exact,1.0,one,Khagaria
BIHAR,KISHANGANJ,2ccbc1a8-50dd-4311-9d8a-936f82381fa2,ae12d8f1-e36c-445f-8d32-80f958766b4e,ingres_2024-2025,203.0,exact,1.0,one,Kishanganj
BIHAR,LAKHISARAI,9e54c05c-b948-4e1c-942c-b9e48e3bc291,ae12d8f1-e36c-445f-8d32-80f958766b4e,ingres_2024-2025,204.0,exact,1.0,one,Lakhisarai
BIHAR,MADHEPURA,910f681c-e41b-4191-81bf-ffa9d180567d,ae12d8f1-e36c-445f-8d32-80f958766b4e,ingres_2024-2025,205.0,exact,1.0,one,Madhepura
BIHAR,MADHUBANI,8e38ed42-9962-40a6-819d-1f70c0c08291,ae12d8f1-e36c-445f-8d32-80f958766b4e,ingres_2024-2025,206.0,exact,1.0,one,Madhubani
BIHAR,MUNGER,36994ed2-7338-4936-b3bd-de99dabb6790,ae12d8f1-e36c-445f-8d32-80f958766b4e,ingres_2024-2025,207.0,exact,1.0,one,Munger
BIHAR,MUZAFFARPUR,a837b05e-dd3b-49d7-9644-066cb94dc9a8,ae12d8f1-e36c-445f-8d32-80f958766b4e,ingres_2024-2025,208.0,exact,1.0,one,Muzaffarpur
BIHAR,NALANDA,11a6a277-312e-4529-a981-c338f30f65f3,ae12d8f1-e36c-445f-8d32-80f958766b4e,ingres_2024-2025,209.0,exact,1.0,one,Nalanda
BIHAR,PATNA,0590b500-6e52-481e-951d-7664d3da56ab,ae12d8f1-e36c-445f-8d32-80f958766b4e,ingres_2024-2025,212.0,exact,1.0,one,Patna
BIHAR,PURNEA,3bdf0786-f33f-47a7-9b5c-8b0551083dce,ae12d8f1-e36c-445f-8d32-80f958766b4e,ingres_2024-2025,214.0,alias,,one,Purnia
BIHAR,ROHTAS,31c3cd26-182f-4084-b507-e7f81005a27c,ae12d8f1-e36c-445f-8d32-80f958766b4e,ingres_2024-2025,215.0,exact,1.0,one,Rohtas
BIHAR,SAMASTIPUR,f6c6a4e3-cad6-46a4-b644-3ad9485e67bf,ae12d8f1-e36c-445f-8d32-80f958766b4e,ingres_2024-2025,217.0,exact,1.0,one,Samastipur
BIHAR,SARAN,00d29373-fbc5-442c-8fe2-3ab7d3ae4fb5,ae12d8f1-e36c-445f-8d32-80f958766b4e,ingres_2024-2025,218.0,exact,1.0,one,Saran
BIHAR,SHEIKHPURA,81af1558-bcac-4c82-8233-07288fbc727f,ae12d8f1-e36c-445f-8d32-80f958766b4e,ingres_2024-2025,219.0,exact,1.0,one,Sheikhpura
BIHAR,SHEOHAR,19ab0260-91c1-4e3b-bc7e-351227895060,ae12d8f1-e36c-445f-8d32-80f958766b4e,ingres_2024-2025,220.0,exact,1.0,one,Sheohar
BIHAR,VAISHALI,19d40ce9-d08c-46dc-9d65-7b120096342c,ae12d8f1-e36c-445f-8d32-80f958766b4e,ingres_2024-2025,224.0,exact,1.0,one,Vaishali
BIHAR,BUXAR,0d80bf2c-54c2-40fa-83be-84e0f837edde,ae12d8f1-e36c-445f-8d32-80f958766b4e,ingres_2024-2025,194.0,exact,1.0,one,Buxar
BIHAR,GOPALGANJ,7e57372d-a2ae-4801-bc3c-9d8ee6952de8,ae12d8f1-e36c-445f-8d32-80f958766b4e,ingres_2024-2025,197.0,exact,1.0,one,Gopalganj
DAMAN AND DIU,DAMAN,238ded6a-a865-4eeb-a80a-c9a43935eccd,ee1789e0-3831-4cdb-b0b8-77231309cd7e,ingres_2024-2025,463.0,exact,1.0,one,Daman
DAMAN AND DIU,DIU,eebce92a-ba08-42d3-b74c-e3a90cc18742,ee1789e0-3831-4cdb-b0b8-77231309cd7e,ingres_2024-2025,464.0,exact,1.0,one,Diu
JAMMU AND KASHMIR,Baramulla,24cf9aa7-61fc-4e9d-9fb6-88fda25b8537,12f0823e-2c16-4765-8137-585b3d5123ac,ingres_2024-2025,3.0,exact,1.0,one,Baramulla
JAMMU AND KASHMIR,Poonch,3767e193-3e17-48cc-8d42-fa27af22c18e,12f0823e-2c16-4765-8137-585b3d5123ac,ingres_2024-2025,10.0,exact,1.0,one,Poonch
JAMMU AND KASHMIR,Kupwarar,89282f88-3118-4e33-acb3-dccfa495c805,12f0823e-2c16-4765-8137-585b3d5123ac,ingres_2024-2025,8.0,alias,,part_of,Kupwara
JAMMU AND KASHMIR,Reasi,724d0e2b-bf6b-46a8-8af8-06921b003a5e,12f0823e-2c16-4765-8137-585b3d5123ac,ingres_2024-2025,627.0,exact,1.0,one,Reasi
JAMMU AND KASHMIR,Ramban,cc81e718-9a7d-412e-94af-58287df8a3a4,12f0823e-2c16-4765-8137-585b3d5123ac,ingres_2024-2025,621.0,exact,1.0,one,Ramban
JAMMU AND KASHMIR,Kishtwar,919c8b5b-a408-4f7b-992b-83b2d9042afb,12f0823e-2c16-4765-8137-585b3d5123ac,ingres_2024-2025,620.0,exact,1.0,one,Kishtwar
JAMMU AND KASHMIR,Doda,2d93a32e-0d48-42f6-9cd8-d83945a16e16,12f0823e-2c16-4765-8137-585b3d5123ac,ingres_2024-2025,4.0,exact,1.0,one,Doda
JAMMU AND KASHMIR,Ganderbal,3513f95c-5ea6-4709-b340-5f07891adcea,12f0823e-2c16-4765-8137-585b3d5123ac,ingres_2024-2025,626.0,exact,1.0,one,Ganderbal
JAMMU AND KASHMIR,Kulgam,16d2ea9b-da66-4e53-bc93-beeda508e02b,12f0823e-2c16-4765-8137-585b3d5123ac,ingres_2024-2025,622.0,exact,1.0,one,Kulgam
JAMMU AND KASHMIR,Pulwama,bdebeba0-dc1e-4287-a936-176224b53665,12f0823e-2c16-4765-8137-585b3d5123ac,ingres_2024-2025,11.0,exact,1.0,one,Pulwama
JAMMU AND KASHMIR,Rajouri,2974de5d-fbbb-4f44-bd9a-780146af8f04,12f0823e-2c16-4765-8137-585b3d5123ac,ingres_2024-2025,12.0,exact,1.0,one,Rajouri
JAMMU AND KASHMIR,Budgam,024ef6fb-e4cb-4b45-b5e9-79f1f542b183,12f0823e-2c16-4765-8137-585b3d5123ac,ingres_2024-2025,2.0,exact,1.0,one,Budgam
JAMMU AND KASHMIR,Srinagar,48acfafe-3f24-4ea0-9ca6-3dcd071664c4,12f0823e-2c16-4765-8137-585b3d5123ac,ingres_2024-2025,13.0,exact,1.0,one,Srinagar
JAMMU AND KASHMIR,Udhampur,3a1e75a7-06e1-42d3-801a-55c8d544ab07,12f0823e-2c16-4765-8137-585b3d5123ac,ingres_2024-2025,14.0,exact,1.0,one,Udhampur
JAMMU AND KASHMIR,Barmulla,f5181411-bddb-43c0-ac85-6a2b9f277177,12f0823e-2c16-4765-8137-585b3d5123ac,ingres_2024-2025,3.0,alias,,part_of,Baramulla
JAMMU AND KASHMIR,Mirpur,3ee13026-9979-43b9-963a-fd6a28b5ac06,12f0823e-2c16-4765-8137-585b3d5123ac,ingres_2024-2025,,pok,,none,
JAMMU AND KASHMIR,Srinagar Hilly Area,b845a715-84cb-4df5-a2f8-6ca28badc59f,12f0823e-2c16-4765-8137-585b3d5123ac,ingres_2024-2025,13.0,alias,,part_of,Srinagar
JAMMU AND KASHMIR,Jammu,2af2a969-2f0e-4818-a5f0-e620671fd97b,12f0823e-2c16-4765-8137-585b3d5123ac,ingres_2024-2025,5.0,exact,1.0,one,Jammu
JAMMU AND KASHMIR,Bandipora,516b0017-b1a0-4bae-b333-dc5d8a6cf036,12f0823e-2c16-4765-8137-585b3d5123ac,ingres_2024-2025,623.0,exact,1.0,one,Bandipora
JAMMU AND KASHMIR,Muzaffarabad,01a2d6a1-ef80-4bd5-9031-545e358afd5f,12f0823e-2c16-4765-8137-585b3d5123ac,ingres_2024-2025,,pok,,none,
JAMMU AND KASHMIR,Shopian,c41ada5c-a751-450b-bff7-e4fa8cc6dd35,12f0823e-2c16-4765-8137-585b3d5123ac,ingres_2024-2025,625.0,exact,1.0,one,Shopian
JAMMU AND KASHMIR,Kupwara,6d8585d0-7419-429e-82b5-1993daf3c050,12f0823e-2c16-4765-8137-585b3d5123ac,ingres_2024-2025,8.0,exact,1.0,one,Kupwara
JAMMU AND KASHMIR,Samba,6189e94e-6b74-4a7e-9dd1-3d0953adeba9,12f0823e-2c16-4765-8137-585b3d5123ac,ingres_2024-2025,624.0,exact,1.0,one,Samba
JAMMU AND KASHMIR,Kathua,94aee78b-010c-4619-9245-55bc6096ab1a,12f0823e-2c16-4765-8137-585b3d5123ac,ingres_2024-2025,7.0,exact,1.0,one,Kathua
JAMMU AND KASHMIR,Anantnag,f95dc316-05f4-450a-b235-b5f8d54e5b6a,12f0823e-2c16-4765-8137-585b3d5123ac,ingres_2024-2025,1.0,exact,1.0,one,Anantnag
PUNJAB,Fazilka,c1490824-2e88-4f0b-99b3-c93e59255d83,5ff5533e-36c5-4c24-abff-1cbbea6f2bdf,ingres_2024-2025,651.0,exact,1.0,one,Fazilka
PUNJAB,Pathankot,b3aafd52-af8c-4c81-89f8-8fa195713f1a,5ff5533e-36c5-4c24-abff-1cbbea6f2bdf,ingres_2024-2025,662.0,exact,1.0,one,Pathankot
PUNJAB,SAS Nagar,4ebc6109-43de-41de-86ef-fdf27c5f4ea6,5ff5533e-36c5-4c24-abff-1cbbea6f2bdf,ingres_2024-2025,608.0,exact,1.0,one,S.A.S Nagar
PUNJAB,Muktsar,7bc738c2-75a2-4326-9cba-0295b7f1dcd3,5ff5533e-36c5-4c24-abff-1cbbea6f2bdf,ingres_2024-2025,39.0,alias,,one,Sri Muktsar Sahib
PUNJAB,Kapurthala,4503c2fd-227a-4cbd-958f-ebaf22bc51c3,5ff5533e-36c5-4c24-abff-1cbbea6f2bdf,ingres_2024-2025,35.0,exact,1.0,one,Kapurthala
PUNJAB,Hoshiarpur,5d09ebe2-3891-41f8-be24-61aaf2236bb2,5ff5533e-36c5-4c24-abff-1cbbea6f2bdf,ingres_2024-2025,33.0,exact,1.0,one,Hoshiarpur
PUNJAB,Amritsar,66bd5140-ea91-42d8-9001-764441730806,5ff5533e-36c5-4c24-abff-1cbbea6f2bdf,ingres_2024-2025,27.0,exact,1.0,one,Amritsar
PUNJAB,Barnala,37ecd385-7eb1-49ee-a44c-5ea3bac29977,5ff5533e-36c5-4c24-abff-1cbbea6f2bdf,ingres_2024-2025,605.0,exact,1.0,one,Barnala
PUNJAB,Sangrur,dfdd0e87-3de0-4fa1-a585-b85792995d77,5ff5533e-36c5-4c24-abff-1cbbea6f2bdf,ingres_2024-2025,43.0,exact,1.0,one,Sangrur
PUNJAB,Malerkotla,c4015df7-1bea-44eb-966f-b180abfaf48d,5ff5533e-36c5-4c24-abff-1cbbea6f2bdf,ingres_2024-2025,737.0,exact,1.0,one,Malerkotla
PUNJAB,Jalandhar,614618f7-c402-4f71-b90f-5b696e57160b,5ff5533e-36c5-4c24-abff-1cbbea6f2bdf,ingres_2024-2025,34.0,exact,1.0,one,Jalandhar
PUNJAB,Mansa,aeeb444c-ec92-4bc0-b396-8b66bd37e443,5ff5533e-36c5-4c24-abff-1cbbea6f2bdf,ingres_2024-2025,37.0,exact,1.0,one,Mansa
PUNJAB,Bathinda,620f7ab7-aea6-4731-81e1-c6b0de279095,5ff5533e-36c5-4c24-abff-1cbbea6f2bdf,ingres_2024-2025,28.0,exact,1.0,one,Bathinda
PUNJAB,Fatehgarh Sahib,91df5476-56b1-4a39-95f2-70457280b980,5ff5533e-36c5-4c24-abff-1cbbea6f2bdf,ingres_2024-2025,30.0,exact,1.0,one,Fatehgarh Sahib
PUNJAB,Faridkot,52d840d6-595f-445d-80e5-71ff9ecb9177,5ff5533e-36c5-4c24-abff-1cbbea6f2bdf,ingres_2024-2025,29.0,exact,1.0,one,Faridkot
PUNJAB,Rupnagar,f591dd6b-130c-4d36-b813-6404551fe638,5ff5533e-36c5-4c24-abff-1cbbea6f2bdf,ingres_2024-2025,42.0,exact,1.0,one,Rupnagar
PUNJAB,Moga,8720b483-a714-4bc4-9721-fea32657232b,5ff5533e-36c5-4c24-abff-1cbbea6f2bdf,ingres_2024-2025,38.0,exact,1.0,one,Moga
PUNJAB,Tarn Taran,4e7a79d5-95b1-47b8-b94b-0a6196d232e2,5ff5533e-36c5-4c24-abff-1cbbea6f2bdf,ingres_2024-2025,609.0,exact,1.0,one,Tarn Taran
PUNJAB,Patiala,bee88ec7-9b64-4d2f-b30f-c155c3e43222,5ff5533e-36c5-4c24-abff-1cbbea6f2bdf,ingres_2024-2025,41.0,exact,1.0,one,Patiala
PUNJAB,SBS Nagar,0a3bb56d-fede-4cfa-8a07-033661ddb907,5ff5533e-36c5-4c24-abff-1cbbea6f2bdf,ingres_2024-2025,40.0,alias,,one,Shahid Bhagat Singh Nagar
PUNJAB,Ludhiana,546a6869-f020-4684-abdd-62528a575cef,5ff5533e-36c5-4c24-abff-1cbbea6f2bdf,ingres_2024-2025,36.0,exact,1.0,one,Ludhiana
PUNJAB,Firozpur,e91279bc-cc0e-4006-ad89-d873acc23033,5ff5533e-36c5-4c24-abff-1cbbea6f2bdf,ingres_2024-2025,31.0,alias,,one,Ferozepur
PUNJAB,Gurdaspur,f9bc92ae-9547-4833-b655-50b72843d93f,5ff5533e-36c5-4c24-abff-1cbbea6f2bdf,ingres_2024-2025,32.0,exact,1.0,one,Gurdaspur
MEGHALAYA,SOUTH WEST GARO HILLS,1f7dc507-e9f0-4244-8244-0d8ecc25c533,b967d23e-68c8-492c-a372-9623441f7d24,ingres_2024-2025,663.0,exact,1.0,one,South West Garo Hills
MEGHALAYA,SOUTH WEST KHASI HILLS,0a250916-9c9f-480e-ad14-d0da9ed7966e,b967d23e-68c8-492c-a372-9623441f7d24,ingres_2024-2025,658.0,exact,1.0,one,South West Khasi Hills
MEGHALAYA,EAST GARO HILLS,e4504719-c91f-4b4a-b99f-09f66727debd,b967d23e-68c8-492c-a372-9623441f7d24,ingres_2024-2025,273.0,exact,1.0,one,East Garo Hills
MEGHALAYA,WEST GARO HILLS,872be08e-4160-4a32-9851-2dbda0df8565,b967d23e-68c8-492c-a372-9623441f7d24,ingres_2024-2025,278.0,exact,1.0,one,West Garo Hills
MEGHALAYA,WEST KHASI HILLS,7d4600a9-9fe4-458a-99a8-83b10f4bf679,b967d23e-68c8-492c-a372-9623441f7d24,ingres_2024-2025,279.0,exact,1.0,one,West Khasi Hills
MEGHALAYA,EAST JAINTIA HILLS,2b959b1a-1a5b-4e4d-960d-de67b2dd5c12,b967d23e-68c8-492c-a372-9623441f7d24,ingres_2024-2025,657.0,exact,1.0,one,East Jaintia Hills
MEGHALAYA,RI BHOI,15de01f8-2b06-430f-bd87-6fd67ca454de,b967d23e-68c8-492c-a372-9623441f7d24,ingres_2024-2025,276.0,exact,1.0,one,Ri Bhoi
MEGHALAYA,SOUTH GARO HILLS,89199c37-70a8-4a27-8419-027596f30e33,b967d23e-68c8-492c-a372-9623441f7d24,ingres_2024-2025,277.0,exact,1.0,one,South Garo Hills
MEGHALAYA,WEST JAINTIA HILLS,b64de106-d7c3-4b0c-9bd8-9e0133bbe8fb,b967d23e-68c8-492c-a372-9623441f7d24,ingres_2024-2025,275.0,exact,1.0,one,West Jaintia Hills
MEGHALAYA,EAST KHASI HILLS,136e15d1-a630-4cfc-a471-036994c75db8,b967d23e-68c8-492c-a372-9623441f7d24,ingres_2024-2025,274.0,exact,1.0,one,East Khasi Hills
MEGHALAYA,NORTH GARO HILLS,64db8c96-b752-4372-a9bc-0ece7aa8af8a,b967d23e-68c8-492c-a372-9623441f7d24,ingres_2024-2025,656.0,exact,1.0,one,North Garo Hills
CHHATTISGARH,KANKER,eb630398-0b00-4fab-a64b-ed6df4a613ba,bd81d570-0e97-4dad-9bcd-219a05f56f2f,ingres_2024-2025,381.0,exact,1.0,one,Kanker
CHHATTISGARH,DANTEWADA,a813b23e-3d74-4d43-b735-7d49d9fa55d8,bd81d570-0e97-4dad-9bcd-219a05f56f2f,ingres_2024-2025,376.0,exact,1.0,one,Dantewada
CHHATTISGARH,BALRAMPUR,994b8e69-0008-47b2-bfad-577d4e810895,bd81d570-0e97-4dad-9bcd-219a05f56f2f,ingres_2024-2025,649.0,exact,1.0,one,Balrampur
CHHATTISGARH,SURAJPUR,2aef4308-9406-46a9-92ec-201f9351bbbf,bd81d570-0e97-4dad-9bcd-219a05f56f2f,ingres_2024-2025,648.0,exact,1.0,one,Surajpur
CHHATTISGARH,KHAIRAGARH-CHHUIKHADAN_GANDAI,2c6bac68-449e-4524-9c1a-116ce87e07f3,bd81d570-0e97-4dad-9bcd-219a05f56f2f,ingres_2024-2025,759.0,fuzzy,0.981,one,Khairgarh Chhuikhadan Gandai
CHHATTISGARH,BILASPUR,2d0d4087-bcff-4143-9145-a880bb99197f,bd81d570-0e97-4dad-9bcd-219a05f56f2f,ingres_2024-2025,375.0,exact,1.0,one,Bilaspur
CHHATTISGARH,GARIABAND,2b0ab8d8-18a5-47ae-b9c4-e7d2c10f40b8,bd81d570-0e97-4dad-9bcd-219a05f56f2f,ingres_2024-2025,645.0,fuzzy,0.947,one,Gariyaband
CHHATTISGARH,BIJAPUR,1d3b491e-d5ba-4ad3-89df-a6a27175db7f,bd81d570-0e97-4dad-9bcd-219a05f56f2f,ingres_2024-2025,636.0,exact,1.0,one,Bijapur
CHHATTISGARH,BASTAR,c3e0e168-1d14-4c6b-b4a7-4fd9f9e592d6,bd81d570-0e97-4dad-9bcd-219a05f56f2f,ingres_2024-2025,374.0,exact,1.0,one,Bastar
CHHATTISGARH,BALODA BAZAR,3e4843fb-fbd5-4a5b-9bcb-11b9e61c139a,bd81d570-0e97-4dad-9bcd-219a05f56f2f,ingres_2024-2025,644.0,exact,1.0,one,Baloda Bazar
CHHATTISGARH,SUKMA,f8877f36-bdde-46b0-9660-4a22fdef60d8,bd81d570-0e97-4dad-9bcd-219a05f56f2f,ingres_2024-2025,642.0,exact,1.0,one,Sukma
CHHATTISGARH,KOREA,24d059a0-c604-4f72-b9e3-50dd20e4114e,bd81d570-0e97-4dad-9bcd-219a05f56f2f,ingres_2024-2025,384.0,exact,1.0,one,Korea
CHHATTISGARH,GOURELA-PENDRA-MARWAHI,7eee0321-1b49-42d6-a569-82ea7fca0880,bd81d570-0e97-4dad-9bcd-219a05f56f2f,ingres_2024-2025,734.0,fuzzy,0.927,one,Gaurella Pendra Marwahi
CHHATTISGARH,KONDAGAON,fe203be0-2d7a-46c1-85f8-35ce8382e974,bd81d570-0e97-4dad-9bcd-219a05f56f2f,ingres_2024-2025,643.0,exact,1.0,one,Kondagaon
CHHATTISGARH,DURG,c143a3ad-15fe-4f5f-8f0f-fdb59a24e4de,bd81d570-0e97-4dad-9bcd-219a05f56f2f,ingres_2024-2025,378.0,exact,1.0,one,Durg
CHHATTISGARH,JANJGIR-CHAMPA,80eca6da-9887-4b1f-accb-954b33f5ebc9,bd81d570-0e97-4dad-9bcd-219a05f56f2f,ingres_2024-2025,379.0,exact,1.0,one,Janjgir-Champa
CHHATTISGARH,MAHASAMUND,d67381e5-8437-42f2-9e73-6f50987582fa,bd81d570-0e97-4dad-9bcd-219a05f56f2f,ingres_2024-2025,385.0,exact,1.0,one,Mahasamund
CHHATTISGARH,NARAYANPUR,1adc0867-0461-4c8b-b914-f6d987c3166c,bd81d570-0e97-4dad-9bcd-219a05f56f2f,ingres_2024-2025,637.0,exact,1.0,one,Narayanpur
CHHATTISGARH,BEMETARA,01d78dd6-c209-4976-b177-8b75a93f23e2,bd81d570-0e97-4dad-9bcd-219a05f56f2f,ingres_2024-2025,650.0,exact,1.0,one,Bemetara
CHHATTISGARH,DHAMTARI,22d0629b-362a-49a7-92a9-c9c5f61a0ca6,bd81d570-0e97-4dad-9bcd-219a05f56f2f,ingres_2024-2025,377.0,exact,1.0,one,Dhamtari
CHHATTISGARH,JASHPUR,e36f5ae6-350a-4b52-a228-21d56440fef8,bd81d570-0e97-4dad-9bcd-219a05f56f2f,ingres_2024-2025,380.0,exact,1.0,one,Jashpur
CHHATTISGARH,KABIRDHAM,ad0af3f7-c009-47ee-9674-10fd7996ebcc,bd81d570-0e97-4dad-9bcd-219a05f56f2f,ingres_2024-2025,382.0,exact,1.0,one,Kabirdham
CHHATTISGARH,KORBA,cf105634-d20b-400b-a4f4-9936da4fb8ea,bd81d570-0e97-4dad-9bcd-219a05f56f2f,ingres_2024-2025,383.0,exact,1.0,one,Korba
CHHATTISGARH,BALOD,79aa230a-36e6-4210-9c13-5d06f55fe222,bd81d570-0e97-4dad-9bcd-219a05f56f2f,ingres_2024-2025,646.0,exact,1.0,one,Balod
CHHATTISGARH,MUNGELI,4337b167-52f9-44e1-9d5c-bece5c0b9877,bd81d570-0e97-4dad-9bcd-219a05f56f2f,ingres_2024-2025,647.0,exact,1.0,one,Mungeli
CHHATTISGARH,RAIGARH,ca2034f3-7139-493e-b55b-84deb9ec89f0,bd81d570-0e97-4dad-9bcd-219a05f56f2f,ingres_2024-2025,386.0,exact,1.0,one,Raigarh
CHHATTISGARH,RAIPUR,a9e993eb-ba76-47ee-840c-60a5105b8d34,bd81d570-0e97-4dad-9bcd-219a05f56f2f,ingres_2024-2025,387.0,exact,1.0,one,Raipur
CHHATTISGARH,RAJNANDGAON,745fb965-9b94-43d3-936c-73799ce5587b,bd81d570-0e97-4dad-9bcd-219a05f56f2f,ingres_2024-2025,388.0,exact,1.0,one,Rajnandgaon
CHHATTISGARH,SURGUJA,ffac1b68-4e16-4171-bc68-eecda51a8f55,bd81d570-0e97-4dad-9bcd-219a05f56f2f,ingres_2024-2025,389.0,exact,1.0,one,Surguja
CHHATTISGARH,MANENDRAGARH-CHIRMIRI_BHARATPUR,c223d8cd-a010-43c9-8f50-963c6b304259,bd81d570-0e97-4dad-9bcd-219a05f56f2f,ingres_2024-2025,760.0,fuzzy,0.983,one,Manendragarh Chirimiri Bharatpur
CHHATTISGARH,MOHLA-MANPUR_AMBAGARHCHOWKI,5792e7e2-6727-4b70-81cc-3a548e220227,bd81d570-0e97-4dad-9bcd-219a05f56f2f,ingres_2024-2025,761.0,fuzzy,0.96,one,Mohla Manpur Ambagarh Chouki
CHHATTISGARH,SAKTI,fe2d8382-932e-48b8-b66a-a0ccebdf1b9b,bd81d570-0e97-4dad-9bcd-219a05f56f2f,ingres_2024-2025,762.0,exact,1.0,one,Sakti
CHHATTISGARH,SARANGARH-BILAIRAGH,3d0e1234-54b7-4940-8505-88a698e6cdcd,bd81d570-0e97-4dad-9bcd-219a05f56f2f,ingres_2024-2025,763.0,fuzzy,0.889,one,Sarangarh Bilaigarh
KERALA,KOTTAYAM,21587ec2-70e4-4407-932e-9ad5e98670bb,ca25704a-43d0-42ad-bcf4-b2b60270594c,ingres_2024-2025,560.0,exact,1.0,one,Kottayam
KERALA,IDUKKI,e061bc9c-5676-4cff-aaa0-2976d8d923c3,ca25704a-43d0-42ad-bcf4-b2b60270594c,ingres_2024-2025,556.0,exact,1.0,one,Idukki
KERALA,WAYANAD,a522cded-c145-405c-870c-ad156f8e0ed3,ca25704a-43d0-42ad-bcf4-b2b60270594c,ingres_2024-2025,567.0,exact,1.0,one,Wayanad
KERALA,ERNAKULAM,485b6acc-0254-47fa-9821-1a6255fccb43,ca25704a-43d0-42ad-bcf4-b2b60270594c,ingres_2024-2025,555.0,exact,1.0,one,Ernakulam
KERALA,THIRUVANANTHAPURAM,32bc9b53-3e4e-4fa5-b37c-ec5d806efb5b,ca25704a-43d0-42ad-bcf4-b2b60270594c,ingres_2024-2025,565.0,exact,1.0,one,Thiruvananthapuram
KERALA,THRISSUR,305ade15-c257-4737-b4d4-eea72bd7742c,ca25704a-43d0-42ad-bcf4-b2b60270594c,ingres_2024-2025,566.0,exact,1.0,one,Thrissur
KERALA,PATHANAMTHITTA,6b712469-7d18-47be-a11e-8757d7650770,ca25704a-43d0-42ad-bcf4-b2b60270594c,ingres_2024-2025,564.0,exact,1.0,one,Pathanamthitta
KERALA,KANNUR,49d73fe1-dddf-409e-befc-3f595967bcda,ca25704a-43d0-42ad-bcf4-b2b60270594c,ingres_2024-2025,557.0,exact,1.0,one,Kannur
KERALA,MALAPPURAM,c5fcd1f9-4fea-49b7-aecb-56b1af0f53e0,ca25704a-43d0-42ad-bcf4-b2b60270594c,ingres_2024-2025,562.0,exact,1.0,one,Malappuram
KERALA,KOZHIKKODE,ae3ac967-adba-4f8a-937c-ee3e00d43d10,ca25704a-43d0-42ad-bcf4-b2b60270594c,ingres_2024-2025,561.0,fuzzy,0.947,one,Kozhikode
KERALA,KOLLAM,bd890ada-ca7c-4327-9fc9-cbaf9b6d1f16,ca25704a-43d0-42ad-bcf4-b2b60270594c,ingres_2024-2025,559.0,exact,1.0,one,Kollam
KERALA,KASARGOD,633a743b-9a82-47ac-b627-2cb8d05ef9f6,ca25704a-43d0-42ad-bcf4-b2b60270594c,ingres_2024-2025,558.0,fuzzy,0.941,one,Kasaragod
KERALA,ALAPPUZHA,f0acc3c5-cc12-4fe0-8799-7d8e0819441c,ca25704a-43d0-42ad-bcf4-b2b60270594c,ingres_2024-2025,554.0,exact,1.0,one,Alappuzha
KERALA,PALAKKAD,78d8a892-5d6f-4c96-a150-efa4ad477d77,ca25704a-43d0-42ad-bcf4-b2b60270594c,ingres_2024-2025,563.0,exact,1.0,one,Palakkad
TRIPURA,DHALAI,d1986207-c686-4c78-b8cd-fbb55f08b3f5,40320284-8d82-4f7e-80d7-00a00bb0e5b0,ingres_2024-2025,269.0,exact,1.0,one,Dhalai
TRIPURA,NORTH TRIPURA,c9934aa2-6871-4f52-b794-8de740a0d0dd,40320284-8d82-4f7e-80d7-00a00bb0e5b0,ingres_2024-2025,270.0,exact,1.0,one,North Tripura
TRIPURA,KHOWAI,bb41d56b-efda-43c8-9398-28dc24947491,40320284-8d82-4f7e-80d7-00a00bb0e5b0,ingres_2024-2025,652.0,exact,1.0,one,Khowai
TRIPURA,GOMATI,4fe34e90-d752-4508-9395-448713c94aa9,40320284-8d82-4f7e-80d7-00a00bb0e5b0,ingres_2024-2025,654.0,exact,1.0,one,Gomati
TRIPURA,WEST TRIPURA,27af4645-a66a-484a-9a84-449010ea2b98,40320284-8d82-4f7e-80d7-00a00bb0e5b0,ingres_2024-2025,272.0,exact,1.0,one,West Tripura
TRIPURA,UNAKOTI,2de29ae9-8a7c-4ccc-b21b-3478027ed7a4,40320284-8d82-4f7e-80d7-00a00bb0e5b0,ingres_2024-2025,655.0,exact,1.0,one,Unakoti
TRIPURA,SOUTH TRIPURA,dc0694df-2ed2-43b7-b759-adbee978e9f5,40320284-8d82-4f7e-80d7-00a00bb0e5b0,ingres_2024-2025,271.0,exact,1.0,one,South Tripura
TRIPURA,SEPAHIJALA,d22c5cd4-5592-46d9-92f0-2c93120660f0,40320284-8d82-4f7e-80d7-00a00bb0e5b0,ingres_2024-2025,653.0,exact,1.0,one,Sepahijala
UTTAR PRADESH,LALITPUR,32f5f55d-01e8-4a72-a4c1-609285ce880a,edce8ca7-bf15-4b5e-b4c5-b10c543acd83,ingres_2024-2025,161.0,exact,1.0,one,Lalitpur
UTTAR PRADESH,SAHARANPUR,4d34602f-ebf4-49bc-9b49-613a7842cb50,edce8ca7-bf15-4b5e-b4c5-b10c543acd83,ingres_2024-2025,177.0,exact,1.0,one,Saharanpur
UTTAR PRADESH,BANDA,d4e9f1c7-c59f-4d63-b8ee-89547ea9ece3,edce8ca7-bf15-4b5e-b4c5-b10c543acd83,ingres_2024-2025,128.0,exact,1.0,one,Banda
UTTAR PRADESH,MATHURA,bc31a438-8c1e-4368-a0d5-0b1777462b88,edce8ca7-bf15-4b5e-b4c5-b10c543acd83,ingres_2024-2025,167.0,exact,1.0,one,Mathura
UTTAR PRADESH,SHAMLI,2a14425b-ec66-4af3-aa48-56be777d2081,edce8ca7-bf15-4b5e-b4c5-b10c543acd83,ingres_2024-2025,660.0,exact,1.0,one,Shamli
UTTAR PRADESH,CHANDAULI,3d5c2b09-67da-45e9-96f1-d6e5b0f9fce8,edce8ca7-bf15-4b5e-b4c5-b10c543acd83,ingres_2024-2025,135.0,exact,1.0,one,Chandauli
UTTAR PRADESH,MIRZAPUR,69be251d-0023-4093-8582-ec7362e6cda6,edce8ca7-bf15-4b5e-b4c5-b10c543acd83,ingres_2024-2025,170.0,exact,1.0,one,Mirzapur
UTTAR PRADESH,UNNAO,7a214651-9d52-49dc-ae1c-5eab00a93413,edce8ca7-bf15-4b5e-b4c5-b10c543acd83,ingres_2024-2025,186.0,exact,1.0,one,Unnao
UTTAR PRADESH,BAGPAT,39b8b9e2-e69c-422c-826b-d3a6d59124ff,edce8ca7-bf15-4b5e-b4c5-b10c543acd83,ingres_2024-2025,124.0,fuzzy,0.923,one,Baghpat
UTTAR PRADESH,KANPUR DEHAT,d543a7dd-6abc-4576-9aab-90059d524999,edce8ca7-bf15-4b5e-b4c5-b10c543acd83,ingres_2024-2025,156.0,exact,1.0,one,Kanpur Dehat
UTTAR PRADESH,CHITRAKOOT,b9cf8347-253b-47db-9ff2-6015d408b7ba,edce8ca7-bf15-4b5e-b4c5-b10c543acd83,ingres_2024-2025,136.0,exact,1.0,one,Chitrakoot
UTTAR PRADESH,SHAHJAHANPUR,736e7165-3e7f-48bc-acf5-37019ce13f7d,edce8ca7-bf15-4b5e-b4c5-b10c543acd83,ingres_2024-2025,180.0,exact,1.0,one,Shahjahanpur
UTTAR PRADESH,PILIBHIT,92a0faa8-861f-4204-93e5-7902e2e98e6b,edce8ca7-bf15-4b5e-b4c5-b10c543acd83,ingres_2024-2025,173.0,exact,1.0,one,Pilibhit
UTTAR PRADESH,JAUNPUR,c40d13e8-7934-409a-83c9-0d9ef24f9315,edce8ca7-bf15-4b5e-b4c5-b10c543acd83,ingres_2024-2025,152.0,exact,1.0,one,Jaunpur
UTTAR PRADESH,MAHRAJGANJ,17d19fe7-6f97-4c2f-a708-07904d63cb47,edce8ca7-bf15-4b5e-b4c5-b10c543acd83,ingres_2024-2025,164.0,fuzzy,0.952,one,Maharajganj
UTTAR PRADESH,AMBEDKAR NAGAR,4d2431be-cace-4bbc-ac0b-c35e9396a85a,edce8ca7-bf15-4b5e-b4c5-b10c543acd83,ingres_2024-2025,121.0,exact,1.0,one,Ambedkar Nagar
UTTAR PRADESH,MAUNATH BHANJAN,152182e2-8976-4d73-befa-e6475ef972e0,edce8ca7-bf15-4b5e-b4c5-b10c543acd83,ingres_2024-2025,168.0,alias,,one,Mau
UTTAR PRADESH,KAUSHAMBI,e5be27a2-8256-4fea-a33d-f291b362bacb,edce8ca7-bf15-4b5e-b4c5-b10c543acd83,ingres_2024-2025,158.0,exact,1.0,one,Kaushambi
UTTAR PRADESH,RAIBARELI,3df0111f-f513-447a-a3d9-3045f72fb3f4,edce8ca7-bf15-4b5e-b4c5-b10c543acd83,ingres_2024-2025,175.0,fuzzy,0.889,one,Rae Bareli
UTTAR PRADESH,AURAIYA,b5af110f-30bc-434e-a1be-0810114ee4dd,edce8ca7-bf15-4b5e-b4c5-b10c543acd83,ingres_2024-2025,122.0,exact,1.0,one,Auraiya
UTTAR PRADESH,ETAWAH,5e7f4966-8644-4377-9bab-0b36227fb48c,edce8ca7-bf15-4b5e-b4c5-b10c543acd83,ingres_2024-2025,139.0,exact,1.0,one,Etawah
UTTAR PRADESH,MAHOBA,12ee7218-4953-4e17-ac45-c64b04045c72,edce8ca7-bf15-4b5e-b4c5-b10c543acd83,ingres_2024-2025,165.0,exact,1.0,one,Mahoba
UTTAR PRADESH,SITAPUR,77924f0a-57eb-4eed-a172-9a4edd93d633,edce8ca7-bf15-4b5e-b4c5-b10c543acd83,ingres_2024-2025,183.0,exact,1.0,one,Sitapur
UTTAR PRADESH,HATHRAS,9219ff37-2b7a-4729-b76d-685fabba1731,edce8ca7-bf15-4b5e-b4c5-b10c543acd83,ingres_2024-2025,163.0,exact,1.0,one,Hathras
UTTAR PRADESH,BUDAUN,a320342b-e7b1-4d22-a32e-78c7ffad1043,edce8ca7-bf15-4b5e-b4c5-b10c543acd83,ingres_2024-2025,133.0,exact,1.0,one,Budaun
UTTAR PRADESH,BULANDSHAHAR,aeb3cfae-1aae-40e4-8e8d-318116312339,edce8ca7-bf15-4b5e-b4c5-b10c543acd83,ingres_2024-2025,134.0,fuzzy,0.957,one,Bulandshahr
UTTAR PRADESH,AMETHI,90075c6f-e8bf-4871-8bad-a0141cc1e8ae,edce8ca7-bf15-4b5e-b4c5-b10c543acd83,ingres_2024-2025,640.0,exact,1.0,one,Amethi
UTTAR PRADESH,BAREILLY,0d07bb0c-3dc2-4ebc-85f8-0a7678327554,edce8ca7-bf15-4b5e-b4c5-b10c543acd83,ingres_2024-2025,130.0,exact,1.0,one,Bareilly
UTTAR PRADESH,GONDA,dc7316b1-2e65-4b45-8801-b03faef3ef99,edce8ca7-bf15-4b5e-b4c5-b10c543acd83,ingres_2024-2025,147.0,exact,1.0,one,Gonda
UTTAR PRADESH,JHANSI,c0136ff0-8b23-4ea9-baf0-9ffe1973854c,edce8ca7-bf15-4b5e-b4c5-b10c543acd83,ingres_2024-2025,153.0,exact,1.0,one,Jhansi
UTTAR PRADESH,ALIGARH,28b6cbae-ec4e-475b-b22f-389508c7ae01,edce8ca7-bf15-4b5e-b4c5-b10c543acd83,ingres_2024-2025,119.0,exact,1.0,one,Aligarh
UTTAR PRADESH,BIJNOR,40ab1c42-5866-4403-8b18-2fa61fe9df6a,edce8ca7-bf15-4b5e-b4c5-b10c543acd83,ingres_2024-2025,132.0,exact,1.0,one,Bijnor
UTTAR PRADESH,G.B.NAGAR,f1e9fc0f-5027-4ab5-b998-9794b373f7a9,edce8ca7-bf15-4b5e-b4c5-b10c543acd83,ingres_2024-2025,144.0,alias,,one,Gautam Buddha Nagar
UTTAR PRADESH,GORAKHPUR,da450e45-b641-47d7-ac8c-59d721fb8028,edce8ca7-bf15-4b5e-b4c5-b10c543acd83,ingres_2024-2025,148.0,exact,1.0,one,Gorakhpur
UTTAR PRADESH,KANNAUJ,2ca52ea8-20bd-4a0a-b5bd-356e99fb7e79,edce8ca7-bf15-4b5e-b4c5-b10c543acd83,ingres_2024-2025,155.0,exact,1.0,one,Kannauj
UTTAR PRADESH,ETAH,67f952c2-e126-4c72-ace9-23992c027429,edce8ca7-bf15-4b5e-b4c5-b10c543acd83,ingres_2024-2025,138.0,exact,1.0,one,Etah
UTTAR PRADESH,VARANASI,e040a324-2fd6-4ab6-af5b-dc88bd78258e,edce8ca7-bf15-4b5e-b4c5-b10c543acd83,ingres_2024-2025,187.0,exact,1.0,one,Varanasi
UTTAR PRADESH,LUCKNOW,ed87cd2b-8622-4554-ac51-37b98f590db3,edce8ca7-bf15-4b5e-b4c5-b10c543acd83,ingres_2024-2025,162.0,exact,1.0,one,Lucknow
UTTAR PRADESH,FIROZABAD,ce790d0d-cb22-4a1f-a3eb-e86498508e87,edce8ca7-bf15-4b5e-b4c5-b10c543acd83,ingres_2024-2025,143.0,exact,1.0,one,Firozabad
UTTAR PRADESH,AZAMGARH,7fa86954-cab5-405a-8c71-719cb3396a86,edce8ca7-bf15-4b5e-b4c5-b10c543acd83,ingres_2024-2025,123.0,exact,1.0,one,Azamgarh
UTTAR PRADESH,DEORIA,5862dfd3-22d8-40d3-ac9f-19c723482b3b,edce8ca7-bf15-4b5e-b4c5-b10c543acd83,ingres_2024-2025,137.0,exact,1.0,one,Deoria
UTTAR PRADESH,BALRAMPUR,41fc5f80-6e52-405b-bfcb-0f6eba30cea1,edce8ca7-bf15-4b5e-b4c5-b10c543acd83,ingres_2024-2025,127.0,exact,1.0,one,Balrampur
UTTAR PRADESH,BASTI,c776459f-51c0-4fba-8a94-e0b868050363,edce8ca7-bf15-4b5e-b4c5-b10c543acd83,ingres_2024-2025,131.0,exact,1.0,one,Basti
UTTAR PRADESH,AYODHYA,b3912a73-93bb-4795-891a-41dcf61f07f8,edce8ca7-bf15-4b5e-b4c5-b10c543acd83,ingres_2024-2025,140.0,exact,1.0,one,Ayodhya
UTTAR PRADESH,AGRA,97cb55da-a35e-4b0e-8024-3fa3496885e9,edce8ca7-bf15-4b5e-b4c5-b10c543acd83,ingres_2024-2025,118.0,exact,1.0,one,Agra
UTTAR PRADESH,HAPUR,3dd83af7-0028-4fa8-8bc5-fb355e3a0868,edce8ca7-bf15-4b5e-b4c5-b10c543acd83,ingres_2024-2025,661.0,exact,1.0,one,Hapur
UTTAR PRADESH,PRATAPGARH,a1e4d19b-e001-4d7d-9bc8-f1215338e16b,edce8ca7-bf15-4b5e-b4c5-b10c543acd83,ingres_2024-2025,174.0,exact,1.0,one,Pratapgarh
UTTAR PRADESH,BAHRAICH,2af18a4c-8197-4e80-a5f1-935ed9a0cc41,edce8ca7-bf15-4b5e-b4c5-b10c543acd83,ingres_2024-2025,125.0,exact,1.0,one,Bahraich
UTTAR PRADESH,MAINPURI,e40bce92-4b00-4288-b10e-7fa3b5c2b7e0,edce8ca7-bf15-4b5e-b4c5-b10c543acd83,ingres_2024-2025,166.0,exact,1.0,one,Mainpuri
UTTAR PRADESH,KUSHI NAGAR,29bd5744-862e-41ef-8ba4-b7bec32b83fc,edce8ca7-bf15-4b5e-b4c5-b10c543acd83,ingres_2024-2025,160.0,exact,1.0,one,Kushi Nagar
UTTAR PRADESH,MEERUT,82e1fa25-eb45-4d46-bc6c-adfecafecdcc,edce8ca7-bf15-4b5e-b4c5-b10c543acd83,ingres_2024-2025,169.0,exact,1.0,one,Meerut
UTTAR PRADESH,GHAZIABAD,ae280e00-a78b-4078-af18-80d573eb0abc,edce8ca7-bf15-4b5e-b4c5-b10c543acd83,ingres_2024-2025,145.0,exact,1.0,one,Ghaziabad
UTTAR PRADESH,FATEHPUR,ad40bd60-c39f-4f40-8f8a-d2228e8090bb,edce8ca7-bf15-4b5e-b4c5-b10c543acd83,ingres_2024-2025,142.0,exact,1.0,one,Fatehpur
UTTAR PRADESH,KASGANJ,404051bf-4249-4212-bb79-52c2ccb8ee83,edce8ca7-bf15-4b5e-b4c5-b10c543acd83,ingres_2024-2025,633.0,exact,1.0,one,Kasganj
UTTAR PRADESH,MORADABAD,05301719-37ac-49b0-a4c3-1e8306709a62,edce8ca7-bf15-4b5e-b4c5-b10c543acd83,ingres_2024-2025,171.0,exact,1.0,one,Moradabad
UTTAR PRADESH,BARABANKI,0dd766aa-212d-4532-a527-6e2a319d741c,edce8ca7-bf15-4b5e-b4c5-b10c543acd83,ingres_2024-2025,129.0,exact,1.0,one,Barabanki
UTTAR PRADESH,SAMBHAL,f32c5d52-f442-4d35-827d-a1de68a47aa4,edce8ca7-bf15-4b5e-b4c5-b10c543acd83,ingres_2024-2025,659.0,exact,1.0,one,Sambhal
UTTAR PRADESH,SANT KABIR NAGAR,1c599687-8676-45b0-90de-fab3729045a4,edce8ca7-bf15-4b5e-b4c5-b10c543acd83,ingres_2024-2025,178.0,fuzzy,0.897,one,Sant Kabeer Nagar
UTTAR PRADESH,LAKHIMPUR KHERI,0b061d0b-91cb-45af-af67-d903cc8faad1,edce8ca7-bf15-4b5e-b4c5-b10c543acd83,ingres_2024-2025,159.0,alias,,one,Kheri
UTTAR PRADESH,SANT RAVIDAS NAGAR,feb4f94b-67cf-4727-bdbe-809d4c014609,edce8ca7-bf15-4b5e-b4c5-b10c543acd83,ingres_2024-2025,179.0,alias,,one,Bhadohi
UTTAR PRADESH,SHRAWASTI,7ae34a70-26ca-430e-b63a-b185a5b49b8f,edce8ca7-bf15-4b5e-b4c5-b10c543acd83,ingres_2024-2025,181.0,fuzzy,0.889,one,Shravasti
UTTAR PRADESH,AMROHA,64cbc520-2e1d-46b1-ad63-6fcb0dbe4009,edce8ca7-bf15-4b5e-b4c5-b10c543acd83,ingres_2024-2025,154.0,exact,1.0,one,Amroha
UTTAR PRADESH,KANPUR NAGAR,74e7f5fd-afcd-46b4-8deb-613396d3c866,edce8ca7-bf15-4b5e-b4c5-b10c543acd83,ingres_2024-2025,157.0,exact,1.0,one,Kanpur Nagar
UTTAR PRADESH,SIDDHARTH NAGAR,89e957c8-3fae-42cc-b583-37fac15fa341,edce8ca7-bf15-4b5e-b4c5-b10c543acd83,ingres_2024-2025,182.0,exact,1.0,one,Siddharth Nagar
UTTAR PRADESH,GHAZIPUR,1f242611-0730-476a-a3dd-96bf9c6dabf5,edce8ca7-bf15-4b5e-b4c5-b10c543acd83,ingres_2024-2025,146.0,exact,1.0,one,Ghazipur
UTTAR PRADESH,SONBHADRA,fdddca1f-1133-4606-8f80-6c68152f3997,edce8ca7-bf15-4b5e-b4c5-b10c543acd83,ingres_2024-2025,184.0,exact,1.0,one,Sonbhadra
UTTAR PRADESH,HAMIRPUR,af01a156-771a-4f00-8dd4-4670f83a90ae,edce8ca7-bf15-4b5e-b4c5-b10c543acd83,ingres_2024-2025,149.0,exact,1.0,one,Hamirpur
UTTAR PRADESH,BALLIA,cf7b5d62-390d-4999-9bca-91f2de4665d4,edce8ca7-bf15-4b5e-b4c5-b10c543acd83,ingres_2024-2025,126.0,exact,1.0,one,Ballia
UTTAR PRADESH,FARRUKHABAD,78bd54fb-655c-4f33-b72b-d01121c71ca6,edce8ca7-bf15-4b5e-b4c5-b10c543acd83,ingres_2024-2025,141.0,exact,1.0,one,Farrukhabad
UTTAR PRADESH,HARDOI,18516b65-9101-4ad8-ad68-ee5906b2792a,edce8ca7-bf15-4b5e-b4c5-b10c543acd83,ingres_2024-2025,150.0,exact,1.0,one,Hardoi
UTTAR PRADESH,JALAUN,5ca5ab22-9057-4be8-816b-1fbf3fd2aeb9,edce8ca7-bf15-4b5e-b4c5-b10c543acd83,ingres_2024-2025,151.0,exact,1.0,one,Jalaun
UTTAR PRADESH,MUZAFFARNAGAR,ae02fb3e-dc7a-41e7-b0fd-9a4d0f4bf63b,edce8ca7-bf15-4b5e-b4c5-b10c543acd83,ingres_2024-2025,172.0,exact,1.0,one,Muzaffarnagar
UTTAR PRADESH,PRAYAGRAJ,7b7a358d-65a3-43dd-8102-81d8a098d11e,edce8ca7-bf15-4b5e-b4c5-b10c543acd83,ingres_2024-2025,120.0,exact,1.0,one,Prayagraj
UTTAR PRADESH,RAMPUR,e56f8b89-fc3d-499a-b98a-f05eaf16ba2b,edce8ca7-bf15-4b5e-b4c5-b10c543acd83,ingres_2024-2025,176.0,exact,1.0,one,Rampur
UTTAR PRADESH,SULTANPUR,0a32cfaf-984f-4991-b8af-1b1b19ba0910,edce8ca7-bf15-4b5e-b4c5-b10c543acd83,ingres_2024-2025,185.0,exact,1.0,one,Sultanpur
WEST BENGAL,PURBA BARDDHAMAN,5f3696cc-de6f-410d-97ab-cf854a63e2e9,68ecabb4-0ea5-4909-b8e3-20bbaa7b91e8,ingres_2024-2025,306.0,fuzzy,0.966,one,Purba Bardhaman
WEST BENGAL,MURSHIDABAD,061b2eed-8592-429e-a8f3-777b183c2d6e,68ecabb4-0ea5-4909-b8e3-20bbaa7b91e8,ingres_2024-2025,319.0,exact,1.0,one,Murshidabad
WEST BENGAL,JHARGRAM,4c8ab62e-4469-4924-9a95-e1e81ac66c64,68ecabb4-0ea5-4909-b8e3-20bbaa7b91e8,ingres_2024-2025,703.0,exact,1.0,one,Jhargram
WEST BENGAL,NORTH 24 PARGANAS,b7325b37-5755-437d-99fb-3f3fb55d3555,68ecabb4-0ea5-4909-b8e3-20bbaa7b91e8,ingres_2024-2025,303.0,alias,,one,24 Paraganas North
WEST BENGAL,KOCH BIHAR,99a0898d-7e38-40d1-95ea-08dc7ccd6032,68ecabb4-0ea5-4909-b8e3-20bbaa7b91e8,ingres_2024-2025,308.0,alias,,one,Coochbehar
WEST BENGAL,MALDA,4d1cbbb0-790a-473a-9d32-0ffbce5e3a48,68ecabb4-0ea5-4909-b8e3-20bbaa7b91e8,ingres_2024-2025,316.0,fuzzy,0.909,one,Maldah
WEST BENGAL,PASCHIM BARDDHAMAN,2cbb730b-f1f6-42eb-aa47-67011be191b4,68ecabb4-0ea5-4909-b8e3-20bbaa7b91e8,ingres_2024-2025,704.0,fuzzy,0.97,one,Paschim Bardhaman
WEST BENGAL,KALIMPONG,9f4ac689-8c96-42e4-9599-f681f9ccdf39,68ecabb4-0ea5-4909-b8e3-20bbaa7b91e8,ingres_2024-2025,702.0,exact,1.0,one,Kalimpong
WEST BENGAL,ALIPURDUAR,3ac98a1f-e397-471b-9558-34b9209237dd,68ecabb4-0ea5-4909-b8e3-20bbaa7b91e8,ingres_2024-2025,664.0,exact,1.0,one,Alipurduar
WEST BENGAL,UTTAR DINAJPUR,cc040f82-a811-40c9-a029-74719165ddca,68ecabb4-0ea5-4909-b8e3-20bbaa7b91e8,ingres_2024-2025,311.0,alias,,one,Dinajpur Uttar
WEST BENGAL,SOUTH 24 PARGANAS,0ac89f20-40bb-4420-afa6-71e863cbbfc8,68ecabb4-0ea5-4909-b8e3-20bbaa7b91e8,ingres_2024-2025,304.0,alias,,one,24 Paraganas South
WEST BENGAL,DARJILING,e3f45d21-def0-42e6-96ca-3a227f553f7b,68ecabb4-0ea5-4909-b8e3-20bbaa7b91e8,ingres_2024-2025,309.0,alias,,one,Darjeeling
WEST BENGAL,HUGLI,3617de6f-a9da-4c3e-8e02-0374b9e3bf95,68ecabb4-0ea5-4909-b8e3-20bbaa7b91e8,ingres_2024-2025,312.0,alias,,one,Hooghly
WEST BENGAL,PURULIYA,0a55d21b-d1b4-43b5-943a-8b61492cc26c,68ecabb4-0ea5-4909-b8e3-20bbaa7b91e8,ingres_2024-2025,321.0,fuzzy,0.933,one,Purulia
WEST BENGAL,KOLKATTA,bfd34098-3b14-4716-bf1a-01f52c6ef506,68ecabb4-0ea5-4909-b8e3-20bbaa7b91e8,ingres_2024-2025,315.0,fuzzy,0.933,one,Kolkata
WEST BENGAL,HAORA,26eb293c-db0a-4539-b9ca-b7b2315d948b,68ecabb4-0ea5-4909-b8e3-20bbaa7b91e8,ingres_2024-2025,313.0,alias,,one,Howrah
WEST BENGAL,BANKURA,1c3e0b47-642d-4bd6-946e-16df9a0123a4,68ecabb4-0ea5-4909-b8e3-20bbaa7b91e8,ingres_2024-2025,305.0,exact,1.0,one,Bankura
WEST BENGAL,JALPAIGURI,3a1cca73-9c1a-4f18-b724-4447534000fb,68ecabb4-0ea5-4909-b8e3-20bbaa7b91e8,ingres_2024-2025,314.0,exact,1.0,one,Jalpaiguri
WEST BENGAL,DAKSHIN DINAJPUR,9e9f0af1-a7d9-491b-bc48-c9f4c1eb302d,68ecabb4-0ea5-4909-b8e3-20bbaa7b91e8,ingres_2024-2025,310.0,alias,,one,Dinajpur Dakshin
WEST BENGAL,NADIA,f7f356da-d88d-49fe-bad8-15a9526f6399,68ecabb4-0ea5-4909-b8e3-20bbaa7b91e8,ingres_2024-2025,320.0,exact,1.0,one,Nadia
WEST BENGAL,PURBA MEDINIPUR,8bef0fdc-36b7-4691-8154-5a4f6dc75d86,68ecabb4-0ea5-4909-b8e3-20bbaa7b91e8,ingres_2024-2025,317.0,alias,,one,Medinipur East
WEST BENGAL,BIRBHUM,26b7d323-e569-487f-8cf7-b49faf26dee7,68ecabb4-0ea5-4909-b8e3-20bbaa7b91e8,ingres_2024-2025,307.0,exact,1.0,one,Birbhum
WEST BENGAL,PASCHIM MEDINIPUR,93b3c8a7-68d6-49bd-81bf-73eb2541e0b2,68ecabb4-0ea5-4909-b8e3-20bbaa7b91e8,ingres_2024-2025,318.0,alias,,one,Medinipur West
CHANDIGARH,CHANDIGARH,578739f7-390b-4d4e-91e5-bbef076cb1b5,d6da1adf-2a9c-4908-a356-e7668d4ab108,ingres_2024-2025,44.0,exact,1.0,one,Chandigarh
PUDUCHERRY,KARAIKAL,f467febf-3708-45c8-b556-eac952bdbe3d,fd163bec-156c-4633-a7b7-5dfee5fcdf57,ingres_2024-2025,598.0,exact,1.0,one,Karaikal
PUDUCHERRY,PUDUCHERRY,b8e6f4c8-046d-4f3a-9fb0-403c8081f66d,fd163bec-156c-4633-a7b7-5dfee5fcdf57,ingres_2024-2025,600.0,alias,,one,Pondicherry
ANDAMAN AND NICOBAR ISLANDS,N & M ANDAMAN,6000b2ef-a5bb-4ec9-800c-25274b25f888,68dad067-a4cc-4397-a6fd-fc10ef7cc933,ingres_2024-2025,632.0,alias,,one,North And Middle Andaman
ANDAMAN AND NICOBAR ISLANDS,NICOBAR,a2e33af2-ef94-4213-9bb6-6708b6f4b2df,68dad067-a4cc-4397-a6fd-fc10ef7cc933,ingres_2024-2025,603.0,alias,,one,Nicobars
ANDAMAN AND NICOBAR ISLANDS,SOUTH ANDAMAN,afe15e73-a428-476f-b0d2-43431fbbb781,68dad067-a4cc-4397-a6fd-fc10ef7cc933,ingres_2024-2025,602.0,alias,,one,South Andamans
HARYANA,ROHTAK,524d2989-7646-4291-8b1d-fc8e44f41e04,648a95f6-9249-4c92-8ae4-a9d93eb7c898,ingres_2024-2025,73.0,exact,1.0,one,Rohtak
HARYANA,KARNAL,0396e956-aaca-4ab5-b8de-0703f9f679e8,648a95f6-9249-4c92-8ae4-a9d93eb7c898,ingres_2024-2025,67.0,exact,1.0,one,Karnal
HARYANA,KAITHAL,3c91e494-419c-43a9-b612-83663e9cd67c,648a95f6-9249-4c92-8ae4-a9d93eb7c898,ingres_2024-2025,66.0,exact,1.0,one,Kaithal
HARYANA,JIND,9ab13fe9-c9e4-4154-acdf-ea4c1a5f39b5,648a95f6-9249-4c92-8ae4-a9d93eb7c898,ingres_2024-2025,65.0,exact,1.0,one,Jind
HARYANA,KURUKSHETRA,de2e7d9a-63dd-489c-b771-7cb4bb387ccf,648a95f6-9249-4c92-8ae4-a9d93eb7c898,ingres_2024-2025,68.0,exact,1.0,one,Kurukshetra
HARYANA,BHIWANI,c0f6b2e4-2aed-459e-bad5-24ae933e25e0,648a95f6-9249-4c92-8ae4-a9d93eb7c898,ingres_2024-2025,59.0,exact,1.0,one,Bhiwani
HARYANA,AMBALA,8fdd0ce5-81d6-46c1-b2e6-5318eedd4d4d,648a95f6-9249-4c92-8ae4-a9d93eb7c898,ingres_2024-2025,58.0,exact,1.0,one,Ambala
HARYANA,FATEHABAD,37758a15-8dd8-4190-8ee0-6fe5a09833b9,648a95f6-9249-4c92-8ae4-a9d93eb7c898,ingres_2024-2025,61.0,exact,1.0,one,Fatehabad
HARYANA,GURGAON,18f1a804-eb4d-48ba-b0cf-1f1cd0aa6b1d,648a95f6-9249-4c92-8ae4-a9d93eb7c898,ingres_2024-2025,62.0,alias,,one,Gurugram
HARYANA,CHARKHI DADRI,bdafd9e7-ef5c-4c63-ab65-b182abebb30b,648a95f6-9249-4c92-8ae4-a9d93eb7c898,ingres_2024-2025,701.0,fuzzy,0.957,one,Charki Dadri
HARYANA,FARIDABAD,b8323cce-e0cb-4cf9-9e5c-685b6864a58f,648a95f6-9249-4c92-8ae4-a9d93eb7c898,ingres_2024-2025,60.0,exact,1.0,one,Faridabad
HARYANA,HISAR,822918e8-1c2a-4f2f-a839-80e96f219427,648a95f6-9249-4c92-8ae4-a9d93eb7c898,ingres_2024-2025,63.0,exact,1.0,one,Hisar
HARYANA,JHAJJAR,9e228984-5409-4a9f-9616-3c4a5c67222d,648a95f6-9249-4c92-8ae4-a9d93eb7c898,ingres_2024-2025,64.0,exact,1.0,one,Jhajjar
HARYANA,MAHENDRAGARH,a4f1139a-a28d-44d6-8fb2-0e266dcf719d,648a95f6-9249-4c92-8ae4-a9d93eb7c898,ingres_2024-2025,69.0,exact,1.0,one,Mahendragarh
HARYANA,MEWAT,9d54933c-e840-4e4e-a67a-48dd4fc295dc,648a95f6-9249-4c92-8ae4-a9d93eb7c898,ingres_2024-2025,604.0,alias,,one,Nuh
HARYANA,PALWAL,48957d1f-7d07-4a84-9859-cdf6e02bbb3b,648a95f6-9249-4c92-8ae4-a9d93eb7c898,ingres_2024-2025,619.0,exact,1.0,one,Palwal
HARYANA,PANCHKULA,27bf0597-ed30-4da6-9132-d2591e0ad1de,648a95f6-9249-4c92-8ae4-a9d93eb7c898,ingres_2024-2025,70.0,exact,1.0,one,Panchkula
HARYANA,PANIPAT,484ec0d1-4f41-471a-b1bc-68310211676d,648a95f6-9249-4c92-8ae4-a9d93eb7c898,ingres_2024-2025,71.0,exact,1.0,one,Panipat
HARYANA,REWARI,399464b5-8a83-42c6-8fc7-23bb023f7777,648a95f6-9249-4c92-8ae4-a9d93eb7c898,ingres_2024-2025,72.0,exact,1.0,one,Rewari
HARYANA,SIRSA,fd80fe06-6880-45a0-a219-5899f7a71ec8,648a95f6-9249-4c92-8ae4-a9d93eb7c898,ingres_2024-2025,74.0,exact,1.0,one,Sirsa
HARYANA,SONIPAT,f2693956-c90a-43ea-a33a-84e521457732,648a95f6-9249-4c92-8ae4-a9d93eb7c898,ingres_2024-2025,75.0,exact,1.0,one,Sonipat
HARYANA,YAMUNA NAGAR,b74248e7-bb09-41b7-90fc-06081ac3f985,648a95f6-9249-4c92-8ae4-a9d93eb7c898,ingres_2024-2025,76.0,exact,1.0,one,Yamunanagar
GOA,GOA NORTH,263270cc-5797-436b-bdd3-01db6b794e95,7f615d2f-0be6-42bf-891f-7239e101e487,ingres_2024-2025,551.0,alias,,one,North Goa
GOA,SOUTH GOA,7b17a41f-5c03-44a7-b4c4-7129aaa7a590,7f615d2f-0be6-42bf-891f-7239e101e487,ingres_2024-2025,552.0,exact,1.0,one,South Goa
DADRA AND NAGAR HAVELI,DADRA NAGAR HAVELI,806ccebe-5763-4539-ab4a-1092cf30ac2f,f5c761d1-d9c5-4e5f-af48-2cdfc1c92ce8,ingres_2024-2025,465.0,fuzzy,0.914,one,Dadra And Nagar Haveli
LAKSHDWEEP,KAVARATTI,4738a413-b193-4334-b83a-005bdc6e7c38,5f2a2b2b-cd02-4a00-94ec-3fc97d9f0d19,ingres_2024-2025,,unmatched_state,,one,
LAKSHDWEEP,AMINI,39024f5a-1447-418d-8485-da4f45f9ad22,5f2a2b2b-cd02-4a00-94ec-3fc97d9f0d19,ingres_2024-2025,,unmatched_state,,one,
LAKSHDWEEP,KILTAN,a16e5d5a-6ab4-4074-a7af-a660e6369e27,5f2a2b2b-cd02-4a00-94ec-3fc97d9f0d19,ingres_2024-2025,,unmatched_state,,one,
LAKSHDWEEP,ANDROTH,39f83944-d13e-42cf-999a-bbe94c34c842,5f2a2b2b-cd02-4a00-94ec-3fc97d9f0d19,ingres_2024-2025,,unmatched_state,,one,
LAKSHDWEEP,MINICOY,311e1246-ada9-4d65-9ef0-650db4dd0111,5f2a2b2b-cd02-4a00-94ec-3fc97d9f0d19,ingres_2024-2025,,unmatched_state,,one,
MAHARASHTRA,Buldhana,fb1a7c84-b3a2-479d-8bbb-8c1172429998,e7b3f02d-2497-4bcd-9e20-baa4b621822b,ingres_2024-2025,472.0,exact,1.0,one,Buldhana
MAHARASHTRA,Gondiya,d7b247af-f077-4e02-8821-562806615c4b,e7b3f02d-2497-4bcd-9e20-baa4b621822b,ingres_2024-2025,476.0,fuzzy,0.923,one,Gondia
MAHARASHTRA,Dharashiv,708f4e94-7a06-4fb9-91a1-1580a5eac39b,e7b3f02d-2497-4bcd-9e20-baa4b621822b,ingres_2024-2025,488.0,alias,,one,Osmanabad
MAHARASHTRA,Satara,ef1da758-3804-42e4-b4de-166cace8fe28,e7b3f02d-2497-4bcd-9e20-baa4b621822b,ingres_2024-2025,494.0,exact,1.0,one,Satara
MAHARASHTRA,Jalgaon,004f685f-028e-4a54-89b5-617c294aa0e6,e7b3f02d-2497-4bcd-9e20-baa4b621822b,ingres_2024-2025,478.0,exact,1.0,one,Jalgaon
MAHARASHTRA,Beed,12500a79-2886-4c00-82a1-e476e115e138,e7b3f02d-2497-4bcd-9e20-baa4b621822b,ingres_2024-2025,470.0,exact,1.0,one,Beed
MAHARASHTRA,Ahilyanagar,39479641-fa67-4329-b39d-4d011c142305,e7b3f02d-2497-4bcd-9e20-baa4b621822b,ingres_2024-2025,466.0,alias,,one,Ahmednagar
MAHARASHTRA,Akola,a58d13d8-7f34-4337-9207-b7b84e4cabc4,e7b3f02d-2497-4bcd-9e20-baa4b621822b,ingres_2024-2025,467.0,exact,1.0,one,Akola
MAHARASHTRA,Amravati,f4f8a4f0-26e9-41c9-8803-03b67a0ded98,e7b3f02d-2497-4bcd-9e20-baa4b621822b,ingres_2024-2025,468.0,exact,1.0,one,Amravati
MAHARASHTRA,Ch.Sambhajinagar,1fdacc9c-b57f-4a8f-b8e4-5c152013dfdb,e7b3f02d-2497-4bcd-9e20-baa4b621822b,ingres_2024-2025,469.0,alias,,one,Aurangabad
MAHARASHTRA,Bhandara,ba251b46-48f0-477e-98d7-72dcd37e4ba2,e7b3f02d-2497-4bcd-9e20-baa4b621822b,ingres_2024-2025,471.0,exact,1.0,one,Bhandara
MAHARASHTRA,Chandrapur,8a70a946-2c55-4580-bcd6-7757cec7b6c4,e7b3f02d-2497-4bcd-9e20-baa4b621822b,ingres_2024-2025,473.0,exact,1.0,one,Chandrapur
MAHARASHTRA,Dhule,0d0b0581-0483-4c59-933a-2cd9e7a0974a,e7b3f02d-2497-4bcd-9e20-baa4b621822b,ingres_2024-2025,474.0,exact,1.0,one,Dhule
MAHARASHTRA,Gadchiroli,ac4c984a-0d91-4537-89a3-1be8c0d07377,e7b3f02d-2497-4bcd-9e20-baa4b621822b,ingres_2024-2025,475.0,exact,1.0,one,Gadchiroli
MAHARASHTRA,Hingoli,095def2b-84e3-4a23-a376-1925ef352cf2,e7b3f02d-2497-4bcd-9e20-baa4b621822b,ingres_2024-2025,477.0,exact,1.0,one,Hingoli
MAHARASHTRA,Jalna,56517b40-daaa-41f6-ac60-5a91d65e6053,e7b3f02d-2497-4bcd-9e20-baa4b621822b,ingres_2024-2025,479.0,exact,1.0,one,Jalna
MAHARASHTRA,Kolhapur,fe6d8004-7765-43b6-a2ab-00dbd825312b,e7b3f02d-2497-4bcd-9e20-baa4b621822b,ingres_2024-2025,480.0,exact,1.0,one,Kolhapur
MAHARASHTRA,Latur,692181cb-dadd-47bd-83bb-af325f412f98,e7b3f02d-2497-4bcd-9e20-baa4b621822b,ingres_2024-2025,481.0,exact,1.0,one,Latur
MAHARASHTRA,Nagpur,68d0f469-947f-404d-b7d7-dd38c93e6a77,e7b3f02d-2497-4bcd-9e20-baa4b621822b,ingres_2024-2025,484.0,exact,1.0,one,Nagpur
MAHARASHTRA,Nanded,55816d79-28d2-477a-90dd-74ea5a01374d,e7b3f02d-2497-4bcd-9e20-baa4b621822b,ingres_2024-2025,485.0,exact,1.0,one,Nanded
MAHARASHTRA,Nandurbar,4c96182c-d163-4d6d-ad0d-da7edb63a60a,e7b3f02d-2497-4bcd-9e20-baa4b621822b,ingres_2024-2025,486.0,exact,1.0,one,Nandurbar
MAHARASHTRA,Nashik,7a59f50c-2b31-47cf-a2d9-9d11ca370774,e7b3f02d-2497-4bcd-9e20-baa4b621822b,ingres_2024-2025,487.0,exact,1.0,one,Nashik
MAHARASHTRA,Palghar,0cc1d612-cccb-4cc2-9a99-c10886df5452,e7b3f02d-2497-4bcd-9e20-baa4b621822b,ingres_2024-2025,665.0,exact,1.0,one,Palghar
MAHARASHTRA,Parbhani,36efdd06-5294-4d77-93c8-51ca35e372fe,e7b3f02d-2497-4bcd-9e20-baa4b621822b,ingres_2024-2025,489.0,exact,1.0,one,Parbhani
MAHARASHTRA,Pune,471dff0a-9b41-46f2-890d-179b2408ca4d,e7b3f02d-2497-4bcd-9e20-baa4b621822b,ingres_2024-2025,490.0,exact,1.0,one,Pune
MAHARASHTRA,Raigad,7d2da05f-709a-4551-89e0-44b957195cf7,e7b3f02d-2497-4bcd-9e20-baa4b621822b,ingres_2024-2025,491.0,exact,1.0,one,Raigad
MAHARASHTRA,Ratnagiri,08907f95-6749-4507-af26-54b7969cc78a,e7b3f02d-2497-4bcd-9e20-baa4b621822b,ingres_2024-2025,492.0,exact,1.0,one,Ratnagiri
MAHARASHTRA,Sangli,56f671d0-343d-4858-b697-38c512e813e0,e7b3f02d-2497-4bcd-9e20-baa4b621822b,ingres_2024-2025,493.0,exact,1.0,one,Sangli
MAHARASHTRA,Sindhudurg,771c33ee-bfef-4622-a694-ffdf37d0a427,e7b3f02d-2497-4bcd-9e20-baa4b621822b,ingres_2024-2025,495.0,exact,1.0,one,Sindhudurg
MAHARASHTRA,Solapur,f769253a-5a18-450c-9988-8e766cb23909,e7b3f02d-2497-4bcd-9e20-baa4b621822b,ingres_2024-2025,496.0,exact,1.0,one,Solapur
MAHARASHTRA,Thane,0c5585b1-ed3c-41fc-8159-309e81fba895,e7b3f02d-2497-4bcd-9e20-baa4b621822b,ingres_2024-2025,497.0,exact,1.0,one,Thane
MAHARASHTRA,Wardha,0e3abc8d-261a-4510-8163-2deece193976,e7b3f02d-2497-4bcd-9e20-baa4b621822b,ingres_2024-2025,498.0,exact,1.0,one,Wardha
MAHARASHTRA,Washim,c43bd47a-3c44-40f2-b0c5-1f070bfbca62,e7b3f02d-2497-4bcd-9e20-baa4b621822b,ingres_2024-2025,499.0,exact,1.0,one,Washim
MAHARASHTRA,Yavatmal,8324058f-6dc6-42ac-85c2-34bdc3c06d1a,e7b3f02d-2497-4bcd-9e20-baa4b621822b,ingres_2024-2025,500.0,exact,1.0,one,Yavatmal
MAHARASHTRA,Mumbai,41c79fd7-75fb-4ba6-813b-0dfbb34f3ce9,e7b3f02d-2497-4bcd-9e20-baa4b621822b,ingres_2024-2025,482.0,exact,1.0,one,Mumbai
MAHARASHTRA,Mumbai Suburban,2899a103-a1fa-45a9-bc23-df7d4d6d5671,e7b3f02d-2497-4bcd-9e20-baa4b621822b,ingres_2024-2025,483.0,exact,1.0,one,Mumbai Suburban
SIKKIM,Gangtok,c7b31c11-0b15-4113-b1f0-00b084dc2d87,19903c2c-ed18-4782-a679-dc10e8aa71ed,ingres_2024-2025,225.0,exact,1.0,one,Gangtok
SIKKIM,Mangan,ddc833e4-a676-4f3a-a9b1-647b08b9b8ed,19903c2c-ed18-4782-a679-dc10e8aa71ed,ingres_2024-2025,226.0,exact,1.0,one,Mangan
SIKKIM,Gyalsingh,5d73cde8-fd94-4ada-8f35-cf50fec9c6e3,19903c2c-ed18-4782-a679-dc10e8aa71ed,ingres_2024-2025,228.0,fuzzy,0.889,one,Gyalshing
SIKKIM,Soreng,da343a45-05d7-42b2-b35b-690430f20a0a,19903c2c-ed18-4782-a679-dc10e8aa71ed,ingres_2024-2025,742.0,exact,1.0,one,Soreng
SIKKIM,Namchi,0dfcbf88-cff3-4cec-9bc6-cde9069f412c,19903c2c-ed18-4782-a679-dc10e8aa71ed,ingres_2024-2025,227.0,exact,1.0,one,Namchi
SIKKIM,Pakyong,cf565d57-06a0-4b24-abaa-3a56039e4378,19903c2c-ed18-4782-a679-dc10e8aa71ed,ingres_2024-2025,741.0,exact,1.0,one,Pakyong
TELANGANA,Jagtial,bd2b9a29-4989-444d-843a-7a0a7599d78d,a1588b13-5700-450d-b51d-b782ed565801,ingres_2024-2025,681.0,fuzzy,0.933,one,Jagitial
TELANGANA,Karimnagar,e9b9baa4-aab4-4fa6-990a-319c362ef945,a1588b13-5700-450d-b51d-b782ed565801,ingres_2024-2025,508.0,exact,1.0,one,Karimnagar
TELANGANA,Kamareddy,1b3fdc18-473d-4eba-86ea-48b5343e4c0f,a1588b13-5700-450d-b51d-b782ed565801,ingres_2024-2025,685.0,exact,1.0,one,Kamareddy
TELANGANA,Medak,37d0bcbb-06f5-44ba-828f-4edb4ca66193,a1588b13-5700-450d-b51d-b782ed565801,ingres_2024-2025,513.0,exact,1.0,one,Medak
TELANGANA,Nirmal,879a7b34-f3c4-432c-83ba-28b7cf20fa00,a1588b13-5700-450d-b51d-b782ed565801,ingres_2024-2025,680.0,exact,1.0,one,Nirmal
TELANGANA,Mahabubnagar,aa4f67b2-81ad-4b8f-89be-770717e63923,a1588b13-5700-450d-b51d-b782ed565801,ingres_2024-2025,512.0,exact,1.0,one,Mahabubnagar
TELANGANA,Narayanpet,29bdfb5e-ceb1-48a4-a4b6-ab37c47e4fc4,a1588b13-5700-450d-b51d-b782ed565801,ingres_2024-2025,721.0,exact,1.0,one,Narayanpet
TELANGANA,Suryapet,5341f081-8819-4b40-b2f7-b28a47611978,a1588b13-5700-450d-b51d-b782ed565801,ingres_2024-2025,696.0,exact,1.0,one,Suryapet
TELANGANA,Adilabad,c8d2de0c-c702-4ff1-924c-9df8438cbbf4,a1588b13-5700-450d-b51d-b782ed565801,ingres_2024-2025,501.0,exact,1.0,one,Adilabad
TELANGANA,Khammam,b0b38434-20d6-469b-a987-c721cc768d2b,a1588b13-5700-450d-b51d-b782ed565801,ingres_2024-2025,509.0,exact,1.0,one,Khammam
TELANGANA,Jayashankar Bhupalapally,c746d7c0-6f93-4752-91e0-372db843bf80,a1588b13-5700-450d-b51d-b782ed565801,ingres_2024-2025,687.0,exact,1.0,one,Jayashankar Bhupalapally
TELANGANA,Nalgonda,7a348364-3d38-4d79-a7e1-af36bf5f96a7,a1588b13-5700-450d-b51d-b782ed565801,ingres_2024-2025,514.0,exact,1.0,one,Nalgonda
TELANGANA,Wanaparthy,216f311c-589d-4d97-bd64-7eec3eac3b9c,a1588b13-5700-450d-b51d-b782ed565801,ingres_2024-2025,693.0,exact,1.0,one,Wanaparthy
TELANGANA,Rangareddy,9672a8e9-a06f-4ebd-9355-b1af29533e51,a1588b13-5700-450d-b51d-b782ed565801,ingres_2024-2025,518.0,exact,1.0,one,Ranga Reddy
TELANGANA,Rajanna Siricilla,23014e96-e707-4c37-b7b2-5fceb287c34a,a1588b13-5700-450d-b51d-b782ed565801,ingres_2024-2025,683.0,fuzzy,0.968,one,Rajanna Sircilla
TELANGANA,Komarambheem Asifabad,f6633db3-8a16-4d1b-ac42-278c6bf59337,a1588b13-5700-450d-b51d-b782ed565801,ingres_2024-2025,699.0,fuzzy,0.9,one,Kumuram Bheem Asifabad
TELANGANA,Mulug,9823b6d1-82ae-487d-bb7a-b61125c20228,a1588b13-5700-450d-b51d-b782ed565801,ingres_2024-2025,720.0,fuzzy,0.909,one,Mulugu
TELANGANA,Hyderabad,f6db0f38-ba87-49aa-bbb9-c7e1dedf1012,a1588b13-5700-450d-b51d-b782ed565801,ingres_2024-2025,507.0,exact,1.0,one,Hyderabad
TELANGANA,Peddapalle,c6113202-e8c6-4226-8c2f-df7febe80f4a,a1588b13-5700-450d-b51d-b782ed565801,ingres_2024-2025,682.0,fuzzy,0.9,one,Peddapalli
TELANGANA,Bhadradri Kothagudem,f9ba984b-597f-40b9-993f-f508a31063e9,a1588b13-5700-450d-b51d-b782ed565801,ingres_2024-2025,690.0,exact,1.0,one,Bhadradri Kothagudem
TELANGANA,Jangaon,0621e1eb-fd5d-4dbf-8f64-ccc0fad651b4,a1588b13-5700-450d-b51d-b782ed565801,ingres_2024-2025,689.0,fuzzy,0.857,one,Jangoan
TELANGANA,Jogulamba Gadwal,eb35f473-dea3-4305-9655-33cf9db047ae,a1588b13-5700-450d-b51d-b782ed565801,ingres_2024-2025,695.0,exact,1.0,one,Jogulamba Gadwal
TELANGANA,Mahabubabad,be0f4d42-6233-4066-9378-00a051649c8b,a1588b13-5700-450d-b51d-b782ed565801,ingres_2024-2025,688.0,exact,1.0,one,Mahabubabad
TELANGANA,Mancherial,171f4c6b-8ff8-40a8-a1ee-c9d894d873a4,a1588b13-5700-450d-b51d-b782ed565801,ingres_2024-2025,684.0,exact,1.0,one,Mancherial
TELANGANA,Medchal Malkajgiri,9cf568bc-c925-4d26-a8ed-628f52cb3187,a1588b13-5700-450d-b51d-b782ed565801,ingres_2024-2025,700.0,exact,1.0,one,Medchal Malkajgiri
TELANGANA,Nagarkurnool,8a2c6c25-cac5-4d6c-afa1-bba9b7f1d8ba,a1588b13-5700-450d-b51d-b782ed565801,ingres_2024-2025,694.0,exact,1.0,one,Nagarkurnool
TELANGANA,Nizamabad,f3d74cf9-5320-4dd1-b63d-4dea3cbf8a48,a1588b13-5700-450d-b51d-b782ed565801,ingres_2024-2025,516.0,exact,1.0,one,Nizamabad
TELANGANA,Sangareddy,4f85954b-b944-4ea9-ac48-dfcc7ba416f7,a1588b13-5700-450d-b51d-b782ed565801,ingres_2024-2025,691.0,exact,1.0,one,Sangareddy
TELANGANA,Siddipet,c8f812d3-a194-40a8-80d3-08bbfea6f6f7,a1588b13-5700-450d-b51d-b782ed565801,ingres_2024-2025,692.0,exact,1.0,one,Siddipet
TELANGANA,Vikarabad,c2d8e583-a409-4adb-abff-258309f98443,a1588b13-5700-450d-b51d-b782ed565801,ingres_2024-2025,698.0,exact,1.0,one,Vikarabad
TELANGANA,Warangal,d5730c17-92db-4079-b820-1ce32d83f984,a1588b13-5700-450d-b51d-b782ed565801,ingres_2024-2025,522.0,exact,1.0,one,Warangal
TELANGANA,Hanumakonda,12858ba7-1cac-4632-baea-e54dc17e7082,a1588b13-5700-450d-b51d-b782ed565801,ingres_2024-2025,686.0,exact,1.0,one,Hanumakonda
TELANGANA,Yadadri Bhuvanagiri,937b78e6-4285-4f16-b14d-44cb29572565,a1588b13-5700-450d-b51d-b782ed565801,ingres_2024-2025,697.0,exact,1.0,one,Yadadri Bhuvanagiri
ANDHRA PRADESH,Sri Potti Sriramulu Nellore,b03590d2-5047-4ae0-9645-1838c462fb31,609c5df4-6414-4bbd-a22d-ff5fbdad6836,ingres_2024-2025,515.0,alias,,one,Spsr Nellore
ANDHRA PRADESH,Nandyal,20747d82-fffd-46b3-8e42-c229e8816320,609c5df4-6414-4bbd-a22d-ff5fbdad6836,ingres_2024-2025,755.0,exact,1.0,one,Nandyal
ANDHRA PRADESH,Srikakulam,c0802495-fd9c-459a-83c0-9b890eb00ad6,609c5df4-6414-4bbd-a22d-ff5fbdad6836,ingres_2024-2025,519.0,exact,1.0,one,Srikakulam
ANDHRA PRADESH,Vizianagaram,c7a4d284-69c8-4463-b376-28d314e9ad07,609c5df4-6414-4bbd-a22d-ff5fbdad6836,ingres_2024-2025,521.0,exact,1.0,one,Vizianagaram
ANDHRA PRADESH,Sri Sathya Sai,054a191d-e295-4760-afe5-4fcf1e5f87f2,609c5df4-6414-4bbd-a22d-ff5fbdad6836,ingres_2024-2025,754.0,exact,1.0,one,Sri Sathya Sai
ANDHRA PRADESH,Alluri Sitharama Raju,99607aae-9c84-4c4d-9a8f-bdd9057b9c83,609c5df4-6414-4bbd-a22d-ff5fbdad6836,ingres_2024-2025,745.0,exact,1.0,one,Alluri Sitharama Raju
ANDHRA PRADESH,Konaseema,d3682053-0790-48a1-96aa-b239aff50126,609c5df4-6414-4bbd-a22d-ff5fbdad6836,ingres_2024-2025,747.0,exact,1.0,one,Konaseema
ANDHRA PRADESH,Eluru,938a6799-e32b-4e15-a9f8-ddf36191d6fd,609c5df4-6414-4bbd-a22d-ff5fbdad6836,ingres_2024-2025,748.0,exact,1.0,one,Eluru
ANDHRA PRADESH,West Godavari,2a0d3470-7572-447b-94a5-d057c5a923ad,609c5df4-6414-4bbd-a22d-ff5fbdad6836,ingres_2024-2025,523.0,exact,1.0,one,West Godavari
ANDHRA PRADESH,Bapatla,c49b166d-ccf8-4a1c-a981-44258f78a032,609c5df4-6414-4bbd-a22d-ff5fbdad6836,ingres_2024-2025,750.0,exact,1.0,one,Bapatla
ANDHRA PRADESH,Palnadu,bd9a15a8-1f80-4607-b318-519cb01beac8,609c5df4-6414-4bbd-a22d-ff5fbdad6836,ingres_2024-2025,751.0,exact,1.0,one,Palnadu
ANDHRA PRADESH,Kakinada,a178c4c2-4d0c-4029-900d-7fda51f2313c,609c5df4-6414-4bbd-a22d-ff5fbdad6836,ingres_2024-2025,746.0,exact,1.0,one,Kakinada
ANDHRA PRADESH,Y.S.R Kadapa,8aaaa8a3-72bc-4cba-82f6-132638c8c777,609c5df4-6414-4bbd-a22d-ff5fbdad6836,ingres_2024-2025,504.0,alias,,one,Y.S.R.
ANDHRA PRADESH,Ananthapuramu,56da727c-27b5-4515-bbeb-db80d6349639,609c5df4-6414-4bbd-a22d-ff5fbdad6836,ingres_2024-2025,502.0,alias,,one,Anantapur
ANDHRA PRADESH,CHITTOOR,ab54c4ac-50bb-4e6a-9cf2-8fc1c2f95a8e,609c5df4-6414-4bbd-a22d-ff5fbdad6836,ingres_2024-2025,503.0,exact,1.0,one,Chittoor
ANDHRA PRADESH,East Godavari,6fb31197-0205-477d-897a-776d057c7a0f,609c5df4-6414-4bbd-a22d-ff5fbdad6836,ingres_2024-2025,505.0,exact,1.0,one,East Godavari
ANDHRA PRADESH,Guntur,daf418ae-b93f-449a-95ba-8d5f23c78a16,609c5df4-6414-4bbd-a22d-ff5fbdad6836,ingres_2024-2025,506.0,exact,1.0,one,Guntur
ANDHRA PRADESH,Krishna,d83a0f5c-6acc-4c74-8152-0d7f7027487d,609c5df4-6414-4bbd-a22d-ff5fbdad6836,ingres_2024-2025,510.0,exact,1.0,one,Krishna
ANDHRA PRADESH,Kurnool,d9d0bcca-024c-4b24-83cf-e1cef27702ff,609c5df4-6414-4bbd-a22d-ff5fbdad6836,ingres_2024-2025,511.0,exact,1.0,one,Kurnool
ANDHRA PRADESH,PRAKASAM,537f0ce1-2433-4d16-8b3b-6b99bd110408,609c5df4-6414-4bbd-a22d-ff5fbdad6836,ingres_2024-2025,517.0,exact,1.0,one,Prakasam
ANDHRA PRADESH,Visakhapatnam,bd59c4fb-4627-4d06-ad11-bbce43af0063,609c5df4-6414-4bbd-a22d-ff5fbdad6836,ingres_2024-2025,520.0,fuzzy,0.963,one,Visakhapatanam
ANDHRA PRADESH,Anakapalli,a78cb129-700a-47a9-ac43-27cea5b8253c,609c5df4-6414-4bbd-a22d-ff5fbdad6836,ingres_2024-2025,744.0,exact,1.0,one,Anakapalli
ANDHRA PRADESH,Annamayya,8a4648f7-8ada-47b6-9fb3-07301838e930,609c5df4-6414-4bbd-a22d-ff5fbdad6836,ingres_2024-2025,753.0,exact,1.0,one,Annamayya
ANDHRA PRADESH,NTR,ebba2c06-d0a6-4234-a047-3c0e22184faf,609c5df4-6414-4bbd-a22d-ff5fbdad6836,ingres_2024-2025,749.0,exact,1.0,one,Ntr
ANDHRA PRADESH,Parvathipuram Manyam,f38a72df-e8e9-4330-9c0f-b58ed3fc3fec,609c5df4-6414-4bbd-a22d-ff5fbdad6836,ingres_2024-2025,743.0,exact,1.0,one,Parvathipuram Manyam
ANDHRA PRADESH,TIRUPATHI,5a2529a7-a25b-449b-8b8a-2f0196cd1560,609c5df4-6414-4bbd-a22d-ff5fbdad6836,ingres_2024-2025,752.0,fuzzy,0.941,one,Tirupati
KARNATAKA,Yadgir,567c60cc-3f02-4aec-b3ae-9c6efcc3f53b,eaec6bbb-a219-415f-bdba-991c42586352,ingres_2024-2025,635.0,exact,1.0,one,Yadgir
KARNATAKA,Udupi,19fafdeb-e34a-4a17-9311-cccfa91cc5de,eaec6bbb-a219-415f-bdba-991c42586352,ingres_2024-2025,549.0,exact,1.0,one,Udupi
KARNATAKA,Bengaluru (Rural),5e4381d4-773c-49b0-9283-e229a2fd50dc,eaec6bbb-a219-415f-bdba-991c42586352,ingres_2024-2025,526.0,exact,1.0,one,Bengaluru Rural
KARNATAKA,Uttara Kannada,3b9a5a5e-88db-49fd-8812-6799699b1e57,eaec6bbb-a219-415f-bdba-991c42586352,ingres_2024-2025,550.0,exact,1.0,one,Uttara Kannada
KARNATAKA,Chamarajanagara,44d9230a-8ba3-4516-98a2-df5d90cf7159,eaec6bbb-a219-415f-bdba-991c42586352,ingres_2024-2025,531.0,exact,1.0,one,Chamarajanagara
KARNATAKA,Koppal,73536050-24e3-4bf6-933c-fb2e513a4fae,eaec6bbb-a219-415f-bdba-991c42586352,ingres_2024-2025,543.0,exact,1.0,one,Koppal
KARNATAKA,Mandya,05825424-0ea1-4180-a46b-fa3f5a2757af,eaec6bbb-a219-415f-bdba-991c42586352,ingres_2024-2025,544.0,exact,1.0,one,Mandya
KARNATAKA,Bengaluru (Urban),fc194628-dfa2-4026-b410-5535a5ceea8c,eaec6bbb-a219-415f-bdba-991c42586352,ingres_2024-2025,525.0,exact,1.0,one,Bengaluru Urban
KARNATAKA,Chikkaballapura,20633d6d-e0fa-44f7-bfe3-94948bdcba9b,eaec6bbb-a219-415f-bdba-991c42586352,ingres_2024-2025,630.0,exact,1.0,one,Chikkaballapura
KARNATAKA,Kodagu,b2b853a3-c23e-439d-a187-304eb76388a5,eaec6bbb-a219-415f-bdba-991c42586352,ingres_2024-2025,541.0,exact,1.0,one,Kodagu
KARNATAKA,Raichur,f27aad4d-bbe8-4abd-bc73-dc58f4c89238,eaec6bbb-a219-415f-bdba-991c42586352,ingres_2024-2025,546.0,exact,1.0,one,Raichur
KARNATAKA,Davanagere,d616e03f-2cae-4e9b-a6fe-2badc580a43b,eaec6bbb-a219-415f-bdba-991c42586352,ingres_2024-2025,535.0,fuzzy,0.947,one,Davangere
KARNATAKA,Bengaluru South,6962b8fa-e8a2-4b37-93e0-b798f9ee7c1d,eaec6bbb-a219-415f-bdba-991c42586352,ingres_2024-2025,631.0,alias,,one,Ramanagara
KARNATAKA,Chitradurga,0d16d5d2-449e-4399-bdf8-df0c5b4ec0eb,eaec6bbb-a219-415f-bdba-991c42586352,ingres_2024-2025,533.0,exact,1.0,one,Chitradurga
KARNATAKA,Ballari,b4e3ff83-c2e9-4782-9668-ad9c14d4dbe6,eaec6bbb-a219-415f-bdba-991c42586352,ingres_2024-2025,528.0,exact,1.0,one,Ballari
KARNATAKA,Gadag,e3c857a4-0f48-44e7-93fe-c3cebdbe6b55,eaec6bbb-a219-415f-bdba-991c42586352,ingres_2024-2025,537.0,exact,1.0,one,Gadag
KARNATAKA,Bagalkot,49b27222-4a5c-4e4f-a9bd-30ac4d51a87e,eaec6bbb-a219-415f-bdba-991c42586352,ingres_2024-2025,524.0,fuzzy,0.941,one,Bagalkote
KARNATAKA,Hassan,9fa87562-43a6-41a5-84c4-f5876acee609,eaec6bbb-a219-415f-bdba-991c42586352,ingres_2024-2025,539.0,exact,1.0,one,Hassan
KARNATAKA,Chikkamagaluru,6f0ba974-468d-4c54-8550-15d9a856a3ea,eaec6bbb-a219-415f-bdba-991c42586352,ingres_2024-2025,532.0,exact,1.0,one,Chikkamagaluru
KARNATAKA,Belagavi,8bf77049-a0a8-455b-a6c0-efb7d99a9d24,eaec6bbb-a219-415f-bdba-991c42586352,ingres_2024-2025,527.0,exact,1.0,one,Belagavi
KARNATAKA,Vijayapura,fe8ad24c-bd8e-4e6e-b550-25d54ac2d25f,eaec6bbb-a219-415f-bdba-991c42586352,ingres_2024-2025,530.0,exact,1.0,one,Vijayapura
KARNATAKA,Vijayanagara,ecbae4c8-3945-49c2-8443-605071ed523f,eaec6bbb-a219-415f-bdba-991c42586352,ingres_2024-2025,738.0,fuzzy,0.957,one,Vijayanagar
KARNATAKA,Kalburgi,469fe3ba-dfa0-4e56-8a0b-86668ab6a753,eaec6bbb-a219-415f-bdba-991c42586352,ingres_2024-2025,538.0,fuzzy,0.889,one,Kalaburagi
KARNATAKA,Bidar,516ad9f3-efaf-4910-afa0-bd93a8a28464,eaec6bbb-a219-415f-bdba-991c42586352,ingres_2024-2025,529.0,exact,1.0,one,Bidar
KARNATAKA,Tumakuru,a6fa20e6-cf53-4598-90a8-88f5510de66a,eaec6bbb-a219-415f-bdba-991c42586352,ingres_2024-2025,548.0,exact,1.0,one,Tumakuru
KARNATAKA,Kolara,35b9b1af-bd93-4002-8f7f-6a507a7ffe1a,eaec6bbb-a219-415f-bdba-991c42586352,ingres_2024-2025,542.0,fuzzy,0.909,one,Kolar
KARNATAKA,Haveri,e5e196f0-a033-4f98-9967-d87fb48affb0,eaec6bbb-a219-415f-bdba-991c42586352,ingres_2024-2025,540.0,exact,1.0,one,Haveri
KARNATAKA,Shivamogga,7275b7e2-8f12-4a17-a3d2-8190ad8e0d00,eaec6bbb-a219-415f-bdba-991c42586352,ingres_2024-2025,547.0,exact,1.0,one,Shivamogga
KARNATAKA,Mysuru,8caa1ea0-0f84-4652-9e97-48cc6de2b8ae,eaec6bbb-a219-415f-bdba-991c42586352,ingres_2024-2025,545.0,exact,1.0,one,Mysuru
KARNATAKA,Dakshina Kannada,43aa8b45-4156-4964-b43c-269814d1dd5c,eaec6bbb-a219-415f-bdba-991c42586352,ingres_2024-2025,534.0,exact,1.0,one,Dakshina Kannada
KARNATAKA,Dharwad,50850ba4-e017-466b-8a9d-623510323464,eaec6bbb-a219-415f-bdba-991c42586352,ingres_2024-2025,536.0,exact,1.0,one,Dharwad
HIMACHAL PRADESH,SLN,02a11492-8fe6-4b74-9846-1f81ffc1c9ca,b8c2ccc0-b638-468a-84e7-3512ece9b3a5,ingres_2024-2025,25.0,alias,,one,Solan
HIMACHAL PRADESH,KIN,b03f2441-8b8a-42d8-b0fd-9cc32723d439,b8c2ccc0-b638-468a-84e7-3512ece9b3a5,ingres_2024-2025,19.0,alias,,one,Kinnaur
HIMACHAL PRADESH,SRM,ef3862a7-7fa9-49bc-8b9a-1d12108667fd,b8c2ccc0-b638-468a-84e7-3512ece9b3a5,ingres_2024-2025,24.0,alias,,one,Sirmaur
HIMACHAL PRADESH,KNG,711c0d0b-e326-46ae-b4e5-97724c931c96,b8c2ccc0-b638-468a-84e7-3512ece9b3a5,ingres_2024-2025,18.0,alias,,one,Kangra
HIMACHAL PRADESH,KUL,9e981e88-fd95-4d97-9828-e157c1f36664,b8c2ccc0-b638-468a-84e7-3512ece9b3a5,ingres_2024-2025,20.0,alias,,one,Kullu
HIMACHAL PRADESH,UNA,5a5f6740-9e4f-49fb-9f5d-1b254629bcaf,b8c2ccc0-b638-468a-84e7-3512ece9b3a5,ingres_2024-2025,26.0,exact,1.0,one,Una
HIMACHAL PRADESH,MND,dd241938-bd9c-4968-8829-e1c39b427c4c,b8c2ccc0-b638-468a-84e7-3512ece9b3a5,ingres_2024-2025,22.0,alias,,one,Mandi
HIMACHAL PRADESH,SHM,d74a8fdb-1214-40f3-b2cf-92ff3a6ecda2,b8c2ccc0-b638-468a-84e7-3512ece9b3a5,ingres_2024-2025,23.0,alias,,one,Shimla
HIMACHAL PRADESH,BLS,96fd7abe-8fdc-4507-9e70-936baa0f9c87,b8c2ccc0-b638-468a-84e7-3512ece9b3a5,ingres_2024-2025,15.0,alias,,one,Bilaspur
HIMACHAL PRADESH,CHM,cdd1ed99-de01-4ce9-a081-f5b8c4cb3513,b8c2ccc0-b638-468a-84e7-3512ece9b3a5,ingres_2024-2025,16.0,alias,,one,Chamba
HIMACHAL PRADESH,LAS,b45f8e51-90e2-4a19-bedb-84b621cfc54a,b8c2ccc0-b638-468a-84e7-3512ece9b3a5,ingres_2024-2025,21.0,alias,,one,Lahul And Spiti
HIMACHAL PRADESH,HMP,86c29293-a268-422b-8979-f8f517d66119,b8c2ccc0-b638-468a-84e7-3512ece9b3a5,ingres_2024-2025,17.0,alias,,one,Hamirpur
DELHI,NORTH,73e1ad2d-70b8-43a8-bbc8-9aff03ea71bc,a1ac5d18-8c9a-4047-8fdd-4d7d9deaa34e,ingres_2024-2025,80.0,exact,1.0,one,North
DELHI,SOUTH,2def5af2-d011-4364-917d-0ca2616a369c,a1ac5d18-8c9a-4047-8fdd-4d7d9deaa34e,ingres_2024-2025,83.0,exact,1.0,one,South
DELHI,SOUTH EAST,4a951048-ced5-4b96-8516-08530255f91b,a1ac5d18-8c9a-4047-8fdd-4d7d9deaa34e,ingres_2024-2025,670.0,exact,1.0,one,South East
DELHI,CENTRAL NORTH,de04bb3b-f279-467c-a235-05f42ad9c4e9,a1ac5d18-8c9a-4047-8fdd-4d7d9deaa34e,ingres_2024-2025,,unmatched,,one,
DELHI,EAST,0336d4df-8cbc-496d-a3f3-2733f422c90a,a1ac5d18-8c9a-4047-8fdd-4d7d9deaa34e,ingres_2024-2025,78.0,exact,1.0,one,East
DELHI,OUTER NORTH,cc2a2270-c763-4458-9d3e-a970b24c846c,a1ac5d18-8c9a-4047-8fdd-4d7d9deaa34e,ingres_2024-2025,,unmatched,,one,
DELHI,CENTRAL,5adc7150-c044-453e-b267-0880402a03ed,a1ac5d18-8c9a-4047-8fdd-4d7d9deaa34e,ingres_2024-2025,77.0,exact,1.0,one,Central
DELHI,NEW DELHI,7638e0c5-7dfa-459c-b911-e215b68c9492,a1ac5d18-8c9a-4047-8fdd-4d7d9deaa34e,ingres_2024-2025,79.0,exact,1.0,one,New Delhi
DELHI,NORTH WEST,37e8af65-3dce-487e-a5cc-edf80c770d28,a1ac5d18-8c9a-4047-8fdd-4d7d9deaa34e,ingres_2024-2025,82.0,exact,1.0,one,North West
DELHI,SOUTH WEST,a04cd500-77b0-416d-bdca-b5e8d870e751,a1ac5d18-8c9a-4047-8fdd-4d7d9deaa34e,ingres_2024-2025,84.0,exact,1.0,one,South West
DELHI,NORTH EAST,4f9a1991-663c-40fd-92f4-50b747c9d031,a1ac5d18-8c9a-4047-8fdd-4d7d9deaa34e,ingres_2024-2025,81.0,exact,1.0,one,North East
DELHI,OLD DELHI,a66b6a73-2ba2-4951-a703-3ebd2c9ca2f8,a1ac5d18-8c9a-4047-8fdd-4d7d9deaa34e,ingres_2024-2025,,unmatched,,one,
ODISHA,KANDHAMAL,378ea75a-e671-40c5-9c2f-367c8d15ef39,d19a5290-2e40-494a-83d2-98f4c845b1f1,ingres_2024-2025,359.0,exact,1.0,one,Kandhamal
ODISHA,BHADRAK,4088a27e-045a-4583-9f0e-0404371e1826,d19a5290-2e40-494a-83d2-98f4c845b1f1,ingres_2024-2025,348.0,exact,1.0,one,Bhadrak
ODISHA,KEONJHAR,a97cb29e-d061-4469-9eee-93f042154c2f,d19a5290-2e40-494a-83d2-98f4c845b1f1,ingres_2024-2025,361.0,alias,,one,Kendujhar
ODISHA,NUAPADA,816b0f6b-e5b1-4290-ac89-b01f400f0ba9,d19a5290-2e40-494a-83d2-98f4c845b1f1,ingres_2024-2025,368.0,exact,1.0,one,Nuapada
ODISHA,BOUDH,6815641d-fab2-43b5-a7f0-b7a4a115cbdc,d19a5290-2e40-494a-83d2-98f4c845b1f1,ingres_2024-2025,349.0,exact,1.0,one,Boudh
ODISHA,BALASORE,20e36268-4d59-4a61-ab02-52b82a36823e,d19a5290-2e40-494a-83d2-98f4c845b1f1,ingres_2024-2025,346.0,alias,,one,Baleshwar
ODISHA,NABARANGAPUR,4aa949b6-68e3-4c82-8bd9-fd581095832c,d19a5290-2e40-494a-83d2-98f4c845b1f1,ingres_2024-2025,366.0,fuzzy,0.957,one,Nabarangpur
ODISHA,SAMBALPUR,437df683-b2e8-41fb-8ae9-8fa87a223ea9,d19a5290-2e40-494a-83d2-98f4c845b1f1,ingres_2024-2025,371.0,exact,1.0,one,Sambalpur
ODISHA,JHARSUGUDA,3c586dd9-7ff6-4f9f-ab37-696087326d56,d19a5290-2e40-494a-83d2-98f4c845b1f1,ingres_2024-2025,357.0,exact,1.0,one,Jharsuguda
ODISHA,JAGATSINGHPUR,f1fcbfed-6de1-4183-ba6d-bb17285cab63,d19a5290-2e40-494a-83d2-98f4c845b1f1,ingres_2024-2025,355.0,fuzzy,0.963,one,Jagatsinghapur
ODISHA,RAYAGADA,a09992b9-bfa0-44be-89fc-4cc59d36e0fd,d19a5290-2e40-494a-83d2-98f4c845b1f1,ingres_2024-2025,370.0,exact,1.0,one,Rayagada
ODISHA,DEOGARH,9f37aa03-753c-4397-a7df-c2a7ad3fa33a,d19a5290-2e40-494a-83d2-98f4c845b1f1,ingres_2024-2025,351.0,exact,1.0,one,Deogarh
ODISHA,NAYAGARH,eb01f485-9a66-4e9a-a161-dd498eb2455f,d19a5290-2e40-494a-83d2-98f4c845b1f1,ingres_2024-2025,367.0,exact,1.0,one,Nayagarh
ODISHA,KENDRAPARA,f9df174e-27ee-4238-a5dd-ea26bfb80323,d19a5290-2e40-494a-83d2-98f4c845b1f1,ingres_2024-2025,360.0,exact,1.0,one,Kendrapara
ODISHA,MAYURBHANJ,b42d6be5-f35f-4ea2-a596-12086234e8a2,d19a5290-2e40-494a-83d2-98f4c845b1f1,ingres_2024-2025,365.0,exact,1.0,one,Mayurbhanj
ODISHA,KORAPUT,d6056aa3-5385-48cb-8d62-4249629b98e2,d19a5290-2e40-494a-83d2-98f4c845b1f1,ingres_2024-2025,363.0,exact,1.0,one,Koraput
ODISHA,CUTTACK,eaf38531-f53b-4155-98c9-9b4911a90b12,d19a5290-2e40-494a-83d2-98f4c845b1f1,ingres_2024-2025,350.0,exact,1.0,one,Cuttack
ODISHA,KHURDA,27d52e97-f247-42a4-a90b-c9ba013ca285,d19a5290-2e40-494a-83d2-98f4c845b1f1,ingres_2024-2025,362.0,alias,,one,Khordha
ODISHA,DHENKANAL,8048531c-808c-4437-b18d-b96b8caa6ea0,d19a5290-2e40-494a-83d2-98f4c845b1f1,ingres_2024-2025,352.0,exact,1.0,one,Dhenkanal
ODISHA,JAJPUR,f5ddba37-396f-470d-b7ea-98c16cfc16d5,d19a5290-2e40-494a-83d2-98f4c845b1f1,ingres_2024-2025,356.0,fuzzy,0.923,one,Jajapur
ODISHA,SUBARNAPUR,18f463e7-852f-42ab-a288-7e1ba70ceef8,d19a5290-2e40-494a-83d2-98f4c845b1f1,ingres_2024-2025,372.0,alias,,one,Sonepur
ODISHA,GAJAPATI,9e5b5246-d83b-4d74-acb3-0246c81e27f6,d19a5290-2e40-494a-83d2-98f4c845b1f1,ingres_2024-2025,353.0,exact,1.0,one,Gajapati
ODISHA,BOLANGIR,f7fb82c1-d51b-4bbc-8388-c6b07511c09c,d19a5290-2e40-494a-83d2-98f4c845b1f1,ingres_2024-2025,345.0,fuzzy,0.875,one,Balangir
ODISHA,SUNDARGARH,cdc2cd5d-8ba0-4a26-96ca-08a982565ca4,d19a5290-2e40-494a-83d2-98f4c845b1f1,ingres_2024-2025,373.0,exact,1.0,one,Sundargarh
ODISHA,GANJAM,dde372a2-f38f-4fea-a40d-5ed1be3f12f7,d19a5290-2e40-494a-83d2-98f4c845b1f1,ingres_2024-2025,354.0,exact,1.0,one,Ganjam
ODISHA,MALKANGIRI,950281e1-0fd4-4054-a039-e5ca4686bc3f,d19a5290-2e40-494a-83d2-98f4c845b1f1,ingres_2024-2025,364.0,exact,1.0,one,Malkangiri
ODISHA,ANGUL,2edcf805-c410-439d-8da1-2ac4ef80b6e1,d19a5290-2e40-494a-83d2-98f4c845b1f1,ingres_2024-2025,344.0,fuzzy,0.909,one,Anugul
ODISHA,KALAHANDI,f4d42111-f65d-4f4c-987f-9adf44d131b0,d19a5290-2e40-494a-83d2-98f4c845b1f1,ingres_2024-2025,358.0,exact,1.0,one,Kalahandi
ODISHA,BARGARH,8617ae6f-7639-4765-b320-23389ac46832,d19a5290-2e40-494a-83d2-98f4c845b1f1,ingres_2024-2025,347.0,exact,1.0,one,Bargarh
ODISHA,PURI,584ae91d-80b1-4c33-94d7-978f8d0df7a9,d19a5290-2e40-494a-83d2-98f4c845b1f1,ingres_2024-2025,369.0,exact,1.0,one,Puri
ASSAM,DHEMAJI,35aa5516-1fd9-42aa-9830-bc50414faeed,94360caf-ebf0-4303-8c9e-3509bb0cded2,ingres_2024-2025,284.0,exact,1.0,one,Dhemaji
ASSAM,BONGAIGAON,0e0c0844-2935-4402-96c1-d8f577e65830,94360caf-ebf0-4303-8c9e-3509bb0cded2,ingres_2024-2025,281.0,exact,1.0,one,Bongaigaon
ASSAM,JORHAT,60de6f23-7c92-48b3-8fcb-8e73a46d0aa6,94360caf-ebf0-4303-8c9e-3509bb0cded2,ingres_2024-2025,290.0,exact,1.0,one,Jorhat
ASSAM,KAMRUP (M),bf4c46d9-425b-44a0-a0ce-f8f59fe3f12a,94360caf-ebf0-4303-8c9e-3509bb0cded2,ingres_2024-2025,618.0,alias,,one,Kamrup Metro
ASSAM,KOKRAJHAR,f0d22276-4750-4130-bebd-f518400dc511,94360caf-ebf0-4303-8c9e-3509bb0cded2,ingres_2024-2025,294.0,exact,1.0,one,Kokrajhar
ASSAM,DARRANG,e3fe2f79-d672-4fdf-8fc3-588b6166ffed,94360caf-ebf0-4303-8c9e-3509bb0cded2,ingres_2024-2025,283.0,exact,1.0,one,Darrang
ASSAM,HAILAKANDI,f03d0b15-f899-49c8-870b-9b2a9f4bb2a8,94360caf-ebf0-4303-8c9e-3509bb0cded2,ingres_2024-2025,289.0,exact,1.0,one,Hailakandi
ASSAM,KAMRUP,c35c8566-88ed-4494-b7af-10c12e475177,94360caf-ebf0-4303-8c9e-3509bb0cded2,ingres_2024-2025,291.0,exact,1.0,one,Kamrup
ASSAM,KARBI ANGLONG,2c3d788c-b842-4cff-8964-8a875198a426,94360caf-ebf0-4303-8c9e-3509bb0cded2,ingres_2024-2025,292.0,exact,1.0,one,Karbi Anglong
ASSAM,NALBARI,c4c1b676-53a1-4ff4-9010-c66b722ed44c,94360caf-ebf0-4303-8c9e-3509bb0cded2,ingres_2024-2025,298.0,exact,1.0,one,Nalbari
ASSAM,SONITPUR,6ac91db2-0b7d-49ba-99b1-bc3692bb017e,94360caf-ebf0-4303-8c9e-3509bb0cded2,ingres_2024-2025,301.0,exact,1.0,one,Sonitpur
ASSAM,TINSUKIA,022f066e-7003-43eb-b264-de875b8b339b,94360caf-ebf0-4303-8c9e-3509bb0cded2,ingres_2024-2025,302.0,exact,1.0,one,Tinsukia
ASSAM,SIBSAGAR,4f1a284a-1fea-4d94-b94d-6a726ec89aba,94360caf-ebf0-4303-8c9e-3509bb0cded2,ingres_2024-2025,300.0,alias,,one,Sivasagar
ASSAM,LAKHIMPUR,fb1f58df-7a3a-4f59-bfd8-ba8185d818f3,94360caf-ebf0-4303-8c9e-3509bb0cded2,ingres_2024-2025,295.0,exact,1.0,one,Lakhimpur
ASSAM,MORIGAON,c886e42c-986d-4fa6-9451-11697edc4431,94360caf-ebf0-4303-8c9e-3509bb0cded2,ingres_2024-2025,296.0,fuzzy,0.875,one,Marigaon
ASSAM,DHUBRI,0b5c8ca5-f5e1-40c9-a407-7c4496dc37e6,94360caf-ebf0-4303-8c9e-3509bb0cded2,ingres_2024-2025,285.0,exact,1.0,one,Dhubri
ASSAM,NAGAON,ed201586-ae74-4268-b6ef-a86332783113,94360caf-ebf0-4303-8c9e-3509bb0cded2,ingres_2024-2025,297.0,exact,1.0,one,Nagaon
ASSAM,DIMA HASAO,4781263e-c206-449f-a459-fb8581b674a0,94360caf-ebf0-4303-8c9e-3509bb0cded2,ingres_2024-2025,299.0,exact,1.0,one,Dima Hasao
ASSAM,CHIRANG,26b268a2-5ecf-4b52-a6ad-bfa164482450,94360caf-ebf0-4303-8c9e-3509bb0cded2,ingres_2024-2025,612.0,exact,1.0,one,Chirang
ASSAM,DIBRUGARH,8ff5628e-4fd6-4f70-a24c-f83e61e139f4,94360caf-ebf0-4303-8c9e-3509bb0cded2,ingres_2024-2025,286.0,exact,1.0,one,Dibrugarh
ASSAM,GOALPARA,5b8f0005-ff16-4aac-9a0c-ab8b7c9c2b58,94360caf-ebf0-4303-8c9e-3509bb0cded2,ingres_2024-2025,287.0,exact,1.0,one,Goalpara
ASSAM,UDALGURI,b2013225-7a29-46d7-858a-9eb1eaceef59,94360caf-ebf0-4303-8c9e-3509bb0cded2,ingres_2024-2025,617.0,exact,1.0,one,Udalguri
ASSAM,BAKSA,eb467efc-3b54-4076-b3f4-fdccc6225663,94360caf-ebf0-4303-8c9e-3509bb0cded2,ingres_2024-2025,616.0,exact,1.0,one,Baksa
ASSAM,CACHAR,47d9c36f-3949-4237-a0e4-89d544a589ef,94360caf-ebf0-4303-8c9e-3509bb0cded2,ingres_2024-2025,282.0,exact,1.0,one,Cachar
ASSAM,GOLAGHAT,fa4e0a65-fd91-48ee-83ff-c6fc9bce3241,94360caf-ebf0-4303-8c9e-3509bb0cded2,ingres_2024-2025,288.0,exact,1.0,one,Golaghat
ASSAM,BARPETA,6f323732-c5bd-44a8-b725-cb232be7b6a2,94360caf-ebf0-4303-8c9e-3509bb0cded2,ingres_2024-2025,280.0,exact,1.0,one,Barpeta
ASSAM,KARIMGANJ,a0f77356-09c0-4262-a21d-e2039241bd66,94360caf-ebf0-4303-8c9e-3509bb0cded2,ingres_2024-2025,293.0,exact,1.0,one,Karimganj
JHARKHAND,GODDA,c0cd1693-d418-43a2-b37f-99ca8cff5864,496bae22-c752-43d6-9bda-7798f9d3b32f,ingres_2024-2025,330.0,exact,1.0,one,Godda
JHARKHAND,GIRIDIH,5a282da9-238c-4cab-af78-76502d667eaa,496bae22-c752-43d6-9bda-7798f9d3b32f,ingres_2024-2025,329.0,exact,1.0,one,Giridih
JHARKHAND,SIMDEGA,bdb5ba98-6321-4e58-8d99-2e8e8ab206e5,496bae22-c752-43d6-9bda-7798f9d3b32f,ingres_2024-2025,342.0,exact,1.0,one,Simdega
JHARKHAND,GARHWA,ded2dfd4-a5de-4a59-b908-68fe3eb7e86e,496bae22-c752-43d6-9bda-7798f9d3b32f,ingres_2024-2025,328.0,exact,1.0,one,Garhwa
JHARKHAND,PAKUR,d88c459a-6779-4af5-aa89-130eadbc66f4,496bae22-c752-43d6-9bda-7798f9d3b32f,ingres_2024-2025,337.0,exact,1.0,one,Pakur
JHARKHAND,RAMGARH,d096f683-25aa-4be5-b411-24b1f76f57aa,496bae22-c752-43d6-9bda-7798f9d3b32f,ingres_2024-2025,607.0,exact,1.0,one,Ramgarh
JHARKHAND,SAHIBGANJ,60013cb9-f9c0-43dc-9549-4bf8f12004a9,496bae22-c752-43d6-9bda-7798f9d3b32f,ingres_2024-2025,340.0,fuzzy,0.889,one,Sahebganj
JHARKHAND,DUMKA,8773dbb2-cccd-49e2-a590-3090e9fa23f3,496bae22-c752-43d6-9bda-7798f9d3b32f,ingres_2024-2025,326.0,exact,1.0,one,Dumka
JHARKHAND,EAST SINGHBHUM,9b112ad9-bc7c-4ce2-b399-a37d99db7f45,496bae22-c752-43d6-9bda-7798f9d3b32f,ingres_2024-2025,327.0,alias,,one,East Singhbum
JHARKHAND,BOKARO,9a77d087-85e5-4a28-90ad-b66ee9425cb5,496bae22-c752-43d6-9bda-7798f9d3b32f,ingres_2024-2025,322.0,exact,1.0,one,Bokaro
JHARKHAND,CHATRA,18979066-68f6-43aa-8297-61ccd344bfbb,496bae22-c752-43d6-9bda-7798f9d3b32f,ingres_2024-2025,323.0,exact,1.0,one,Chatra
JHARKHAND,DEOGHAR,f3a833a0-9b0b-43c8-b986-0ec957a0f1be,496bae22-c752-43d6-9bda-7798f9d3b32f,ingres_2024-2025,324.0,exact,1.0,one,Deoghar
JHARKHAND,DHANBAD,edd956c4-f86f-4973-83bf-fdb668035494,496bae22-c752-43d6-9bda-7798f9d3b32f,ingres_2024-2025,325.0,exact,1.0,one,Dhanbad
JHARKHAND,GUMLA,89355b67-9481-4810-a4ca-9e7cb21010f7,496bae22-c752-43d6-9bda-7798f9d3b32f,ingres_2024-2025,331.0,exact,1.0,one,Gumla
JHARKHAND,HAZARIBAGH,b0578c57-b285-433a-aaae-244b62611be7,496bae22-c752-43d6-9bda-7798f9d3b32f,ingres_2024-2025,332.0,exact,1.0,one,Hazaribagh
JHARKHAND,JAMTARA,ff8c70e4-f8ef-416d-a9af-55ffe9644e25,496bae22-c752-43d6-9bda-7798f9d3b32f,ingres_2024-2025,333.0,exact,1.0,one,Jamtara
JHARKHAND,KHUNTI,eabce911-3642-497b-b37f-0bb911043290,496bae22-c752-43d6-9bda-7798f9d3b32f,ingres_2024-2025,606.0,exact,1.0,one,Khunti
JHARKHAND,KODERMA,583af189-81dc-4de5-8c19-7e7fea42cb2c,496bae22-c752-43d6-9bda-7798f9d3b32f,ingres_2024-2025,334.0,exact,1.0,one,Koderma
JHARKHAND,LATEHAR,9142928b-4599-452f-9693-739e7873da7c,496bae22-c752-43d6-9bda-7798f9d3b32f,ingres_2024-2025,335.0,exact,1.0,one,Latehar
JHARKHAND,LOHARDAGA,f1f6bbff-f0fa-4cd4-825e-91aba4d9bb47,496bae22-c752-43d6-9bda-7798f9d3b32f,ingres_2024-2025,336.0,exact,1.0,one,Lohardaga
JHARKHAND,PALAMU,9b445f07-eb7b-4b5b-8c92-bbb53dbef8c0,496bae22-c752-43d6-9bda-7798f9d3b32f,ingres_2024-2025,338.0,exact,1.0,one,Palamu
JHARKHAND,RANCHI,fec27e38-7577-42d9-bf4b-97ac2bf88f61,496bae22-c752-43d6-9bda-7798f9d3b32f,ingres_2024-2025,339.0,exact,1.0,one,Ranchi
JHARKHAND,SARAIKELA KHARSAWAN,b5e84997-9864-426e-8a08-c4ca74d70df3,496bae22-c752-43d6-9bda-7798f9d3b32f,ingres_2024-2025,341.0,exact,1.0,one,Saraikela Kharsawan
JHARKHAND,WEST SINGHBHUM,37831e0e-f4dc-47cc-a719-2e6d9cb38c1a,496bae22-c752-43d6-9bda-7798f9d3b32f,ingres_2024-2025,343.0,exact,1.0,one,West Singhbhum
UTTARAKHAND,DEHRADUN,7a4f6a3f-60c4-46c8-87a6-d8ab70d99c3a,200030a1-6d27-4dff-988a-e2104ff62ab8,ingres_2024-2025,49.0,exact,1.0,one,Dehradun
UTTARAKHAND,HARIDWAR,6f45bd2a-d7a9-4e7c-8cb6-7d93162575d6,200030a1-6d27-4dff-988a-e2104ff62ab8,ingres_2024-2025,50.0,exact,1.0,one,Haridwar
UTTARAKHAND,NAINITAL,4f6bffcb-4d7b-4a26-b417-de9dd5a387f2,200030a1-6d27-4dff-988a-e2104ff62ab8,ingres_2024-2025,51.0,exact,1.0,one,Nainital
UTTARAKHAND,UDHAMSINGH NAGAR,93dd313d-a378-470a-bfd5-7b5f43aabc30,200030a1-6d27-4dff-988a-e2104ff62ab8,ingres_2024-2025,56.0,fuzzy,0.966,one,Udam Singh Nagar
MANIPUR,IMPHAL EAST,960f533e-eafb-4c4e-8535-1c2c7f9ecf49,0ee3cc5b-1b67-465c-9528-46540aea9cb7,ingres_2024-2025,255.0,exact,1.0,one,Imphal East
MANIPUR,SENAPATI,ee9eb094-f4a0-4b46-aa9a-868ed1ab0936,0ee3cc5b-1b67-465c-9528-46540aea9cb7,ingres_2024-2025,257.0,exact,1.0,one,Senapati
MANIPUR,TAMENGLONG,2e339537-2481-479e-9149-fdd6dd5b3160,0ee3cc5b-1b67-465c-9528-46540aea9cb7,ingres_2024-2025,258.0,exact,1.0,one,Tamenglong
MANIPUR,CHANDEL,8aeb3772-7f64-4104-bc08-0f43835e1cd1,0ee3cc5b-1b67-465c-9528-46540aea9cb7,ingres_2024-2025,253.0,exact,1.0,one,Chandel
MANIPUR,CHURACHANPUR,cface756-418e-4c28-990a-28dcf1cb7e0d,0ee3cc5b-1b67-465c-9528-46540aea9cb7,ingres_2024-2025,254.0,fuzzy,0.96,one,Churachandpur
MANIPUR,IMPHAL WEST,3db84a10-0b68-47cc-8f4e-5d92a2d84a6d,0ee3cc5b-1b67-465c-9528-46540aea9cb7,ingres_2024-2025,256.0,exact,1.0,one,Imphal West
MANIPUR,UKHRUL,9c9869e8-3f46-4270-be59-226df9cbff4a,0ee3cc5b-1b67-465c-9528-46540aea9cb7,ingres_2024-2025,260.0,exact,1.0,one,Ukhrul
MANIPUR,BISHNUPUR,ed6e8bdb-f4c0-4616-87e5-38493a012b45,0ee3cc5b-1b67-465c-9528-46540aea9cb7,ingres_2024-2025,252.0,exact,1.0,one,Bishnupur
MANIPUR,THOUBAL,8a75da07-4f86-4c96-8299-6d7395a37019,0ee3cc5b-1b67-465c-9528-46540aea9cb7,ingres_2024-2025,259.0,exact,1.0,one,Thoubal
TAMILNADU,THOOTHUKUDI,d5ad64ab-1c2e-49d4-a7c5-8c568126e3fd,e98cd5b7-6556-4c0f-a778-3429e1c14a6b,ingres_2024-2025,594.0,alias,,one,Tuticorin
TAMILNADU,NAMAKKAL,8c289400-6586-426b-9f03-ab7b15563d24,e98cd5b7-6556-4c0f-a778-3429e1c14a6b,ingres_2024-2025,580.0,exact,1.0,one,Namakkal
TAMILNADU,TENKASI,babce2e4-aad9-4f2f-966f-8022400b89bc,e98cd5b7-6556-4c0f-a778-3429e1c14a6b,ingres_2024-2025,733.0,exact,1.0,one,Tenkasi
TAMILNADU,VELLORE,161b1ce6-66a4-46c2-a4f7-e262f5a3b06f,e98cd5b7-6556-4c0f-a778-3429e1c14a6b,ingres_2024-2025,595.0,exact,1.0,one,Vellore
TAMILNADU,KRISHNAGIRI,0a062167-2fdd-45f5-a3f7-de6223e6532b,e98cd5b7-6556-4c0f-a778-3429e1c14a6b,ingres_2024-2025,577.0,exact,1.0,one,Krishnagiri
TAMILNADU,NAGAPATTINAM,099b90e7-dca7-42d9-9c53-1b7b9fe9075c,e98cd5b7-6556-4c0f-a778-3429e1c14a6b,ingres_2024-2025,579.0,exact,1.0,one,Nagapattinam
TAMILNADU,RANIPET,fd7a00fc-a284-4478-868e-f942c7aadacd,e98cd5b7-6556-4c0f-a778-3429e1c14a6b,ingres_2024-2025,731.0,exact,1.0,one,Ranipet
TAMILNADU,PERAMBALUR,39174651-7420-4fd0-8f1b-af3a1d7177d5,e98cd5b7-6556-4c0f-a778-3429e1c14a6b,ingres_2024-2025,581.0,exact,1.0,one,Perambalur
TAMILNADU,TIRUVANNAMALAI,324cd1ba-361f-4134-bafc-b0dc32b13306,e98cd5b7-6556-4c0f-a778-3429e1c14a6b,ingres_2024-2025,593.0,exact,1.0,one,Tiruvannamalai
TAMILNADU,DINDIGUL,bbee7054-c0e2-4cd2-9027-d620b0acca95,e98cd5b7-6556-4c0f-a778-3429e1c14a6b,ingres_2024-2025,572.0,exact,1.0,one,Dindigul
TAMILNADU,KARUR,04b66e00-51df-4569-8a20-73e5fec18480,e98cd5b7-6556-4c0f-a778-3429e1c14a6b,ingres_2024-2025,576.0,exact,1.0,one,Karur
TAMILNADU,KANCHEEPURAM,92e1051a-c7cb-4ebc-8722-97e3e8f0ecb2,e98cd5b7-6556-4c0f-a778-3429e1c14a6b,ingres_2024-2025,574.0,fuzzy,0.87,one,Kanchipuram
TAMILNADU,KANNIYAKUMARI,db4bf4f5-58fd-483b-b441-e2dd9525b2b4,e98cd5b7-6556-4c0f-a778-3429e1c14a6b,ingres_2024-2025,575.0,exact,1.0,one,Kanniyakumari
TAMILNADU,KALLAKURICHCHI,8e5c976d-ba67-4e5c-8c58-79c67ebc6d60,e98cd5b7-6556-4c0f-a778-3429e1c14a6b,ingres_2024-2025,729.0,fuzzy,0.923,one,Kallakurichi
TAMILNADU,TIRUCHIRAPPALLI,e317d594-dd8e-408f-96ea-c84c96b980a8,e98cd5b7-6556-4c0f-a778-3429e1c14a6b,ingres_2024-2025,591.0,exact,1.0,one,Tiruchirappalli
TAMILNADU,ARIYALUR,06df62fc-f8dc-4961-b3a8-6f32f539910a,e98cd5b7-6556-4c0f-a778-3429e1c14a6b,ingres_2024-2025,610.0,exact,1.0,one,Ariyalur
TAMILNADU,TIRUVALLUR,2e628024-3969-42fc-bdbc-dc426c63176e,e98cd5b7-6556-4c0f-a778-3429e1c14a6b,ingres_2024-2025,589.0,fuzzy,0.952,one,Thiruvallur
TAMILNADU,CHENNAI,8801b0c2-0a9b-4189-875a-de0be55f3c52,e98cd5b7-6556-4c0f-a778-3429e1c14a6b,ingres_2024-2025,568.0,exact,1.0,one,Chennai
TAMILNADU,COIMBATORE,1ca98909-82ca-4f31-87c3-6d04e0d5c53b,e98cd5b7-6556-4c0f-a778-3429e1c14a6b,ingres_2024-2025,569.0,exact,1.0,one,Coimbatore
TAMILNADU,CUDDALORE,e4ee317d-bf23-465a-8d1f-a1b6640d82db,e98cd5b7-6556-4c0f-a778-3429e1c14a6b,ingres_2024-2025,570.0,exact,1.0,one,Cuddalore
TAMILNADU,DHARMAPURI,33074a09-7325-46bf-80c6-6d0df13f1d50,e98cd5b7-6556-4c0f-a778-3429e1c14a6b,ingres_2024-2025,571.0,exact,1.0,one,Dharmapuri
TAMILNADU,ERODE,22b3f04d-0cf4-4d0d-9b4d-44525687a00a,e98cd5b7-6556-4c0f-a778-3429e1c14a6b,ingres_2024-2025,573.0,exact,1.0,one,Erode
TAMILNADU,MADURAI,b9295424-8d20-4310-8b66-a0057e25d40d,e98cd5b7-6556-4c0f-a778-3429e1c14a6b,ingres_2024-2025,578.0,exact,1.0,one,Madurai
TAMILNADU,PUDUKKOTTAI,b0ffa1ac-592f-47ff-8fed-c2a419579087,e98cd5b7-6556-4c0f-a778-3429e1c14a6b,ingres_2024-2025,582.0,exact,1.0,one,Pudukkottai
TAMILNADU,RAMANATHAPURAM,2d3f1d98-be3f-4af4-a8c2-42be3f93892e,e98cd5b7-6556-4c0f-a778-3429e1c14a6b,ingres_2024-2025,583.0,exact,1.0,one,Ramanathapuram
TAMILNADU,SALEM,244aaccb-c2e9-4191-8129-802b7152f1bf,e98cd5b7-6556-4c0f-a778-3429e1c14a6b,ingres_2024-2025,584.0,exact,1.0,one,Salem
TAMILNADU,SIVAGANGAI,281b90ca-c47c-40f8-8adc-a80c5a4d4a8d,e98cd5b7-6556-4c0f-a778-3429e1c14a6b,ingres_2024-2025,585.0,fuzzy,0.947,one,Sivaganga
TAMILNADU,THANJAVUR,c72ed640-bd58-400d-a30e-6bddc3b05d35,e98cd5b7-6556-4c0f-a778-3429e1c14a6b,ingres_2024-2025,586.0,exact,1.0,one,Thanjavur
TAMILNADU,THE NILGIRIS,7418cfa2-6c97-4984-b1ef-8ae1a3b4010b,e98cd5b7-6556-4c0f-a778-3429e1c14a6b,ingres_2024-2025,587.0,exact,1.0,one,The Nilgiris
TAMILNADU,THENI,012e915f-eab3-4235-be36-d6bb2374c9e8,e98cd5b7-6556-4c0f-a778-3429e1c14a6b,ingres_2024-2025,588.0,exact,1.0,one,Theni
TAMILNADU,THIRUVARUR,82bc2daa-a390-437c-b638-f2f06b29a92d,e98cd5b7-6556-4c0f-a778-3429e1c14a6b,ingres_2024-2025,590.0,exact,1.0,one,Thiruvarur
TAMILNADU,TIRUNELVELI,2851fa1e-0a7a-4257-bd4b-56f7f44d63bf,e98cd5b7-6556-4c0f-a778-3429e1c14a6b,ingres_2024-2025,592.0,exact,1.0,one,Tirunelveli
TAMILNADU,TIRUPPUR,c0b90526-4902-457e-bad5-275b4d69a41f,e98cd5b7-6556-4c0f-a778-3429e1c14a6b,ingres_2024-2025,634.0,exact,1.0,one,Tiruppur
TAMILNADU,VILLUPURAM,479dc66b-c62f-4102-935b-d799901e61c3,e98cd5b7-6556-4c0f-a778-3429e1c14a6b,ingres_2024-2025,596.0,exact,1.0,one,Villupuram
TAMILNADU,VIRUDHUNAGAR,768c1563-730a-4060-8e8e-70d763d2d5b0,e98cd5b7-6556-4c0f-a778-3429e1c14a6b,ingres_2024-2025,597.0,exact,1.0,one,Virudhunagar
TAMILNADU,CHENGALPATTU,70f2da31-929b-4977-8610-da37d3a3be73,e98cd5b7-6556-4c0f-a778-3429e1c14a6b,ingres_2024-2025,730.0,exact,1.0,one,Chengalpattu
TAMILNADU,TIRUPATHUR,95c58d7f-5c9a-4448-9d6b-1a55356b3a1b,e98cd5b7-6556-4c0f-a778-3429e1c14a6b,ingres_2024-2025,732.0,exact,1.0,one,Tirupathur
TAMILNADU,MAYILADUTHURAI,811b73a2-6b19-47be-8792-a78d4a0c26f4,e98cd5b7-6556-4c0f-a778-3429e1c14a6b,ingres_2024-2025,735.0,exact,1.0,one,Mayiladuthurai
RAJASTHAN,DHAULPUR,822cb660-daae-43a4-a74c-af10d4b346f6,785cc6f0-e9d0-4961-9578-08ed2f24377a,ingres_2024-2025,98.0,alias,,one,Dholpur
RAJASTHAN,PRATAPGARH,e848847a-5cc7-4c6a-8181-a5281fe31ef5,785cc6f0-e9d0-4961-9578-08ed2f24377a,ingres_2024-2025,629.0,exact,1.0,one,Pratapgarh
RAJASTHAN,ALWAR,0c780f85-2c8f-4c47-ba5a-8ab0ee6a1b11,785cc6f0-e9d0-4961-9578-08ed2f24377a,ingres_2024-2025,87.0,exact,1.0,one,Alwar
RAJASTHAN,DAUSA,31c4fc45-ca4e-482e-b415-1956b0a87180,785cc6f0-e9d0-4961-9578-08ed2f24377a,ingres_2024-2025,97.0,exact,1.0,one,Dausa
RAJASTHAN,BIKANER,2ba1649b-63a4-4ff9-ba7b-e134d9ab34e3,785cc6f0-e9d0-4961-9578-08ed2f24377a,ingres_2024-2025,93.0,exact,1.0,one,Bikaner
RAJASTHAN,KARAULI,0feb2a4d-6d52-4224-a672-47012085cf7b,785cc6f0-e9d0-4961-9578-08ed2f24377a,ingres_2024-2025,108.0,exact,1.0,one,Karauli
RAJASTHAN,CHITTAURGARH,946136e8-bc2d-4cca-8cff-3a834a9b9d1c,785cc6f0-e9d0-4961-9578-08ed2f24377a,ingres_2024-2025,95.0,fuzzy,0.87,one,Chittorgarh
RAJASTHAN,AJMER,60772ee9-dbad-4870-b441-4905348e0dd2,785cc6f0-e9d0-4961-9578-08ed2f24377a,ingres_2024-2025,86.0,exact,1.0,one,Ajmer
RAJASTHAN,BHARATPUR,85153aa2-ab3b-44c5-bba6-5502e549e123,785cc6f0-e9d0-4961-9578-08ed2f24377a,ingres_2024-2025,91.0,exact,1.0,one,Bharatpur
RAJASTHAN,JALOR,19d8d425-5f53-4949-aeb6-a390e7e11130,785cc6f0-e9d0-4961-9578-08ed2f24377a,ingres_2024-2025,104.0,fuzzy,0.909,one,Jalore
RAJASTHAN,BARAN,9263e6ae-ae45-4bff-8728-bc2dc3886a9a,785cc6f0-e9d0-4961-9578-08ed2f24377a,ingres_2024-2025,89.0,exact,1.0,one,Baran
RAJASTHAN,UDAIPUR,df630827-0da4-46f0-9853-f452f6f9ba7e,785cc6f0-e9d0-4961-9578-08ed2f24377a,ingres_2024-2025,117.0,exact,1.0,one,Udaipur
RAJASTHAN,JAISALMER,e40d7368-e754-47c9-a418-a596f98313d3,785cc6f0-e9d0-4961-9578-08ed2f24377a,ingres_2024-2025,103.0,exact,1.0,one,Jaisalmer
RAJASTHAN,SIROHI,2e22a793-af43-4f7d-b085-6422ecbf83c7,785cc6f0-e9d0-4961-9578-08ed2f24377a,ingres_2024-2025,115.0,exact,1.0,one,Sirohi
RAJASTHAN,TONK,9cc4227b-6f46-4992-ab4c-9e09cf6185ab,785cc6f0-e9d0-4961-9578-08ed2f24377a,ingres_2024-2025,116.0,exact,1.0,one,Tonk
RAJASTHAN,RAJSAMAND,c444ffe4-2a6a-4bce-9f1a-ffacde1aef37,785cc6f0-e9d0-4961-9578-08ed2f24377a,ingres_2024-2025,112.0,exact,1.0,one,Rajsamand
RAJASTHAN,JAIPUR,f92cddfd-fe96-49e4-8bc7-54ea9f93657a,785cc6f0-e9d0-4961-9578-08ed2f24377a,ingres_2024-2025,102.0,exact,1.0,one,Jaipur
RAJASTHAN,GANGANAGAR,863727a5-fccc-4801-a1a8-e11edc0998ab,785cc6f0-e9d0-4961-9578-08ed2f24377a,ingres_2024-2025,100.0,exact,1.0,one,Ganganagar
RAJASTHAN,DUNGARPUR,330f9f42-37a9-4781-856b-5b36e8805e07,785cc6f0-e9d0-4961-9578-08ed2f24377a,ingres_2024-2025,99.0,exact,1.0,one,Dungarpur
RAJASTHAN,BHILWARA,75a0cd47-d6b2-44a9-8e7b-5818e4c6f056,785cc6f0-e9d0-4961-9578-08ed2f24377a,ingres_2024-2025,92.0,exact,1.0,one,Bhilwara
RAJASTHAN,SAWAI MADHOPUR,a1df1803-1430-468b-97c3-b01c4d1a6951,785cc6f0-e9d0-4961-9578-08ed2f24377a,ingres_2024-2025,113.0,exact,1.0,one,Sawai Madhopur
RAJASTHAN,JHUNJHUNU,1fdf628d-06d8-473d-be8f-c69eeffdd1f0,785cc6f0-e9d0-4961-9578-08ed2f24377a,ingres_2024-2025,106.0,exact,1.0,one,Jhunjhunu
RAJASTHAN,BUNDI,68b1bbf6-4340-43df-8f4d-bc79fbe021a4,785cc6f0-e9d0-4961-9578-08ed2f24377a,ingres_2024-2025,94.0,exact,1.0,one,Bundi
RAJASTHAN,JODHPUR,931539cb-b509-44db-9c88-8bf4e4c2cd18,785cc6f0-e9d0-4961-9578-08ed2f24377a,ingres_2024-2025,107.0,exact,1.0,one,Jodhpur
RAJASTHAN,BARMER,a5e8b10f-cb7e-4b6e-882d-5dfa8dcf723e,785cc6f0-e9d0-4961-9578-08ed2f24377a,ingres_2024-2025,90.0,exact,1.0,one,Barmer
RAJASTHAN,JHALAWAR,0964c865-cd07-4abf-8bb6-3de9c1382f03,785cc6f0-e9d0-4961-9578-08ed2f24377a,ingres_2024-2025,105.0,exact,1.0,one,Jhalawar
RAJASTHAN,CHURU,07f93dd5-eb2c-4520-8eb1-9efefd247496,785cc6f0-e9d0-4961-9578-08ed2f24377a,ingres_2024-2025,96.0,exact,1.0,one,Churu
RAJASTHAN,HANUMANGARH,71d74d01-6d4b-4963-ae9a-766ff0f8322b,785cc6f0-e9d0-4961-9578-08ed2f24377a,ingres_2024-2025,101.0,exact,1.0,one,Hanumangarh
RAJASTHAN,BANSWARA,cc0bf7a5-dcfb-48e5-8d3b-15c747a8fd82,785cc6f0-e9d0-4961-9578-08ed2f24377a,ingres_2024-2025,88.0,exact,1.0,one,Banswara
RAJASTHAN,SIKAR,f2f22f3f-f01e-458c-bb34-40e81976e872,785cc6f0-e9d0-4961-9578-08ed2f24377a,ingres_2024-2025,114.0,exact,1.0,one,Sikar
RAJASTHAN,PALI,d8b99c26-465d-4a50-99c4-1be47534bbcc,785cc6f0-e9d0-4961-9578-08ed2f24377a,ingres_2024-2025,111.0,exact,1.0,one,Pali
RAJASTHAN,KOTA,709c980b-f860-4dc9-bbf6-06fecbbb2f93,785cc6f0-e9d0-4961-9578-08ed2f24377a,ingres_2024-2025,109.0,exact,1.0,one,Kota
RAJASTHAN,NAGAUR,dcb34210-de3f-4b2d-a59e-9003b6f7ceda,785cc6f0-e9d0-4961-9578-08ed2f24377a,ingres_2024-2025,110.0,exact,1.0,one,Nagaur
GUJARAT,AHMEDABAD,630e391c-ba99-4599-b73c-003992dfdf7a,8fd29251-6e20-4f33-9a96-f47cab45eb13,ingres_2024-2025,438.0,fuzzy,0.889,one,Ahmadabad
GUJARAT,TAPI,0dd7d44a-1755-491c-885f-6b5626f688e3,8fd29251-6e20-4f33-9a96-f47cab45eb13,ingres_2024-2025,641.0,exact,1.0,one,Tapi
GUJARAT,RAJKOT,24ff7063-979b-44fb-9c8c-1e341bab3425,8fd29251-6e20-4f33-9a96-f47cab45eb13,ingres_2024-2025,457.0,exact,1.0,one,Rajkot
GUJARAT,GANDHINAGAR,81c138b4-0cb7-4abe-ac89-492a3663db35,8fd29251-6e20-4f33-9a96-f47cab45eb13,ingres_2024-2025,446.0,exact,1.0,one,Gandhinagar
GUJARAT,SABARKANTHA,5fc0478e-0525-4856-beaa-7bb753a0391f,8fd29251-6e20-4f33-9a96-f47cab45eb13,ingres_2024-2025,458.0,exact,1.0,one,Sabar Kantha
GUJARAT,VALSAD,47210154-06ab-4f5a-bd89-4379d5759c2d,8fd29251-6e20-4f33-9a96-f47cab45eb13,ingres_2024-2025,462.0,exact,1.0,one,Valsad
GUJARAT,RANA AND KUTCH,362de0ff-c148-47eb-8c9f-024a6fbe6e98,8fd29251-6e20-4f33-9a96-f47cab45eb13,ingres_2024-2025,449.0,alias,,part_of,Kachchh
GUJARAT,KHEDA,498b5f84-a46b-4aa4-9dc5-6ca9dec681e5,8fd29251-6e20-4f33-9a96-f47cab45eb13,ingres_2024-2025,450.0,exact,1.0,one,Kheda
GUJARAT,DANG,27713064-c5e1-4c47-a306-47a777a4665d,8fd29251-6e20-4f33-9a96-f47cab45eb13,ingres_2024-2025,444.0,exact,1.0,one,Dang
GUJARAT,SURAT,fcd0d05b-1ea0-4d77-acb3-980794a1c3fa,8fd29251-6e20-4f33-9a96-f47cab45eb13,ingres_2024-2025,459.0,exact,1.0,one,Surat
GUJARAT,ANAND,be144c65-7c48-4533-87d9-e6974e99a2c9,8fd29251-6e20-4f33-9a96-f47cab45eb13,ingres_2024-2025,440.0,exact,1.0,one,Anand
GUJARAT,PANCHMAHAL,88320205-7e99-4e52-bd58-51e6f63978c8,8fd29251-6e20-4f33-9a96-f47cab45eb13,ingres_2024-2025,454.0,fuzzy,0.952,one,Panch Mahals
GUJARAT,VADODARA,aba29d2e-1aba-4d84-aa16-26eb49664f1a,8fd29251-6e20-4f33-9a96-f47cab45eb13,ingres_2024-2025,461.0,exact,1.0,one,Vadodara
GUJARAT,PATAN,7dc4bde5-e37e-4881-88b1-d8a78df59979,8fd29251-6e20-4f33-9a96-f47cab45eb13,ingres_2024-2025,455.0,exact,1.0,one,Patan
GUJARAT,DAHOD,53c1850f-35bc-45b9-b540-b774c69436da,8fd29251-6e20-4f33-9a96-f47cab45eb13,ingres_2024-2025,445.0,alias,,one,Dohad
GUJARAT,NARMADA,d67bd3a4-fdab-45a4-8830-239ac5d1c94f,8fd29251-6e20-4f33-9a96-f47cab45eb13,ingres_2024-2025,452.0,exact,1.0,one,Narmada
GUJARAT,DEVBHUMI DWARKA,d9644bfe-bb94-4073-9589-d721423fc0d3,8fd29251-6e20-4f33-9a96-f47cab45eb13,ingres_2024-2025,674.0,exact,1.0,one,Devbhumi Dwarka
GUJARAT,JUNAGADH,2c69d1a2-64ca-432b-91a8-743faf53a227,8fd29251-6e20-4f33-9a96-f47cab45eb13,ingres_2024-2025,448.0,exact,1.0,one,Junagadh
GUJARAT,KACHCHH,b113dbf5-fa83-492d-ab43-77bbe4f596e4,8fd29251-6e20-4f33-9a96-f47cab45eb13,ingres_2024-2025,449.0,exact,1.0,one,Kachchh
GUJARAT,MAHISAGAR,2d612d47-6b31-4e69-acd7-cd87cdd8e316,8fd29251-6e20-4f33-9a96-f47cab45eb13,ingres_2024-2025,669.0,exact,1.0,one,Mahisagar
GUJARAT,ARVALLI,192ec33e-0ad2-43b4-9bc7-55da629f5249,8fd29251-6e20-4f33-9a96-f47cab45eb13,ingres_2024-2025,672.0,exact,1.0,one,Arvalli
GUJARAT,BHAVNAGAR,d4701e53-f9c3-42e1-aa78-cac1d279c13f,8fd29251-6e20-4f33-9a96-f47cab45eb13,ingres_2024-2025,443.0,exact,1.0,one,Bhavnagar
GUJARAT,SURENDRANAGAR,1e2ef139-a670-43b9-addf-c78494bdcc39,8fd29251-6e20-4f33-9a96-f47cab45eb13,ingres_2024-2025,460.0,exact,1.0,one,Surendranagar
GUJARAT,JAMNAGAR,b15e255a-0e69-4ed2-935b-76ad0d68a0ea,8fd29251-6e20-4f33-9a96-f47cab45eb13,ingres_2024-2025,447.0,exact,1.0,one,Jamnagar
GUJARAT,NAVSARI,1967964a-35ba-40f1-9d45-a3096bb80188,8fd29251-6e20-4f33-9a96-f47cab45eb13,ingres_2024-2025,453.0,exact,1.0,one,Navsari
GUJARAT,AMRELI,c268347b-14af-48b1-9b21-8ac8b0350f0f,8fd29251-6e20-4f33-9a96-f47cab45eb13,ingres_2024-2025,439.0,exact,1.0,one,Amreli
GUJARAT,BANASKANTHA,c768d320-7701-40ac-b920-797ae94011f7,8fd29251-6e20-4f33-9a96-f47cab45eb13,ingres_2024-2025,441.0,exact,1.0,one,Banas Kantha
GUJARAT,BHARUCH,9dbf484f-1760-46a4-9888-7163cdd5d351,8fd29251-6e20-4f33-9a96-f47cab45eb13,ingres_2024-2025,442.0,exact,1.0,one,Bharuch
GUJARAT,BOTAD,776cc474-8579-4086-ba04-4a0e14e2a3d8,8fd29251-6e20-4f33-9a96-f47cab45eb13,ingres_2024-2025,676.0,exact,1.0,one,Botad
GUJARAT,CHHOTA UDEPUR,53524018-9ab4-4ca6-927a-18ec410147ec,8fd29251-6e20-4f33-9a96-f47cab45eb13,ingres_2024-2025,668.0,exact,1.0,one,Chhotaudepur
GUJARAT,GIR SOMNATH,ecdab4f7-25ed-48fb-994f-12ff6fd97c3b,8fd29251-6e20-4f33-9a96-f47cab45eb13,ingres_2024-2025,675.0,exact,1.0,one,Gir Somnath
GUJARAT,MAHESANA,4d7464bc-ee47-48c7-8650-7aa5c88d320a,8fd29251-6e20-4f33-9a96-f47cab45eb13,ingres_2024-2025,451.0,exact,1.0,one,Mahesana
GUJARAT,MORBI,c41795a9-2a1a-4fb3-a1b2-dfdc69a21a5d,8fd29251-6e20-4f33-9a96-f47cab45eb13,ingres_2024-2025,673.0,exact,1.0,one,Morbi
GUJARAT,PORBANDAR,9195987a-093c-4e8e-9b84-03bb755c47ff,8fd29251-6e20-4f33-9a96-f47cab45eb13,ingres_2024-2025,456.0,exact,1.0,one,Porbandar
LADAKH,LEH,273076c1-5539-468c-82c1-cc90fd25ebf0,6ad10263-20ad-4001-86c0-738be00ec03e,ingres_2024-2025,9.0,alias,,one,Leh Ladakh
LADAKH,KARGIL,bbb18b34-aa38-4e88-b8e2-b5cfaa76b49b,6ad10263-20ad-4001-86c0-738be00ec03e,ingres_2024-2025,6.0,exact,1.0,one,Kargil
