cell,dist_lgd,w_km2
4248,1,3.037
4249,1,228.447
4269,1,285.527
4270,1,636.048
4271,1,24.152
4290,1,257.887
4291,1,454.616
4312,1,192.933
4313,1,550.645
4314,1,95.489
4337,1,0.405
4266,2,6.347
4267,2,52.872
4287,2,145.764
4288,2,585.023
4289,2,162.876
4309,2,6.654
4310,2,223.764
4311,2,67.212
4287,3,105.884
4307,3,124.064
4308,3,569.594
4309,3,632.152
4310,3,223.678
4331,3,1.13
4332,3,59.768
4333,3,311.277
4334,3,35.821
4204,4,27.429
4205,4,196.495
4206,4,258.686
4207,4,66.935
4227,4,316.632
4228,4,630.938
4229,4,361.588
4230,4,277.039
4249,4,164.172
4250,4,109.877
4181,5,474.742
4182,5,21.652
4200,5,218.861
4201,5,599.32
4202,5,531.61
4203,5,156.372
4223,5,9.287
4224,5,125.863
4225,5,23.619
4210,6,0.181
4211,6,115.704
4212,6,61.185
4233,6,330.31
4234,6,646.871
4235,6,378.567
4236,6,16.377
4254,6,258.244
4255,6,643.537
4256,6,645.058
4257,6,584.69
4258,6,29.701
4273,6,21.501
4274,6,457.98
4275,6,642.167
4276,6,616.245
4277,6,434.051
4278,6,7.908
4293,6,65.109
4294,6,348.8
4295,6,641.315
4296,6,266.764
4297,6,63.748
4313,6,1.145
4314,6,179.574
4315,6,613.051
4316,6,639.544
4317,6,639.544
4318,6,388.017
4337,6,139.182
4338,6,633.527
4339,6,637.681
4340,6,637.681
4341,6,637.681
4342,6,417.691
4361,6,30.507
4362,6,240.446
4363,6,494.869
4364,6,510.088
4365,6,88.885
4387,6,0.09
4168,7,421.216
4169,7,333.755
4170,7,19.9
4182,7,3.293
4183,7,382.037
4184,7,650.2
4185,7,367.405
4204,7,1.392
4205,7,120.787
4206,7,155.998
4308,8,0.986
4331,8,352.466
4332,8,577.939
4333,8,317.449
4334,8,4.169
4354,8,120.077
4355,8,488.151
4356,8,633.944
4357,8,141.977
4379,8,79.591
4380,8,28.78
4180,9,31.55
4193,9,72.967
4194,9,251.42
4195,9,316.734
4196,9,311.587
4197,9,621.044
4198,9,645.572
4199,9,507.83
4212,9,306.609
4213,9,162.388
4214,9,468.908
4215,9,648.672
4216,9,646.308
4217,9,648.672
4218,9,648.672
4219,9,648.672
4220,9,531.175
4235,9,268.319
4236,9,630.494
4237,9,646.871
4238,9,646.871
4239,9,646.871
4240,9,646.871
4241,9,646.871
4242,9,646.871
4257,9,60.349
4258,9,615.357
4259,9,645.058
4260,9,645.058
4261,9,645.058
4262,9,645.058
4263,9,551.341
4276,9,26.939
4277,9,209.181
4278,9,635.349
4279,9,643.232
4280,9,643.232
4281,9,643.232
4282,9,643.232
4283,9,643.232
4284,9,549.917
4296,9,374.595
4297,9,577.694
4298,9,641.394
4299,9,641.394
4300,9,641.394
4301,9,641.394
4302,9,641.394
4303,9,641.394
4304,9,641.394
4305,9,553.972
4318,9,251.527
4319,9,639.544
4320,9,639.544
4321,9,639.544
4322,9,639.544
4323,9,639.544
4324,9,639.544
4325,9,639.544
4326,9,639.544
4327,9,627.91
4328,9,559.371
4329,9,516.496
4337,9,161.254
4338,9,4.131
4342,9,219.974
4343,9,637.681
4344,9,637.681
4345,9,637.681
4346,9,637.681
4347,9,637.681
4348,9,637.681
4349,9,637.681
4350,9,637.681
4351,9,637.681
4352,9,637.681
4353,9,637.681
4359,9,20.561
4360,9,541.319
4361,9,605.322
4362,9,395.361
4363,9,140.937
4364,9,125.679
4365,9,546.972
4366,9,635.807
4367,9,635.807
4368,9,635.807
4369,9,635.807
4370,9,635.807
4371,9,635.807
4372,9,635.807
4373,9,635.807
4374,9,635.807
4375,9,635.807
4376,9,635.807
4377,9,635.807
4380,9,188.475
4381,9,443.909
4382,9,362.249
4383,9,632.618
4384,9,633.92
4385,9,633.92
4386,9,633.92
4387,9,633.869
4388,9,633.92
4389,9,633.92
4390,9,633.92
4391,9,633.92
4392,9,633.92
4393,9,633.92
4394,9,633.92
4395,9,633.92
4396,9,633.92
4397,9,633.92
4398,9,633.92
4399,9,633.92
4400,9,633.92
4401,9,633.92
4402,9,418.502
4403,9,582.782
4404,9,632.021
4405,9,632.021
4406,9,632.021
4407,9,632.021
4408,9,632.021
4409,9,632.021
4410,9,632.021
4411,9,632.021
4412,9,632.021
4413,9,632.021
4414,9,632.021
4415,9,632.021
4416,9,632.021
4417,9,632.021
4418,9,632.021
4419,9,632.021
4420,9,632.021
4421,9,632.021
4422,9,632.021
4423,9,632.021
4424,9,632.021
4425,9,609.325
4426,9,630.11
4427,9,630.11
4428,9,630.11
4429,9,630.11
4430,9,630.11
4431,9,630.11
4432,9,630.11
4433,9,630.11
4434,9,630.11
4435,9,630.11
4436,9,630.11
4437,9,630.11
4438,9,630.11
4439,9,587.337
4440,9,568.427
4441,9,594.079
4442,9,630.11
4443,9,630.11
4444,9,630.11
4445,9,630.11
4446,9,630.11
4447,9,630.11
4448,9,630.11
4449,9,630.11
4451,9,406.139
4452,9,498.292
4453,9,620.514
4454,9,628.186
4455,9,628.186
4456,9,628.186
4457,9,628.186
4458,9,628.186
4459,9,628.186
4460,9,628.186
4461,9,628.186
4462,9,628.186
4463,9,628.186
4464,9,628.186
4465,9,628.186
4466,9,608.974
4467,9,568.444
4468,9,628.186
4469,9,628.186
4470,9,628.186
4471,9,628.186
4472,9,628.186
4473,9,628.186
4474,9,469.44
4475,9,481.698
4476,9,626.251
4477,9,626.251
4478,9,626.251
4479,9,626.251
4480,9,626.251
4481,9,626.251
4482,9,626.251
4483,9,626.251
4484,9,626.251
4485,9,626.251
4486,9,626.251
4487,9,626.251
4488,9,626.251
4489,9,622.145
4490,9,521.53
4491,9,499.045
4494,9,624.304
4495,9,624.304
4496,9,624.304
4497,9,624.304
4498,9,624.304
4499,9,624.304
4500,9,624.304
4501,9,624.304
4502,9,624.304
4503,9,624.304
4504,9,624.304
4505,9,624.304
4506,9,614.025
4507,9,428.24
4508,9,622.344
4509,9,622.344
4510,9,622.344
4511,9,622.344
4512,9,622.344
4513,9,622.344
4514,9,622.344
4515,9,622.344
4516,9,622.344
4517,9,622.344
4518,9,622.344
4519,9,622.256
4520,9,478.384
4521,9,550.334
4522,9,505.749
4523,9,566.394
4524,9,620.373
4525,9,620.373
4526,9,620.373
4527,9,620.373
4528,9,620.373
4529,9,620.373
4530,9,538.905
4531,9,260.637
4532,9,520.641
4533,9,602.314
4534,9,550.791
4535,9,581.313
4536,9,488.308
4244,10,138.868
4246,10,10.49
4264,10,370.571
4265,10,564.214
4266,10,483.568
4267,10,70.164
4285,10,636.854
4286,10,600.755
4287,10,389.745
4306,10,213.241
4307,10,111.048
4308,10,1.239
4309,10,0.195
4288,11,4.644
4289,11,348.013
4290,11,308.3
4311,11,40.183
4312,11,195.962
4200,12,37.05
4222,12,283.927
4223,12,609.747
4224,12,241.061
4244,12,257.37
4245,12,645.058
4246,12,389.712
4265,12,17.996
4266,12,153.293
4267,12,1.98
4310,13,49.186
4311,13,232.555
4312,13,0.053
4182,14,91.41
4183,14,204.003
4184,14,0.213
4202,14,15.372
4203,14,492.352
4204,14,619.814
4205,14,331.437
4225,14,17.123
4226,14,373.891
4227,14,135.814
4096,15,47.17
4097,15,33.147
4113,15,123.348
4114,15,568.946
4115,15,282.09
4130,15,106.049
4131,15,4.982
4158,16,13.257
4159,16,1.79
4160,16,119.756
4161,16,9.237
4170,16,119.313
4171,16,508.714
4172,16,508.34
4173,16,652.236
4174,16,130.793
4185,16,281.772
4186,16,650.46
4187,16,573.918
4188,16,263.602
4189,16,46.948
4206,16,234.033
4207,16,581.686
4208,16,550.195
4209,16,383.106
4210,16,17.794
4230,16,21.153
4231,16,370.96
4232,16,467.931
4233,16,6.661
4113,17,11.665
4114,17,71.944
4129,17,315.75
4130,17,451.098
4145,17,94.195
4146,17,171.035
4128,18,5.779
4129,18,31.112
4143,18,143.939
4144,18,505.072
4145,18,561.594
4146,18,239.905
4156,18,230.324
4157,18,647.241
4158,18,640.684
4159,18,652.181
4160,18,498.471
4161,18,450.316
4162,18,20.468
4169,18,16.381
4170,18,297.433
4171,18,143.582
4172,18,143.926
4174,18,417.899
4175,18,94.667
4103,19,19.714
4104,19,121.231
4119,19,95.418
4120,19,315.158
4121,19,587.503
4122,19,656.146
4134,19,0.034
4135,19,499.958
4136,19,657.489
4137,19,657.489
4138,19,644.009
4151,19,37.936
4152,19,256.866
4153,19,529.663
4154,19,627.716
4167,19,33.517
4117,20,223.251
4118,20,186.317
4132,20,12.544
4133,20,546.816
4134,20,478.088
4135,20,0.736
4147,20,8.789
4148,20,440.901
4149,20,655.751
4150,20,655.751
4151,20,184.821
4161,20,70.466
4162,20,633.508
4163,20,587.732
4164,20,396.343
4165,20,17.411
4175,20,304.86
4176,20,83.213
4135,21,0.335
4151,21,433.017
4152,21,398.885
4153,21,126.05
4163,21,66.218
4164,21,257.657
4165,21,636.613
4166,21,654.0
4167,21,616.129
4174,21,103.505
4175,21,252.733
4176,21,569.073
4177,21,652.236
4178,21,652.236
4179,21,652.236
4180,21,578.104
4187,21,76.491
4188,21,386.859
4189,21,603.564
4190,21,650.46
4191,21,650.46
4192,21,650.46
4193,21,577.452
4194,21,399.04
4195,21,272.592
4208,21,98.528
4209,21,265.566
4210,21,630.664
4211,21,532.968
4212,21,280.856
4213,21,486.284
4214,21,179.805
4216,21,2.424
4232,21,9.882
4233,21,297.981
4255,21,1.54
4098,22,15.435
4115,22,280.876
4116,22,637.117
4117,22,241.55
4130,22,100.343
4131,22,652.534
4132,22,644.916
4133,22,110.715
4146,22,244.817
4147,22,646.945
4148,22,214.879
4160,22,35.819
4161,22,123.984
4077,23,20.506
4078,23,142.628
4079,23,555.848
4080,23,63.854
4097,23,1.025
4098,23,519.925
4099,23,655.291
4100,23,660.929
4101,23,410.061
4102,23,131.76
4103,23,1.609
4116,23,13.021
4117,23,194.373
4118,23,472.868
4119,23,563.744
4120,23,344.057
4121,23,37.34
4134,23,179.398
4135,23,156.466
4028,24,8.517
4029,24,163.686
4030,24,171.746
4031,24,3.048
4054,24,260.442
4055,24,664.318
4056,24,654.724
4057,24,72.981
4077,24,213.843
4078,24,519.938
4079,24,87.68
4099,24,5.701
4054,25,0.386
4075,25,39.852
4076,25,313.72
4077,25,419.217
4096,25,304.844
4097,25,626.704
4098,25,125.556
4115,25,96.277
4116,25,9.142
4112,26,201.983
4113,26,282.638
4127,26,10.26
4128,26,545.01
4129,26,310.624
4143,26,41.426
4144,26,150.704
4107,27,0.228
4108,27,1.923
4109,27,4.138
4123,27,561.62
4124,27,586.867
4125,27,180.348
4139,27,494.095
4140,27,65.43
3965,28,16.123
3966,28,139.888
3967,28,324.727
3968,28,6.192
3991,28,153.574
3992,28,667.656
3993,28,667.633
3994,28,196.802
4018,28,16.792
4019,28,331.259
4020,28,620.642
4021,28,165.596
4046,28,65.883
4047,28,5.551
4018,29,6.773
4019,29,292.725
4020,29,42.815
4043,29,22.119
4044,29,380.844
4045,29,507.088
4067,29,165.395
4068,29,40.761
4025,30,60.492
4050,30,174.869
4051,30,583.218
4052,30,158.347
4074,30,168.584
4075,30,0.868
4043,31,266.798
4044,31,0.152
4045,31,4.67
4067,31,487.678
4068,31,523.248
4069,31,78.182
4089,31,371.132
4090,31,158.556
4124,32,33.218
4125,32,273.322
4126,32,11.759
4139,32,125.286
4140,32,590.372
4141,32,655.751
4142,32,134.285
4155,32,435.887
4156,32,109.764
4094,33,155.035
4095,33,23.332
4110,33,1.483
4111,33,426.611
4112,33,456.42
4113,33,37.116
4125,33,8.582
4126,33,395.023
4127,33,647.208
4128,33,106.729
4142,33,521.458
4143,33,470.378
4156,33,126.309
4157,33,6.787
4070,34,24.899
4071,34,46.96
4072,34,2.006
4090,34,151.639
4091,34,564.115
4092,34,609.664
4093,34,313.445
4109,34,112.121
4110,34,597.519
4111,34,64.979
4126,34,150.789
4089,35,9.605
4090,35,197.813
4091,35,75.066
4092,35,48.374
4093,35,51.371
4108,35,215.11
4109,35,537.926
4110,35,60.235
4111,35,142.253
4125,35,195.206
4126,35,99.914
4047,36,199.7
4048,36,416.358
4049,36,313.173
4050,36,328.414
4051,36,36.201
4070,36,295.37
4071,36,615.642
4072,36,660.576
4073,36,654.103
4074,36,141.797
4092,36,2.873
4093,36,17.92
4094,36,4.275
4095,36,3.71
3940,37,90.368
3941,37,184.017
3942,37,2.394
3967,37,112.245
3968,37,628.139
3969,37,529.982
3970,37,15.147
3993,37,0.023
3994,37,386.7
3995,37,222.388
4019,38,0.746
4020,38,2.514
4045,38,152.505
4046,38,598.458
4047,38,338.719
4068,38,98.682
4069,38,584.397
4070,38,342.359
4090,38,110.629
4091,38,21.781
3964,39,39.211
3965,39,150.782
3990,39,328.547
3991,39,514.088
4016,39,0.084
4017,39,488.562
4018,39,642.435
4019,39,41.258
4043,39,152.64
4044,39,283.339
4073,40,8.464
4074,40,49.227
4075,40,3.136
4093,40,278.177
4094,40,501.66
4095,40,396.498
4096,40,0.455
4111,40,25.433
4112,40,0.781
3970,41,18.208
3971,41,337.239
3997,41,437.239
3998,41,337.121
3999,41,204.235
4023,41,4.453
4024,41,447.802
4025,41,605.451
4026,41,552.298
4027,41,6.454
4050,41,80.549
4051,41,44.084
4052,41,224.316
4053,41,21.738
4051,42,0.818
4052,42,0.087
4074,42,303.041
4075,42,302.408
4095,42,237.368
4096,42,308.462
4113,42,204.465
4114,42,18.325
3943,43,16.35
3944,43,2.906
3969,43,83.493
3970,43,569.836
3971,43,121.877
3995,43,339.044
3996,43,667.656
3997,43,194.248
4022,43,204.63
4023,43,551.178
4024,43,148.031
4048,43,23.217
4049,43,3.125
4052,44,14.872
4053,44,68.627
4075,44,7.516
4076,44,23.708
3928,45,0.209
3929,45,32.18
3930,45,103.102
3931,45,2.204
3956,45,358.155
3957,45,499.893
3958,45,581.412
3959,45,514.952
3960,45,30.741
3983,45,276.079
3984,45,527.462
3985,45,218.927
3958,46,10.765
3959,46,50.945
3984,46,15.383
3985,46,449.935
3986,46,621.71
3987,46,151.216
4010,46,4.864
4011,46,22.389
4012,46,547.395
4013,46,240.733
4039,46,82.939
4040,46,36.958
3983,47,7.628
3984,47,126.441
3985,47,0.436
4009,47,267.09
4010,47,662.813
4011,47,645.305
4012,47,120.221
4036,47,257.989
4037,47,665.993
4038,47,665.993
4039,47,580.289
4040,47,33.104
4062,47,9.421
4063,47,531.718
4064,47,664.318
4065,47,657.927
4066,47,54.445
4085,47,8.271
3896,48,154.554
3897,48,485.727
3930,48,371.339
3931,48,618.544
3960,48,16.306
3979,49,24.742
4004,49,20.008
4005,49,557.743
4006,49,54.817
4030,49,128.958
4031,49,592.401
4032,49,453.432
4033,49,15.295
4056,49,9.562
4057,49,573.878
4058,49,82.886
4079,49,19.133
4080,49,525.631
4081,49,34.277
4101,49,6.822
3951,50,180.312
3952,50,234.949
3953,50,2.124
3977,50,24.987
3978,50,653.736
3979,50,623.926
3980,50,100.939
4004,50,367.827
4005,50,101.315
3858,51,6.181
3893,51,1.69
3894,51,292.531
3895,51,537.538
3896,51,452.247
3926,51,151.16
3927,51,625.087
3928,51,672.344
3929,51,640.342
3930,51,198.178
3955,51,16.941
3956,51,145.913
3957,51,171.067
3958,51,78.783
3925,52,0.101
3926,52,93.979
3953,52,5.243
3954,52,482.871
3955,52,654.031
3956,52,166.822
3979,52,20.579
3980,52,527.085
3981,52,669.306
3982,52,669.306
3983,52,385.633
4005,52,4.551
4006,52,258.914
4007,52,408.457
4008,52,571.891
4009,52,360.105
4035,52,1.475
3931,53,49.587
3959,53,104.999
3960,53,623.957
3986,53,47.645
3987,53,518.046
3988,53,616.334
4013,53,426.923
4014,53,667.656
4015,53,667.093
4039,53,2.807
4040,53,595.966
4041,53,660.448
4042,53,526.804
4065,53,6.39
4066,53,563.073
4008,54,71.238
4009,54,40.43
4035,54,392.516
4036,54,408.037
4061,54,262.574
4062,54,645.056
4063,54,123.966
4085,54,44.118
4005,55,4.107
4006,55,353.895
4007,55,259.2
4008,55,24.466
4031,55,10.851
4032,55,212.561
4033,55,646.383
4034,55,665.993
4035,55,272.01
4057,55,17.51
4058,55,288.626
4059,55,165.726
4060,55,407.892
4061,55,375.273
4062,55,0.287
4084,55,178.817
4085,55,25.593
3814,56,11.952
3815,56,2.215
3856,56,164.081
3857,56,367.559
3858,56,492.185
3892,56,151.891
3893,56,424.963
3894,56,381.616
3895,56,136.642
3896,56,67.396
3897,56,33.964
3925,56,5.28
3926,56,222.521
3927,56,47.509
4033,57,4.29
4058,57,292.764
4059,57,498.649
4060,57,256.426
4061,57,26.472
4062,57,9.511
4063,57,8.605
4080,57,73.095
4081,57,628.395
4082,57,662.63
4083,57,662.63
4084,57,483.865
4085,57,584.709
4101,57,244.096
4102,57,529.169
4103,57,639.547
4104,57,539.698
4121,57,34.431
3999,58,127.347
4000,58,121.765
4001,58,116.987
4026,58,113.434
4027,58,497.521
4028,58,460.786
4053,58,0.012
4054,58,76.156
3748,59,8.831
3749,59,135.15
3797,59,438.821
3798,59,487.417
3799,59,220.965
3800,59,3.03
3840,59,8.931
3841,59,519.475
3842,59,565.546
3843,59,652.971
3844,59,119.111
3880,59,30.05
3881,59,100.854
3700,60,53.876
3754,60,124.611
3755,60,560.239
3756,60,1.602
3804,60,1.38
3878,61,0.024
3911,61,23.357
3912,61,456.297
3913,61,286.284
3914,61,15.83
3941,61,462.82
3942,61,668.487
3943,61,457.413
3968,61,35.006
3969,61,55.848
3970,61,66.177
3697,62,0.03
3698,62,11.483
3699,62,51.66
3752,62,139.956
3753,62,583.52
3754,62,427.62
3802,62,13.732
3803,62,23.808
3841,63,126.975
3842,63,110.176
3843,63,1.659
3878,63,245.076
3879,63,672.061
3880,63,644.188
3881,63,559.448
3882,63,78.111
3912,63,158.177
3913,63,386.284
3914,63,651.658
3915,63,365.326
3943,63,75.329
3751,64,104.815
3752,64,228.482
3753,64,21.336
3800,64,264.747
3801,64,666.285
3802,64,422.845
3845,64,63.026
3846,64,87.239
3881,65,10.338
3882,65,378.347
3883,65,22.216
3914,65,5.034
3915,65,307.27
3916,65,657.734
3917,65,410.143
3918,65,1.063
3943,65,121.837
3944,65,580.717
3945,65,138.306
3971,65,97.275
3944,66,87.264
3945,66,532.241
3946,66,263.414
3971,66,112.935
3972,66,632.881
3973,66,340.748
3997,66,36.161
3998,66,268.806
3916,67,14.835
3917,67,82.465
3918,67,44.63
3919,67,44.633
3945,67,0.397
3946,67,407.485
3947,67,662.192
3948,67,326.686
3973,67,78.846
3974,67,411.163
3975,67,404.032
3972,68,36.383
3973,68,249.749
3974,68,258.143
3975,68,58.065
3998,68,61.772
3999,68,336.017
4000,68,545.833
4001,68,129.414
4027,68,0.894
3635,69,49.271
3636,69,335.489
3694,69,34.899
3695,69,573.37
3696,69,177.959
3749,69,115.318
3750,69,482.882
3751,69,165.303
4027,70,12.717
4028,70,1.159
4053,70,307.953
4054,70,327.336
4076,70,222.613
4077,70,9.048
3884,71,96.878
3885,71,114.707
3917,71,136.368
3918,71,614.719
3919,71,331.483
3947,71,8.819
3638,72,14.26
3696,72,224.633
3697,72,553.334
3698,72,69.302
3751,72,380.262
3752,72,310.504
3753,72,0.827
3800,73,31.765
3801,73,11.012
3802,73,0.764
3843,73,21.119
3844,73,495.323
3845,73,605.533
3846,73,158.591
3881,73,3.543
3882,73,198.562
3883,73,142.377
3877,74,24.27
3909,74,280.289
3910,74,380.247
3911,74,622.53
3912,74,36.41
3937,74,1.186
3938,74,420.077
3939,74,670.944
3940,74,580.569
3941,74,24.078
3964,74,17.795
3965,74,452.22
3966,74,529.419
3967,74,232.342
3845,75,7.275
3846,75,388.005
3847,75,324.542
3882,75,19.161
3883,75,509.56
3884,75,577.271
3885,75,298.503
3917,75,43.631
3918,75,12.122
3975,76,58.778
3976,76,3.835
4001,76,421.255
4002,76,411.229
4003,76,4.31
4028,76,195.549
4029,76,502.307
4030,76,123.496
3803,77,70.847
3804,77,21.844
3847,77,13.908
3804,78,31.529
3754,79,4.233
3803,79,152.14
3804,79,0.319
3803,80,49.42
3846,80,14.602
3847,80,227.405
3803,81,6.042
3804,81,22.388
3847,81,6.426
3848,81,0.487
3802,82,26.982
3803,82,94.603
3846,82,27.395
3847,82,4.968
3754,83,104.379
3755,83,0.102
3803,83,54.852
3802,84,197.481
3803,84,85.869
3802,85,15.574
3803,85,115.857
3039,86,50.32
3040,86,158.221
3041,86,64.787
3042,86,6.324
3133,86,512.089
3134,86,691.059
3135,86,672.935
3136,86,339.178
3231,86,2.222
3232,86,337.047
3233,86,665.954
3234,86,161.545
3326,86,14.136
3327,86,379.203
3328,86,0.271
3410,87,125.703
3411,87,428.227
3412,87,329.338
3413,87,257.407
3414,87,69.059
3488,87,155.786
3489,87,626.393
3490,87,685.103
3491,87,644.212
3492,87,242.584
3567,87,3.666
3568,87,72.178
3569,87,574.828
3570,87,495.795
3571,87,25.334
3638,87,1.167
3639,87,13.96
2031,88,110.244
2032,88,433.725
2033,88,246.944
2114,88,22.802
2115,88,621.507
2116,88,707.667
2117,88,254.62
2201,88,448.61
2202,88,706.356
2203,88,433.69
2204,88,15.756
2287,88,65.409
2288,88,384.144
2289,88,58.302
2464,89,145.463
2465,89,95.651
2466,89,4.383
2540,89,40.517
2541,89,651.34
2542,89,644.598
2543,89,132.81
2617,89,170.616
2618,89,698.515
2619,89,348.137
2693,89,52.338
2694,89,690.364
2695,89,698.21
2696,89,625.574
2697,89,467.075
2698,89,252.997
2774,89,317.152
2775,89,370.703
2776,89,176.815
2777,89,200.143
2778,89,210.875
2519,90,139.461
2520,90,1.472
2596,90,668.128
2597,90,213.229
2598,90,11.117
2673,90,698.21
2674,90,697.529
2675,90,649.874
2676,90,179.638
2752,90,691.82
2753,90,696.807
2754,90,696.807
2755,90,622.503
2756,90,198.269
2842,90,695.39
2843,90,695.39
2844,90,695.39
2845,90,570.578
2846,90,28.966
2932,90,693.793
2933,90,693.959
2934,90,693.959
2935,90,693.959
2936,90,665.539
2937,90,266.988
3023,90,455.959
3024,90,527.161
3025,90,323.931
3026,90,656.137
3027,90,667.607
3028,90,125.506
3119,90,1.97
3120,90,254.845
3121,90,592.067
3122,90,471.733
3123,90,1.243
3219,90,1.864
3220,90,1.166
3243,91,37.087
3336,91,391.973
3337,91,533.084
3338,91,142.66
3339,91,0.375
3413,91,39.804
3414,91,615.815
3415,91,624.036
3416,91,317.773
3417,91,1.974
3492,91,88.013
3493,91,28.719
3494,91,73.547
2685,92,265.666
2686,92,286.056
2687,92,223.991
2688,92,138.345
2689,92,423.249
2690,92,464.365
2765,92,581.774
2766,92,696.807
2767,92,587.105
2768,92,129.993
2769,92,361.181
2770,92,167.575
2855,92,395.939
2856,92,694.861
2857,92,246.322
2858,92,1.566
2948,92,171.644
2949,92,441.367
2950,92,19.41
3399,93,29.416
3472,93,1.346
3473,93,16.573
3475,93,134.874
3476,93,369.651
3477,93,599.747
3478,93,30.679
3479,93,0.246
3551,93,91.803
3552,93,468.441
3553,93,450.442
3554,93,626.993
3555,93,683.581
3556,93,683.581
3557,93,626.406
3558,93,319.992
3559,93,16.934
3619,93,114.803
3620,93,420.118
3621,93,682.047
3622,93,682.047
3623,93,682.047
3624,93,682.047
3625,93,682.047
3626,93,682.047
3627,93,622.655
3628,93,553.706
3629,93,0.121
3679,93,671.767
3680,93,680.499
3681,93,680.499
3682,93,680.499
3683,93,680.499
3684,93,680.499
3685,93,680.499
3686,93,680.499
3687,93,679.908
3688,93,159.197
3735,93,312.73
3736,93,539.301
3737,93,678.939
3738,93,446.274
3739,93,565.573
3740,93,678.939
3741,93,678.939
3742,93,284.231
3743,93,3.042
3785,93,147.059
3786,93,420.202
3787,93,12.751
3788,93,420.569
3789,93,677.366
3790,93,677.366
3791,93,286.968
3832,93,144.943
3833,93,672.64
3834,93,571.87
3835,93,264.273
3871,93,41.433
3872,93,20.674
3873,93,0.864
2614,94,0.469
2690,94,156.63
2691,94,580.381
2692,94,32.332
2770,94,436.898
2771,94,696.807
2772,94,674.648
2773,94,315.444
2860,94,230.907
2861,94,626.635
2862,94,695.39
2863,94,693.573
2864,94,141.544
2953,94,7.168
2954,94,260.61
2955,94,184.331
2956,94,42.956
2376,95,13.308
2454,95,23.944
2455,95,433.338
2456,95,108.166
2531,95,123.201
2532,95,687.603
2533,95,690.046
2534,95,243.055
2535,95,23.236
2536,95,153.51
2537,95,110.426
2608,95,284.528
2609,95,695.351
2610,95,699.601
2611,95,478.258
2612,95,237.809
2613,95,546.766
2614,95,604.766
2615,95,70.62
2686,95,374.339
2687,95,474.219
2688,95,441.043
2689,95,235.967
2690,95,38.995
2691,95,22.821
3479,96,2.926
3480,96,73.026
3558,96,331.047
3559,96,638.227
3560,96,226.119
3561,96,202.498
3627,96,59.448
3628,96,128.383
3629,96,681.925
3630,96,674.285
3631,96,94.588
3687,96,0.589
3688,96,521.256
3689,96,680.499
3690,96,311.996
3691,96,20.861
3742,96,394.675
3743,96,675.944
3744,96,678.939
3745,96,678.939
3746,96,477.006
3747,96,337.462
3748,96,128.92
3791,96,390.385
3792,96,677.366
3793,96,677.366
3794,96,677.366
3795,96,677.366
3796,96,677.366
3797,96,228.756
3835,96,53.316
3836,96,233.755
3837,96,216.693
3838,96,429.263
3839,96,340.417
3840,96,534.253
3841,96,16.189
3140,97,25.606
3141,97,163.917
3238,97,230.512
3239,97,549.54
3332,97,60.785
3333,97,685.213
3334,97,524.991
3335,97,162.793
3336,97,49.262
3410,97,3.04
3411,97,211.669
3412,97,357.273
3413,97,389.401
3414,97,1.686
3144,98,3.698
3145,98,270.552
3146,98,103.565
3242,98,8.64
3243,98,436.007
3244,98,683.81
3245,98,377.756
3246,98,73.302
3337,98,4.454
3338,98,276.332
3339,98,435.805
3340,98,354.465
3341,98,6.029
2113,99,76.576
2114,99,292.294
2115,99,11.055
2198,99,20.482
2199,99,479.932
2200,99,706.356
2201,99,257.705
2284,99,115.133
2285,99,554.813
2286,99,589.86
2287,99,550.127
2288,99,113.315
2375,99,2.647
3833,100,0.983
3834,100,103.872
3835,100,17.864
3870,100,34.58
3871,100,565.84
3872,100,653.543
3873,100,420.655
3905,100,179.587
3906,100,568.005
3907,100,116.361
3933,100,128.29
3934,100,463.51
3935,100,483.626
3936,100,34.397
3961,100,665.355
3962,100,636.956
3963,100,537.915
3964,100,35.556
3835,101,340.351
3836,101,442.025
3837,101,459.087
3838,101,246.517
3839,101,335.363
3840,101,132.596
3841,101,13.147
3873,101,252.661
3874,101,674.18
3875,101,674.18
3876,101,674.18
3877,101,649.845
3878,101,429.012
3879,101,2.137
3906,101,104.536
3907,101,556.239
3908,101,672.568
3909,101,392.227
3910,101,292.322
3911,101,26.747
3912,101,21.73
3935,101,187.345
3936,101,636.487
3937,101,669.74
3938,101,250.859
3963,101,38.466
3964,101,485.05
3965,101,50.213
3236,102,37.093
3237,102,79.802
3329,102,10.802
3330,102,665.752
3331,102,477.88
3408,102,369.383
3409,102,458.569
3410,102,1.399
3487,102,24.237
3488,102,0.314
3023,103,236.557
3024,103,165.355
3025,103,368.557
3026,103,36.379
3117,103,691.059
3118,103,691.059
3119,103,689.118
3120,103,436.214
3121,103,98.95
3122,103,170.58
3123,103,459.169
3124,103,115.813
3213,103,440.346
3214,103,522.168
3215,103,689.59
3216,103,689.59
3217,103,689.59
3218,103,689.59
3219,103,687.768
3220,103,688.48
3221,103,689.59
3222,103,181.192
3306,103,679.075
3307,103,688.107
3308,103,688.107
3309,103,688.107
3310,103,688.107
3311,103,688.107
3312,103,688.107
3313,103,688.107
3314,103,688.107
3315,103,688.107
3316,103,192.546
3385,103,686.612
3386,103,686.612
3387,103,686.612
3388,103,686.612
3389,103,686.612
3390,103,686.612
3391,103,686.612
3392,103,686.612
3393,103,598.783
3394,103,50.483
3464,103,685.103
3465,103,685.103
3466,103,685.103
3467,103,685.103
3468,103,685.103
3469,103,685.103
3470,103,685.103
3471,103,243.143
3472,103,20.914
3543,103,541.89
3544,103,683.581
3545,103,682.087
3546,103,598.535
3547,103,683.577
3548,103,683.581
3549,103,683.581
3550,103,620.099
3551,103,451.963
3552,103,95.326
3618,103,621.036
3619,103,462.105
3620,103,261.983
2519,104,42.422
2520,104,288.264
2521,104,236.553
2522,104,263.923
2523,104,253.832
2524,104,105.119
2596,104,0.573
2597,104,486.374
2598,104,688.413
2599,104,699.601
2600,104,699.601
2601,104,671.131
2602,104,76.361
2674,104,0.69
2675,104,48.408
2676,104,518.516
2677,104,698.21
2678,104,698.21
2679,104,601.394
2680,104,31.186
2756,104,124.039
2757,104,528.673
2758,104,514.148
2759,104,696.303
2760,104,653.106
2761,104,82.265
2849,104,280.985
2850,104,562.942
2851,104,46.005
2941,104,7.98
2942,104,38.065
2292,105,32.062
2293,105,459.536
2294,105,296.163
2380,105,0.044
2381,105,13.523
2382,105,585.604
2383,105,284.033
2384,105,77.46
2385,105,132.608
2386,105,218.178
2460,105,10.414
2461,105,552.369
2462,105,667.596
2463,105,702.343
2464,105,542.021
2465,105,212.496
2538,105,53.797
2539,105,551.394
2540,105,660.421
2541,105,49.673
2616,105,43.255
2617,105,198.075
3564,106,106.334
3632,106,92.556
3633,106,561.302
3634,106,283.667
3691,106,424.804
3692,106,680.499
3693,106,569.483
3694,106,446.323
3695,106,57.162
3746,106,201.967
3747,106,341.477
3748,106,541.124
3749,106,348.185
3750,106,6.947
3797,106,9.831
3033,107,31.922
3034,107,63.644
3035,107,53.801
3126,107,24.575
3127,107,553.194
3128,107,609.531
3129,107,216.827
3048,108,127.938
3049,108,443.61
3050,108,116.093
3142,108,221.858
3143,108,655.093
3144,108,686.779
3145,108,149.914
3241,108,192.913
3242,108,680.959
3243,108,214.617
3335,108,36.882
3336,108,246.867
3337,108,53.419
2538,109,330.956
2539,109,149.513
2614,109,93.368
2615,109,623.145
2616,109,656.417
2617,109,330.929
2618,109,1.086
2691,109,95.069
2692,109,665.807
2693,109,645.872
2694,109,7.84
2772,109,22.23
2773,109,381.317
2774,109,379.683
2775,109,53.461
2863,109,1.861
2864,109,540.817
2865,109,29.694
2956,109,51.729
2957,109,28.917
3131,110,126.621
3132,110,187.828
3133,110,72.032
3228,110,158.473
3229,110,676.297
3230,110,689.59
3231,110,686.672
3232,110,44.639
3320,110,147.825
3321,110,352.032
3322,110,505.809
3323,110,688.107
3324,110,688.107
3325,110,409.977
3326,110,2.232
3398,110,378.194
3399,110,657.14
3400,110,686.612
3401,110,686.612
3402,110,686.612
3403,110,255.137
3476,110,86.296
3477,110,85.412
3478,110,654.368
3479,110,681.861
3480,110,560.895
3481,110,45.731
3557,110,57.231
3558,110,32.557
3559,110,15.862
2527,111,0.06
2603,111,2.343
2604,111,432.532
2605,111,118.261
2680,111,56.406
2681,111,551.036
2682,111,568.292
2683,111,99.722
2760,111,28.288
2761,111,614.501
2762,111,696.807
2763,111,547.883
2764,111,18.398
2850,111,130.867
2851,111,649.425
2852,111,695.39
2853,111,695.39
2854,111,307.941
2942,111,297.765
2943,111,669.994
2944,111,693.959
2945,111,693.959
2946,111,601.205
2947,111,28.966
3034,111,98.547
3035,111,245.798
3036,111,279.237
3037,111,86.529
2529,112,10.598
2530,112,12.595
2606,112,394.888
2607,112,391.667
2608,112,232.394
2609,112,4.209
2682,112,11.161
2683,112,591.85
2684,112,698.21
2685,112,432.51
2686,112,37.857
2763,112,148.981
2764,112,678.372
2765,112,115.015
2854,112,310.123
2855,112,280.051
2947,112,161.811
2948,112,105.213
3039,112,11.416
2864,113,1.151
2955,113,54.15
2956,113,580.325
2957,113,331.737
2958,113,36.886
3045,113,6.266
3046,113,560.243
3047,113,692.516
3048,113,564.522
3049,113,94.877
3140,113,282.81
3141,113,408.482
3142,113,46.031
3406,114,165.323
3407,114,113.127
3482,114,0.876
3483,114,281.407
3484,114,508.617
3485,114,545.471
3486,114,92.118
3561,114,67.265
3562,114,680.522
3563,114,683.581
3564,114,517.497
3565,114,340.834
3630,114,7.775
3631,114,587.434
3632,114,589.439
3633,114,25.721
3690,114,368.529
3691,114,234.852
2447,115,53.155
2448,115,132.33
2449,115,353.929
2450,115,2.024
2523,115,0.238
2524,115,478.73
2525,115,697.985
2526,115,700.979
2527,115,264.216
2601,115,28.528
2602,115,623.182
2603,115,697.258
2604,115,234.959
2679,115,96.874
2680,115,610.545
2681,115,147.211
2760,115,15.486
2860,116,12.302
2861,116,68.701
2951,116,1.956
2952,116,476.028
2953,116,605.569
2954,116,433.35
2955,116,455.407
2956,116,19.01
3042,116,70.199
3043,116,156.968
3044,116,334.309
3045,116,686.25
3046,116,132.282
3136,116,291.323
3137,116,670.136
3138,116,574.589
3139,116,681.25
3140,116,382.649
3234,116,12.606
3235,116,55.377
3237,116,41.243
3238,116,35.214
2284,117,200.179
2285,117,150.219
2286,117,88.339
2371,117,298.752
2372,117,601.629
2373,117,623.121
2374,117,105.489
2450,117,374.139
2451,117,702.343
2452,117,614.5
2453,117,352.968
2454,117,347.002
2455,117,105.622
2527,117,436.657
2528,117,700.979
2529,117,690.32
2530,117,688.34
2531,117,577.729
2532,117,13.376
2604,117,32.13
2605,117,581.286
2606,117,304.752
2607,117,307.978
2608,117,182.738
2682,117,118.812
2683,117,6.604
3243,118,1.814
3248,118,0.102
3337,118,97.214
3338,118,269.084
3339,118,251.917
3340,118,242.571
3341,118,445.453
3342,118,426.173
3343,118,88.496
3416,118,363.09
3417,118,676.719
3418,118,611.102
3419,118,168.907
3494,118,0.439
3495,118,66.422
3496,118,308.405
3497,118,29.914
3574,119,293.442
3575,119,65.051
3576,119,39.143
3642,119,147.418
3643,119,602.349
3644,119,647.217
3645,119,577.426
3646,119,92.802
3700,119,5.553
3701,119,272.775
3702,119,339.299
3703,119,265.543
3704,119,300.114
3705,119,64.001
2639,120,154.036
2640,120,349.234
2641,120,10.938
2715,120,362.065
2716,120,679.114
2717,120,659.85
2718,120,103.238
2795,120,342.272
2796,120,696.807
2797,120,688.031
2798,120,155.99
2885,120,179.265
2886,120,651.377
2887,120,397.849
2888,120,43.279
2978,120,0.166
3072,121,2.751
3073,121,89.948
3164,121,5.969
3165,121,393.998
3166,121,651.959
3167,121,506.242
3168,121,161.098
3263,121,156.47
3264,121,268.205
3265,121,91.551
3152,122,8.734
3153,122,213.973
3154,122,101.144
3250,122,19.491
3251,122,584.128
3252,122,473.18
3345,122,309.851
3346,122,306.738
3347,122,1.107
2890,123,40.067
2891,123,184.235
2981,123,7.546
2982,123,602.646
2983,123,685.417
2984,123,198.76
3072,123,159.395
3073,123,602.511
3074,123,692.516
3075,123,404.177
3166,123,6.155
3167,123,177.296
3168,123,277.348
3169,123,176.716
3847,124,75.958
3848,124,389.803
3885,124,260.955
3886,124,546.129
3887,124,0.333
3919,124,38.825
3920,124,10.734
3431,125,94.3
3432,125,224.878
3509,125,299.693
3510,125,642.524
3511,125,411.755
3588,125,575.195
3589,125,556.057
3590,125,39.865
3656,125,9.43
3657,125,601.399
3658,125,474.204
3715,125,266.29
3716,125,457.678
3770,125,239.287
2894,126,111.152
2895,126,203.26
2896,126,136.771
2897,126,56.427
2985,126,7.084
2986,126,572.003
2987,126,685.324
2988,126,498.913
2989,126,113.766
3076,126,60.705
3077,126,385.697
3078,126,159.411
3434,127,12.457
3435,127,360.305
3436,127,24.458
3512,127,319.136
3513,127,669.234
3514,127,261.793
3515,127,2.634
3591,127,474.144
3592,127,602.667
3593,127,519.687
2633,128,8.595
2710,128,310.008
2711,128,390.65
2789,128,119.56
2790,128,564.861
2791,128,674.723
2792,128,284.814
2793,128,1.293
2879,128,23.866
2880,128,586.122
2881,128,590.846
2882,128,491.516
2883,128,27.46
2971,128,2.462
2972,128,326.662
2973,128,49.237
3258,129,102.695
3259,129,515.06
3260,129,157.698
3352,129,406.314
3353,129,688.107
3354,129,453.899
3355,129,1.156
3429,129,67.657
3430,129,638.556
3431,129,592.268
3432,129,70.011
3508,129,32.162
3509,129,119.912
3707,130,81.881
3708,130,235.27
3709,130,330.472
3761,130,6.029
3762,130,536.58
3763,130,678.939
3764,130,624.776
3765,130,20.225
3811,130,110.51
3812,130,642.677
3813,130,460.962
3814,130,3.507
3856,130,163.597
3857,130,225.022
3263,131,189.222
3264,131,421.385
3265,131,337.466
3356,131,12.384
3357,131,509.752
3358,131,651.901
3359,131,370.965
3436,131,213.561
3437,131,78.773
3889,132,321.235
3890,132,582.255
3891,132,303.137
3922,132,1.753
3923,132,532.208
3924,132,672.568
3925,132,663.365
3926,132,199.976
3951,132,4.017
3952,132,429.444
3953,132,663.529
3954,132,188.076
3980,132,41.33
3579,133,31.333
3580,133,73.954
3646,133,17.603
3647,133,254.304
3648,133,523.897
3649,133,499.671
3705,133,400.069
3706,133,680.499
3707,133,598.564
3708,133,445.229
3709,133,4.787
3760,133,112.19
3761,133,501.105
3762,133,112.199
3701,134,42.613
3702,134,341.2
3703,134,414.957
3704,134,254.484
3756,134,183.283
3757,134,678.939
3758,134,678.939
3759,134,117.734
3805,134,40.4
3806,134,411.584
3807,134,353.356
3808,134,0.659
2567,135,25.628
2568,135,14.364
2644,135,459.681
2645,135,322.951
2721,135,386.564
2722,135,303.1
2801,135,357.618
2802,135,607.813
2803,135,42.132
2891,135,25.23
2892,135,4.246
2635,136,122.217
2636,136,162.878
2711,136,91.55
2712,136,514.749
2713,136,693.261
2714,136,345.616
2715,136,35.886
2791,136,22.125
2792,136,411.993
2793,136,579.298
2794,136,163.413
2795,136,17.107
2883,136,32.259
3076,137,11.496
3077,137,211.54
3078,137,67.487
3169,137,10.585
3170,137,494.783
3171,137,631.145
3172,137,282.309
3268,137,271.905
3269,137,531.364
3270,137,23.507
3363,137,0.871
3496,138,59.937
3497,138,324.11
3498,138,177.584
3499,138,258.892
3500,138,292.08
3501,138,13.593
3575,138,10.499
3576,138,206.693
3577,138,604.684
3578,138,263.119
3579,138,188.722
3580,138,4.413
3646,138,18.908
3152,139,120.697
3153,139,5.977
3249,139,105.096
3250,139,642.598
3251,139,105.415
3342,139,2.088
3343,139,483.696
3344,139,640.626
3345,139,218.416
3422,139,1.456
3163,140,0.511
3164,140,135.412
3165,140,23.014
3260,140,290.084
3261,140,625.252
3262,140,689.59
3263,140,343.92
3354,140,183.888
3355,140,206.085
3356,140,184.913
3357,140,6.077
3423,141,70.909
3424,141,155.209
3500,141,3.872
3501,141,633.533
3502,141,578.126
3579,141,154.339
3580,141,404.761
3581,141,180.274
2793,142,25.35
2794,142,1.581
2881,142,104.497
2882,142,203.874
2883,142,572.862
2884,142,5.053
2971,142,15.61
2972,142,271.952
2973,142,644.769
2974,142,693.959
2975,142,585.375
2976,142,66.59
3062,142,0.833
3063,142,356.889
3064,142,430.405
3065,142,153.919
3066,142,35.678
3341,143,11.556
3342,143,200.735
3343,143,34.863
3418,143,75.479
3419,143,517.74
3420,143,679.27
3421,143,67.925
3496,143,27.425
3497,143,331.078
3498,143,471.528
3577,143,2.28
3700,144,4.649
3701,144,327.857
3755,144,97.641
3756,144,493.942
3804,144,246.117
3805,144,243.796
3804,145,251.602
3805,145,108.474
3847,145,22.592
3848,145,247.191
3849,145,281.54
2801,146,0.641
2802,146,78.422
2803,146,395.404
2804,146,95.976
2891,146,311.92
2892,146,691.173
2893,146,695.39
2894,146,504.394
2983,146,8.567
2984,146,178.317
2985,146,339.776
2986,146,80.405
3354,147,50.312
3355,147,480.866
3356,147,490.81
3357,147,172.297
3358,147,36.147
3432,147,391.732
3433,147,686.612
3434,147,674.155
3435,147,302.977
3436,147,85.72
3510,147,42.624
3511,147,255.288
3512,147,307.085
3513,147,4.616
3076,148,6.914
3168,148,185.129
3169,148,492.371
3170,148,175.336
3266,148,324.715
3267,148,689.59
3268,148,321.668
3360,148,231.221
3361,148,590.656
3362,148,106.385
3438,148,107.457
3439,148,98.326
2786,149,1.947
2787,149,19.196
2876,149,310.657
2877,149,628.834
2878,149,413.515
2879,149,544.119
2880,149,109.221
2968,149,82.655
2969,149,405.623
2970,149,521.87
2971,149,610.56
2972,149,95.392
3061,149,76.407
3062,149,75.492
3348,150,84.753
3349,150,104.455
3350,150,1.532
3424,150,17.182
3425,150,300.783
3426,150,685.372
3427,150,670.501
3428,150,530.189
3429,150,69.631
3502,150,91.967
3503,150,685.103
3504,150,685.103
3505,150,544.368
3506,150,32.806
3581,150,84.239
3582,150,531.669
3583,150,674.363
3584,150,154.545
3652,150,39.062
3653,150,0.173
2966,151,36.797
2967,151,417.006
2968,151,556.135
2969,151,288.336
2970,151,172.045
3057,151,50.439
3058,151,669.09
3059,151,692.516
3060,151,628.598
3061,151,222.446
3152,151,302.563
3153,151,471.104
3154,151,56.837
2798,152,10.459
2799,152,175.343
2887,152,163.802
2888,152,629.329
2889,152,681.637
2890,152,505.256
2891,152,113.939
2979,152,62.017
2980,152,519.373
2981,152,684.92
2982,152,91.361
3071,152,51.426
3072,152,345.33
2702,153,118.042
2703,153,44.68
2704,153,72.245
2705,153,263.075
2706,153,60.116
2782,153,390.349
2783,153,366.411
2784,153,284.122
2785,153,691.273
2786,153,169.278
2872,153,52.659
2873,153,211.043
2874,153,583.605
2875,153,695.39
2876,153,374.573
2966,153,314.018
2967,153,276.954
2968,153,55.227
3759,154,80.221
3807,154,136.251
3808,154,458.45
3851,154,372.216
3852,154,645.475
3853,154,385.254
3889,154,107.081
3890,154,91.925
3891,154,180.713
3345,155,124.046
3346,155,377.077
3347,155,451.502
3348,155,7.048
3423,155,230.362
3424,155,514.183
3425,155,385.828
3426,155,0.051
3060,156,63.855
3061,156,353.673
3062,156,6.63
3154,156,533.084
3155,156,691.059
3156,156,358.572
3252,156,216.442
3253,156,672.052
3254,156,166.131
3346,156,4.316
3347,156,91.525
2971,157,65.274
3061,157,40.034
3062,157,609.611
3063,157,335.627
3064,157,35.634
3156,157,332.438
3157,157,576.105
3158,157,57.24
3253,157,17.501
3254,157,467.659
3255,157,91.701
3347,157,144.01
3348,157,226.212
2793,158,90.808
2794,158,531.796
2795,158,337.417
2883,158,62.857
2884,158,560.681
2885,158,163.158
2975,158,0.818
2976,158,42.28
3584,159,70.641
3585,159,0.058
3587,159,17.853
3588,159,21.662
3652,159,469.933
3653,159,668.81
3654,159,555.506
3655,159,443.112
3656,159,553.359
3657,159,80.666
3711,159,57.338
3712,159,628.507
3713,159,680.499
3714,159,680.499
3715,159,414.197
3767,159,409.846
3768,159,678.939
3769,159,629.09
3770,159,106.593
3816,159,127.027
3817,159,358.41
3268,160,95.999
3269,160,137.695
3270,160,389.404
3271,160,168.183
3362,160,404.839
3363,160,686.584
3364,160,398.724
3365,160,6.264
3440,160,5.096
3441,160,520.319
3442,160,34.874
2393,161,11.91
2394,161,65.65
2470,161,0.776
2471,161,403.3
2472,161,544.92
2473,161,556.837
2547,161,13.696
2548,161,668.094
2549,161,700.442
2550,161,248.822
2624,161,84.13
2625,161,666.45
2626,161,576.193
2627,161,32.787
2702,161,213.995
2703,161,256.465
3256,162,40.239
3257,162,363.929
3258,162,416.126
3350,162,257.26
3351,162,688.106
3352,162,281.83
3428,162,126.504
3429,162,333.493
3430,162,22.602
3495,163,187.526
3496,163,289.332
3574,163,121.235
3575,163,608.007
3576,163,437.473
3577,163,12.836
3644,163,34.888
3645,163,90.995
3361,164,97.396
3362,164,176.941
3363,164,0.704
3438,164,153.325
3439,164,588.341
3440,164,681.516
3441,164,104.021
3516,164,9.505
3517,164,558.593
2706,165,197.896
2707,165,323.18
2708,165,174.039
2786,165,443.089
2787,165,677.554
2788,165,686.243
2789,165,279.395
2876,165,10.164
2877,165,66.612
2878,165,281.875
2879,165,127.427
3343,166,68.675
3344,166,47.415
3345,166,35.79
3420,166,7.324
3421,166,618.713
3422,166,685.223
3423,166,385.353
3498,166,35.949
3499,166,426.211
3500,166,389.15
3501,166,38.007
3416,167,5.719
3417,167,7.858
3493,167,96.47
3494,167,565.17
3495,167,431.174
3572,167,441.867
3573,167,683.581
3574,167,268.917
3641,167,253.799
3642,167,507.195
3643,167,79.736
2984,168,316.836
2985,168,347.1
2986,168,41.586
3075,168,288.355
3076,168,613.33
3077,168,95.294
3169,168,11.417
3170,168,20.972
3171,168,0.583
3805,169,3.901
3806,169,0.098
3848,169,38.277
3849,169,394.133
3850,169,476.73
3851,169,119.928
3886,169,95.286
3887,169,622.941
3888,169,586.343
3889,169,245.543
3921,169,4.678
3922,169,0.504
3923,169,4.859
2563,170,9.554
2564,170,292.673
2565,170,35.405
2640,170,204.854
2641,170,688.359
2642,170,568.858
2643,170,431.208
2644,170,48.883
2717,170,4.692
2718,170,552.249
2719,170,679.195
2720,170,575.305
2721,170,298.745
2798,170,14.815
2799,170,6.428
2800,170,4.547
3760,171,0.355
3809,171,187.079
3810,171,371.059
3853,171,204.439
3854,171,541.672
3855,171,0.014
3891,171,190.343
3892,171,444.975
3925,171,3.853
3926,171,4.934
3886,172,32.73
3887,172,50.838
3888,172,87.827
3889,172,0.308
3920,172,320.865
3921,172,667.96
3922,172,670.315
3923,172,135.562
3949,172,28.63
3950,172,308.071
3951,172,429.111
3952,172,6.55
3709,173,12.633
3710,173,233.769
3764,173,53.719
3765,173,638.253
3766,173,429.82
3767,173,193.359
3813,173,216.361
3814,173,661.891
3815,173,675.127
3816,173,289.373
3857,173,83.241
3858,173,177.387
2884,174,129.617
2885,174,353.017
2886,174,43.95
2887,174,133.697
2976,174,259.312
2977,174,662.663
2978,174,693.856
2979,174,631.983
2980,174,169.808
3068,174,270.322
3069,174,159.762
3070,174,147.59
3071,174,56.453
2975,175,107.731
2976,175,325.832
2977,175,31.255
3064,175,55.389
3065,175,495.462
3066,175,656.882
3067,175,651.533
3068,175,193.869
3159,175,142.039
3160,175,666.731
3161,175,364.224
3257,175,0.996
3258,175,169.6
3259,175,68.473
3761,176,44.9
3762,176,30.168
3810,176,206.675
3811,176,566.901
3812,176,34.635
3854,176,134.071
3855,176,675.765
3856,176,348.155
3892,176,77.337
3893,176,247.499
3894,176,0.035
3948,177,73.017
3949,177,248.568
3950,177,362.826
3951,177,57.494
3975,177,148.431
3976,177,665.45
3977,177,644.319
3978,177,15.58
4002,177,256.449
4003,177,663.324
4004,177,279.784
4030,177,241.816
4031,177,59.685
3167,178,7.538
3168,178,67.424
3265,178,260.577
3266,178,364.88
3359,178,317.123
3360,178,456.89
3437,178,32.131
3438,178,135.122
2717,179,33.64
2718,179,42.684
2719,179,18.04
2797,179,8.805
2798,179,515.541
2799,179,373.444
2888,179,22.853
3502,180,14.994
3580,180,200.412
3581,180,419.121
3582,180,151.913
3583,180,9.167
3649,180,182.429
3650,180,682.047
3651,180,682.047
3652,180,173.046
3709,180,332.571
3710,180,446.72
3711,180,623.217
3712,180,51.95
3764,180,0.48
3765,180,20.447
3766,180,249.119
3767,180,75.734
3511,181,18.0
3512,181,58.847
3589,181,127.475
3590,181,643.776
3591,181,209.417
3658,181,184.043
3435,182,23.3
3436,182,362.913
3437,182,575.763
3438,182,290.736
3513,182,11.283
3514,182,423.318
3515,182,657.964
3516,182,527.076
3593,182,0.335
3428,183,26.568
3429,183,215.832
3430,183,25.386
3505,183,140.682
3506,183,652.352
3507,183,685.103
3508,183,653.008
3509,183,265.496
3584,183,458.411
3585,183,683.467
3586,183,683.581
3587,183,665.689
3588,183,86.751
3653,183,13.101
3654,183,126.597
3655,183,238.935
3656,183,119.266
2322,184,200.624
2323,184,275.231
2409,184,57.182
2410,184,689.216
2411,184,702.483
2412,184,241.289
2488,184,30.519
2489,184,679.352
2490,184,702.343
2491,184,446.342
2565,184,212.943
2566,184,656.429
2567,184,675.294
2568,184,656.485
2569,184,37.629
2642,184,130.782
2643,184,268.393
2644,184,191.047
2645,184,32.494
2980,185,4.729
2981,185,1.463
3069,185,37.558
3070,185,484.563
3071,185,584.687
3072,185,185.003
3162,185,0.244
3163,185,448.799
3164,185,549.679
3165,185,274.007
3166,185,33.012
3260,185,7.78
3261,185,62.999
3064,186,171.041
3065,186,43.08
3157,186,114.897
3158,186,633.866
3159,186,549.068
3160,186,24.328
3254,186,55.796
3255,186,597.945
3256,186,649.312
3257,186,324.672
3258,186,1.133
3348,186,370.14
3349,186,583.618
3350,186,429.304
3426,186,1.198
3427,186,16.145
3428,186,3.345
2719,187,0.914
2720,187,122.859
2721,187,12.904
2799,187,141.626
2800,187,692.307
2801,187,338.522
2889,187,13.78
2890,187,150.02
2891,187,60.112
2999,188,80.44
3000,188,60.628
3001,188,14.72
3090,188,420.575
3091,188,692.516
3092,188,472.42
3184,188,360.117
3185,188,249.077
2494,189,6.88
2495,189,1.963
2571,189,512.477
2572,189,602.699
2573,189,334.887
2648,189,192.86
2649,189,684.467
2650,189,573.819
2726,189,151.577
2727,189,244.485
2581,190,303.914
2582,190,424.168
2583,190,91.081
2657,190,5.512
2658,190,597.718
2659,190,699.601
2660,190,341.797
2735,190,109.055
2736,190,286.697
2737,190,166.097
2733,191,0.025
2812,191,116.083
2813,191,539.85
2814,191,349.621
2815,191,1.657
2901,191,2.343
2902,191,275.904
2903,191,558.77
2904,191,69.97
2995,191,8.764
2735,192,93.39
2736,192,411.513
2737,192,452.674
2738,192,174.388
2815,192,2.654
2816,192,467.025
2817,192,545.234
2818,192,378.701
2819,192,30.225
2907,192,0.752
2726,193,121.066
2727,193,48.977
2806,193,503.514
2807,193,620.727
2808,193,18.233
2896,193,369.002
2897,193,581.334
2898,193,126.886
2804,194,393.579
2805,194,427.631
2806,194,117.822
2894,194,79.846
2895,194,492.13
2896,194,189.67
2904,195,17.362
2994,195,47.496
2995,195,282.927
2996,195,343.656
3084,195,61.494
3085,195,647.264
3086,195,606.963
3087,195,196.994
3178,195,90.529
3179,195,219.908
3180,195,2.847
2495,196,289.028
2496,196,258.522
2497,196,172.438
2498,196,211.667
2499,196,3.138
2572,196,63.736
2573,196,366.072
2574,196,687.386
2575,196,700.979
2576,196,198.315
2650,196,125.798
2651,196,695.907
2652,196,698.416
2653,196,244.353
2727,196,19.632
2728,196,122.716
2729,196,85.131
2730,196,25.173
3080,197,11.418
3081,197,57.718
3171,197,59.286
3172,197,327.761
3173,197,442.03
3174,197,441.258
3175,197,74.501
3269,197,20.519
3270,197,274.725
3271,197,310.517
3272,197,16.71
2503,198,197.234
2504,198,0.241
2579,198,227.008
2580,198,647.485
2581,198,204.123
2655,198,202.17
2656,198,640.333
2657,198,691.973
2658,198,49.822
2732,198,6.126
2733,198,31.65
2734,198,203.075
2651,199,3.646
2652,199,1.127
2728,199,368.587
2729,199,430.311
2808,199,49.581
2809,199,84.431
2568,200,14.174
2569,200,520.945
2570,200,9.992
2645,200,344.165
2646,200,684.695
2647,200,70.226
2722,200,395.113
2723,200,698.21
2724,200,197.968
2802,200,10.595
2803,200,259.271
2804,200,164.191
2740,201,4.119
2817,201,41.992
2818,201,313.013
2819,201,520.792
2820,201,181.484
2821,201,5.605
2907,201,16.226
2908,201,512.019
2909,201,558.488
2910,201,649.175
2911,201,99.201
3001,201,7.296
3002,201,134.601
2814,202,52.384
2815,202,365.656
2816,202,171.869
2904,202,421.003
2905,202,351.688
2906,202,129.894
3092,203,93.601
3093,203,453.188
3094,203,96.666
3185,203,194.179
3186,203,515.565
3187,203,514.038
3188,203,18.426
2655,204,3.978
2656,204,28.44
2732,204,92.73
2733,204,661.25
2734,204,209.675
2812,204,62.852
2813,204,116.276
2814,204,45.5
2816,205,57.864
2817,205,25.189
2906,205,443.744
2907,205,126.335
2997,205,133.494
2998,205,557.463
2999,205,87.723
3088,205,60.015
3089,205,249.588
3090,205,66.218
3086,206,85.541
3087,206,342.826
3088,206,20.413
3179,206,452.103
3180,206,688.225
3181,206,691.059
3182,206,348.395
3277,206,356.655
2657,207,2.073
2658,207,52.046
2734,207,285.446
2735,207,495.801
2814,207,249.288
2815,207,326.859
2990,208,0.734
2991,208,15.208
2992,208,147.623
2993,208,121.925
3081,208,208.036
3082,208,684.99
3083,208,688.342
3084,208,582.097
3085,208,0.198
3175,208,96.878
3176,208,200.536
3177,208,207.588
3178,208,224.701
2653,209,26.87
2654,209,2.826
2729,209,182.78
2730,209,671.932
2731,209,431.0
2732,209,36.075
2809,209,120.079
2810,209,481.827
2811,209,336.823
2812,209,78.234
2576,210,424.028
2577,210,365.451
2578,210,9.146
2653,210,428.332
2654,210,671.392
2655,210,390.188
2656,210,18.59
2730,210,1.168
2731,210,165.204
2732,210,18.201
3270,211,1.94
3271,211,207.199
3272,211,180.517
3364,211,289.36
3365,211,681.844
3366,211,601.005
3367,211,0.713
3441,211,62.217
3442,211,651.774
3443,211,686.612
3444,211,492.355
3518,211,599.63
3519,211,355.784
2727,212,4.227
2728,212,28.444
2807,212,40.145
2808,212,624.599
2809,212,492.343
2810,212,212.151
2811,212,316.542
2812,212,437.445
2813,212,40.72
2898,212,449.299
2899,212,446.866
2900,212,44.152
2901,212,12.439
2902,212,45.719
3174,213,130.344
3175,213,519.738
3176,213,445.369
3177,213,23.279
3271,213,3.691
3272,213,492.373
3273,213,689.59
3274,213,666.478
3275,213,19.656
3366,213,87.124
3367,213,622.935
2817,214,84.326
2907,214,552.135
2908,214,183.371
2909,214,136.858
2910,214,0.538
2998,214,1.605
2999,214,525.751
3000,214,633.331
3001,214,671.935
3002,214,195.195
3092,214,126.499
3093,214,117.867
2568,215,0.179
2569,215,100.903
2570,215,562.679
2571,215,43.137
2646,215,14.907
2647,215,629.346
2648,215,506.788
2649,215,15.099
2724,215,500.238
2725,215,698.21
2726,215,387.456
2804,215,43.061
2805,215,269.176
2806,215,75.468
2904,216,70.438
2905,216,343.702
2906,216,121.746
2996,216,342.834
2997,216,559.383
2998,216,134.946
3087,216,67.741
3088,216,27.557
2811,217,33.092
2901,217,514.88
2902,217,373.823
2903,217,136.56
2904,217,116.62
2993,217,348.628
2994,217,646.406
2995,217,402.327
2996,217,7.481
3084,217,48.946
3085,217,45.111
2897,218,57.571
2898,218,119.211
2899,218,153.55
2988,218,61.092
2989,218,580.251
2990,218,693.193
2991,218,337.911
3079,218,29.022
3080,218,194.424
3081,218,414.267
3082,218,0.618
2654,219,0.168
2655,219,14.767
2731,219,102.015
2732,219,545.089
2733,219,5.309
2811,219,9.044
2812,219,2.196
3176,220,45.114
3177,220,184.36
3274,220,20.671
3275,220,194.417
3177,221,275.769
3178,221,375.866
3179,221,19.012
3274,221,2.482
3275,221,474.181
3276,221,664.739
2987,222,8.585
2988,222,133.907
3078,222,465.603
3079,222,663.543
3080,222,486.629
3081,222,12.47
3172,222,81.055
3173,222,249.029
3174,222,119.471
2997,223,1.019
3087,223,85.01
3088,223,584.578
3089,223,442.928
3090,223,205.731
3182,223,263.616
3183,223,607.727
3184,223,182.362
2810,224,2.762
2811,224,1.271
2899,224,94.925
2900,224,651.303
2901,224,165.741
2991,224,340.819
2992,224,546.305
2993,224,223.407
3082,224,6.977
3083,224,4.205
3446,225,5.891
3447,225,62.951
3521,225,50.514
3522,225,292.73
3521,226,109.041
3522,226,300.915
3594,226,656.463
3595,226,683.581
3446,227,310.793
3447,227,12.571
3521,227,358.431
3594,227,21.437
3445,228,10.675
3446,228,3.027
3520,228,547.22
3521,228,167.082
3594,228,5.744
3384,229,104.591
3462,229,308.789
3463,229,589.605
3537,229,4.324
3538,229,226.501
3539,229,669.529
3540,229,570.815
3542,229,486.021
3613,229,71.542
3614,229,251.246
3615,229,314.327
3616,229,396.108
3617,229,226.446
3780,230,259.65
3781,230,308.958
3782,230,4.276
3825,230,282.186
3826,230,671.253
3827,230,676.718
3828,230,652.804
3863,230,0.85
3864,230,480.676
3865,230,675.779
3866,230,675.779
3867,230,598.232
3901,230,619.286
3902,230,674.18
3903,230,530.116
3451,231,157.99
3452,231,0.473
3525,231,38.274
3526,231,539.413
3527,231,444.999
3528,231,166.98
3599,231,6.261
3600,231,495.791
3601,231,683.581
3602,231,630.745
3603,231,59.342
3661,231,454.5
3662,231,186.534
3670,232,278.12
3671,232,390.682
3672,232,17.927
3726,232,118.285
3727,232,655.703
3728,232,167.295
3779,232,92.787
3780,232,16.727
3602,233,52.809
3603,233,360.965
3604,233,48.377
3661,233,227.547
3662,233,495.541
3663,233,682.047
3664,233,230.601
3717,233,569.549
3718,233,679.363
3719,233,603.406
3720,233,54.889
3771,233,172.24
3613,234,6.191
3614,234,25.392
3615,234,336.391
3616,234,236.719
3673,234,190.126
3674,234,485.133
3675,234,671.569
3676,234,372.964
3729,234,47.747
3730,234,541.178
3731,234,180.347
3782,234,2.322
3671,235,0.054
3672,235,143.988
3673,235,85.05
3728,235,513.19
3729,235,632.763
3730,235,139.321
3731,235,2.123
3779,235,335.12
3780,235,402.558
3781,235,369.972
3782,235,672.276
3825,235,51.232
3826,235,6.159
3827,235,0.657
3828,235,24.628
3529,236,360.809
3530,236,217.405
3604,236,310.146
3605,236,503.267
3664,236,107.418
3665,236,281.752
3375,237,72.378
3376,237,89.728
3452,237,27.383
3453,237,578.811
3454,237,376.963
3455,237,180.89
3527,237,2.302
3528,237,494.689
3529,237,324.244
3530,237,424.252
3531,237,191.951
3603,237,263.316
3604,237,66.256
3605,237,0.866
3606,237,33.329
3523,238,21.11
3596,238,413.044
3597,238,663.555
3598,238,576.574
3599,238,154.427
3383,239,167.816
3384,239,296.121
3461,239,208.254
3462,239,357.117
3537,239,5.039
3726,240,83.925
3727,240,24.754
3778,240,439.434
3779,240,251.018
3822,240,33.702
3823,240,501.442
3824,240,648.98
3825,240,343.948
3860,240,156.306
3861,240,590.882
3862,240,675.779
3863,240,674.924
3864,240,195.158
3898,240,469.013
3899,240,650.787
3900,240,476.505
3665,241,13.28
3666,241,357.716
3667,241,549.641
3668,241,87.274
3721,241,345.057
3722,241,680.499
3723,241,424.573
3724,241,3.459
3771,241,489.65
3772,241,576.841
3773,241,670.754
3774,241,589.582
3775,241,204.529
3818,241,449.033
3820,241,69.315
3371,242,183.388
3372,242,55.488
3448,242,544.988
3449,242,686.612
3450,242,430.335
3451,242,50.772
3523,242,519.466
3524,242,685.103
3525,242,646.775
3526,242,138.085
3598,242,107.061
3599,242,522.867
3600,242,187.844
3669,243,8.38
3723,243,253.599
3724,243,569.758
3725,243,349.576
3775,243,157.99
3776,243,296.869
3777,243,0.448
3017,244,44.982
3018,244,43.248
2927,245,154.199
2928,245,483.02
3018,245,7.734
3019,245,353.941
3020,245,12.091
3114,246,40.149
3115,246,53.346
3210,246,431.495
3211,246,415.812
3302,246,158.462
3303,246,510.737
3304,246,0.46
3380,246,1.822
3212,247,214.784
3304,247,432.919
3305,247,477.576
3381,247,339.23
3382,247,503.625
3460,247,8.379
2840,248,2.925
2841,248,3.098
2928,248,103.203
2929,248,578.277
3020,248,167.335
3021,248,58.296
3022,248,20.023
3022,249,10.285
3115,249,208.622
3116,249,418.231
3211,249,246.043
3212,249,281.316
3018,250,30.057
3019,250,68.597
3020,250,0.131
3112,250,32.431
3113,250,660.499
3114,250,318.885
3209,250,274.497
3210,250,229.556
3301,250,2.949
3302,250,17.45
2929,251,0.092
3019,251,23.18
3020,251,476.844
3021,251,311.615
3114,251,329.453
3115,251,410.695
3210,251,11.722
3211,251,0.205
2516,252,38.16
2517,252,142.77
2592,252,31.531
2593,252,234.878
2440,253,3.774
2441,253,569.444
2517,253,216.896
2518,253,290.809
2353,254,17.327
2439,254,226.887
2440,254,692.788
2441,254,127.307
2515,254,186.567
2516,254,664.165
2517,254,153.016
2591,254,64.227
2592,254,224.053
2593,255,41.831
2594,255,58.895
2670,255,149.225
2671,255,206.93
2749,255,0.03
2750,255,8.485
2517,256,6.617
2593,256,177.355
2670,256,275.811
2749,256,28.337
2749,257,0.373
2750,257,190.101
2751,257,7.25
2839,257,279.106
2840,257,691.92
2841,257,331.366
2927,257,142.711
2928,257,109.198
2929,257,63.698
2590,258,46.946
2591,258,56.497
2667,258,71.834
2668,258,559.414
2669,258,473.017
2670,258,22.634
2746,258,1.161
2747,258,480.387
2748,258,668.075
2749,258,122.508
2837,258,34.441
2838,258,113.479
2839,258,326.382
2593,259,158.499
2594,259,172.866
2671,260,91.54
2672,260,153.363
2750,260,217.723
2751,260,666.801
2841,260,362.308
2929,260,53.343
2176,261,158.415
2177,261,142.066
2263,261,278.967
2264,261,557.184
2265,261,83.023
2350,261,179.9
2351,261,580.0
2352,261,12.187
2437,261,350.31
2438,261,9.483
2513,261,209.703
2514,261,29.423
2178,262,72.614
2265,262,3.506
2353,262,66.795
2350,263,173.38
2351,263,108.77
2436,263,541.087
2437,263,330.524
2512,263,190.041
2513,263,252.434
2589,263,2.562
1932,264,396.189
1933,264,262.01
2010,264,3.883
2011,264,20.965
1932,265,236.807
1933,265,359.583
2010,265,706.422
2011,265,359.688
2091,265,686.849
2092,265,312.144
2176,265,282.896
2176,266,205.752
2262,266,586.901
2263,266,427.386
2349,266,580.468
2350,266,351.752
2435,266,425.397
2436,266,125.723
2511,266,5.249
1933,267,81.581
2091,268,22.073
2092,268,176.697
2176,268,60.593
2177,268,565.578
2178,268,123.747
2264,268,149.195
2265,268,2.474
2347,269,619.024
2348,269,383.09
2433,269,438.837
2434,269,91.31
2262,270,4.644
2348,270,321.936
2349,270,124.529
2434,270,254.333
2435,270,194.574
2511,270,15.741
2174,271,192.653
2175,271,372.101
2259,272,20.679
2260,272,0.125
2345,272,655.142
2346,272,118.422
2825,273,85.698
2826,273,142.041
2913,273,275.507
2914,273,670.444
2915,273,310.315
3004,273,0.099
3005,273,57.718
3006,273,66.524
2829,274,21.588
2830,274,598.276
2831,274,691.065
2832,274,227.811
2918,274,96.069
2919,274,411.194
2920,274,189.11
2831,275,5.755
2832,275,384.96
2833,275,243.156
2834,275,41.851
2920,275,264.845
2921,275,594.716
2922,275,129.543
3012,275,0.144
2919,276,189.806
2920,276,181.433
3008,276,94.351
3009,276,413.56
3010,276,672.76
3011,276,470.643
3103,276,34.855
3104,276,162.622
3105,276,142.391
3106,276,6.445
2825,277,455.349
2826,277,554.664
2827,277,185.784
2914,277,12.877
2915,277,17.523
2824,278,442.662
2825,278,155.725
2912,278,583.286
2913,278,394.256
3003,278,506.553
3004,278,347.828
3098,278,6.698
2826,279,0.07
2827,279,424.369
2828,279,314.8
2829,279,93.366
2915,279,352.871
2916,279,682.362
2917,279,401.581
3006,279,26.62
3007,279,182.981
3008,279,94.125
3099,280,93.138
3100,280,386.809
3101,280,239.561
3195,280,17.514
3196,280,499.342
3197,280,503.299
3198,280,14.3
3288,280,122.193
3098,281,116.555
3099,281,84.31
3194,281,112.148
3195,281,575.247
3196,281,79.67
3287,281,6.136
2513,282,240.135
2514,282,39.692
2588,282,166.894
2589,282,685.33
2590,282,220.018
2665,282,492.26
2666,282,699.601
2667,282,552.25
2668,282,2.312
2743,282,55.207
2744,282,309.416
2745,282,226.477
2746,282,45.559
3103,283,0.663
3104,283,63.891
3200,283,564.981
3201,283,371.806
3202,283,29.305
3292,283,85.658
3293,283,286.448
3294,283,133.557
3531,284,0.28
3532,284,391.883
3533,284,344.52
3534,284,12.329
3606,284,17.706
3607,284,227.079
3608,284,347.159
3609,284,422.814
3610,284,211.817
3611,284,80.245
3669,284,9.87
3670,284,168.987
3671,284,228.99
3672,284,3.022
3003,285,0.835
3096,285,499.469
3097,285,406.22
3098,285,109.543
3191,285,12.373
3192,285,145.574
3193,285,134.112
3194,285,125.952
3458,286,49.544
3459,286,248.532
3460,286,278.571
3461,286,225.779
3533,286,206.513
3534,286,672.733
3535,286,665.35
3536,286,322.566
3609,286,183.081
3610,286,471.285
3611,286,71.381
3003,287,50.982
3004,287,35.958
3005,287,169.748
3006,287,194.783
3007,287,71.238
3097,287,99.075
3098,287,455.396
3099,287,515.017
3100,287,281.952
3101,287,44.462
3018,288,280.532
3112,288,469.615
3113,288,26.877
3208,288,441.365
3209,288,305.037
3298,288,342.246
3299,288,385.52
3300,288,686.926
3301,288,211.171
3376,288,58.964
3377,288,85.302
3378,288,0.046
2435,289,83.707
2436,289,36.88
2511,289,50.688
2512,289,506.215
2513,289,0.089
2587,289,1.076
2588,289,508.862
2589,289,13.106
2665,289,128.682
3209,290,111.5
3210,290,18.292
3301,290,475.53
3302,290,513.737
3303,290,52.25
3377,290,14.078
3378,290,399.948
3379,290,448.001
3380,290,17.558
2916,291,12.986
2917,291,1.671
3007,291,427.846
3008,291,476.482
3009,291,112.485
3100,291,23.755
3101,291,391.182
3102,291,517.749
3103,291,404.931
3104,291,5.028
3198,291,46.278
3199,291,565.861
3200,291,110.595
3291,291,21.358
2924,292,168.095
2925,292,456.005
2926,292,34.628
3015,292,120.62
3016,292,693.959
3017,292,518.967
3018,292,18.472
3108,292,140.79
3109,292,575.204
3110,292,692.516
3111,292,692.516
3112,292,190.471
3204,292,188.353
3205,292,622.076
3206,292,691.059
3207,292,691.059
3208,292,249.737
3297,292,103.664
3298,292,213.312
3299,292,260.846
3300,292,2.677
2511,293,630.73
2512,293,6.142
2587,293,677.063
2588,293,25.167
2665,293,78.721
3096,294,129.007
3097,294,125.525
3098,294,2.268
3192,294,366.426
3193,294,557.003
3194,294,396.448
3284,294,330.078
3285,294,670.616
3286,294,346.383
3376,295,18.703
3377,295,322.906
3378,295,57.254
3454,295,10.36
3455,295,486.317
3456,295,654.416
3457,295,412.309
3458,295,77.76
3530,295,41.22
3531,295,489.109
3532,295,293.199
3533,295,123.727
3606,295,3.594
3607,295,4.486
3104,296,15.2
3105,296,283.019
3106,296,306.437
3200,296,9.159
3201,296,313.148
3202,296,543.749
3203,296,60.252
3294,296,9.672
3013,297,24.008
3106,297,119.28
3107,297,524.424
3108,297,43.417
3202,297,116.938
3203,297,630.745
3204,297,502.75
3205,297,68.928
3294,297,7.51
3295,297,35.188
3296,297,236.166
3297,297,192.313
3298,297,75.567
3101,298,17.352
3102,298,174.716
3197,298,21.471
3198,298,624.253
3199,298,79.984
3289,298,0.639
3290,298,91.466
3291,298,50.124
2667,299,12.107
2668,299,0.839
2744,299,108.994
2745,299,454.675
2746,299,651.538
2747,299,217.775
2834,299,173.967
2835,299,665.319
2836,299,696.807
2837,299,522.85
2922,299,110.765
2923,299,627.089
2924,299,503.445
2925,299,44.618
3014,299,51.233
3015,299,41.697
3303,300,34.354
3379,300,71.345
3380,300,662.852
3381,300,164.628
3457,300,12.739
3458,300,485.969
3459,300,126.264
3533,300,10.411
3202,301,1.049
3203,301,0.014
3294,301,363.426
3295,301,654.451
3296,301,300.881
3371,301,356.548
3372,301,632.095
3373,301,424.044
3450,301,24.38
3451,301,19.009
3461,302,2.558
3462,302,20.697
3535,302,19.739
3536,302,362.576
3537,302,675.805
3538,302,458.547
3539,302,3.01
3610,302,0.494
3611,302,531.902
3612,302,683.581
3613,302,152.985
3671,302,62.375
3672,302,517.081
3673,302,318.187
1854,303,54.553
1855,303,569.779
1929,303,297.434
1930,303,570.029
1931,303,558.55
2008,303,277.495
2009,303,544.274
2089,303,146.166
1698,304,662.209
1776,304,184.781
1777,304,714.022
1852,304,389.048
1853,304,660.943
1854,304,658.168
1855,304,115.812
1928,304,14.991
1929,304,50.028
1930,304,141.549
1922,305,3.311
1923,305,210.433
1924,305,43.08
2001,305,191.231
2002,305,710.25
2003,305,458.423
2004,305,204.571
2005,305,149.296
2081,305,28.199
2082,305,688.053
2083,305,708.965
2084,305,708.965
2085,305,561.737
2086,305,2.665
2166,305,498.735
2167,305,707.667
2168,305,541.459
2169,305,68.666
2252,305,162.557
2253,305,233.726
2254,305,3.266
2005,306,5.396
2006,306,144.343
2007,306,10.924
2085,306,142.162
2086,306,706.3
2087,306,472.379
2088,306,171.842
2169,306,532.405
2170,306,707.667
2171,306,707.667
2172,306,272.355
2254,306,5.126
2255,306,268.092
2256,306,323.041
2257,306,562.479
2258,306,92.713
2342,306,44.12
2343,306,40.907
2253,307,3.444
2254,307,186.954
2255,307,404.881
2256,307,383.28
2339,307,137.49
2340,307,658.891
2341,307,705.032
2342,307,402.174
2427,307,5.104
2428,307,47.333
2429,307,465.006
2430,307,476.024
2431,307,2.348
2508,307,22.564
2509,307,545.91
2510,307,12.904
2586,307,90.244
3095,308,617.97
3189,308,342.515
3190,308,641.216
3191,308,493.815
3192,308,122.556
3280,308,17.18
3281,308,47.606
3187,309,23.773
3188,309,10.152
3278,309,391.523
3368,309,540.239
3369,309,0.994
3445,309,364.846
3446,309,205.002
2742,310,26.683
2821,310,89.485
2822,310,568.841
2823,310,678.694
2741,311,0.103
2821,311,258.574
2822,311,13.743
2910,311,12.016
2911,311,595.53
3002,311,364.165
3093,311,121.516
3094,311,448.427
3187,311,40.323
3188,311,465.332
1926,312,1.11
1927,312,248.904
1928,312,189.396
1929,312,108.738
2005,312,333.272
2006,312,552.838
2007,312,699.288
2008,312,376.751
2085,312,5.047
2087,312,236.623
2088,312,398.572
2089,312,2.349
1775,313,0.302
1776,313,28.706
1851,313,195.271
1852,313,323.417
1927,313,278.784
1928,313,504.94
1929,313,123.935
2006,313,13.108
3189,314,200.748
3278,314,191.5
3279,314,686.613
3280,314,672.451
3281,314,189.354
3368,314,72.184
3369,314,428.953
3370,314,589.729
1853,315,51.765
1928,315,2.238
1929,315,131.397
2586,316,34.153
2663,316,168.465
2664,316,433.157
2740,316,525.271
2741,316,698.049
2742,316,547.253
2819,316,2.427
2820,316,514.989
2821,316,343.153
2822,316,114.226
2910,316,33.661
2911,316,0.706
1695,317,110.484
1696,317,714.056
1697,317,598.554
1773,317,24.094
1774,317,354.533
1775,317,706.319
1776,317,319.408
1850,317,210.477
1851,317,499.433
1926,317,0.656
1927,317,5.796
1694,318,19.75
1695,318,512.444
1696,318,1.197
1772,318,214.254
1773,318,689.947
1774,318,359.453
1848,318,238.146
1849,318,712.006
1850,318,502.294
1851,318,14.113
1924,318,432.096
1925,318,711.521
1926,318,709.791
1927,318,178.065
2003,318,251.879
2004,318,505.678
2005,318,222.254
2257,319,16.596
2342,319,258.714
2343,319,649.659
2344,319,476.211
2430,319,227.728
2431,319,701.327
2432,319,703.694
2509,319,61.902
2510,319,657.019
2586,319,235.696
2663,319,79.824
2008,320,56.008
2009,320,165.927
2088,320,138.547
2089,320,559.627
2172,320,435.312
2173,320,675.994
2257,320,127.205
2258,320,613.702
2343,320,14.541
2344,320,228.82
1921,321,6.657
1922,321,27.75
1999,321,1.147
2000,321,144.41
2001,321,462.398
2078,321,144.305
2079,321,512.883
2080,321,704.926
2081,321,680.785
2082,321,20.886
2162,321,356.962
2163,321,647.34
2164,321,619.229
2165,321,707.667
2166,321,208.902
2249,321,101.345
2250,321,146.54
2251,321,476.193
2252,321,286.626
2162,322,29.371
2163,322,60.261
2164,322,88.379
2247,322,173.69
2248,322,580.629
2249,322,579.702
2250,322,373.91
2333,322,294.081
2334,322,435.217
2335,322,264.807
2244,323,24.959
2245,323,74.51
2329,323,10.616
2330,323,255.266
2331,323,215.199
2416,323,17.964
2417,323,541.765
2418,323,697.348
2419,323,552.514
2420,323,24.84
2495,323,11.697
2496,323,443.821
2497,323,529.851
2498,323,316.426
2499,323,75.304
2574,323,13.647
2424,324,2.253
2425,324,316.317
2426,324,470.377
2427,324,26.393
2503,324,53.536
2504,324,699.005
2505,324,551.638
2506,324,20.663
2581,324,192.904
2582,324,152.34
2249,325,25.333
2250,325,185.965
2251,325,230.163
2252,325,42.051
2335,325,216.609
2336,325,651.164
2337,325,547.842
2338,325,74.209
2424,325,64.487
2340,326,7.59
2426,326,41.853
2427,326,471.796
2428,326,656.309
2429,326,236.158
2505,326,150.653
2506,326,681.727
2507,326,702.343
2508,326,222.051
2582,326,124.523
2583,326,327.003
2584,326,124.283
2585,326,13.951
1770,327,28.876
1771,327,19.304
1844,327,41.651
1845,327,385.091
1846,327,633.968
1847,327,208.257
1920,327,342.772
1921,327,704.839
1922,327,416.438
1923,327,29.953
1999,327,160.695
2000,327,565.793
2001,327,13.679
2080,327,4.11
2239,328,12.675
2240,328,413.748
2241,328,36.166
2325,328,387.763
2326,328,549.176
2327,328,8.475
2412,328,269.389
2413,328,696.929
2414,328,427.455
2491,328,256.001
2492,328,702.343
2493,328,250.136
2568,328,15.766
2569,328,41.502
2570,328,34.196
2334,329,75.071
2335,329,223.659
2336,329,53.793
2421,329,55.445
2422,329,553.574
2423,329,703.694
2424,329,626.891
2425,329,67.538
2501,329,410.381
2502,329,702.343
2503,329,451.536
2504,329,3.104
2578,329,495.054
2579,329,473.921
2580,329,53.53
2655,329,2.228
2656,329,12.225
2583,330,282.844
2584,330,451.215
2660,330,357.799
2661,330,610.987
2662,330,0.75
2737,330,79.495
2738,330,492.584
2739,330,7.553
1913,331,0.409
1914,331,30.123
1915,331,19.157
1991,331,18.54
1992,331,378.9
1993,331,666.594
1994,331,619.318
1995,331,5.769
2071,331,463.699
2072,331,708.965
2073,331,708.965
2074,331,452.128
2155,331,185.979
2156,331,617.904
2157,331,223.387
2158,331,104.986
2242,331,155.085
2245,332,107.706
2246,332,153.348
2331,332,489.845
2332,332,661.421
2333,332,225.993
2334,332,194.687
2419,332,151.226
2420,332,678.806
2421,332,648.249
2422,332,150.12
2498,332,173.679
2499,332,445.251
2500,332,201.559
2501,332,41.058
2576,332,14.819
2336,333,0.021
2337,333,157.189
2338,333,422.496
2339,333,467.864
2340,333,38.475
2424,333,10.116
2425,333,319.83
2426,333,191.464
2427,333,200.357
2428,333,0.128
2498,334,0.57
2499,334,178.646
2500,334,500.784
2501,334,250.903
2576,334,63.853
2577,334,335.493
2578,334,196.773
2654,334,25.205
2655,334,86.263
2154,335,29.764
2155,335,435.879
2156,335,24.332
2240,335,3.612
2241,335,636.87
2242,335,460.195
2243,335,303.736
2244,335,411.394
2327,335,355.642
2328,335,473.367
2329,335,625.991
2330,335,449.797
2417,335,26.159
2418,335,6.361
2156,336,65.369
2157,336,484.28
2158,336,342.612
2242,336,91.138
2243,336,402.62
2244,336,120.221
2429,337,2.467
2508,337,457.745
2509,337,94.464
2584,337,125.44
2585,337,682.707
2586,337,325.343
2661,337,23.096
2662,337,89.308
2663,337,0.701
2326,338,155.805
2327,338,340.922
2328,338,231.665
2329,338,68.352
2414,338,276.232
2415,338,703.694
2416,338,685.693
2417,338,135.842
2493,338,452.206
2494,338,695.395
2495,338,399.633
2570,338,94.146
2571,338,145.385
2572,338,34.602
1997,339,128.372
1998,339,108.57
2074,339,239.581
2075,339,114.649
2076,339,191.296
2077,339,541.971
2078,339,257.545
2158,339,260.084
2159,339,686.929
2160,339,707.667
2161,339,639.76
2162,339,250.015
2244,339,149.775
2245,339,492.835
2246,339,179.339
2247,339,37.519
2585,340,4.322
2586,340,15.546
2661,340,65.532
2662,340,609.589
2663,340,450.626
2738,340,31.25
2739,340,690.657
2740,340,168.813
2818,340,5.107
2819,340,143.362
2820,340,0.331
1843,341,4.562
1918,341,36.949
1919,341,379.423
1920,341,323.127
1997,341,261.857
1998,341,601.631
1999,341,548.434
2078,341,307.11
2079,341,196.11
1836,342,150.797
1837,342,395.705
1838,342,216.866
1839,342,164.145
1840,342,19.776
1912,342,374.312
1913,342,711.051
1914,342,681.332
1915,342,692.291
1916,342,174.673
1991,342,0.273
1992,342,91.642
1993,342,43.721
1994,342,53.698
1995,342,7.818
1689,343,28.492
1763,343,3.241
1764,343,417.859
1765,343,351.73
1766,343,476.116
1767,343,620.622
1768,343,15.177
1840,343,477.619
1841,343,712.778
1842,343,712.778
1843,343,680.832
1844,343,29.849
1916,343,432.411
1917,343,711.521
1918,343,674.544
1919,343,328.238
1995,343,94.202
1996,343,280.872
1997,343,174.759
1356,344,18.586
1357,344,294.197
1358,344,513.019
1359,344,268.715
1417,344,474.844
1418,344,720.042
1419,344,720.042
1420,344,690.904
1421,344,8.391
1480,344,53.782
1481,344,286.594
1482,344,511.808
1483,344,666.253
1484,344,121.156
1546,344,43.289
1547,344,615.109
1548,344,167.388
1614,344,121.693
1615,344,77.418
1241,345,150.699
1242,345,174.128
1294,345,74.807
1295,345,611.723
1296,345,720.616
1297,345,427.776
1298,345,176.683
1349,345,94.128
1350,345,721.205
1351,345,721.205
1352,345,721.205
1353,345,349.812
1410,345,1.516
1411,345,323.962
1412,345,372.657
1413,345,513.97
1414,345,301.544
1476,345,91.129
1488,346,93.844
1489,346,318.462
1552,346,150.37
1553,346,667.991
1554,346,554.852
1620,346,129.09
1621,346,285.974
1622,346,603.473
1694,346,282.353
1695,346,92.348
1349,347,13.106
1410,347,173.075
1411,347,396.08
1412,347,347.384
1413,347,203.683
1473,347,164.807
1474,347,469.88
1475,347,418.683
1476,347,598.181
1477,347,406.11
1478,347,205.812
1539,347,7.801
1540,347,502.176
1541,347,717.675
1542,347,362.094
1607,347,204.536
1608,347,574.531
1609,347,70.98
1425,348,338.365
1426,348,525.967
1488,348,439.921
1489,348,400.402
1298,349,121.248
1299,349,52.491
1301,349,60.027
1302,349,177.429
1353,349,135.712
1354,349,551.731
1355,349,476.945
1356,349,441.905
1357,349,412.108
1358,349,27.476
1415,349,199.474
1416,349,308.386
1417,349,137.505
1253,350,5.952
1254,350,236.993
1303,350,18.969
1304,350,281.116
1305,350,535.087
1306,350,493.566
1307,350,421.765
1308,350,417.314
1309,350,26.956
1358,350,117.292
1359,350,248.476
1360,350,19.665
1361,350,177.324
1362,350,490.668
1363,350,344.937
1364,350,18.584
1481,351,14.917
1482,351,204.553
1544,351,120.184
1545,351,540.354
1546,351,671.332
1547,351,102.517
1611,351,25.509
1612,351,563.941
1613,351,459.928
1614,351,249.482
1684,351,3.193
1305,352,5.806
1359,352,203.984
1360,352,701.617
1361,352,543.881
1362,352,183.734
1363,352,6.769
1420,352,29.168
1421,352,711.65
1422,352,716.002
1423,352,452.214
1424,352,18.784
1483,352,52.612
1484,352,454.353
1485,352,378.297
997,353,336.967
998,353,623.7
999,353,317.347
1043,353,54.97
1044,353,706.206
1045,353,367.077
1091,353,51.92
1092,353,701.071
1093,353,448.179
1140,353,82.091
1141,353,318.141
1142,353,125.4
999,354,30.367
1045,354,353.799
1046,354,474.297
1093,354,278.632
1094,354,726.818
1095,354,679.379
1141,354,71.965
1142,354,600.339
1143,354,725.723
1144,354,725.723
1145,354,476.151
1192,354,108.957
1193,354,439.165
1194,354,724.614
1195,354,582.313
1196,354,53.678
1247,354,185.516
1248,354,572.703
1249,354,208.185
1302,354,16.542
1254,355,242.375
1308,355,304.814
1309,355,293.858
1362,356,46.802
1363,356,369.291
1364,356,368.462
1365,356,31.524
1422,356,4.016
1423,356,267.828
1424,356,701.28
1425,356,381.645
1426,356,127.801
1485,356,67.131
1486,356,317.807
1487,356,200.373
1488,356,13.976
1607,357,52.541
1608,357,141.939
1609,357,413.71
1610,357,14.864
1679,357,13.966
1680,357,190.216
1681,357,434.959
1682,357,599.372
1683,357,235.947
1760,357,1.955
1761,357,41.76
1039,358,39.267
1086,358,118.186
1087,358,489.776
1088,358,38.954
1135,358,522.808
1136,358,725.723
1137,358,674.204
1138,358,283.314
1186,358,193.661
1187,358,724.614
1188,358,724.614
1189,358,558.831
1190,358,0.837
1240,358,9.34
1241,358,421.807
1242,358,549.348
1243,358,723.491
1244,358,467.568
1245,358,18.724
1296,358,1.753
1297,358,294.578
1298,358,316.761
1139,359,105.501
1140,359,214.054
1141,359,335.557
1142,359,0.046
1189,359,0.332
1190,359,557.586
1191,359,724.614
1192,359,615.717
1193,359,285.396
1244,359,255.905
1245,359,704.767
1246,359,723.491
1247,359,538.029
1248,359,83.339
1298,359,107.633
1299,359,669.823
1300,359,722.355
1301,359,659.295
1302,359,46.158
1354,359,165.484
1355,359,244.26
1356,359,260.702
1308,360,0.277
1309,360,401.521
1363,360,0.186
1364,360,334.18
1365,360,689.647
1426,360,66.308
1484,361,143.298
1485,361,273.462
1486,361,401.058
1487,361,518.492
1488,361,171.096
1548,361,550.293
1549,361,717.675
1550,361,717.675
1551,361,413.265
1552,361,127.339
1614,361,48.732
1615,361,639.104
1616,361,716.471
1617,361,713.273
1618,361,135.17
1686,361,30.166
1687,361,541.055
1688,361,708.293
1689,361,187.305
1690,361,0.08
1764,361,2.615
1765,361,362.292
1766,361,183.962
1145,362,50.989
1146,362,0.043
1195,362,40.506
1196,362,423.108
1197,362,345.431
1250,362,43.934
1251,362,423.183
1252,362,545.553
1253,362,291.701
1254,362,48.978
1305,362,56.011
1306,362,228.789
1307,362,300.62
860,363,2.791
902,363,5.411
903,363,436.454
904,363,315.16
905,363,68.81
945,363,141.615
946,363,536.92
947,363,724.357
948,363,729.983
949,363,159.969
990,363,190.933
991,363,728.968
992,363,728.968
993,363,728.968
994,363,689.851
995,363,266.737
1036,363,52.02
1037,363,497.466
1038,363,540.047
1039,363,489.413
1040,363,245.014
1041,363,109.902
813,364,127.985
814,364,439.471
815,364,104.677
816,364,0.175
817,364,0.405
855,364,14.309
856,364,699.239
857,364,725.593
858,364,603.242
859,364,212.902
899,364,177.383
900,364,659.416
901,364,731.064
902,364,376.392
944,364,179.943
945,364,557.473
946,364,172.655
1551,365,304.357
1552,365,440.027
1553,365,49.634
1617,365,3.16
1618,365,581.34
1619,365,716.471
1620,365,587.43
1621,365,430.497
1622,365,57.858
1688,365,6.923
1689,365,499.435
1690,365,715.186
1691,365,715.253
1692,365,715.253
1693,365,715.252
1694,365,212.138
1766,365,53.982
1767,365,93.442
1768,365,698.845
1769,365,714.022
1770,365,661.641
1771,365,300.659
1772,365,13.189
1843,365,27.351
1844,365,641.221
1845,365,327.687
1846,365,78.555
1919,365,3.909
1920,365,45.625
1036,366,115.047
1037,366,230.434
1038,366,187.853
1039,366,84.737
1084,366,273.468
1085,366,726.818
1086,366,608.571
1087,366,79.115
1133,366,576.444
1134,366,725.723
1135,366,202.917
1183,366,223.614
1184,366,683.03
1185,366,426.897
1186,366,133.699
1237,366,113.246
1238,366,63.004
1195,367,101.729
1196,367,247.891
1197,367,151.502
1248,367,67.378
1249,367,515.372
1250,367,679.557
1251,367,300.307
1301,367,2.985
1302,367,482.258
1303,367,703.324
1304,367,441.239
1305,367,125.432
1357,367,14.939
1358,367,63.48
1186,368,4.007
1239,368,233.017
1240,368,697.549
1241,368,150.926
1293,368,237.405
1294,368,647.508
1295,368,110.692
1348,368,407.252
1349,368,613.967
1409,368,196.731
1410,368,489.036
1473,368,58.101
1145,369,194.989
1146,369,445.689
1197,369,227.627
1252,369,178.007
1253,369,425.808
1254,369,195.096
994,370,13.315
995,370,16.712
996,370,10.42
997,370,16.176
1039,370,114.409
1040,370,482.93
1041,370,583.062
1042,370,539.312
1043,370,668.54
1044,370,21.695
1087,370,158.001
1088,370,687.792
1089,370,726.818
1090,370,726.818
1091,370,674.869
1092,370,25.747
1137,370,51.592
1138,370,442.372
1139,370,620.161
1140,370,429.611
1189,370,165.488
1190,370,166.246
1416,371,49.769
1417,371,99.639
1478,371,119.459
1479,371,643.454
1480,371,665.139
1481,371,417.307
1482,371,2.44
1542,371,355.577
1543,371,717.675
1544,371,597.449
1545,371,177.367
1546,371,3.116
1609,371,231.812
1610,371,701.545
1611,371,691.003
1612,371,113.652
1681,371,7.665
1682,371,44.143
1683,371,477.657
1684,371,94.571
1761,371,356.507
1762,371,14.206
1353,372,235.676
1354,372,4.02
1413,372,2.313
1414,372,418.556
1415,372,520.58
1416,372,361.827
1417,372,8.058
1476,372,29.631
1477,372,312.755
1478,372,393.539
1479,372,75.47
1612,373,38.816
1613,373,256.543
1614,373,296.578
1680,373,377.628
1681,373,272.658
1682,373,71.73
1683,373,1.588
1684,373,617.543
1685,373,715.253
1686,373,685.107
1687,373,174.199
1758,373,434.972
1759,373,713.069
1760,373,712.139
1761,373,315.818
1762,373,699.825
1763,373,710.782
1764,373,293.515
1835,373,214.938
1836,373,522.97
1837,373,317.073
1838,373,495.912
1839,373,548.633
1840,373,215.382
1911,373,6.109
1912,373,15.603
944,374,30.366
945,374,30.876
987,374,21.359
988,374,438.342
989,374,691.226
990,374,538.08
1033,374,93.294
1034,374,700.432
1035,374,727.9
1036,374,560.79
1081,374,58.293
1082,374,163.688
1083,374,637.256
1084,374,451.815
1132,374,70.105
1133,374,11.52
1603,375,52.16
1673,375,3.059
1674,375,462.498
1675,375,258.763
1750,375,0.236
1751,375,364.597
1752,375,714.022
1753,375,387.322
1826,375,7.815
1827,375,307.32
1828,375,529.275
1829,375,108.945
1903,375,196.943
1904,375,150.988
898,376,105.848
941,376,192.333
942,376,631.84
943,376,208.854
944,376,9.645
986,376,130.494
987,376,707.582
988,376,290.67
989,376,11.181
1032,376,52.381
1033,376,443.308
1034,376,9.656
1237,377,355.303
1238,377,250.289
1290,377,30.653
1291,377,678.243
1292,377,261.706
1344,377,75.701
1345,377,692.467
1346,377,698.602
1347,377,28.569
1405,377,15.311
1406,377,620.309
1407,377,363.955
1469,377,15.297
1470,377,0.259
1405,378,144.713
1406,378,93.854
1467,378,146.875
1468,378,643.091
1469,378,268.556
1531,378,206.775
1532,378,666.222
1533,378,50.553
1598,378,14.694
1599,378,62.221
1603,379,11.678
1604,379,72.113
1605,379,13.828
1672,379,362.496
1673,379,258.732
1675,379,454.864
1676,379,715.253
1677,379,109.871
1750,379,5.54
1753,379,310.322
1754,379,489.691
1755,379,45.043
1830,379,3.573
1833,380,0.807
1834,380,195.185
1835,380,466.467
1836,380,38.961
1909,380,155.335
1910,380,544.169
1911,380,705.422
1912,380,321.65
1989,380,480.02
1990,380,710.25
1991,380,691.379
1992,380,239.768
2069,380,510.897
2070,380,588.233
2071,380,202.128
2154,380,0.041
1127,381,45.748
1129,381,59.253
1177,381,74.252
1178,381,614.543
1179,381,337.076
1180,381,662.542
1181,381,288.639
1232,381,453.728
1233,381,723.491
1234,381,723.491
1235,381,501.059
1236,381,260.417
1237,381,48.615
1286,381,6.085
1287,381,357.28
1288,381,475.755
1289,381,717.85
1290,381,691.633
1291,381,44.14
1344,381,86.419
1345,381,18.702
1597,382,3.765
1598,382,75.003
1599,382,0.24
1669,382,347.814
1670,382,714.379
1671,382,417.17
1747,382,127.206
1748,382,672.482
1749,382,709.291
1750,382,60.898
1824,382,339.468
1825,382,652.308
1826,382,62.35
1901,382,12.814
1753,383,16.375
1754,383,223.661
1755,383,293.125
1756,383,33.761
1828,383,183.448
1829,383,603.882
1830,383,709.274
1831,383,712.742
1832,383,245.513
1904,383,173.095
1905,383,711.521
1906,383,711.521
1907,383,626.346
1908,383,187.555
1983,383,185.706
1984,383,636.311
1985,383,327.966
1986,383,16.008
2064,384,66.292
2065,384,198.058
2148,384,396.738
2149,384,557.77
2150,384,4.338
2233,384,0.025
2234,384,547.492
2235,384,242.835
2320,384,112.677
2321,384,4.737
1408,385,46.119
1409,385,360.21
1410,385,56.387
1470,385,5.317
1471,385,619.985
1472,385,718.865
1473,385,496.029
1474,385,248.985
1475,385,300.155
1535,385,191.421
1536,385,131.366
1537,385,326.216
1538,385,701.671
1539,385,475.393
1540,385,21.889
1604,385,0.448
1605,385,51.615
1607,386,137.777
1677,386,0.457
1678,386,230.278
1679,386,701.209
1680,386,147.371
1755,386,41.95
1756,386,664.204
1757,386,714.022
1758,386,279.088
1759,386,0.944
1831,386,0.039
1832,386,467.242
1833,386,711.951
1834,386,517.539
1835,386,31.372
1908,386,399.246
1909,386,436.269
1910,386,25.278
1987,386,30.398
1988,386,13.605
1406,387,0.295
1407,387,58.269
1469,387,435.049
1470,387,667.815
1471,387,24.066
1533,387,444.693
1534,387,699.184
1535,387,273.935
1600,387,97.351
1601,387,203.895
1401,388,40.522
1402,388,367.591
1403,388,470.876
1404,388,3.982
1464,388,104.425
1465,388,659.161
1466,388,703.922
1467,388,487.858
1529,388,88.112
1530,388,141.552
1531,388,192.713
1907,389,85.109
1908,389,124.721
1909,389,119.881
1910,389,142.071
1986,389,589.344
1987,389,679.907
1988,389,696.699
1989,389,230.261
2066,389,132.715
2067,389,450.923
2068,389,644.11
2069,389,101.19
2152,389,13.367
1902,390,33.77
1903,390,16.242
1979,390,57.497
1980,390,454.71
1981,390,670.476
1982,390,259.103
2059,390,153.343
2060,390,290.66
2061,390,452.09
2062,390,641.283
2063,390,254.132
2143,390,47.72
2146,390,173.467
2147,390,268.996
2390,391,7.68
2391,391,2.769
2467,391,12.23
2468,391,371.058
2469,391,600.15
2470,391,450.342
2471,391,9.264
2544,391,25.412
2545,391,666.209
2546,391,700.979
2547,391,687.264
2548,391,32.885
2622,391,341.046
2623,391,595.082
2624,391,232.184
2700,391,1.862
1528,392,125.817
1529,392,361.426
1592,392,333.471
1593,392,563.753
1594,392,450.832
1595,392,608.93
1596,392,653.092
1597,392,2.092
1664,392,37.787
1665,392,510.894
1666,392,715.253
1667,392,715.253
1668,392,714.966
1669,392,257.712
1743,392,62.434
1744,392,602.215
1745,392,712.305
1746,392,657.256
1747,392,586.877
1748,392,38.933
1820,392,142.08
1821,392,136.845
1822,392,20.412
1823,392,226.121
1824,392,12.56
1507,393,119.109
1508,393,307.622
1509,393,116.959
1572,393,242.033
1573,393,392.179
1574,393,634.261
1575,393,423.75
1576,393,0.046
1643,393,28.367
1644,393,692.113
1645,393,715.253
1646,393,715.253
1647,393,171.74
1721,393,26.427
1722,393,114.164
1723,393,219.204
1724,393,289.866
1725,393,220.618
1516,394,44.208
1517,394,341.065
1518,394,308.247
1519,394,95.948
1581,394,2.137
1582,394,83.356
1583,394,54.222
1584,394,569.795
1585,394,716.471
1586,394,668.402
1587,394,292.463
1654,394,153.232
1655,394,653.503
1656,394,715.253
1657,394,715.253
1658,394,715.253
1659,394,628.141
1660,394,39.9
1733,394,128.948
1734,394,710.882
1735,394,714.022
1736,394,714.022
1737,394,158.449
1809,394,4.157
1810,394,214.308
1811,394,236.975
1812,394,343.525
1813,394,31.318
2966,395,114.06
3056,395,130.769
3057,395,477.253
3058,395,23.386
3148,395,6.24
3149,395,475.222
3150,395,690.158
3151,395,668.486
3152,395,259.065
3246,395,12.435
3247,395,264.865
3248,395,669.928
3249,395,584.446
3250,395,27.54
3342,395,46.527
3343,395,12.399
2043,396,46.177
2044,396,447.993
2045,396,107.197
2127,396,69.653
2128,396,664.832
2129,396,158.779
2213,396,83.627
2214,396,663.303
2215,396,199.874
2299,396,52.215
2300,396,262.11
2301,396,11.598
1447,397,187.131
1448,397,438.084
1449,397,94.645
1510,397,10.062
1511,397,546.612
1512,397,717.675
1513,397,553.199
1514,397,20.855
1577,397,30.951
1578,397,182.261
1579,397,235.649
1580,397,189.942
1581,397,18.047
2395,398,265.75
2396,398,124.888
2473,398,7.983
2474,398,369.148
2475,398,526.359
2476,398,284.233
2477,398,168.994
2551,398,305.043
2552,398,647.922
2553,398,700.979
2554,398,428.987
2555,398,2.217
2629,398,481.296
2630,398,699.601
2631,398,699.601
2632,398,256.138
2706,398,311.471
2707,398,375.03
2708,398,524.106
2709,398,695.685
2710,398,278.813
2786,398,82.498
2788,398,10.629
2789,398,297.829
2790,398,132.003
1520,399,0.411
1521,399,41.26
1522,399,25.148
1587,399,243.621
1588,399,699.262
1589,399,627.171
1590,399,322.282
1659,399,87.085
1660,399,675.353
1661,399,715.253
1662,399,712.182
1663,399,174.6
1737,399,555.6
1738,399,714.022
1739,399,714.022
1740,399,714.022
1741,399,332.942
1812,399,0.452
1813,399,405.696
1814,399,672.61
1815,399,712.778
1816,399,694.046
1817,399,187.716
1889,399,0.493
1890,399,425.896
1891,399,430.972
1892,399,690.742
1893,399,163.814
1971,399,71.667
2051,400,12.581
2052,400,131.346
2135,400,97.678
2136,400,694.997
2137,400,505.146
2138,400,34.914
2222,400,542.545
2223,400,706.356
2224,400,388.925
2307,400,263.935
2308,400,702.794
2309,400,705.032
2310,400,287.742
2395,400,123.802
2396,400,578.748
2397,400,699.71
2398,400,137.425
2475,400,163.72
2476,400,418.11
2477,400,107.436
2702,401,132.719
2782,401,26.267
2871,401,12.036
2872,401,327.114
2873,401,484.346
2874,401,71.587
2964,401,261.249
2965,401,676.408
2966,401,229.052
3056,401,278.112
3057,401,164.836
3150,401,0.279
3151,401,22.612
1804,402,150.383
1805,402,475.964
1806,402,391.727
1807,402,145.933
1808,402,3.071
1880,402,326.936
1881,402,711.521
1882,402,711.521
1883,402,711.521
1884,402,228.456
1958,402,64.24
1959,402,640.186
1960,402,657.528
1961,402,148.063
1962,402,307.909
1963,402,19.318
2038,402,132.31
2039,402,553.468
2040,402,571.818
2041,402,26.841
2122,402,33.566
1721,403,6.543
1722,403,560.603
1723,403,494.818
1724,403,424.157
1725,403,315.107
1726,403,24.095
1798,403,221.788
1799,403,712.778
1800,403,712.778
1801,403,711.955
1802,403,111.387
1874,403,19.144
1875,403,646.978
1876,403,711.521
1877,403,709.634
1878,403,244.181
1954,403,90.245
1955,403,705.532
1956,403,352.196
2035,403,283.826
2036,403,97.126
1824,404,25.604
1825,404,42.671
1899,404,115.033
1900,404,534.819
1901,404,697.513
1902,404,441.226
1977,404,345.07
1978,404,598.101
1979,404,652.716
1980,404,255.539
1981,404,39.829
2056,404,2.755
2057,404,594.036
2058,404,682.525
2059,404,486.684
2060,404,2.04
2141,404,208.462
2142,404,21.308
1578,405,319.461
1579,405,480.821
1580,405,526.528
1581,405,404.496
1582,405,37.236
1650,405,332.566
1651,405,715.253
1652,405,715.253
1653,405,706.856
1654,405,470.592
1728,405,331.538
1729,405,714.022
1730,405,714.022
1731,405,284.438
1804,405,50.736
1805,405,236.814
1806,405,321.051
1807,405,107.928
2299,406,84.758
2300,406,73.379
2386,406,180.422
2387,406,537.385
2388,406,162.851
2389,406,1.406
2465,406,394.185
2466,406,697.935
2467,406,615.695
2468,406,230.277
2542,406,56.381
2543,406,568.194
2544,406,675.576
2545,406,34.731
2619,406,351.476
2620,406,699.601
2621,406,572.987
2622,406,54.105
2696,406,72.694
2697,406,231.136
2698,406,85.355
2870,407,4.957
2871,407,62.733
2961,407,93.044
2962,407,582.546
2963,407,691.384
2964,407,418.574
2965,407,17.503
3052,407,20.851
3053,407,625.827
3054,407,692.516
3055,407,692.488
3056,407,283.672
3147,407,4.814
3148,407,194.303
3149,407,177.401
3150,407,0.632
1653,408,8.329
1654,408,91.477
1655,408,45.68
1731,408,429.597
1732,408,714.022
1733,408,558.906
1734,408,3.141
1807,408,458.973
1808,408,709.669
1809,408,202.768
1884,408,110.238
1885,408,8.616
1733,409,26.162
1809,409,505.894
1810,409,498.47
1811,409,475.804
1812,409,368.801
1813,409,275.797
1814,409,40.136
1884,409,10.441
1885,409,292.222
1886,409,607.851
1887,409,711.521
1888,409,711.521
1889,409,711.028
1890,409,203.708
1965,409,9.906
1966,409,217.813
1967,409,246.566
1968,409,522.572
1969,409,249.753
1802,410,311.38
1803,410,290.633
1804,410,28.399
1877,410,1.873
1878,410,467.381
1879,410,711.521
1880,410,361.992
1956,410,134.83
1957,410,710.25
1958,410,645.952
1959,410,70.117
2036,410,4.216
2037,410,116.531
2038,410,53.104
1973,411,101.429
1974,411,367.285
1975,411,0.387
2052,411,153.602
2053,411,554.347
2054,411,707.676
2055,411,506.948
2056,411,329.868
2057,411,55.813
2136,411,1.524
2137,411,202.522
2138,411,672.71
2139,411,700.546
2140,411,318.187
2141,411,96.508
2224,411,131.82
2225,411,192.733
1873,412,220.245
1874,412,511.663
1875,412,64.471
1952,412,231.608
1953,412,710.25
1954,412,620.076
1955,412,4.71
2032,412,175.373
2033,412,448.029
2034,412,444.873
2035,412,12.038
2139,413,7.082
2140,413,389.48
2141,413,62.968
2224,413,185.605
2225,413,513.663
2226,413,706.356
2227,413,366.275
2228,413,111.882
2310,413,163.941
2311,413,624.248
2312,413,585.144
2313,413,703.811
2314,413,361.056
2399,413,0.757
2400,413,0.397
2401,413,193.276
2402,413,78.54
1508,414,1.645
1509,414,223.096
1510,414,324.486
1511,414,5.125
1574,414,22.521
1575,414,292.718
1576,414,716.425
1577,414,685.559
1578,414,214.688
1647,414,543.477
1648,414,715.253
1649,414,715.253
1650,414,382.692
1725,414,178.355
1726,414,689.904
1727,414,714.022
1728,414,382.482
1801,414,0.823
1802,414,289.994
1803,414,422.145
1804,414,483.26
1880,414,22.597
1745,415,1.662
1746,415,56.717
1748,415,2.549
1820,415,347.888
1821,415,575.989
1822,415,692.416
1823,415,486.657
1824,415,335.164
1895,415,11.532
1896,415,324.631
1897,415,699.316
1898,415,711.521
1899,415,596.441
1900,415,176.743
1974,415,52.938
1975,415,630.122
1976,415,695.269
1977,415,365.133
1978,415,112.196
2054,415,1.296
2055,415,202.017
2056,415,376.342
2057,415,57.499
2290,416,189.081
2291,416,487.596
2292,416,342.774
2293,416,20.701
2294,416,1.642
2378,416,216.673
2379,416,703.694
2380,416,703.653
2381,416,690.244
2382,416,110.271
2457,416,37.938
2458,416,238.358
2459,416,264.447
2460,416,670.698
2461,416,149.963
2537,416,400.925
2538,416,316.239
2614,416,0.953
2615,416,5.878
2961,417,71.849
3050,417,133.008
3051,417,343.253
3052,417,603.255
3053,417,66.616
3144,417,0.584
3145,417,270.594
3146,417,587.444
3147,417,686.318
3148,417,490.498
3149,417,38.461
3244,417,5.832
3245,417,311.834
3246,417,603.816
3247,417,424.725
3248,417,19.506
3340,417,91.128
3341,417,225.034
3342,417,12.639
1890,418,81.905
1891,418,280.549
1892,418,20.719
1893,418,183.849
1894,418,5.546
1968,418,18.327
1969,418,460.54
1970,418,710.25
1971,418,638.642
1972,418,710.249
1973,418,242.449
2048,418,2.544
2049,418,74.613
2050,418,551.044
2051,418,575.021
2052,418,424.005
2053,418,154.677
2134,418,0.441
2135,418,0.226
2378,419,28.945
2456,419,8.296
2457,419,538.031
2458,419,463.985
2459,419,437.896
2460,419,21.182
2533,419,6.518
2534,419,457.878
2535,419,677.692
2536,419,547.469
2537,419,189.66
2611,419,221.389
2612,419,461.789
2613,419,152.791
2689,419,39.048
2690,419,38.224
2310,420,253.345
2311,420,80.732
2312,420,95.458
2397,420,3.984
2398,420,566.27
2399,420,702.989
2400,420,632.816
2401,420,171.21
2477,420,425.909
2478,420,700.609
2479,420,615.797
2480,420,61.856
2554,420,272.05
2555,420,698.745
2556,420,476.405
2632,420,443.461
2633,420,655.846
2634,420,111.922
2709,420,2.545
2710,420,109.27
2711,420,17.909
1964,421,80.773
1965,421,358.704
1966,421,177.337
1967,421,431.295
1968,421,169.318
2044,421,134.678
2045,421,601.714
2046,421,708.965
2047,421,708.965
2048,421,706.455
2049,421,634.352
2050,421,100.107
2128,421,3.177
2129,421,530.282
2130,421,538.554
2131,421,623.509
2132,421,707.667
2133,421,513.643
2134,421,9.622
2215,421,51.521
2216,421,3.481
2217,421,45.667
2218,421,479.873
2219,421,157.832
2125,422,6.554
2126,422,31.351
2127,422,22.295
2210,422,183.066
2211,422,606.964
2212,422,697.988
2213,422,415.23
2296,422,474.72
2297,422,705.032
2298,422,705.032
2299,422,568.052
2383,422,70.652
2384,422,622.59
2385,422,571.019
2386,422,305.035
2387,422,166.355
2464,422,14.892
2033,423,13.962
2034,423,264.093
2035,423,397.223
2036,423,9.477
2117,423,453.035
2118,423,707.667
2119,423,551.811
2120,423,25.134
2203,423,4.459
2204,423,346.947
2205,423,687.702
2206,423,494.706
2207,423,171.868
2290,423,26.588
2291,423,217.436
2292,423,330.193
2293,423,155.103
2482,424,16.628
2483,424,361.77
2484,424,95.275
2485,424,0.131
2559,424,255.809
2560,424,700.979
2561,424,698.354
2562,424,593.499
2563,424,429.208
2564,424,43.632
2636,424,334.871
2637,424,699.601
2638,424,699.601
2639,424,545.501
2640,424,145.553
2641,424,0.277
2713,424,4.978
2714,424,352.595
2715,424,300.219
2716,424,19.161
2050,425,57.758
2051,425,121.312
2133,425,193.981
2134,425,697.661
2135,425,609.815
2136,425,11.125
2217,425,2.762
2218,425,181.84
2219,425,548.568
2220,425,706.356
2221,425,706.356
2222,425,163.827
2304,425,627.41
2305,425,705.032
2306,425,705.032
2307,425,441.043
2308,425,2.254
2391,425,325.096
2392,425,690.953
2393,425,691.729
2394,425,637.981
2395,425,314.136
2470,425,235.978
2471,425,289.779
2472,425,157.478
2473,425,98.131
2474,425,331.991
2475,425,12.322
2312,426,24.37
2314,426,10.213
2400,426,70.541
2401,426,339.161
2402,426,556.208
2403,426,362.905
2404,426,88.616
2478,426,1.734
2479,426,86.487
2480,426,640.534
2481,426,702.343
2482,426,685.657
2483,426,100.951
2556,426,224.57
2557,426,700.979
2558,426,700.979
2559,426,445.167
2633,426,35.151
2634,426,587.679
2635,426,577.328
2636,426,201.883
2710,426,0.132
2711,426,198.06
2712,426,183.518
1884,427,362.408
1885,427,410.707
1886,427,103.622
1960,427,52.688
1961,427,562.187
1962,427,402.34
1963,427,690.948
1964,427,629.418
1965,427,341.686
1966,427,315.099
1967,427,32.389
2040,427,36.786
2041,427,414.728
2042,427,506.444
2043,427,662.754
2044,427,126.354
2126,427,31.385
2127,427,596.361
2128,427,39.621
2213,427,207.517
2214,427,43.09
1590,428,8.461
1591,428,179.358
1592,428,176.524
1662,428,3.09
1663,428,540.595
1664,428,677.514
1665,428,204.307
1741,428,381.079
1742,428,714.022
1743,428,651.641
1744,428,111.75
1816,428,18.732
1817,428,525.066
1818,428,712.778
1819,428,712.778
1820,428,222.836
1893,428,363.914
1894,428,705.954
1895,428,699.989
1896,428,386.921
1897,428,12.177
1973,428,366.332
1974,428,290.02
1975,428,79.74
1976,428,15.008
2060,429,400.695
2061,429,256.875
2062,429,6.869
2144,429,499.217
2145,429,705.826
2146,429,504.649
2229,429,18.367
2230,429,670.573
2231,429,413.196
2232,429,67.092
2315,429,224.407
2316,429,700.633
2317,429,269.193
2402,429,0.098
2403,429,316.767
2404,429,589.256
2405,429,23.318
2483,429,13.641
2039,430,31.497
2040,430,100.395
2041,430,267.396
2042,430,202.484
2123,430,131.481
2124,430,707.139
2125,430,701.062
2126,430,644.9
2127,430,19.337
2209,430,95.827
2210,430,452.722
2211,430,99.443
2212,430,8.436
2775,431,272.611
2776,431,519.991
2777,431,230.903
2864,431,11.817
2865,431,665.709
2866,431,695.39
2867,431,682.289
2868,431,87.564
2957,431,333.323
2958,431,657.029
2959,431,693.959
2960,431,544.07
2961,431,205.857
3049,431,154.074
3050,431,443.403
3051,431,349.263
3052,431,68.469
2621,432,126.562
2622,432,304.489
2623,432,104.449
2624,432,383.307
2625,432,33.098
2698,432,359.853
2699,432,698.21
2700,432,696.419
2701,432,698.21
2702,432,232.854
2777,432,265.712
2778,432,485.99
2779,432,696.807
2780,432,696.807
2781,432,696.807
2782,432,261.552
2867,432,13.149
2868,432,607.778
2869,432,695.39
2870,432,690.366
2871,432,620.6
2872,432,315.653
2960,432,149.936
2961,432,323.151
2962,432,111.48
2963,432,2.596
2964,432,14.16
2317,433,255.053
2318,433,459.942
2319,433,402.492
2404,433,25.759
2405,433,680.379
2406,433,501.656
2407,433,13.933
2483,433,226.044
2484,433,607.031
2485,433,701.698
2486,433,416.71
2487,433,8.743
2561,433,2.662
2562,433,107.489
2563,433,262.177
2564,433,103.966
2473,434,39.403
2474,434,1.257
2549,434,0.537
2550,434,452.187
2551,434,395.943
2552,434,53.01
2626,434,123.351
2627,434,666.836
2628,434,699.601
2629,434,218.301
2703,434,91.421
2704,434,408.487
2705,434,435.12
2706,434,128.71
2784,434,3.361
2785,434,5.549
1956,435,223.184
2035,435,15.886
2036,435,598.187
2037,435,592.434
2038,435,523.56
2039,435,123.94
2119,435,155.807
2120,435,682.544
2121,435,707.667
2122,435,674.15
2123,435,576.243
2124,435,0.528
2205,435,18.704
2206,435,211.65
2207,435,532.011
2208,435,329.947
2209,435,133.312
2210,435,0.229
2293,435,1.565
2057,436,1.643
2058,436,26.367
2059,436,68.913
2060,436,15.523
2141,436,339.714
2142,436,686.431
2143,436,660.009
2144,436,208.465
2227,436,340.088
2228,436,594.417
2229,436,687.958
2230,436,35.817
2313,436,1.252
2314,436,333.75
2315,436,480.613
2316,436,4.399
2402,436,68.918
2403,436,24.064
2129,437,18.59
2130,437,169.094
2131,437,84.099
2215,437,454.974
2216,437,702.894
2217,437,657.986
2218,437,44.629
2300,437,369.505
2301,437,693.49
2302,437,705.032
2303,437,705.032
2304,437,77.609
2388,437,540.811
2389,437,702.248
2390,437,695.969
2391,437,375.77
2392,437,12.767
2467,437,74.479
2468,437,101.048
2469,437,102.238
2470,437,15.304
1635,438,11.397
1713,438,533.251
1788,438,305.853
1789,438,652.434
1863,438,28.263
1864,438,404.591
1865,438,649.37
1866,438,49.964
1942,438,6.365
1943,438,660.637
1944,438,710.25
1945,438,412.933
1946,438,72.219
2022,438,166.456
2023,438,585.024
2024,438,219.968
2025,438,332.202
2026,438,49.44
2106,438,218.109
2107,438,521.488
2108,438,18.205
2193,438,1.643
1369,439,135.909
1370,439,405.877
1429,439,155.787
1430,439,536.891
1431,439,718.865
1493,439,359.458
1494,439,717.675
1495,439,710.775
1496,439,100.816
1558,439,3.271
1559,439,473.777
1560,439,711.247
1561,439,712.226
1562,439,178.046
1630,439,19.95
1631,439,447.191
1632,439,544.097
1633,439,16.892
1709,439,5.617
1710,439,20.593
1715,440,10.699
1791,440,664.36
1792,440,167.081
1865,440,62.197
1866,440,182.085
1867,440,325.371
1868,440,418.276
2276,441,71.567
2277,441,139.351
2278,441,315.07
2279,441,11.202
2280,441,49.695
2281,441,70.912
2363,441,21.422
2364,441,538.419
2365,441,703.693
2366,441,701.302
2367,441,493.542
2368,441,648.39
2369,441,601.44
2370,441,469.488
2371,441,3.474
2443,441,469.627
2444,441,702.343
2445,441,702.343
2446,441,702.343
2447,441,649.145
2448,441,569.972
2449,441,289.853
2450,441,8.584
2520,441,353.11
2521,441,464.426
2522,441,437.055
2523,441,446.909
2524,441,117.115
2525,441,3.035
1498,442,125.304
1499,442,12.754
1500,442,2.635
1565,442,636.336
1566,442,682.735
1567,442,569.832
1637,442,714.511
1638,442,402.337
1639,442,159.978
1715,442,384.387
1716,442,5.691
1495,443,6.888
1496,443,616.879
1497,443,717.675
1561,443,4.257
1562,443,514.699
1563,443,716.471
1564,443,716.36
1633,443,238.465
1634,443,715.253
1635,443,629.74
1711,443,1.941
1712,443,186.924
1713,443,131.784
1312,444,23.021
1313,444,400.608
1314,444,177.802
1373,444,14.381
1374,444,673.964
1375,444,423.401
1437,444,15.714
1438,444,37.434
1871,445,440.883
1872,445,549.324
1873,445,184.375
1950,445,368.903
1951,445,710.25
1952,445,478.637
2030,445,129.349
2031,445,594.882
2032,445,99.925
2114,445,10.511
2115,445,75.147
1946,446,0.383
2024,446,202.989
2025,446,376.764
2026,446,530.559
2027,446,7.174
2108,446,56.014
2109,446,636.088
2110,446,226.406
2111,446,1.378
2195,446,61.094
2196,446,3.866
1555,447,7.034
1556,447,27.244
1626,447,277.36
1627,447,394.611
1628,447,2.437
1629,447,0.159
1704,447,513.632
1705,447,714.022
1706,447,623.389
1707,447,184.946
1780,447,557.077
1781,447,710.981
1782,447,654.149
1783,447,46.891
1857,447,679.166
1858,447,226.457
1937,447,46.532
1367,448,6.487
1368,448,62.98
1369,448,22.342
1427,448,610.496
1428,448,409.656
1429,448,562.661
1430,448,169.089
1490,448,700.619
1491,448,717.675
1492,448,717.675
1493,448,358.221
1555,448,15.26
1556,448,359.543
1557,448,332.481
1558,448,396.224
1559,448,183.913
2012,449,613.016
2013,449,708.965
2014,449,708.965
2015,449,708.965
2016,449,708.965
2017,449,621.255
2018,449,145.776
2019,449,189.981
2020,449,265.174
2021,449,261.609
2022,449,3.974
2094,449,707.667
2095,449,707.667
2096,449,707.667
2097,449,707.667
2098,449,707.667
2099,449,707.667
2100,449,707.667
2101,449,707.667
2102,449,707.667
2103,449,707.667
2104,449,699.487
2105,449,267.219
2179,449,614.242
2180,449,706.356
2181,449,706.356
2182,449,706.356
2183,449,706.356
2184,449,706.356
2185,449,706.356
2186,449,706.356
2187,449,706.356
2188,449,706.356
2189,449,517.087
2190,449,297.265
2191,449,3.932
2266,449,703.674
2267,449,705.032
2268,449,705.032
2269,449,705.032
2270,449,705.032
2271,449,705.032
2272,449,705.032
2273,449,705.032
2274,449,705.032
2275,449,360.784
2276,449,40.347
2354,449,648.833
2355,449,688.2
2356,449,703.694
2357,449,647.393
2358,449,482.171
2359,449,644.007
2360,449,703.694
2361,449,657.375
2362,449,672.994
2363,449,682.209
2364,449,158.893
2443,449,232.688
2519,449,429.874
2520,449,58.179
1866,450,479.439
1867,450,386.15
1868,450,148.36
1869,450,10.136
1945,450,297.348
1946,450,637.589
1947,450,710.25
1948,450,231.943
2026,450,108.582
2027,450,426.185
2028,450,6.047
2023,451,113.277
2024,451,285.968
2106,451,0.06
2107,451,186.198
2108,451,633.489
2109,451,67.592
2192,451,43.988
2193,451,308.256
2194,451,642.915
2195,451,645.325
2196,451,197.749
2280,451,301.12
2281,451,634.063
2282,451,174.601
2369,451,102.311
2370,451,81.696
1500,452,1.739
1501,452,114.195
1502,452,172.095
1567,452,112.566
1568,452,716.471
1569,452,290.297
1639,452,337.807
1640,452,697.989
1641,452,256.293
1717,452,0.145
1718,452,118.676
1311,453,363.525
1312,453,312.411
1371,453,576.37
1372,453,504.426
1373,453,221.387
1434,453,163.344
1435,453,14.629
1793,454,101.35
1794,454,449.338
1795,454,5.324
1869,454,303.978
1870,454,704.295
1871,454,179.658
1948,454,284.912
1949,454,696.827
1950,454,341.349
2028,454,6.122
2029,454,78.76
2030,454,131.943
2104,455,8.14
2105,455,36.861
2106,455,111.528
2189,455,189.228
2190,455,409.132
2191,455,702.33
2192,455,652.903
2193,455,396.485
2194,455,63.4
2275,455,344.29
2276,455,593.065
2277,455,565.638
2278,455,389.91
2279,455,693.792
2280,455,354.199
2364,455,6.407
2365,455,0.043
2366,455,2.443
2367,455,210.189
2368,455,55.362
1490,456,17.057
1555,456,694.121
1556,456,137.676
1625,456,401.766
1626,456,112.256
1627,456,6.26
1556,457,191.959
1557,457,383.989
1558,457,316.976
1559,457,58.752
1560,457,5.193
1627,457,314.431
1628,457,712.777
1629,457,715.082
1630,457,695.375
1631,457,268.054
1632,457,31.233
1706,457,90.673
1707,457,529.074
1708,457,714.022
1709,457,595.245
1710,457,593.313
1711,457,1.67
1782,457,58.63
1783,457,634.815
1784,457,580.983
1785,457,82.658
1786,457,33.493
1858,457,81.173
1859,457,0.048
2026,458,2.4
2109,458,3.924
2110,458,480.014
2111,458,290.598
2196,458,504.755
2197,458,564.642
2198,458,0.327
2282,458,530.41
2283,458,623.22
2284,458,212.225
2370,458,152.568
2371,458,401.411
2372,458,102.12
2449,458,58.561
2450,458,317.641
1372,459,202.683
1373,459,72.425
1434,459,555.521
1435,459,658.903
1436,459,87.083
1498,459,592.329
1499,459,704.843
1500,459,607.376
1501,459,228.016
1565,459,16.143
1566,459,33.813
1567,459,34.081
1709,460,113.135
1710,460,37.185
1784,460,3.16
1785,460,518.565
1786,460,650.27
1787,460,394.585
1788,460,247.311
1789,460,60.278
1860,460,362.499
1861,460,711.521
1862,460,711.521
1863,460,683.31
1864,460,306.955
1939,460,125.728
1940,460,651.322
1941,460,710.25
1942,460,703.884
1943,460,49.645
2020,460,346.63
2021,460,447.309
2022,460,538.466
2023,460,10.626
2105,460,403.569
2106,460,377.996
2191,460,0.159
2192,460,9.508
1637,461,0.743
1638,461,312.87
1639,461,217.524
1640,461,3.914
1715,461,270.437
1716,461,708.378
1717,461,700.465
1718,461,24.641
1791,461,41.096
1792,461,545.643
1793,461,611.375
1794,461,47.163
1868,461,144.939
1869,461,397.399
1948,461,66.289
1201,462,149.707
1202,462,179.49
1203,462,113.178
1256,462,608.705
1257,462,492.051
1311,462,357.68
1312,462,264.433
1371,462,0.05
1369,464,0.547
1201,465,48.862
1202,465,288.289
1256,465,113.711
871,466,75.275
872,466,369.345
873,466,84.231
914,466,41.423
915,466,650.79
916,466,730.023
917,466,588.012
918,466,564.439
919,466,63.45
958,466,13.035
959,466,531.611
960,466,728.968
961,466,478.807
962,466,13.019
963,466,92.522
964,466,0.121
1004,466,152.601
1005,466,700.54
1006,466,727.9
1007,466,630.417
1008,466,516.703
1009,466,395.441
1050,466,48.844
1051,466,385.794
1052,466,702.789
1053,466,726.818
1054,466,726.818
1055,466,726.818
1056,466,726.818
1057,466,555.202
1058,466,35.593
1099,466,126.048
1100,466,552.178
1101,466,552.316
1102,466,725.723
1103,466,725.695
1104,466,486.533
1105,466,276.096
1106,466,17.347
1151,466,0.021
1152,466,0.82
1153,466,494.51
1154,466,354.051
1155,466,0.325
1270,467,73.577
1271,467,502.264
1272,467,226.949
1273,467,58.136
1325,467,14.667
1326,467,684.877
1327,467,721.205
1328,467,524.399
1329,467,65.141
1386,467,19.669
1387,467,671.821
1388,467,543.203
1389,467,293.059
1390,467,104.874
1450,467,486.891
1451,467,449.433
1329,468,236.27
1330,468,482.277
1331,468,246.864
1332,468,32.778
1388,468,176.785
1389,468,426.983
1390,468,614.151
1391,468,720.042
1392,468,614.419
1393,468,63.888
1449,468,1.762
1450,468,159.067
1451,468,269.487
1452,468,718.865
1453,468,718.865
1454,468,718.865
1455,468,346.971
1513,468,134.84
1514,468,696.789
1515,468,717.675
1516,468,673.42
1517,468,376.609
1518,468,409.427
1519,468,435.878
1520,468,273.988
1581,468,291.822
1582,468,595.83
1583,468,662.261
1584,468,146.675
1586,468,48.119
1587,468,177.061
1655,468,16.046
1057,469,155.473
1058,469,145.932
1103,469,0.026
1104,469,239.175
1105,469,449.627
1106,469,708.442
1107,469,371.23
1154,469,282.015
1155,469,724.304
1156,469,724.614
1157,469,724.614
1158,469,425.03
1208,469,77.736
1209,469,634.304
1210,469,723.491
1211,469,723.491
1212,469,377.051
1263,469,34.494
1264,469,433.321
1265,469,722.355
1266,469,666.591
1267,469,63.951
1319,469,9.424
1320,469,165.494
1321,469,325.285
1322,469,174.725
1323,469,39.997
917,470,97.157
918,470,13.048
919,470,170.312
920,470,303.951
921,470,489.368
922,470,481.873
923,470,251.953
961,470,250.127
962,470,715.987
963,470,636.444
964,470,728.875
965,470,728.968
966,470,728.968
967,470,714.758
968,470,287.643
1007,470,97.517
1008,470,211.197
1009,470,332.485
1010,470,727.9
1011,470,727.9
1012,470,725.956
1013,470,409.051
1057,470,16.111
1058,470,334.522
1059,470,305.7
1060,470,110.752
1061,470,8.784
1337,471,174.223
1338,471,140.62
1398,471,441.828
1399,471,639.593
1400,471,42.63
1460,471,0.74
1461,471,549.682
1462,471,708.406
1463,471,187.544
1524,471,38.135
1525,471,642.026
1526,471,284.362
1591,471,1.791
1592,471,177.663
1593,471,108.164
1159,472,8.219
1160,472,327.334
1161,472,285.684
1162,472,238.622
1213,472,2.211
1214,472,469.787
1215,472,723.491
1216,472,581.072
1217,472,34.413
1267,472,123.582
1268,472,567.312
1269,472,722.355
1270,472,648.744
1271,472,44.971
1322,472,19.437
1323,472,675.235
1324,472,721.205
1325,472,706.572
1326,472,36.32
1383,472,3.25
1384,472,493.882
1385,472,664.99
1386,472,700.373
1387,472,48.204
1447,472,13.618
1448,472,156.411
1449,472,622.402
1450,472,72.931
1513,472,29.692
1072,473,21.924
1120,473,200.594
1121,473,654.951
1122,473,560.01
1123,473,557.667
1124,473,61.035
1171,473,43.264
1172,473,493.712
1173,473,724.614
1174,473,719.844
1175,473,83.681
1225,473,64.221
1226,473,636.209
1227,473,723.491
1228,473,723.491
1229,473,593.069
1279,473,381.268
1280,473,662.643
1281,473,722.355
1282,473,722.355
1283,473,591.08
1335,473,50.252
1336,473,415.478
1337,473,535.296
1338,473,421.866
1317,474,71.466
1318,474,240.835
1375,474,170.739
1376,474,428.473
1377,474,474.402
1378,474,609.79
1379,474,585.629
1438,474,101.828
1439,474,550.938
1440,474,698.707
1441,474,718.865
1442,474,481.188
1443,474,47.729
1504,474,26.269
1505,474,503.671
1506,474,716.204
1507,474,392.379
1573,474,309.844
1574,474,59.745
937,475,121.382
938,475,6.182
981,475,141.46
982,475,721.645
983,475,152.797
1027,475,267.093
1028,475,727.9
1029,475,271.576
1075,475,129.82
1076,475,726.818
1077,475,684.747
1078,475,486.695
1079,475,198.199
1124,475,570.634
1125,475,725.723
1126,475,725.723
1127,475,571.218
1128,475,90.674
1174,475,4.769
1175,475,640.868
1176,475,724.614
1177,475,650.362
1178,475,77.102
1229,475,130.478
1230,475,723.491
1231,475,602.895
1232,475,75.63
1283,475,131.253
1284,475,722.355
1285,475,704.833
1286,475,256.04
1338,475,129.28
1339,475,532.505
1340,475,682.101
1341,475,208.492
1401,475,138.887
1402,475,49.995
1338,476,29.447
1339,476,188.7
1340,476,36.77
1399,476,80.48
1400,476,677.354
1401,476,540.635
1402,476,62.019
1462,476,10.384
1463,476,531.379
1464,476,614.486
1465,476,59.644
1526,476,433.337
1527,476,717.675
1528,476,591.797
1529,476,191.086
1593,476,44.603
1594,476,265.638
1595,476,107.601
1016,477,23.279
1063,477,244.657
1064,477,700.505
1065,477,371.967
1111,477,8.981
1112,477,429.571
1113,477,725.723
1114,477,594.158
1162,477,180.719
1163,477,604.427
1164,477,621.956
1165,477,200.579
1217,477,1.726
1218,477,3.008
1263,478,420.773
1264,478,289.01
1318,478,395.055
1319,478,711.805
1320,478,555.711
1321,478,395.92
1322,478,476.273
1323,478,5.974
1379,478,134.367
1380,478,720.042
1381,478,720.042
1382,478,720.042
1383,478,716.802
1384,478,226.099
1385,478,54.991
1442,478,237.732
1443,478,671.076
1444,478,718.865
1445,478,718.865
1446,478,718.865
1447,478,518.119
1448,478,124.43
1507,478,206.191
1508,478,408.39
1509,478,377.62
1510,478,383.087
1511,478,165.994
1058,479,210.71
1059,479,421.118
1060,479,584.84
1061,479,104.029
1107,479,354.492
1108,479,725.723
1109,479,725.723
1110,479,566.186
1158,479,299.575
1159,479,716.365
1160,479,397.28
1161,479,432.616
1162,479,20.231
1212,479,346.461
1213,479,721.31
1214,479,253.65
1266,479,55.814
1267,479,534.75
1268,479,155.097
1322,479,50.831
478,480,1.054
479,480,2.287
504,480,433.507
505,480,390.979
533,480,175.861
534,480,701.828
535,480,623.991
536,480,1.586
563,480,393.94
564,480,738.827
565,480,246.186
596,480,465.489
597,480,737.966
598,480,541.281
599,480,327.23
631,480,10.491
632,480,667.453
633,480,479.788
634,480,365.615
635,480,107.921
667,480,24.505
668,480,238.628
794,481,72.797
795,481,207.056
835,481,477.313
836,481,689.798
837,481,595.257
838,481,133.396
877,481,22.371
878,481,642.822
879,481,731.064
880,481,731.064
881,481,658.322
882,481,12.844
922,481,236.777
923,481,478.041
924,481,730.023
925,481,543.097
926,481,28.886
968,481,3.685
969,481,194.329
970,481,14.815
1047,483,11.15
1334,484,0.164
1335,484,222.543
1336,484,305.728
1337,484,11.659
1394,484,15.079
1395,484,459.294
1396,484,720.042
1397,484,720.042
1398,484,278.18
1456,484,33.669
1457,484,505.237
1458,484,718.865
1459,484,718.865
1460,484,718.124
1461,484,169.195
1520,484,399.112
1521,484,676.364
1522,484,692.464
1523,484,717.675
1524,484,679.522
1525,484,75.697
1587,484,3.342
1588,484,17.259
1589,484,89.363
1590,484,385.708
1591,484,535.339
1592,484,28.765
881,485,0.391
882,485,368.284
883,485,129.403
925,485,186.886
926,485,701.136
927,485,626.553
928,485,35.348
969,485,33.576
970,485,674.056
971,485,728.968
972,485,728.968
973,485,314.535
1016,485,322.659
1017,485,727.9
1018,485,727.9
1019,485,219.883
1020,485,14.745
1064,485,18.687
1065,485,354.824
1066,485,699.278
1067,485,560.556
1068,485,536.537
1069,485,32.714
1114,485,74.311
1115,485,291.499
1116,485,69.295
1117,485,403.598
1118,485,147.329
1167,485,220.645
1168,485,448.95
1169,485,132.944
1375,486,0.02
1437,486,75.511
1438,486,503.569
1439,486,167.927
1440,486,20.087
1502,486,135.25
1503,486,589.5
1504,486,679.244
1505,486,214.003
1506,486,1.464
1569,486,415.657
1570,486,573.514
1571,486,669.927
1572,486,474.429
1573,486,14.455
1641,486,230.936
1642,486,519.216
1643,486,633.371
1644,486,23.149
1721,486,17.924
1098,487,1.897
1099,487,373.772
1100,487,173.483
1101,487,173.404
1149,487,179.631
1150,487,724.545
1151,487,724.655
1152,487,723.797
1153,487,230.104
1154,487,88.504
1202,487,0.082
1203,487,503.183
1204,487,723.491
1205,487,723.491
1206,487,723.491
1207,487,723.491
1208,487,645.802
1209,487,89.116
1257,487,230.331
1258,487,722.355
1259,487,722.355
1260,487,722.355
1261,487,722.355
1262,487,722.355
1263,487,267.133
1312,487,121.354
1313,487,320.597
1314,487,543.357
1315,487,721.205
1316,487,721.205
1317,487,649.682
1318,487,85.334
1375,487,69.523
1376,487,291.569
1377,487,245.64
1378,487,110.309
752,488,63.732
753,488,189.74
754,488,67.358
791,488,262.795
792,488,699.315
793,488,733.104
794,488,632.234
795,488,22.195
831,488,68.75
832,488,73.934
833,488,118.155
834,488,728.05
835,488,254.746
836,488,42.364
874,488,450.547
875,488,580.686
876,488,476.297
877,488,708.692
878,488,88.268
918,488,141.401
919,488,496.233
920,488,426.072
921,488,240.655
922,488,11.377
967,489,14.192
968,489,437.665
969,489,501.064
970,489,40.099
1012,489,1.921
1013,489,318.808
1014,489,727.9
1015,489,727.9
1016,489,381.93
1060,489,31.25
1061,489,614.002
1062,489,726.818
1063,489,482.1
1064,489,7.7
1110,489,159.585
1111,489,716.719
1112,489,296.214
1161,489,6.327
1162,489,115.357
787,490,115.238
788,490,82.74
824,490,378.866
825,490,445.406
826,490,377.879
827,490,523.434
828,490,583.176
829,490,718.358
830,490,249.176
866,490,213.416
867,490,727.572
868,490,731.064
869,490,731.064
870,490,731.064
871,490,655.719
872,490,126.276
873,490,2.591
910,490,420.298
911,490,730.023
912,490,730.023
913,490,730.023
914,490,688.539
915,490,79.302
955,490,230.172
956,490,719.896
957,490,728.968
958,490,715.902
959,490,197.419
1002,490,559.167
1003,490,727.9
1004,490,575.29
1005,490,27.361
1050,490,58.98
1051,490,315.263
1052,490,24.069
781,491,200.493
782,491,139.638
823,491,681.994
824,491,311.715
865,491,731.064
866,491,517.585
867,491,3.528
909,491,730.023
910,491,309.726
954,491,726.653
955,491,498.858
956,491,9.037
1000,491,253.921
1001,491,335.669
1002,491,42.041
595,492,545.841
596,492,107.519
630,492,604.809
631,492,726.53
632,492,66.625
666,492,684.0
667,492,666.747
668,492,88.161
703,492,734.157
704,492,550.799
741,492,734.104
742,492,547.418
781,492,532.549
782,492,123.718
823,492,50.16
599,493,21.936
600,493,2.85
632,493,2.931
633,493,257.233
634,493,371.405
635,493,629.159
636,493,541.441
637,493,300.719
638,493,132.719
639,493,55.356
667,493,44.765
668,493,216.855
669,493,359.761
670,493,712.842
671,493,736.062
672,493,645.742
673,493,684.859
674,493,641.804
675,493,451.852
704,493,12.018
705,493,2.159
707,493,419.72
708,493,525.972
709,493,620.93
710,493,41.603
711,493,5.077
712,493,54.8
747,493,113.386
668,494,192.468
669,494,376.301
670,494,23.196
704,494,172.283
705,494,732.95
706,494,735.09
707,494,315.394
708,494,209.118
709,494,34.613
742,494,186.666
743,494,734.104
744,494,734.104
745,494,734.104
746,494,734.104
747,494,358.108
782,494,469.74
783,494,733.104
784,494,733.104
785,494,733.104
786,494,506.639
787,494,11.326
824,494,41.536
825,494,286.685
826,494,354.212
827,494,208.657
828,494,126.576
477,495,82.826
478,495,180.939
503,495,722.64
504,495,295.519
532,495,739.814
533,495,563.892
534,495,38.042
562,495,738.896
563,495,344.955
595,495,192.125
596,495,164.963
672,496,90.258
673,496,51.127
674,496,94.198
675,496,2.08
709,496,79.534
710,496,693.563
711,496,730.074
712,496,376.32
713,496,379.932
714,496,428.84
715,496,223.719
747,496,262.633
748,496,734.104
749,496,734.104
750,496,734.104
751,496,734.104
752,496,670.31
753,496,304.959
786,496,226.408
787,496,606.535
788,496,650.293
789,496,733.104
790,496,733.104
791,496,470.234
792,496,33.852
828,496,22.396
829,496,13.713
830,496,482.952
831,496,663.29
832,496,658.086
833,496,613.965
834,496,4.041
872,496,235.52
873,496,644.213
874,496,280.529
875,496,150.45
876,496,254.813
917,496,44.879
918,496,11.116
954,497,2.289
1000,497,474.006
1001,497,392.231
1002,497,126.683
1047,497,197.301
1048,497,710.029
1049,497,726.818
1050,497,618.993
1051,497,25.762
1097,497,84.628
1098,497,559.035
1099,497,225.564
1278,498,257.717
1279,498,303.911
1280,498,59.657
1331,498,0.064
1332,498,571.27
1333,498,717.305
1334,498,721.038
1335,498,448.464
1392,498,105.562
1393,498,656.196
1394,498,704.942
1395,498,260.751
1455,498,371.913
1456,498,685.132
1457,498,213.648
1519,498,185.836
1520,498,44.18
1162,499,169.652
1163,499,120.176
1164,499,102.624
1165,499,62.207
1216,499,142.477
1217,499,687.311
1218,499,720.517
1219,499,592.298
1220,499,361.532
1271,499,175.172
1272,499,495.406
1273,499,664.158
1274,499,289.258
1328,499,196.867
1329,499,351.893
1390,499,1.082
1066,500,27.529
1067,500,64.954
1068,500,36.285
1114,500,57.219
1115,500,434.235
1116,500,656.441
1117,500,322.187
1120,500,4.203
1165,500,461.833
1166,500,724.614
1167,500,504.03
1168,500,275.664
1169,500,414.374
1170,500,569.75
1171,500,662.978
1172,500,230.841
1219,500,131.25
1220,500,361.9
1221,500,723.491
1222,500,723.491
1223,500,723.491
1224,500,723.491
1225,500,659.203
1226,500,87.343
1274,500,433.099
1275,500,722.355
1276,500,722.355
1277,500,722.355
1278,500,464.618
1279,500,37.244
1329,500,67.894
1330,500,238.928
1331,500,474.277
1332,500,117.115
1333,500,3.92
1021,501,116.565
1022,501,6.801
1023,501,9.404
1068,501,92.569
1069,501,679.792
1070,501,621.79
1071,501,326.968
1118,501,578.373
1119,501,725.723
1120,501,488.034
1169,501,177.357
1170,501,154.864
1171,501,18.447
347,502,4.424
348,502,25.544
369,502,230.595
370,502,626.461
371,502,204.461
372,502,55.804
392,502,623.195
393,502,745.025
394,502,673.57
395,502,682.788
396,502,394.676
397,502,227.881
415,502,492.69
416,502,744.191
417,502,744.191
418,502,744.191
419,502,744.191
420,502,273.301
439,502,127.636
440,502,244.241
441,502,568.147
442,502,596.757
443,502,396.379
444,502,15.918
223,503,16.543
224,503,288.318
225,503,29.257
243,503,6.272
244,503,499.515
245,503,340.623
265,503,22.396
266,503,598.674
267,503,527.572
268,503,565.114
269,503,220.026
270,503,14.378
271,503,15.909
287,503,11.987
288,503,680.671
289,503,747.371
290,503,546.86
291,503,597.767
292,503,288.476
293,503,7.157
310,503,34.43
311,503,338.553
312,503,276.917
313,503,3.376
334,503,17.305
353,504,98.039
354,504,119.595
373,504,0.132
374,504,326.56
375,504,664.225
376,504,687.868
377,504,610.767
378,504,493.259
379,504,23.55
396,504,18.954
397,504,517.088
398,504,745.025
399,504,745.025
400,504,745.025
401,504,622.815
402,504,18.927
420,504,401.073
421,504,720.928
422,504,607.469
423,504,744.191
424,504,363.633
444,504,0.511
445,504,122.139
446,504,18.106
447,504,568.147
448,504,167.651
627,505,7.459
628,505,30.882
662,505,217.605
663,505,426.833
664,505,286.829
665,505,80.028
698,505,130.493
699,505,626.681
700,505,611.323
701,505,63.492
736,505,7.576
737,505,100.62
738,505,14.698
529,506,6.283
558,506,10.359
559,506,611.048
560,506,275.163
561,506,2.2
588,506,116.652
589,506,608.522
590,506,624.72
591,506,30.651
622,506,83.785
623,506,51.972
723,507,144.59
724,507,46.843
846,508,114.871
847,508,257.403
848,508,6.558
888,508,46.368
889,508,481.813
890,508,548.084
891,508,129.095
932,508,62.917
933,508,356.718
657,509,18.238
658,509,294.935
659,509,173.412
692,509,161.909
693,509,688.265
694,509,665.761
695,509,416.988
696,509,316.549
729,509,235.01
730,509,445.761
731,509,667.85
732,509,359.543
733,509,129.355
768,509,20.639
769,509,83.942
531,510,360.774
561,510,425.018
590,510,104.296
591,510,707.627
592,510,516.319
623,510,74.616
624,510,479.36
625,510,88.267
660,510,3.566
440,511,119.478
441,511,175.196
442,511,83.626
464,511,4.807
465,511,551.857
466,511,742.482
467,511,618.05
468,511,154.951
469,511,22.304
489,511,2.355
490,511,575.412
491,511,741.606
492,511,741.606
493,511,741.606
494,511,535.39
495,511,14.152
516,511,445.03
517,511,583.478
518,511,458.994
519,511,400.591
520,511,228.54
578,512,3.26
579,512,158.079
611,512,2.041
612,512,668.916
613,512,272.893
614,512,167.248
647,512,56.926
648,512,556.499
649,512,683.417
650,512,222.298
684,512,0.635
685,512,9.764
760,513,17.137
761,513,126.158
762,513,9.217
799,513,181.568
800,513,502.451
801,513,733.104
802,513,106.229
841,513,159.518
842,513,326.524
843,513,442.603
844,513,142.932
583,514,2.863
584,514,208.458
615,514,100.151
616,514,654.242
617,514,728.04
618,514,479.269
619,514,198.716
651,514,38.121
652,514,669.994
653,514,737.021
654,514,737.021
655,514,423.742
688,514,222.143
689,514,734.965
690,514,734.992
691,514,182.748
725,514,5.772
726,514,64.875
727,514,279.913
357,515,59.359
358,515,335.395
359,515,200.164
379,515,404.99
380,515,745.845
381,515,742.306
401,515,122.152
402,515,726.133
403,515,745.025
404,515,745.025
424,515,380.557
425,515,744.191
426,515,744.191
427,515,744.191
448,515,171.579
449,515,245.623
450,515,372.128
451,515,676.052
476,515,74.259
884,516,28.522
885,516,40.219
886,516,112.34
887,516,16.965
927,516,15.218
928,516,685.287
929,516,718.835
930,516,730.023
931,516,332.796
973,516,166.241
974,516,602.829
975,516,656.454
976,516,98.329
1020,516,5.107
1021,516,1.94
446,517,10.052
447,517,166.648
448,517,404.173
449,517,497.72
450,517,371.216
451,517,67.221
471,517,14.732
472,517,716.658
473,517,742.482
474,517,742.482
475,517,742.482
476,517,668.294
497,517,667.189
498,517,741.606
499,517,741.606
500,517,741.606
501,517,685.606
502,517,487.203
523,517,487.042
524,517,740.717
525,517,740.717
526,517,518.01
527,517,336.339
528,517,16.613
529,517,6.557
553,517,194.727
554,517,647.593
555,517,689.848
556,517,157.798
585,517,45.031
586,517,31.466
616,518,0.783
648,518,2.09
649,518,47.958
650,518,497.223
651,518,580.322
652,518,66.889
684,518,71.344
685,518,672.788
686,518,736.062
687,518,736.062
688,518,170.995
722,518,547.252
723,518,486.154
724,518,361.325
725,518,4.993
760,518,3.33
761,518,11.058
864,519,213.278
907,519,192.861
908,519,639.122
952,519,425.333
953,519,730.023
997,519,105.164
998,519,105.268
999,519,381.179
1045,519,7.044
1046,519,238.511
780,520,222.27
820,520,127.681
821,520,509.931
863,520,56.601
820,521,258.107
821,521,55.742
862,521,411.762
863,521,671.481
864,521,363.426
905,521,141.628
906,521,727.867
907,521,538.259
908,521,91.906
949,521,7.816
950,521,330.602
951,521,293.471
952,521,31.842
765,522,10.163
766,522,295.109
767,522,65.437
805,522,0.558
806,522,515.411
807,522,597.244
848,522,39.314
849,522,226.991
626,523,323.889
627,523,660.692
628,523,211.309
662,523,53.996
663,523,290.299
509,524,92.047
510,524,499.557
511,524,310.345
512,524,179.312
513,524,59.528
538,524,8.935
539,524,452.805
540,524,739.814
541,524,739.269
542,524,582.262
543,524,65.768
567,524,6.253
568,524,520.916
569,524,690.117
570,524,532.896
571,524,262.444
572,524,30.609
600,524,1.855
601,524,178.258
602,524,597.118
638,524,13.509
220,525,1.639
221,525,153.029
222,525,12.743
240,525,318.513
241,525,731.672
242,525,146.722
261,525,211.42
262,525,593.58
263,525,26.873
240,526,10.386
242,526,103.08
260,526,60.753
261,526,435.359
262,526,156.157
263,526,507.123
282,526,25.974
283,526,485.661
284,526,431.787
285,526,81.85
454,527,91.316
455,527,292.231
456,527,14.285
478,527,130.609
479,527,697.057
480,527,741.606
481,527,467.155
482,527,276.211
483,527,38.769
504,527,11.697
505,527,349.741
506,527,740.717
507,527,740.717
508,527,740.717
509,527,464.889
535,527,115.828
536,527,738.228
537,527,739.814
538,527,730.866
539,527,287.057
564,527,0.07
565,527,492.713
566,527,738.896
567,527,732.632
568,527,217.993
598,527,196.722
599,527,388.74
600,527,733.233
601,527,559.708
602,527,67.252
636,527,195.619
637,527,436.302
638,527,239.392
413,528,125.776
414,528,274.451
415,528,3.426
437,528,178.23
438,528,642.043
439,528,615.733
440,528,379.56
463,528,445.0
464,528,734.262
465,528,190.689
489,528,419.414
490,528,166.155
515,528,22.727
516,528,55.468
754,529,50.342
755,529,303.168
756,529,280.824
757,529,384.985
758,529,16.842
794,529,18.072
795,529,503.794
796,529,733.104
797,529,733.104
798,529,250.108
837,529,136.893
838,529,598.635
839,529,732.091
840,529,238.748
881,529,72.406
882,529,349.936
883,529,45.578
542,530,143.905
543,530,84.404
569,530,48.742
570,530,206.001
571,530,476.452
572,530,708.339
573,530,293.907
602,530,73.562
603,530,737.966
604,530,737.966
605,530,737.966
606,530,508.923
638,530,351.471
639,530,681.586
640,530,737.021
641,530,737.021
642,530,490.011
675,530,282.143
676,530,736.062
677,530,656.718
678,530,308.062
712,530,304.037
713,530,355.158
714,530,97.86
142,531,76.667
143,531,355.847
144,531,182.554
145,531,7.588
159,531,63.008
160,531,629.678
161,531,695.489
162,531,654.767
163,531,579.796
164,531,125.001
178,531,3.271
179,531,187.996
180,531,629.783
181,531,738.032
182,531,548.798
183,531,10.284
199,531,58.854
200,531,100.306
233,532,57.837
252,532,84.272
253,532,343.675
254,532,658.941
255,532,26.933
256,532,0.096
274,532,360.516
275,532,748.986
276,532,748.986
277,532,729.95
278,532,287.671
296,532,43.789
297,532,436.246
298,532,717.259
299,532,748.222
300,532,692.683
301,532,116.491
319,532,2.784
320,532,23.799
321,532,190.519
322,532,183.358
300,533,53.878
301,533,443.342
302,533,123.07
322,533,491.861
323,533,747.444
324,533,714.542
325,533,88.33
344,533,589.305
345,533,746.652
346,533,746.652
347,533,540.921
348,533,5.702
366,533,261.747
367,533,560.899
368,533,745.845
369,533,515.235
390,533,3.039
391,533,500.522
392,533,121.856
414,533,169.248
415,533,248.089
438,533,17.882
192,534,28.568
193,534,6.525
211,534,275.543
212,534,685.054
213,534,435.175
231,534,748.657
232,534,750.473
233,534,249.18
252,534,433.702
253,534,406.061
254,534,21.271
321,535,308.701
322,535,72.251
341,535,83.153
342,535,505.124
343,535,665.848
344,535,157.319
364,535,367.13
365,535,745.845
366,535,484.165
367,535,184.911
387,535,0.381
388,535,176.404
389,535,306.421
390,535,418.931
391,535,12.176
431,536,301.191
432,536,443.569
433,536,303.629
455,536,14.128
456,536,533.827
457,536,742.482
458,536,628.047
481,536,274.495
482,536,465.395
483,536,499.412
484,536,52.482
410,537,75.276
411,537,11.355
433,537,190.449
434,537,725.466
435,537,437.843
458,537,114.468
459,537,742.482
460,537,366.506
483,537,203.399
484,537,689.125
485,537,440.974
486,537,20.621
509,537,183.784
510,537,241.16
511,537,201.514
512,537,12.42
606,538,28.251
607,538,6.936
642,538,247.011
643,538,697.466
644,538,436.384
645,538,229.245
646,538,234.194
677,538,79.28
678,538,428.047
679,538,736.062
680,538,736.062
681,538,736.062
682,538,536.482
683,538,0.213
714,538,208.454
715,538,511.311
716,538,735.09
717,538,735.09
718,538,735.09
719,538,665.031
720,538,119.927
753,538,239.465
754,538,616.324
755,538,430.936
756,538,453.28
757,538,271.801
758,538,92.023
794,538,10.01
213,539,65.364
214,539,211.595
215,539,531.923
216,539,149.43
233,539,443.448
234,539,675.808
235,539,750.473
236,539,620.864
237,539,200.311
254,539,69.597
255,539,722.728
256,539,749.606
257,539,608.931
258,539,99.628
277,539,19.112
278,539,461.335
279,539,385.844
300,539,1.611
301,539,45.993
363,540,262.668
364,540,359.53
385,540,326.6
386,540,710.254
387,540,730.054
388,540,115.875
408,540,527.246
409,540,744.191
410,540,545.108
432,540,234.421
433,540,249.207
434,540,17.915
157,541,104.956
158,541,64.054
174,541,314.079
175,541,695.715
176,541,435.857
192,541,228.54
193,541,742.894
194,541,639.187
195,541,10.578
212,541,10.525
213,541,250.64
214,541,527.692
215,541,3.196
234,541,74.745
242,542,242.271
243,542,593.109
244,542,250.928
263,542,201.898
264,542,749.737
265,542,727.371
266,542,102.967
285,542,25.261
286,542,356.013
287,542,485.851
288,542,36.683
308,542,53.472
309,542,153.174
435,543,89.103
436,543,187.387
437,543,24.435
460,543,375.985
461,543,742.482
462,543,582.678
463,543,196.544
464,543,3.359
485,543,300.623
486,543,720.951
487,543,723.182
488,543,478.622
489,543,41.667
511,543,228.911
512,543,548.961
513,543,324.259
541,543,0.554
542,543,6.644
179,544,0.53
180,544,23.642
196,544,16.872
197,544,344.076
198,544,403.639
199,544,663.321
200,544,102.649
216,544,371.753
217,544,751.196
218,544,751.196
219,544,312.157
236,544,129.676
237,544,550.095
238,544,454.946
239,544,12.198
258,544,47.355
259,544,20.266
142,545,4.1
158,545,246.572
159,545,651.382
160,545,123.529
161,545,4.748
176,545,316.768
177,545,752.598
178,545,749.399
179,545,564.152
180,545,99.107
194,545,112.681
195,545,741.368
196,545,734.988
197,545,407.828
198,545,348.272
214,545,11.865
215,545,216.077
216,545,229.99
487,546,18.376
488,546,262.984
489,546,278.174
513,546,356.93
514,546,740.717
515,546,718.04
516,546,240.259
517,546,157.238
518,546,12.172
542,546,7.009
543,546,566.889
544,546,739.814
545,546,739.814
546,546,739.814
547,546,727.299
548,546,6.141
573,546,27.715
574,546,305.83
575,546,631.453
576,546,646.88
577,546,406.451
578,546,78.833
608,546,20.775
609,546,13.124
274,547,22.349
295,547,4.455
296,547,608.217
297,547,311.949
298,547,30.877
317,547,455.894
318,547,747.444
319,547,744.687
320,547,723.731
321,547,248.167
338,547,220.282
339,547,700.77
340,547,746.652
341,547,663.499
342,547,241.501
343,547,80.86
360,547,2.566
361,547,223.472
362,547,742.767
363,547,483.121
364,547,19.202
384,547,34.586
385,547,315.578
386,547,34.828
219,548,0.311
238,548,295.469
239,548,398.263
257,548,140.739
258,548,602.822
259,548,729.529
260,548,360.954
279,548,363.143
280,548,748.986
281,548,748.986
282,548,723.062
283,548,227.959
301,548,142.461
302,548,625.103
303,548,748.084
304,548,744.762
305,548,454.15
324,548,32.951
325,548,643.803
326,548,204.797
327,548,305.93
347,548,70.39
348,548,586.154
349,548,435.059
350,548,5.173
370,548,119.45
371,548,139.626
372,548,0.605
252,549,231.7
274,549,366.103
295,549,743.741
296,549,96.298
317,549,291.576
338,550,524.207
339,550,45.831
360,550,743.304
361,550,522.357
362,550,3.043
383,550,745.025
384,550,710.506
385,550,102.843
405,550,740.832
406,550,744.191
407,550,744.191
408,550,216.932
429,550,627.051
430,550,743.344
431,550,442.092
432,550,65.408
454,550,535.566
455,550,436.123
456,550,194.386
479,550,19.616
452,551,241.599
453,551,315.17
454,551,0.187
477,551,652.237
478,551,428.942
479,551,22.663
503,551,18.153
405,552,3.351
428,552,739.275
429,552,116.298
452,552,229.466
453,552,427.311
454,552,115.351
15,554,235.127
23,554,180.941
33,554,346.106
34,554,0.474
43,555,351.42
44,555,2.667
53,555,689.373
54,555,757.649
55,555,417.177
56,555,49.013
65,555,52.702
66,555,90.131
67,555,44.339
68,555,1.938
24,556,13.083
25,556,190.957
26,556,238.744
35,556,312.441
36,556,655.355
37,556,130.64
43,556,161.013
44,556,708.129
45,556,707.716
46,556,9.965
55,556,319.736
56,556,675.505
57,556,45.179
68,556,186.111
69,556,2.612
157,557,297.595
173,557,741.385
174,557,438.504
175,557,56.941
192,557,86.392
193,557,2.454
173,558,10.852
191,558,621.08
192,558,408.354
211,558,475.652
212,558,55.703
231,558,1.816
10,559,586.204
11,559,509.118
12,559,4.99
15,559,336.723
16,559,366.054
17,559,227.218
23,560,147.978
24,560,155.489
33,560,269.984
34,560,758.308
35,560,446.316
43,560,245.784
44,560,47.468
124,561,741.008
125,561,295.896
140,561,499.635
141,561,14.973
157,561,24.596
79,562,35.688
94,562,426.818
95,562,94.041
109,562,755.236
110,562,398.029
124,562,5.892
125,562,420.502
126,562,565.778
127,562,45.048
141,562,9.456
142,562,0.073
65,563,5.748
66,563,286.599
67,563,156.126
79,563,44.654
80,563,184.267
81,563,756.47
82,563,314.175
94,563,314.047
95,563,653.782
96,563,665.843
97,563,194.061
110,563,330.177
111,563,568.323
112,563,8.472
15,564,180.753
16,564,393.782
17,564,444.085
18,564,25.221
23,564,430.446
24,564,590.687
25,564,568.353
26,564,11.974
1,565,404.065
5,565,606.255
6,565,681.113
7,565,22.904
10,565,174.144
11,565,155.341
53,566,68.206
65,566,698.654
66,566,380.337
67,566,75.698
79,566,645.987
80,566,572.145
94,566,15.068
95,566,8.067
125,567,37.706
140,567,254.266
141,567,723.649
142,567,307.768
157,567,326.118
158,567,442.586
159,567,38.973
272,568,187.401
55,569,20.689
56,569,2.371
67,569,480.908
68,569,204.4
82,569,442.289
83,569,388.067
96,569,89.966
97,569,561.866
98,569,619.072
99,569,38.228
111,569,82.35
112,569,746.648
113,569,551.389
114,569,1.989
127,569,2.766
128,569,247.503
129,569,239.544
122,570,9.109
123,570,64.26
136,570,87.553
137,570,329.754
138,570,376.595
139,570,658.376
152,570,73.802
153,570,321.394
154,570,544.553
171,570,61.053
172,570,249.233
164,571,50.55
165,571,285.073
166,571,137.12
167,571,395.202
168,571,380.44
182,571,34.364
183,571,678.226
184,571,752.598
185,571,644.025
186,571,405.133
202,571,234.304
203,571,471.96
204,571,21.047
222,571,5.77
223,571,0.29
57,572,288.87
58,572,259.517
59,572,499.891
60,572,312.272
61,572,73.738
69,572,488.74
70,572,757.067
71,572,757.067
72,572,738.521
73,572,158.244
84,572,182.246
85,572,493.669
86,572,475.58
87,572,472.517
101,572,11.138
102,572,82.038
114,573,16.177
115,573,431.919
116,573,318.576
128,573,36.07
129,573,410.276
130,573,608.413
131,573,673.763
132,573,47.334
144,573,412.412
145,573,746.121
146,573,633.683
147,573,472.64
148,573,7.803
161,573,53.023
162,573,98.585
163,573,82.92
164,573,59.681
229,574,137.725
230,574,314.412
249,574,330.007
250,574,637.884
270,574,0.106
271,574,57.441
272,574,40.821
0,575,399.664
1,575,247.063
2,575,710.041
3,575,76.185
6,575,3.682
7,575,81.927
86,576,221.393
87,576,243.845
88,576,171.799
89,576,28.839
101,576,599.546
102,576,643.456
103,576,601.486
104,576,105.558
116,576,149.422
117,576,138.036
181,577,13.593
182,577,169.486
183,577,64.027
185,577,108.508
186,577,145.401
200,577,7.832
201,577,479.266
202,577,517.591
203,577,279.931
204,577,650.169
205,577,181.599
221,577,329.292
222,577,732.714
223,577,734.359
224,577,312.036
242,577,258.367
243,577,151.109
37,578,14.493
38,578,173.286
39,578,321.694
40,578,81.988
47,578,332.463
48,578,758.217
49,578,601.581
50,578,192.448
58,578,16.188
59,578,257.757
60,578,445.376
61,578,467.716
73,578,43.689
93,579,213.016
108,579,148.598
116,580,259.649
117,580,555.662
118,580,294.188
131,580,53.296
132,580,569.628
133,580,754.598
134,580,605.891
148,580,8.557
149,580,126.602
150,580,190.864
119,581,123.565
120,581,466.367
121,581,158.874
135,581,146.758
136,581,603.872
137,581,244.196
152,581,12.508
52,582,4.467
61,582,17.646
62,582,110.416
63,582,377.611
64,582,614.797
73,582,10.702
74,582,641.766
75,582,757.067
76,582,427.574
88,582,48.206
89,582,544.213
90,582,539.492
91,582,301.625
29,583,15.772
30,583,597.951
31,583,759.31
41,583,159.249
42,583,213.078
51,583,3.973
52,583,288.941
131,584,27.509
132,584,137.68
134,584,67.741
135,584,350.844
136,584,63.061
146,584,120.203
147,584,281.245
148,584,737.609
149,584,627.344
150,584,563.122
151,584,662.914
152,584,138.34
163,584,90.623
164,584,518.085
165,584,468.206
166,584,616.159
167,584,358.076
168,584,175.246
40,585,0.917
41,585,277.642
42,585,545.674
49,585,129.521
50,585,565.535
51,585,754.262
52,585,464.867
61,585,198.502
62,585,647.151
63,585,380.064
73,585,156.773
74,585,41.482
64,586,109.393
76,586,329.494
90,586,107.023
91,586,454.914
92,586,345.079
105,586,213.289
106,586,532.917
107,586,425.71
108,586,13.306
122,586,213.675
123,586,88.481
110,587,27.065
111,587,104.571
112,587,0.11
125,587,0.414
126,587,188.843
127,587,706.828
128,587,470.979
129,587,3.749
141,587,5.946
142,587,365.256
143,587,398.098
144,587,158.964
145,587,0.164
36,588,103.388
37,588,556.218
38,588,53.936
45,588,50.528
46,588,748.237
47,588,425.762
56,588,30.707
57,588,416.456
58,588,481.99
250,589,48.117
269,589,216.63
270,589,288.615
271,589,657.784
272,589,485.153
291,589,94.903
292,589,93.523
293,589,298.991
294,589,723.465
315,589,0.17
316,589,30.493
92,590,411.36
93,590,543.459
107,590,324.63
108,590,545.171
123,590,12.851
72,591,18.496
73,591,387.742
74,591,73.839
87,591,40.093
88,591,536.469
89,591,183.425
90,591,109.886
102,591,30.372
103,591,154.374
104,591,650.357
105,591,519.365
106,591,1.555
117,591,61.598
118,591,460.994
119,591,631.635
120,591,288.661
121,591,5.912
134,591,80.98
135,591,257.032
136,591,0.033
2,592,51.239
3,592,685.203
4,592,358.327
6,592,76.031
7,592,656.063
8,592,760.845
9,592,189.732
11,592,23.912
12,592,274.403
13,592,420.511
14,592,130.568
168,593,6.366
186,593,201.998
187,593,687.829
188,593,574.644
189,593,13.789
205,593,72.176
206,593,724.891
207,593,723.162
208,593,253.256
209,593,353.942
226,593,340.379
227,593,713.471
228,593,630.192
229,593,612.386
230,593,0.818
247,593,32.319
248,593,73.274
249,593,183.958
4,594,311.104
9,594,571.117
13,594,45.325
14,594,629.837
19,594,116.624
20,594,716.293
21,594,759.836
27,594,1.981
28,594,10.868
29,594,265.141
30,594,14.343
225,595,1.145
226,595,148.197
227,595,37.641
245,595,208.592
246,595,575.895
247,595,607.129
248,595,11.808
266,595,48.107
267,595,222.164
268,595,184.623
269,595,62.315
170,596,29.983
171,596,274.545
172,596,356.699
188,596,86.328
189,596,738.81
190,596,731.49
207,596,28.752
208,596,498.648
209,596,287.842
210,596,88.242
20,597,43.472
26,597,200.582
27,597,569.886
28,597,748.514
29,597,478.397
30,597,146.974
37,597,57.487
38,597,531.492
39,597,437.076
40,597,675.778
41,597,321.935
49,597,27.204
50,597,0.204
108,598,12.887
123,598,0.099
172,600,147.269
190,600,21.187
629,601,14.862
665,601,1.774
3570,604,84.65
3571,604,11.601
3639,604,196.326
3640,604,498.366
3641,604,63.906
3698,604,200.044
3699,604,375.771
3753,604,73.253
3754,604,11.137
3994,605,84.122
3995,605,106.236
4021,605,500.428
4022,605,461.351
4047,605,120.317
4048,605,151.853
1916,606,104.418
1994,606,37.265
1995,606,602.529
1996,606,429.377
1997,606,145.22
2074,606,17.243
2075,606,594.249
2076,606,517.669
2077,606,167.063
2159,606,20.806
2161,607,67.853
2162,607,71.314
2245,607,31.247
2246,607,373.636
2247,607,495.143
2248,607,125.787
2332,607,43.643
2333,607,185.016
4026,608,0.319
4027,608,148.416
4052,608,266.651
4053,608,265.991
4075,608,308.839
4076,608,102.636
4089,609,280.192
4090,609,42.295
4107,609,658.953
4108,609,442.168
4109,609,5.02
4123,609,95.903
4124,609,37.414
4125,609,0.063
105,610,23.266
106,610,221.389
107,610,5.561
120,610,0.217
121,610,590.381
122,610,532.476
123,610,2.259
137,610,180.716
138,610,378.008
139,610,1.058
2726,611,38.096
2727,611,380.835
2728,611,178.446
2807,611,35.991
2808,611,4.452
3194,612,56.523
3195,612,98.284
3196,612,81.962
3286,612,343.203
3287,612,683.519
3288,612,352.656
2748,613,30.078
2837,613,139.515
2838,613,583.385
2839,613,42.465
2925,613,194.824
2926,613,506.245
2927,613,227.296
3021,614,324.059
3022,614,554.382
3115,614,19.86
3116,614,9.398
3211,615,29.006
3212,615,163.631
3303,615,92.227
3304,615,256.229
3380,615,3.272
3381,615,22.807
3196,616,29.67
3197,616,4.434
3198,616,2.756
3288,616,213.28
3289,616,514.933
3290,616,558.197
3291,616,9.54
3201,617,6.059
3291,617,19.836
3292,617,580.491
3293,617,403.188
3294,617,175.447
3371,617,148.22
3010,618,0.192
3103,618,252.136
3104,618,445.772
3105,618,262.335
3200,618,0.311
3640,619,75.068
3641,619,332.172
3642,619,27.414
3699,619,253.079
3700,619,616.37
3701,619,37.232
3754,619,6.462
3755,619,11.81
3756,619,0.104
4228,620,15.898
4229,620,285.283
4230,620,348.73
4231,620,275.911
4232,620,169.058
4233,620,11.915
4249,620,21.388
4250,620,535.217
4251,620,645.058
4252,620,645.058
4253,620,645.058
4254,620,386.808
4255,620,0.017
4270,620,7.191
4271,620,619.08
4272,620,643.232
4273,620,621.731
4274,620,185.244
4275,620,1.071
4291,620,186.756
4292,620,641.394
4293,620,576.237
4294,620,292.594
4295,620,0.087
4313,620,25.46
4314,620,364.481
4315,620,26.541
4225,621,9.383
4226,621,206.597
4227,621,194.418
4247,621,27.535
4248,621,602.187
4249,621,231.078
4269,621,18.01
4246,622,0.623
4247,622,33.453
4248,622,1.342
4267,622,408.478
4268,622,431.985
4269,622,336.595
4289,622,0.065
4290,622,53.177
4310,623,75.296
4333,623,8.955
4334,623,549.499
4335,623,281.33
4336,623,301.943
4337,623,136.372
4357,623,493.796
4358,623,635.807
4359,623,615.246
4360,623,94.536
4379,623,68.738
4380,623,321.138
4381,623,190.011
4382,623,271.671
4383,623,1.302
4181,624,175.771
4182,624,534.064
4183,624,64.412
4267,625,95.705
4268,625,204.831
4269,625,1.161
4288,625,51.78
4289,625,130.394
4290,625,22.067
4310,626,67.56
4311,626,299.642
4312,626,250.614
4313,626,62.307
4334,626,48.237
4335,626,356.352
4336,626,335.738
4337,626,200.446
4202,627,101.647
4224,627,279.909
4225,627,596.768
4226,627,66.383
4246,627,244.211
4247,627,584.06
4248,627,38.429
4267,627,14.042
4268,627,6.445
4269,627,1.946
3616,628,50.719
3617,628,305.473
3675,628,10.412
3676,628,309.118
3678,628,555.444
3731,628,498.056
2203,629,268.21
2204,629,343.606
2287,629,0.978
2288,629,200.253
2289,629,646.769
2290,629,489.381
2375,629,30.603
2376,629,579.66
2377,629,703.689
2378,629,458.063
2455,629,1.236
2456,629,585.81
2457,629,126.416
2533,629,4.487
263,630,13.83
283,630,35.299
284,630,317.199
285,630,641.961
286,630,392.93
305,630,267.576
306,630,717.068
307,630,748.222
308,630,466.408
328,630,47.936
329,630,424.853
330,630,170.387
181,631,0.928
199,631,29.722
200,631,541.162
201,631,272.571
219,631,438.739
220,631,749.538
221,631,268.883
239,631,339.996
240,631,421.518
241,631,18.861
260,631,328.056
261,631,103.033
3576,633,0.215
3577,633,63.775
3578,633,420.463
3579,633,309.15
3645,633,13.684
3646,633,552.735
3647,633,427.743
3648,633,158.188
3705,633,13.009
57,634,7.105
68,634,364.613
69,634,265.7
83,634,368.393
84,634,574.294
85,634,262.801
86,634,59.416
98,634,136.794
99,634,717.632
100,634,755.86
101,634,145.226
113,634,203.848
114,634,737.041
115,634,323.317
116,634,27.552
129,634,101.091
130,634,146.214
543,635,22.723
573,635,417.298
574,635,433.066
575,635,107.397
576,635,90.174
577,635,35.774
606,635,200.797
607,635,730.951
608,635,717.236
609,635,724.902
610,635,551.26
643,635,39.633
644,635,300.636
645,635,507.775
646,635,394.776
852,636,7.873
853,636,226.014
854,636,67.964
895,636,91.282
896,636,665.831
897,636,69.169
938,636,318.059
939,636,615.472
940,636,730.023
941,636,444.815
982,636,0.579
983,636,576.146
984,636,728.968
985,636,728.968
986,636,598.479
1029,636,456.294
1030,636,727.9
1031,636,719.262
1032,636,659.914
1033,636,188.124
1034,636,0.099
1077,636,42.129
1078,636,240.123
1079,636,199.289
1080,636,68.593
1081,636,103.443
1031,637,8.599
1032,637,15.592
1079,637,329.309
1080,637,658.277
1081,637,374.229
1127,637,108.688
1128,637,635.11
1129,637,666.397
1130,637,580.548
1131,637,1.608
1178,637,32.997
1179,637,387.538
1180,637,62.144
1181,637,39.561
2319,638,86.889
2320,638,543.354
2321,638,409.002
2322,638,37.833
2406,638,202.001
2407,638,689.819
2408,638,703.694
2409,638,646.512
2410,638,14.511
2485,638,0.542
2486,638,285.644
2487,638,693.55
2488,638,671.816
2489,638,22.998
2564,638,260.753
2565,638,452.6
2566,638,44.55
1642,639,81.332
1643,639,53.447
1720,639,361.373
1721,639,663.196
1722,639,39.2
1796,639,327.611
1797,639,704.449
1798,639,491.022
1872,639,127.646
1873,639,306.848
1874,639,180.738
3067,640,40.927
3068,640,228.314
3069,640,495.142
3070,640,60.363
3161,640,326.834
3162,640,690.867
3163,640,241.789
3259,640,106.114
3260,640,233.982
3261,640,1.353
1372,641,12.887
1373,641,411.863
1374,641,46.003
1375,641,56.34
1435,641,45.379
1436,641,631.721
1437,641,627.714
1438,641,76.045
1500,641,105.922
1501,641,375.463
1502,641,410.313
1503,641,128.174
1504,641,12.184
1569,641,10.53
1570,641,142.956
1571,641,46.593
811,642,15.763
812,642,529.356
813,642,412.901
853,642,69.554
854,642,664.081
855,642,717.8
856,642,32.827
896,642,49.194
897,642,661.912
898,642,625.167
899,642,553.706
900,642,71.586
941,642,92.862
942,642,98.232
943,642,521.106
944,642,510.052
988,642,0.02
989,642,26.641
1033,643,3.134
1034,643,17.636
1081,643,190.87
1082,643,563.208
1083,643,89.495
1084,643,1.531
1130,643,145.165
1131,643,724.115
1132,643,655.685
1133,643,137.778
1181,643,396.436
1182,643,724.614
1183,643,500.939
1184,643,35.373
1235,643,222.473
1236,643,463.074
1237,643,206.36
1534,644,18.441
1535,644,252.355
1536,644,586.308
1537,644,384.205
1600,644,96.912
1601,644,512.626
1602,644,716.471
1603,644,652.566
1604,644,390.588
1672,644,6.001
1673,644,116.187
1674,644,230.502
1675,644,1.644
1184,645,6.199
1185,645,297.717
1186,645,393.229
1238,645,410.199
1239,645,490.42
1240,645,16.679
1292,645,460.664
1293,645,484.943
1346,645,22.551
1347,645,692.674
1348,645,313.956
1407,645,297.81
1408,645,673.869
1409,645,163.159
1470,645,45.534
1471,645,74.831
1287,646,7.369
1288,646,246.6
1289,646,4.501
1342,646,222.735
1343,646,719.548
1344,646,559.076
1345,646,10.106
1403,646,165.547
1404,646,716.001
1405,646,559.979
1406,646,5.513
1466,646,2.507
1467,646,73.761
1468,646,75.828
1672,647,54.89
1673,647,332.11
1674,647,22.254
1750,647,644.642
1751,647,349.458
1825,647,17.726
1826,647,642.663
1827,647,405.399
1901,647,1.267
1902,647,225.392
1903,647,81.112
1985,648,356.273
1986,648,104.906
2065,648,363.272
2066,648,576.308
2067,648,252.584
2149,648,149.855
2150,648,703.329
2151,648,638.489
2152,648,83.058
2235,648,463.541
2236,648,706.356
2237,648,565.71
2238,648,26.453
2320,648,0.457
2321,648,271.922
2322,648,134.467
2323,648,30.068
2067,649,5.424
2068,649,64.792
2069,649,96.903
2070,649,120.698
2071,649,43.162
2151,649,69.212
2152,649,611.251
2153,649,707.667
2154,649,677.896
2155,649,85.841
2237,649,140.594
2238,649,679.958
2239,649,693.671
2240,649,288.996
2241,649,33.322
2321,649,19.409
2322,649,332.067
2323,649,399.777
2324,649,705.032
2325,649,317.265
2411,649,1.218
2412,649,192.959
2413,649,6.779
1532,650,51.425
1533,650,222.402
1598,650,184.66
1599,650,654.027
1600,650,522.227
1670,650,0.897
1671,650,298.075
1672,650,291.839
1673,650,5.134
1749,650,4.749
1750,650,2.724
3962,651,32.297
3963,651,92.985
3964,651,91.669
3989,651,667.656
3990,651,339.142
4016,651,665.909
4017,651,177.388
4043,651,215.873
2260,652,9.504
2345,652,0.211
2346,652,549.77
2347,652,86.03
2433,652,11.193
2174,653,265.357
2259,653,526.312
2260,653,44.789
2345,653,10.941
2346,653,14.639
2174,654,145.802
2175,654,335.566
2259,654,159.349
2260,654,651.878
2346,654,22.261
2433,655,144.324
2434,655,358.042
2913,656,25.624
2914,656,12.032
2915,656,14.646
3004,656,310.059
3005,656,466.561
3006,656,406.097
3007,656,11.883
3098,656,2.061
2743,657,525.71
2744,657,279.8
2745,657,17.047
2832,657,84.016
2833,657,453.65
2834,657,480.936
2835,657,31.499
2827,658,86.656
2828,658,382.007
2829,658,444.986
2830,658,72.791
3704,659,125.845
3705,659,203.431
3759,659,480.987
3760,659,566.421
3761,659,126.869
3808,659,218.258
3809,659,490.271
3810,659,99.652
3852,659,30.354
3853,659,86.085
3919,660,257.625
3920,660,341.002
3948,660,271.242
3949,660,393.778
3950,660,0.047
3805,661,280.802
3806,661,265.681
3807,661,187.709
3849,661,0.149
3850,661,199.053
3851,661,183.64
4155,662,119.872
4156,662,187.587
4168,662,123.415
4169,662,302.153
4170,662,215.539
4185,662,1.288
2824,663,242.521
2912,663,107.412
3190,664,49.843
3191,664,184.898
3192,664,56.505
3281,664,452.595
3282,664,689.59
3283,664,659.702
3284,664,271.792
1047,665,463.236
1048,665,16.723
1096,665,725.723
1097,665,641.162
1098,665,164.79
1099,665,0.384
1147,665,724.614
1148,665,724.614
1149,665,544.928
1150,665,0.072
1201,665,524.857
1202,665,255.57
1203,665,107.13
3305,666,19.707
3382,666,109.128
3383,666,516.666
3384,666,1.861
3460,666,20.294
3461,666,106.216
2207,667,2.432
2208,667,376.409
2209,667,477.22
2210,667,70.282
2293,667,68.097
2294,667,407.187
2295,667,705.032
2296,667,230.359
2382,667,7.814
2383,667,348.948
2384,667,3.653
2462,667,34.809
1640,668,13.299
1641,668,228.078
1642,668,114.648
1717,668,13.413
1718,668,570.736
1719,668,714.022
1720,668,352.656
1794,668,216.28
1795,668,707.454
1796,668,385.162
1797,668,8.329
1870,668,7.241
1871,668,90.921
1872,668,34.606
1948,669,127.112
1949,669,13.365
2027,669,1.47
2028,669,485.064
2029,669,630.263
2030,669,447.721
2031,669,3.78
2112,669,29.233
2113,669,391.802
2114,669,382.068
3754,670,0.479
3755,670,9.137
3803,670,23.932
3804,670,67.865
3804,671,34.375
2026,672,17.991
2027,672,274.136
2028,672,211.727
2110,672,1.246
2111,672,415.64
2112,672,678.493
2113,672,239.233
2197,672,141.713
2198,672,685.508
2199,672,226.481
2283,672,81.866
2284,672,177.478
1783,673,31.014
1784,673,128.607
1785,673,111.566
1858,673,403.918
1859,673,711.5
1860,673,349.016
1937,673,634.331
1938,673,710.25
1939,673,584.581
1940,673,58.882
2018,673,423.929
2019,673,518.985
2020,673,97.206
1625,674,313.487
1626,674,325.643
1701,674,483.806
1702,674,714.022
1703,674,714.022
1704,674,200.44
1779,674,328.715
1780,674,2.133
1367,675,641.867
1368,675,657.036
1369,675,506.541
1427,675,108.369
1428,675,309.239
1429,675,0.394
1430,675,12.955
1562,676,23.658
1632,676,139.849
1633,676,459.95
1710,676,62.939
1711,676,710.425
1712,676,527.094
1713,676,49.044
1786,676,29.08
1787,676,318.193
1788,676,159.563
3604,677,258.839
3605,677,10.18
3664,677,343.992
3665,677,210.827
3719,677,77.057
3720,677,625.66
3721,677,335.446
3771,677,15.072
3772,677,102.098
3773,677,8.22
3613,678,452.871
3614,678,406.906
3615,678,32.864
3673,678,88.722
3674,678,196.951
3724,679,0.075
3725,679,281.829
3726,679,454.353
3775,679,0.587
3776,679,363.533
3777,679,678.496
3778,679,239.507
3821,679,54.448
3822,679,601.45
3823,679,175.923
3824,679,28.438
3860,679,126.587
3861,679,84.948
973,680,248.219
974,680,126.099
975,680,72.444
976,680,41.505
1019,680,507.977
1020,680,708.013
1021,680,609.425
1022,680,695.193
1023,680,390.135
1067,680,101.296
1068,680,61.441
1069,680,14.315
1070,680,105.048
1071,680,33.615
931,681,168.676
932,681,438.791
933,681,145.521
934,681,1.203
976,681,589.1
977,681,728.968
978,681,532.441
979,681,41.412
1022,681,25.963
1023,681,153.283
1024,681,59.78
889,682,15.432
890,682,182.98
891,682,116.815
933,682,227.751
934,682,728.783
935,682,604.742
936,682,91.116
978,682,3.316
979,682,196.05
980,682,26.886
844,683,29.766
845,683,23.824
887,683,609.384
888,683,671.002
889,683,17.456
931,683,228.547
932,683,228.357
935,684,88.69
936,684,42.95
978,684,193.214
979,684,491.544
980,684,702.142
981,684,460.996
1023,684,167.905
1024,684,330.896
1025,684,468.596
1026,684,621.244
1027,684,284.089
1074,684,4.021
840,685,6.8
841,685,247.842
842,685,405.567
843,685,289.488
844,685,54.078
883,685,517.852
884,685,702.47
885,685,690.765
886,685,618.724
887,685,103.697
927,685,88.31
928,685,9.411
929,685,11.268
804,686,3.178
805,686,238.732
806,686,206.883
846,686,0.73
847,686,420.216
848,686,662.877
849,686,100.673
891,686,23.816
848,687,23.35
849,687,94.525
891,687,461.356
892,687,564.446
893,687,272.376
935,687,36.58
936,687,595.906
937,687,592.923
938,687,99.093
981,687,126.517
982,687,6.779
728,688,61.176
729,688,386.405
730,688,289.307
766,688,293.562
767,688,668.606
768,688,660.963
769,688,0.479
807,688,135.914
808,688,732.97
809,688,59.469
849,688,19.587
850,688,229.11
851,688,4.197
726,689,3.614
727,689,38.913
728,689,1.408
763,689,0.088
764,689,375.445
765,689,710.998
766,689,135.402
803,689,88.1
804,689,537.97
805,689,493.83
806,689,10.742
846,689,0.025
696,690,55.989
697,690,72.021
731,690,67.163
732,690,375.547
733,690,605.799
734,690,611.245
735,690,67.525
768,690,52.525
769,690,649.751
770,690,734.104
771,690,576.488
772,690,41.722
808,690,0.134
809,690,672.887
810,690,733.104
811,690,703.814
812,690,45.027
851,690,116.146
852,690,296.678
853,690,429.179
721,691,3.31
722,691,83.29
723,691,40.046
757,691,77.318
758,691,599.241
759,691,493.456
760,691,713.654
761,691,326.912
798,691,482.984
799,691,551.476
800,691,230.694
840,691,486.544
841,691,324.792
883,691,38.235
762,692,179.898
763,692,43.417
802,692,626.852
803,692,568.379
804,692,191.866
844,692,505.286
845,692,708.187
846,692,616.449
847,692,54.472
887,692,1.058
888,692,13.731
889,692,216.397
520,693,65.444
521,693,1.747
549,693,136.179
550,693,621.658
551,693,2.068
578,693,63.321
579,693,529.458
580,693,587.105
581,693,52.64
612,693,16.117
613,693,150.133
550,694,73.476
551,694,593.404
552,694,586.819
553,694,387.413
554,694,62.102
580,694,151.769
581,694,686.256
582,694,738.896
583,694,736.001
584,694,440.614
613,694,315.003
614,694,570.687
615,694,637.814
616,694,82.944
650,694,17.531
651,694,118.578
652,694,0.122
518,695,269.539
519,695,340.126
520,695,299.825
521,695,1.244
547,695,12.507
548,695,733.684
549,695,603.571
550,695,44.704
577,695,0.83
578,695,219.743
579,695,46.56
619,696,43.158
620,696,200.996
621,696,19.748
655,696,313.272
656,696,737.011
657,696,131.143
690,696,1.066
691,696,553.377
692,696,574.092
693,696,31.721
727,696,179.253
728,696,672.433
729,696,113.737
765,696,13.002
766,696,10.098
688,697,342.939
689,697,1.032
724,697,35.089
725,697,719.801
726,697,666.636
727,697,236.941
762,697,100.331
763,697,690.532
764,697,358.69
803,697,76.693
804,697,0.042
646,698,12.154
647,698,109.354
648,698,175.91
649,698,5.565
682,698,199.542
683,698,699.032
684,698,660.897
685,698,53.544
719,698,70.114
720,698,615.098
721,698,731.751
722,698,104.537
758,698,26.013
759,698,240.678
1023,699,7.102
1024,699,337.282
1025,699,259.304
1026,699,106.611
1027,699,176.713
1071,699,366.275
1072,699,704.829
1073,699,726.818
1074,699,722.843
1075,699,596.989
1120,699,32.847
1121,699,70.837
1122,699,165.713
1123,699,168.056
1124,699,94.102
723,700,64.227
724,700,291.798
725,700,4.555
761,700,270.044
762,700,444.67
3749,701,80.233
3750,701,189.123
3751,701,28.564
3798,701,190.002
3799,701,456.401
3800,701,377.812
3844,701,61.404
3368,702,75.679
3369,702,258.16
3370,702,34.069
3446,702,89.163
3447,702,462.377
1694,703,201.024
1770,703,23.449
1771,703,394.015
1772,703,486.606
1846,703,0.312
1847,703,504.529
1848,703,474.597
1849,703,0.772
1922,703,263.956
1923,703,471.172
1924,703,236.346
2001,703,42.99
2168,704,166.186
2169,704,106.611
2252,704,215.129
2253,704,469.126
2254,704,511.033
2255,704,33.427
2338,704,208.376
2339,704,99.737
3296,705,152.486
3297,705,393.669
3298,705,58.405
3299,705,43.165
3373,705,211.206
3374,705,494.895
3375,705,559.533
3376,705,520.333
3377,705,19.438
3376,706,0.403
3377,706,246.383
3378,706,230.806
3379,706,168.731
3456,706,32.248
3457,706,261.594
3458,706,73.271
2912,707,4.745
3003,707,135.536
3097,707,61.692
3380,708,2.665
3381,708,161.437
3382,708,75.324
3459,708,311.858
3460,708,379.425
3461,708,143.822
2924,709,23.788
3014,709,278.194
3015,709,514.314
3107,709,20.538
3108,709,501.3
3109,709,117.367
2920,710,60.003
2921,710,100.613
2922,710,455.134
2923,710,68.247
3011,710,223.335
3012,710,693.875
3013,710,669.884
3014,710,364.564
3015,710,17.335
3105,710,4.805
3106,710,260.301
3107,710,147.621
3108,710,6.987
2441,711,6.418
2517,711,183.047
2518,711,24.316
2593,711,66.217
2594,711,9.85
2592,712,82.209
2593,712,22.203
2594,712,106.142
2669,712,103.799
2670,712,251.922
2671,712,222.815
2749,712,546.974
2750,712,281.959
2839,712,48.878
2840,712,1.94
2590,713,117.264
2667,713,63.431
2514,714,0.521
2590,714,97.719
2591,714,486.838
2592,714,363.152
2668,714,137.079
2669,714,122.837
2437,715,8.266
2438,715,481.176
2439,715,338.464
2513,715,0.021
2514,715,632.658
2515,715,515.745
2590,715,219.016
2591,715,93.423
2518,716,387.243
2594,716,238.6
2594,717,114.585
2671,717,178.319
2672,717,546.202
2751,717,24.16
3530,718,2.231
3531,718,3.696
3605,718,169.254
3606,718,623.451
3607,718,68.242
3665,718,176.207
3666,718,324.33
3667,718,31.699
3606,719,5.568
3607,719,383.754
3608,719,336.422
3609,719,77.68
3667,719,100.748
3668,719,253.037
3669,719,353.649
3670,719,234.895
3725,719,43.844
3726,719,23.928
809,720,0.702
849,720,290.26
850,720,502.981
851,720,611.803
852,720,427.539
853,720,7.326
892,720,166.68
893,720,458.667
894,720,731.064
895,720,639.72
896,720,16.075
937,720,15.705
938,720,306.686
939,720,114.614
576,721,1.783
577,721,295.785
578,721,373.74
579,721,4.791
610,721,186.722
611,721,735.879
612,721,53.005
646,721,95.93
647,721,570.726
648,721,2.478
683,721,36.879
684,721,3.229
2702,722,0.595
2703,722,305.653
2704,722,217.406
2782,722,18.636
2783,722,330.445
2784,722,409.328
2874,722,40.247
3372,723,0.467
3373,723,52.858
3374,723,193.212
3375,723,56.2
3450,723,231.953
3451,723,458.841
3452,723,658.736
3453,723,107.388
3526,723,7.66
3527,723,237.821
3528,723,23.391
3668,724,341.718
3669,724,310.13
3723,724,2.272
3724,724,107.226
3725,724,5.312
3774,725,89.302
3775,725,315.889
3776,725,18.498
3820,725,608.105
3821,725,622.877
3822,725,42.202
3859,725,481.298
3860,725,392.894
3898,725,4.264
1933,726,8.337
2011,726,329.605
2092,726,220.183
2265,727,115.51
2351,727,16.212
2352,727,674.974
2353,727,298.542
2437,727,14.587
2438,727,213.032
2439,727,42.175
2178,728,511.357
2265,728,501.791
2352,728,17.937
151,729,90.964
152,729,529.374
153,729,432.551
154,729,209.356
168,729,191.252
169,729,753.279
170,729,723.237
171,729,417.717
186,729,0.044
187,729,64.769
188,729,91.676
209,730,110.092
210,730,663.741
229,730,1.097
230,730,435.907
250,730,64.447
272,730,36.444
228,731,120.938
247,731,111.108
248,731,665.436
249,731,236.521
269,731,250.729
270,731,446.585
271,731,18.656
204,732,80.692
205,732,498.193
206,732,26.97
224,732,150.901
225,732,720.744
226,732,262.598
245,732,201.241
246,732,174.643
11,733,71.974
12,733,480.955
13,733,294.458
17,733,88.599
18,733,734.586
19,733,643.256
26,733,307.972
27,733,187.453
1902,734,11.077
1903,734,417.264
1904,734,387.436
1982,734,451.124
1983,734,482.454
2062,734,60.787
2063,734,184.112
108,735,35.86
123,735,587.293
139,735,95.241
3022,736,109.255
3116,736,137.761
3212,736,31.323
4023,737,110.339
4024,737,70.16
4048,737,72.936
4049,737,348.044
4050,737,80.532
387,738,14.572
388,738,452.747
389,738,438.604
390,738,323.09
391,738,232.264
410,738,123.797
411,738,732.805
412,738,744.191
413,738,618.349
414,738,300.502
435,738,216.365
436,738,555.956
437,738,540.694
438,738,83.406
462,738,159.855
463,738,101.003
3196,739,0.357
3197,739,161.868
3198,739,3.464
3288,739,1.474
3289,739,174.018
3290,739,16.037
2829,740,136.87
2830,740,25.718
2917,740,292.138
2918,740,599.343
2919,740,94.376
3008,740,29.054
3009,740,167.844
3010,740,20.968
3447,741,148.573
3522,741,91.5
3445,742,243.429
3446,742,72.735
3520,742,1.142
3521,742,0.027
905,743,236.404
948,743,0.04
949,743,562.228
950,743,399.421
951,743,436.552
952,743,272.82
994,743,25.83
995,743,445.441
996,743,718.516
997,743,270.645
1041,743,35.015
1042,743,188.621
1043,743,4.468
739,744,25.106
777,744,307.907
778,744,701.829
779,744,734.104
780,744,352.375
818,744,208.643
819,744,661.141
820,744,347.365
861,744,24.475
862,744,18.62
699,745,14.24
700,745,3.294
735,745,48.867
736,745,437.828
737,745,629.555
738,745,440.513
739,745,31.414
771,745,142.027
772,745,459.135
773,745,710.493
774,745,734.104
775,745,734.104
776,745,734.104
777,745,415.459
778,745,26.162
811,745,13.568
812,745,158.777
813,745,192.2
814,745,293.633
815,745,628.396
816,745,732.92
817,745,732.682
818,745,524.509
819,745,71.884
857,745,6.529
858,745,128.858
859,745,519.149
860,745,729.23
861,745,707.695
862,745,301.719
863,745,4.07
902,745,349.25
903,745,294.654
904,745,415.904
905,745,284.16
906,745,3.205
946,745,20.516
947,745,5.692
629,746,35.628
665,746,474.957
700,746,121.378
701,746,672.619
702,746,418.414
737,746,4.983
738,746,279.879
739,746,678.489
777,746,10.819
778,746,6.113
628,747,495.803
629,747,658.0
663,747,16.328
664,747,450.225
665,747,178.576
592,748,221.996
623,748,64.827
624,748,257.732
625,748,649.756
626,748,414.094
627,748,69.749
659,748,0.698
660,748,579.286
661,748,737.021
662,748,465.402
663,748,3.626
696,748,331.226
697,748,663.992
698,748,605.634
699,748,95.078
734,748,123.832
735,748,618.629
736,748,289.75
771,748,15.53
772,748,233.254
773,748,23.679
590,749,9.805
621,749,149.43
622,749,453.14
623,749,546.617
624,749,0.833
657,749,532.078
658,749,442.014
659,749,562.918
660,749,154.162
693,749,16.152
694,749,70.374
695,749,319.075
696,749,32.283
501,750,55.944
502,750,219.666
527,750,264.692
528,750,724.154
529,750,639.775
531,750,308.178
557,750,201.926
558,750,167.305
559,750,62.332
560,750,464.683
561,750,312.615
591,750,0.662
526,751,222.654
527,751,139.677
554,751,30.094
555,751,49.902
556,751,582.021
557,751,537.952
558,751,562.121
559,751,66.439
584,751,89.819
585,751,693.93
586,751,707.479
587,751,738.896
588,751,622.273
589,751,130.372
617,751,9.955
618,751,258.696
619,751,496.036
620,751,536.97
621,751,568.713
622,751,201.096
657,751,55.561
289,752,1.597
290,752,202.127
291,752,56.323
292,752,367.042
293,752,442.869
294,752,25.44
311,752,3.235
312,752,466.061
313,752,734.368
314,752,748.222
315,752,748.052
316,752,695.749
334,752,224.93
335,752,175.158
336,752,747.444
337,752,747.444
357,752,125.028
358,752,411.257
359,752,546.436
381,752,3.59
287,753,251.08
288,753,31.608
308,753,228.323
309,753,595.115
310,753,713.872
311,753,406.453
312,753,5.182
313,753,10.456
330,753,56.33
331,753,571.759
332,753,747.444
333,753,747.444
334,753,505.271
335,753,572.311
353,753,95.153
354,753,626.977
355,753,746.652
356,753,746.652
357,753,562.257
376,753,58.057
377,753,135.079
378,753,252.587
379,753,317.326
303,754,0.135
304,754,3.397
305,754,26.533
306,754,31.067
325,754,15.249
326,754,542.709
327,754,441.468
328,754,699.594
329,754,322.591
330,754,520.79
331,754,175.655
347,754,130.93
348,754,129.186
349,754,311.593
350,754,741.478
351,754,746.652
352,754,746.652
353,754,553.432
371,754,401.763
372,754,689.382
373,754,745.712
374,754,419.286
375,754,81.68
394,754,71.527
395,754,62.292
396,754,331.398
420,755,69.815
421,755,23.185
422,755,136.679
442,755,62.909
443,755,346.965
444,755,726.973
445,755,621.283
446,755,715.217
447,755,8.549
467,755,124.484
468,755,587.531
469,755,720.136
470,755,742.482
471,755,727.762
472,755,25.802
494,755,206.202
495,755,727.454
496,755,741.606
497,755,74.405
520,755,146.899
521,755,737.717
522,755,740.717
523,755,253.651
551,755,144.351
552,755,152.995
553,755,157.733
3199,756,45.146
3200,756,6.04
3290,756,23.919
3291,756,588.778
3292,756,23.469
3018,757,10.924
3019,757,225.052
3020,757,37.544
3113,757,5.141
3114,757,4.021
2926,758,154.472
2927,758,171.208
3017,758,130.055
3018,758,220.851
3019,758,23.153
1466,759,12.421
1467,759,10.358
1529,759,77.095
1530,759,576.175
1531,759,318.199
1596,759,63.388
1597,759,710.553
1598,759,442.151
1668,759,0.293
1669,759,109.728
1983,760,42.1
1984,760,73.879
1985,760,25.954
2063,760,270.716
2064,760,642.67
2065,760,147.675
2145,760,1.776
2146,760,29.586
2147,760,438.724
2148,760,310.958
2231,760,293.18
2232,760,639.297
2233,760,706.331
2234,760,158.847
2317,760,180.829
2318,760,245.09
2319,760,215.581
2320,760,48.592
1231,761,120.542
1232,761,194.155
1285,761,17.576
1286,761,460.187
1287,761,357.69
1340,761,2.285
1341,761,512.73
1342,761,498.435
1343,761,1.657
1402,761,240.481
1403,761,83.631
1605,762,89.626
1606,762,84.035
1607,762,22.064
1677,762,604.928
1678,762,484.957
1679,762,0.1
1754,762,0.602
1755,762,333.935
1756,762,16.041
1537,763,7.203
1538,763,15.948
1539,763,234.508
1540,763,193.554
1604,763,253.373
1605,763,561.419
1606,763,632.436
1607,763,299.587
3018,764,82.093
3116,765,127.139
3453,766,0.465
3454,766,299.323
3455,766,19.353
3415,767,62.52
3491,767,40.832
3492,767,354.54
3493,767,559.915
3494,767,46.008
3570,767,72.537
3571,767,646.622
3572,767,241.728
3640,767,108.605
3641,767,32.211
3231,768,0.72
3232,768,307.852
3325,768,278.093
3326,768,671.791
3327,768,219.997
3328,768,124.472
3403,768,431.483
3404,768,686.612
3405,768,686.612
3406,768,501.697
3407,768,51.681
3480,768,51.121
3481,768,639.421
3482,768,684.207
3483,768,403.696
3484,768,176.542
3559,768,12.571
3560,768,457.462
3561,768,413.824
3562,768,3.059
3136,769,13.756
3137,769,20.869
3138,769,116.471
3139,769,6.973
3233,769,23.593
3234,769,508.44
3235,769,633.934
3236,769,652.436
3237,769,62.486
3327,769,57.873
3328,769,93.189
3329,769,264.288
3330,769,3.448
3568,770,0.245
3569,770,103.616
3570,770,30.594
3637,770,201.819
3638,770,665.877
3639,770,471.783
3696,770,5.816
3697,770,126.913
3698,770,399.653
3141,771,118.642
3142,771,423.226
3143,771,35.911
3239,771,140.065
3240,771,689.59
3241,771,496.69
3333,771,0.031
3334,771,163.116
3335,771,488.476
3222,772,324.125
3223,772,182.481
3316,772,495.576
3317,772,605.129
3318,772,313.397
3319,772,449.189
3320,772,90.179
3393,772,87.776
3394,772,636.161
3395,772,686.612
3396,772,686.612
3397,772,686.612
3398,772,308.42
3471,772,441.959
3472,772,662.788
3473,772,668.469
3474,772,685.103
3475,772,550.184
3476,772,229.21
3550,772,63.538
3551,772,139.816
3552,772,119.875
3553,772,233.139
3554,772,56.633
3485,773,92.001
3486,773,345.762
3487,773,199.594
3564,773,59.699
3565,773,342.801
3566,773,596.712
3567,773,14.416
3633,773,95.076
3634,773,398.324
3635,773,632.75
3636,773,74.132
3693,773,111.072
3694,773,199.304
3695,773,10.96
2854,774,77.31
2855,774,19.399
2856,774,0.467
2946,774,92.76
2947,774,503.234
2948,774,417.098
2949,774,190.482
3037,774,527.225
3038,774,692.516
3039,774,630.789
3040,774,302.879
3131,774,346.834
3132,774,503.232
3133,774,106.953
2755,775,74.248
2756,775,374.555
2757,775,168.134
2758,775,182.659
2759,775,0.5
2845,775,124.842
2846,775,666.424
2847,775,695.39
2848,775,695.39
2849,775,414.398
2850,775,1.523
2936,775,28.385
2937,775,426.997
2938,775,693.959
2939,775,693.959
2940,775,693.959
2941,775,598.767
2942,775,57.595
3027,775,24.944
3028,775,566.953
3029,775,692.516
3030,775,681.309
3031,775,646.567
3032,775,478.879
3122,775,48.747
3123,775,230.647
3124,775,159.198
3125,775,40.282
3126,775,29.927
3735,776,366.209
3736,776,139.591
3738,776,232.63
3739,776,113.315
3784,776,563.277
3785,776,530.353
3786,776,257.163
3787,776,664.65
3788,776,256.792
3830,776,645.783
3831,776,675.779
3832,776,530.891
3833,776,2.11
3869,776,620.882
3870,776,639.6
3871,776,66.886
3904,776,672.568
3905,776,493.009
3933,776,418.262
3934,776,207.473
2286,777,26.774
2287,777,88.512
2288,777,7.31
2373,777,80.535
2374,777,598.264
2375,777,670.508
2376,777,110.677
2452,777,87.881
2453,777,349.375
2454,777,331.387
2455,777,162.205
2941,778,87.165
2942,778,300.592
2943,778,23.926
3030,778,11.174
3031,778,45.898
3032,778,213.637
3033,778,660.528
3034,778,530.293
3035,778,392.86
3036,778,413.279
3037,778,78.775
3124,778,416.059
3125,778,650.828
3126,778,636.614
3127,778,137.932
3128,778,81.599
3129,778,474.289
3130,778,691.059
3131,778,217.592
3222,778,184.248
3223,778,507.052
3224,778,689.59
3225,778,689.59
3226,778,689.59
3227,778,689.59
3228,778,531.068
3229,778,13.337
3317,778,83.035
3318,778,374.71
3319,778,238.918
3320,778,450.048
3321,778,336.075
3322,778,182.347
2519,779,42.422
2520,779,288.264
2521,779,236.553
2522,779,263.923
2523,779,253.832
2524,779,103.232
2596,779,0.573
2597,779,486.374
2598,779,688.413
2599,779,696.952
2600,779,597.948
2601,779,118.584
2674,779,0.69
2675,779,48.408
2676,779,492.301
2677,779,325.039
2756,779,117.176
2757,779,72.426
2688,780,118.757
2767,780,109.649
2768,780,566.856
2769,780,335.625
2770,780,92.316
2857,780,449.067
2858,780,693.835
2859,780,606.541
2860,780,434.346
2949,780,12.101
2950,780,324.415
2951,780,48.262
2952,780,16.125
2859,781,88.802
2860,781,17.828
2949,781,50.007
2950,781,350.146
2951,781,643.787
2952,781,201.804
2953,781,81.222
3040,781,231.47
3041,781,627.669
3042,781,615.933
3043,781,535.615
3044,781,358.261
3135,781,18.185
3136,781,46.805
3487,782,4.447
3488,782,427.311
3489,782,58.661
3566,782,84.173
3567,782,664.279
3568,782,611.207
3569,782,5.077
3636,782,272.409
3637,782,480.21
3638,782,0.746
3695,782,39.045
3696,782,272.056
3697,782,0.276
3139,783,2.783
3234,783,6.996
3235,783,0.327
3237,783,506.05
3238,783,423.875
3327,783,31.077
3328,783,470.199
3329,783,413.024
3330,783,18.952
3331,783,210.238
3332,783,627.351
3333,783,2.864
3406,783,19.572
3407,783,521.748
3408,783,317.245
3409,783,228.039
3410,783,556.428
3411,783,46.715
3485,783,47.686
3486,783,247.17
3487,783,456.84
3488,783,101.735
3566,783,2.738
3567,783,1.201
