cell,dist_lgd,w_km2
14481,1,2.503
14615,1,384.387
14616,1,294.22
14749,1,46.106
14750,1,639.928
14751,1,263.465
14885,1,459.995
14886,1,198.296
15019,1,4.527
15020,1,244.222
15021,1,191.537
14747,2,299.262
14748,2,135.178
14882,2,320.803
14883,2,480.164
14884,2,14.491
15018,2,0.615
14880,3,234.147
14881,3,310.821
14882,3,298.27
14883,3,4.816
15015,3,196.008
15016,3,450.451
15017,3,466.866
15018,3,28.424
15151,3,9.015
15152,3,64.55
14212,4,1.663
14213,4,0.092
14345,4,4.913
14346,4,385.407
14347,4,582.291
14348,4,501.602
14349,4,108.133
14480,4,19.585
14481,4,565.119
14482,4,191.959
14483,4,7.484
14484,4,19.478
14616,4,22.064
14073,5,302.886
14074,5,53.666
14207,5,226.531
14208,5,553.118
14209,5,415.64
14210,5,15.494
14341,5,17.443
14342,5,357.596
14343,5,399.955
14344,5,69.276
14218,6,1.924
14351,6,2.722
14352,6,284.147
14353,6,425.99
14354,6,16.004
14486,6,276.329
14487,6,645.966
14488,6,645.966
14489,6,286.546
14619,6,69.815
14620,6,318.929
14621,6,635.847
14622,6,644.146
14623,6,467.425
14624,6,127.2
14754,6,396.211
14755,6,604.438
14756,6,480.237
14757,6,233.329
14758,6,33.098
14887,6,173.59
14888,6,459.979
14889,6,639.643
14890,6,493.123
14891,6,32.237
15021,6,318.968
15022,6,591.388
15023,6,638.614
15024,6,638.614
15025,6,638.614
15026,6,152.053
15156,6,194.589
15157,6,371.35
15158,6,618.162
15159,6,636.746
15160,6,558.886
15161,6,15.94
15293,6,161.139
15294,6,195.309
15295,6,80.004
13940,7,31.805
13941,7,110.267
14075,7,319.931
14076,7,650.643
14077,7,455.73
14078,7,13.425
14210,7,31.684
14211,7,263.636
14212,7,560.339
14213,7,56.024
14347,7,8.454
15014,8,50.904
15015,8,241.389
15016,8,188.163
15017,8,2.717
15149,8,52.489
15150,8,560.989
15151,8,627.731
15152,8,296.414
15285,8,103.262
15286,8,289.487
15287,8,331.985
14086,9,0.669
14087,9,87.733
14088,9,111.934
14089,9,196.203
14090,9,630.172
14218,9,37.57
14219,9,7.43
14220,9,31.587
14221,9,526.464
14222,9,457.936
14223,9,629.667
14224,9,607.063
14225,9,649.568
14226,9,649.568
14227,9,452.589
14353,9,156.863
14354,9,585.433
14355,9,498.873
14356,9,647.773
14357,9,647.773
14358,9,647.773
14359,9,647.773
14360,9,647.773
14361,9,632.409
14362,9,59.682
14489,9,359.394
14490,9,645.966
14491,9,645.966
14492,9,645.966
14493,9,645.966
14494,9,645.966
14495,9,547.278
14496,9,418.373
14623,9,176.675
14624,9,516.998
14625,9,644.146
14626,9,644.146
14627,9,644.146
14628,9,644.146
14629,9,644.146
14630,9,153.343
14755,9,37.828
14756,9,162.078
14757,9,408.985
14758,9,609.262
14759,9,642.315
14760,9,642.315
14761,9,642.315
14762,9,642.315
14763,9,642.315
14764,9,642.315
14765,9,398.754
14890,9,147.396
14891,9,608.202
14892,9,640.471
14893,9,640.471
14894,9,640.471
14895,9,640.471
14896,9,640.471
14897,9,640.471
14898,9,640.471
14899,9,640.471
14900,9,366.935
15020,9,0.037
15021,9,1.398
15026,9,486.585
15027,9,638.614
15028,9,638.614
15029,9,638.614
15030,9,638.614
15031,9,638.614
15032,9,638.614
15033,9,638.614
15034,9,638.614
15035,9,638.614
15036,9,638.614
15037,9,457.26
15155,9,97.872
15156,9,441.836
15157,9,265.396
15158,9,18.554
15160,9,77.811
15161,9,620.814
15162,9,636.746
15163,9,636.746
15164,9,636.746
15165,9,636.746
15166,9,636.746
15167,9,636.746
15168,9,636.746
15169,9,636.746
15170,9,636.746
15171,9,636.746
15172,9,546.916
15173,9,264.971
15288,9,49.125
15289,9,103.883
15290,9,382.795
15291,9,634.865
15292,9,634.865
15293,9,473.755
15294,9,439.556
15295,9,554.909
15296,9,634.865
15297,9,634.865
15298,9,634.865
15299,9,634.865
15300,9,634.865
15301,9,634.865
15302,9,634.865
15303,9,634.865
15304,9,634.865
15305,9,634.865
15306,9,634.865
15307,9,634.865
15308,9,618.862
15309,9,413.109
15420,9,0.712
15421,9,129.227
15422,9,169.734
15423,9,615.475
15424,9,609.472
15425,9,631.419
15426,9,632.972
15427,9,632.972
15428,9,632.972
15429,9,632.972
15430,9,632.972
15431,9,632.972
15432,9,632.972
15433,9,632.972
15434,9,632.972
15435,9,632.972
15436,9,632.972
15437,9,632.972
15438,9,632.972
15439,9,632.972
15440,9,632.972
15441,9,632.972
15442,9,632.972
15443,9,632.972
15444,9,632.972
15554,9,255.187
15555,9,515.827
15556,9,631.067
15557,9,630.819
15558,9,631.067
15559,9,631.067
15560,9,631.067
15561,9,631.067
15562,9,631.067
15563,9,631.067
15564,9,631.067
15565,9,631.067
15566,9,631.067
15567,9,631.067
15568,9,631.067
15569,9,631.067
15570,9,631.067
15571,9,631.067
15572,9,631.067
15573,9,631.067
15574,9,631.067
15575,9,631.067
15576,9,631.067
15577,9,631.067
15578,9,631.067
15579,9,631.067
15688,9,159.382
15689,9,402.726
15690,9,629.15
15691,9,629.15
15692,9,629.15
15693,9,629.15
15694,9,629.15
15695,9,629.15
15696,9,629.15
15697,9,629.15
15698,9,629.15
15699,9,629.15
15700,9,629.15
15701,9,629.15
15702,9,629.15
15703,9,613.866
15704,9,330.665
15705,9,280.502
15706,9,419.396
15707,9,595.045
15708,9,629.15
15709,9,629.15
15710,9,629.15
15711,9,629.15
15712,9,629.15
15713,9,629.15
15714,9,629.15
15715,9,476.672
15821,9,50.531
15822,9,550.926
15823,9,627.22
15824,9,627.22
15825,9,627.22
15826,9,627.22
15827,9,627.22
15828,9,627.22
15829,9,627.22
15830,9,627.22
15831,9,627.22
15832,9,627.22
15833,9,627.22
15834,9,627.22
15835,9,627.22
15836,9,601.453
15837,9,415.461
15838,9,258.342
15842,9,118.985
15843,9,373.894
15844,9,576.117
15845,9,585.686
15846,9,603.829
15847,9,613.628
15848,9,458.471
15849,9,394.317
15850,9,22.729
15954,9,209.616
15955,9,624.773
15956,9,624.732
15957,9,625.279
15958,9,625.279
15959,9,625.279
15960,9,625.279
15961,9,625.279
15962,9,625.279
15963,9,625.279
15964,9,625.279
15965,9,625.279
15966,9,625.279
15967,9,625.279
15968,9,625.279
15969,9,625.279
15970,9,625.279
15971,9,355.328
15980,9,4.627
15981,9,180.76
15982,9,68.685
16089,9,92.569
16090,9,456.838
16091,9,623.325
16092,9,623.325
16093,9,623.325
16094,9,623.325
16095,9,623.325
16096,9,623.325
16097,9,623.325
16098,9,623.325
16099,9,623.325
16100,9,623.325
16101,9,623.325
16102,9,623.325
16103,9,623.325
16104,9,607.745
16105,9,284.5
16106,9,42.691
16225,9,3.717
16226,9,350.394
16227,9,621.36
16228,9,621.36
16229,9,621.36
16230,9,621.36
16231,9,621.36
16232,9,621.36
16233,9,621.36
16234,9,621.36
16235,9,621.36
16236,9,621.36
16237,9,549.601
16238,9,309.0
16239,9,34.277
16361,9,30.197
16362,9,206.892
16363,9,232.946
16364,9,313.192
16365,9,539.634
16366,9,615.848
16367,9,619.383
16368,9,619.383
16369,9,619.383
16370,9,619.383
16371,9,494.67
16372,9,76.39
16499,9,55.661
16500,9,2.862
16501,9,98.672
16502,9,308.543
16503,9,414.223
16504,9,216.416
16505,9,392.303
16506,9,51.375
14609,10,37.278
14610,10,186.049
14611,10,297.539
14612,10,145.75
14743,10,82.269
14744,10,630.042
14745,10,642.315
14746,10,642.315
14747,10,262.38
14878,10,209.667
14879,10,501.367
14880,10,294.857
14881,10,285.167
14882,10,21.417
15013,10,8.382
14748,11,69.304
14749,11,143.169
14750,11,0.365
14883,11,32.731
14884,11,476.169
14885,11,175.364
14341,12,205.814
14342,12,249.758
14343,12,0.902
14475,12,112.321
14476,12,620.533
14477,12,607.856
14478,12,85.973
14611,12,343.76
14612,12,378.293
14613,12,31.983
14883,13,119.497
14884,13,38.684
15018,13,98.285
15019,13,25.329
14209,14,34.131
14210,14,513.799
14211,14,385.932
14212,14,62.457
14344,14,344.94
14345,14,593.263
14346,14,262.366
14347,14,25.41
14479,14,32.058
14480,14,27.071
13405,15,215.008
13406,15,399.566
13407,15,22.168
13540,15,164.483
13541,15,362.521
13542,15,1.986
13943,16,124.493
13944,16,122.33
13945,16,344.529
13946,16,284.016
14077,16,19.253
14078,16,588.599
14079,16,642.383
14080,16,645.656
14081,16,389.655
14082,16,0.052
14212,16,25.047
14213,16,593.435
14214,16,649.408
14215,16,241.291
14216,16,16.942
14347,16,30.946
14348,16,124.199
14349,16,470.74
14350,16,647.773
14351,16,318.515
14484,16,10.491
14485,16,164.641
14486,16,59.265
13540,17,343.547
13541,17,39.991
13674,17,72.204
13675,17,552.398
13676,17,95.987
13810,17,11.158
13811,17,0.403
13673,18,55.6
13674,18,310.548
13675,18,102.813
13676,18,1.827
13806,18,8.001
13807,18,259.493
13808,18,609.393
13809,18,654.877
13810,18,643.766
13811,18,293.676
13812,18,50.921
13941,18,0.413
13942,18,424.314
13943,18,528.574
13944,18,530.727
13945,18,308.59
13946,18,369.055
13947,18,397.621
14077,18,3.281
14078,18,21.274
14079,18,9.029
14081,18,56.732
14082,18,100.447
13279,19,1.786
13280,19,29.223
13412,19,140.484
13413,19,391.829
13414,19,503.24
13415,19,125.34
13545,19,54.387
13546,19,542.264
13547,19,651.452
13548,19,658.354
13549,19,449.183
13680,19,132.216
13681,19,414.005
13682,19,649.361
13683,19,656.622
13684,19,328.939
13817,19,116.768
13818,19,394.527
13819,19,262.331
13409,20,38.864
13543,20,122.931
13544,20,638.64
13545,20,91.669
13677,20,28.707
13678,20,406.135
13679,20,656.622
13680,20,373.663
13812,20,381.046
13813,20,654.877
13814,20,654.877
13815,20,383.059
13947,20,255.509
13948,20,565.449
13949,20,188.934
13950,20,7.825
14082,20,13.364
14083,20,25.129
13680,21,26.105
13681,21,242.617
13682,21,7.221
13815,21,271.81
13816,21,654.877
13817,21,538.149
13818,21,259.134
13819,21,21.293
13948,21,87.615
13949,21,464.185
13950,21,645.321
13951,21,653.12
13952,21,653.12
13953,21,435.687
14080,21,5.674
14081,21,205.011
14082,21,537.53
14083,21,626.276
14084,21,651.35
14085,21,651.35
14086,21,650.621
14087,21,563.617
14088,21,168.992
14214,21,0.16
14215,21,408.297
14216,21,632.583
14217,21,649.568
14218,21,610.016
14219,21,642.08
14220,21,617.932
14221,21,123.163
14222,21,191.632
14223,21,19.926
14351,21,326.523
14352,21,363.625
14353,21,64.977
14354,21,46.366
14355,21,148.948
14486,21,91.053
13406,22,0.348
13407,22,197.701
13408,22,276.871
13409,22,1.8
13541,22,255.8
13542,22,656.368
13543,22,535.38
13544,22,4.036
13675,22,0.666
13676,22,558.82
13677,22,627.87
13678,22,250.53
13811,22,360.835
13812,22,222.904
13139,23,129.91
13140,23,116.544
13272,23,70.129
13273,23,381.855
13274,23,580.71
13275,23,503.776
13276,23,1.227
13407,23,149.047
13408,23,383.203
13409,23,619.357
13410,23,660.074
13411,23,551.956
13412,23,201.247
13544,23,15.73
13545,23,512.25
13546,23,116.09
13547,23,6.93
13680,23,124.668
13002,24,0.12
13003,24,347.139
13004,24,549.963
13005,24,284.916
13137,24,64.766
13138,24,612.436
13139,24,533.526
13140,24,212.586
13273,24,140.059
13274,24,81.111
13136,25,0.081
13137,25,138.565
13138,25,17.262
13270,25,5.747
13271,25,490.516
13272,25,583.061
13273,25,139.914
13405,25,13.105
13406,25,256.238
13407,25,291.211
13404,26,116.835
13538,26,66.933
13539,26,618.066
13540,26,139.02
13673,26,327.21
13674,26,273.87
13675,26,0.71
13532,27,45.616
13533,27,203.634
13534,27,272.078
13535,27,287.739
13536,27,7.777
13667,27,208.255
13668,27,656.622
13669,27,536.182
13670,27,177.815
13802,27,2.426
13803,27,193.692
13804,27,86.564
12589,28,19.433
12590,28,52.931
12723,28,300.953
12724,28,589.135
12725,28,324.944
12858,28,398.834
12859,28,665.384
12860,28,600.072
12861,28,0.257
12993,28,6.612
12994,28,152.158
12995,28,267.605
12859,29,1.401
12992,29,0.131
12993,29,407.843
12994,29,300.24
13127,29,208.873
13128,29,473.496
13129,29,68.964
12998,30,18.19
12999,30,238.797
13000,30,278.649
13001,30,0.833
13134,30,292.903
13135,30,315.844
13136,30,0.818
13269,30,0.343
12991,31,9.479
12992,31,16.69
13126,31,202.261
13127,31,400.767
13128,31,189.979
13129,31,79.038
13261,31,2.107
13262,31,279.901
13263,31,589.769
13264,31,532.166
13265,31,7.287
13398,31,10.566
13399,31,51.455
13535,32,0.08
13536,32,9.297
13669,32,120.405
13670,32,478.815
13671,32,394.545
13804,32,385.65
13805,32,602.758
13806,32,482.282
13940,32,60.756
13941,32,69.146
13402,33,15.728
13403,33,343.119
13404,33,273.924
13536,33,10.25
13537,33,356.28
13538,33,591.37
13539,33,26.926
13671,33,240.254
13672,33,656.622
13673,33,273.818
13806,33,153.875
13807,33,394.782
13808,33,45.528
13264,34,0.189
13265,34,226.6
13266,34,388.035
13267,34,337.906
13268,34,70.188
13399,34,12.527
13400,34,157.916
13401,34,537.601
13402,34,311.453
13403,34,8.719
13536,34,284.879
13537,34,302.123
13264,35,0.548
13399,35,122.426
13400,35,483.736
13401,35,122.419
13402,35,284.002
13403,35,12.704
13535,35,239.046
13536,35,346.151
13671,35,21.841
12996,36,92.95
12997,36,27.007
12998,36,89.267
12999,36,0.073
13130,36,4.082
13131,36,648.552
13132,36,610.639
13133,36,658.245
13134,36,368.11
13265,36,7.292
13266,36,263.187
13267,36,323.875
13268,36,342.479
13269,36,254.353
12455,37,60.494
12590,37,420.125
12591,37,294.535
12592,37,135.132
12725,37,343.559
12726,37,668.393
12727,37,123.509
12860,37,17.646
12861,37,107.691
12862,37,0.319
12994,38,212.754
12995,38,255.528
12996,38,32.675
13129,38,515.476
13130,38,659.394
13131,38,14.919
13264,38,128.863
13265,38,420.602
13266,38,10.578
12721,39,1.362
12722,39,427.166
12723,39,140.409
12856,39,130.633
12857,39,665.779
12858,39,267.959
12991,39,62.037
12992,39,641.241
12993,39,250.745
13127,39,53.617
13268,40,249.092
13269,40,344.794
13270,40,140.228
13402,40,48.841
13403,40,295.554
13404,40,176.468
13405,40,8.855
12593,41,26.514
12594,41,58.267
12728,41,252.462
12729,41,257.767
12730,41,54.268
12863,41,134.318
12864,41,604.251
12865,41,615.924
12866,41,86.606
12998,41,111.594
12999,41,426.285
13000,41,386.508
13001,41,306.103
13136,41,0.32
13134,42,2.424
13135,42,184.924
13269,42,62.331
13270,42,511.797
13271,42,68.932
13404,42,92.809
13405,42,423.126
13406,42,3.916
13539,42,13.399
13540,42,11.316
12592,43,93.913
12593,43,295.715
12726,43,0.09
12727,43,545.025
12728,43,416.042
12861,43,49.146
12862,43,579.563
12863,43,532.491
12864,43,50.184
12997,43,259.285
12998,43,104.135
13136,44,114.723
12470,45,39.408
12471,45,168.642
12472,45,231.595
12473,45,422.113
12474,45,219.194
12605,45,54.396
12606,45,670.013
12607,45,649.653
12608,45,343.65
12609,45,69.167
12740,45,8.975
12741,45,170.443
12742,45,98.068
12607,46,20.419
12608,46,310.909
12609,46,151.797
12742,46,198.122
12743,46,449.694
12744,46,561.519
12745,46,11.522
12878,46,135.304
12879,46,395.943
12741,47,330.001
12742,47,372.347
12743,47,218.737
12875,47,32.475
12876,47,645.171
12877,47,666.826
12878,47,531.575
12879,47,107.808
13010,47,1.369
13011,47,389.617
13012,47,665.157
13013,47,665.157
13014,47,386.186
13146,47,247.115
13147,47,663.475
13148,47,663.475
13149,47,440.891
13281,47,133.124
13282,47,355.956
13283,47,273.227
13284,47,31.49
12204,48,184.691
12338,48,41.027
12339,48,626.0
12340,48,425.136
12473,48,24.249
12474,48,326.108
12475,48,123.194
12736,49,74.821
12737,49,221.549
12870,49,136.057
12871,49,505.172
12872,49,282.699
13004,49,12.854
13005,49,367.77
13006,49,444.449
13007,49,68.597
13140,49,334.336
13141,49,431.843
13275,49,101.517
13276,49,117.922
12466,50,34.024
12600,50,229.069
12601,50,585.728
12602,50,318.199
12735,50,283.353
12736,50,593.61
12737,50,137.218
12870,50,0.475
12871,50,108.442
12202,51,163.583
12203,51,256.737
12204,51,94.047
12334,51,2.976
12335,51,190.096
12336,51,388.793
12337,51,670.136
12338,51,632.336
12339,51,47.428
12470,51,375.183
12471,51,503.116
12472,51,440.163
12473,51,225.409
12468,52,34.057
12469,52,352.961
12470,52,228.57
12602,52,51.182
12603,52,471.03
12604,52,670.127
12605,52,615.722
12606,52,0.114
12737,52,305.963
12738,52,570.612
12739,52,668.483
12740,52,659.544
12741,52,168.03
12872,52,2.149
12873,52,11.21
12874,52,264.975
12875,52,200.12
12876,52,5.502
12474,53,126.402
12475,53,391.056
12608,53,15.568
12609,53,449.162
12610,53,667.354
12744,53,106.991
12745,53,656.961
12746,53,624.602
12879,53,163.048
12880,53,666.826
12881,53,666.826
12882,53,605.298
12883,53,141.74
13014,53,278.975
13015,53,554.843
13016,53,296.488
13017,53,71.225
13149,53,152.031
13150,53,171.003
12874,54,18.973
12875,54,426.03
12876,54,16.162
13009,54,58.528
13010,54,655.359
13011,54,275.522
13145,54,302.861
13146,54,234.5
12737,55,3.745
12738,55,97.826
12872,55,382.01
12873,55,655.662
12874,55,382.851
12875,55,8.188
13006,55,209.741
13007,55,487.261
13008,55,511.197
13009,55,606.656
13010,55,8.419
13141,55,4.684
13142,55,3.457
13143,55,20.342
13144,55,277.542
13145,55,248.931
13279,55,0.017
13280,55,0.66
12067,56,19.442
12068,56,50.757
12069,56,229.865
12200,56,4.889
12201,56,310.465
12202,56,463.253
12203,56,413.87
12204,56,333.566
12334,56,129.526
12335,56,427.997
12336,56,283.871
12337,56,3.256
13006,57,10.908
13007,57,109.295
13008,57,153.9
13141,57,226.955
13142,57,660.046
13143,57,643.193
13144,57,385.931
13145,57,111.673
13146,57,181.826
13275,57,56.547
13276,57,542.672
13277,57,661.781
13278,57,661.781
13279,57,659.96
13280,57,631.88
13281,57,526.742
13282,57,14.485
13411,57,108.129
13412,57,318.315
13413,57,268.245
13414,57,146.704
13415,57,433.065
13416,57,377.358
13550,57,67.376
12730,58,18.977
12731,58,5.49
12732,58,0.053
12865,58,22.947
12866,58,381.71
12867,58,524.92
12868,58,58.764
13001,58,76.535
13002,58,318.206
13003,58,106.407
11916,59,12.166
11917,59,391.998
11918,59,46.989
12051,59,264.831
12052,59,676.574
12053,59,635.917
12054,59,353.266
12186,59,141.687
12187,59,127.922
12188,59,424.724
12189,59,215.076
11788,60,248.702
11789,60,210.785
11923,60,200.281
11924,60,81.941
12320,61,139.598
12321,61,47.455
12455,61,247.991
12456,61,659.547
12457,61,434.668
12458,61,58.138
12590,61,33.586
12591,61,375.592
12592,61,441.028
12593,61,89.942
11786,62,276.938
11787,62,278.565
11788,62,107.44
11921,62,192.099
11922,62,371.376
11923,62,25.393
12186,63,290.19
12187,63,547.059
12188,63,250.257
12189,63,162.836
12320,63,26.897
12321,63,590.231
12322,63,673.376
12323,63,673.376
12324,63,299.468
12456,63,12.276
12457,63,237.089
12458,63,283.151
12459,63,28.26
11786,64,6.779
11919,64,75.033
11920,64,484.099
11921,64,455.882
11922,64,3.859
12055,64,262.311
12056,64,430.978
12057,64,139.835
12189,65,31.676
12190,65,64.588
12324,65,373.904
12325,65,491.248
12326,65,26.596
12458,65,330.421
12459,65,561.309
12460,65,313.652
12461,65,127.788
12593,65,257.946
12594,65,151.159
12459,66,82.185
12460,66,156.434
12594,66,460.698
12595,66,665.99
12596,66,156.304
12729,66,410.703
12730,66,272.542
12731,66,29.127
12864,66,12.458
12865,66,28.012
12460,67,201.629
12461,67,382.149
12462,67,370.499
12463,67,0.728
12595,67,4.18
12596,67,512.146
12597,67,667.064
12598,67,75.807
12731,67,17.087
12732,67,173.729
12733,67,72.346
12596,68,1.609
12730,68,322.641
12731,68,616.832
12732,68,444.385
12866,68,198.474
12867,68,92.33
11513,69,48.919
11514,69,53.392
11648,69,405.095
11649,69,285.462
11783,69,322.721
11784,69,573.204
11918,69,116.854
11919,69,128.844
13002,70,242.47
13003,70,22.403
13136,70,88.451
13137,70,456.082
13138,70,33.762
13271,70,29.084
13272,70,8.574
12326,71,312.08
12327,71,499.005
12328,71,41.785
12461,71,161.854
12462,71,274.621
12463,71,13.629
11650,72,192.409
11651,72,59.795
11784,72,81.377
11785,72,660.307
11786,72,305.721
11919,72,81.207
11920,72,158.397
11921,72,13.908
12054,73,25.895
12055,73,358.374
12056,73,230.72
12189,73,265.361
12190,73,530.71
12191,73,257.53
12317,74,11.491
12318,74,32.149
12319,74,213.74
12320,74,166.419
12452,74,122.161
12453,74,655.498
12454,74,668.635
12455,74,363.264
12587,74,198.196
12588,74,670.127
12589,74,650.63
12590,74,163.498
12722,74,50.042
12723,74,227.112
12724,74,79.411
12056,75,14.836
12057,75,110.45
12058,75,17.466
12190,75,79.629
12191,75,417.492
12192,75,674.406
12193,75,166.721
12325,75,182.182
12326,75,334.667
12327,75,174.295
12328,75,7.928
12732,76,50.272
12733,76,333.75
12734,76,14.907
12867,76,45.9
12868,76,608.025
12869,76,389.351
13003,76,189.214
13004,76,89.341
11923,77,12.732
12058,77,93.867
11923,78,17.806
12058,78,13.723
11922,79,49.621
11923,79,93.846
12057,79,0.44
12058,79,12.786
12057,80,167.862
12058,80,122.955
12192,80,0.609
12058,81,35.343
12057,82,127.451
12058,82,26.497
11922,83,3.394
11923,83,155.939
11921,84,16.325
11922,84,237.694
12057,84,29.331
11922,85,12.141
12057,85,101.24
12058,85,18.05
10696,86,108.655
10697,86,442.207
10698,86,512.572
10699,86,283.73
10700,86,10.014
10831,86,74.429
10832,86,448.295
10833,86,668.958
10834,86,644.916
10835,86,40.874
10967,86,0.219
10968,86,402.101
10969,86,268.759
11103,86,48.979
11104,86,100.581
11109,87,69.878
11110,87,37.284
11111,87,46.375
11243,87,3.241
11244,87,567.398
11245,87,645.705
11246,87,643.857
11247,87,510.451
11248,87,34.57
11379,87,183.5
11380,87,542.43
11381,87,684.344
11382,87,313.854
11515,87,134.269
11516,87,258.346
11517,87,75.24
8941,88,49.499
8942,88,53.867
9075,88,114.875
9076,88,628.367
9077,88,603.578
9078,88,80.046
9210,88,277.496
9211,88,707.013
9212,88,667.853
9213,88,203.811
9345,88,1.408
9346,88,564.707
9347,88,469.15
9348,88,27.653
9481,88,7.019
9482,88,53.434
9760,89,170.053
9761,89,501.143
9762,89,273.6
9895,89,456.03
9896,89,650.413
9897,89,240.619
10029,89,224.427
10030,89,592.457
10031,89,692.618
10032,89,212.713
10033,89,71.962
10034,89,2.992
10164,89,297.242
10165,89,697.51
10166,89,592.301
10167,89,516.452
10168,89,613.398
10169,89,39.397
10299,89,6.578
10300,89,90.108
10301,89,1.235
10303,89,51.027
9873,90,187.993
9874,90,323.34
10008,90,560.533
10009,90,662.523
10010,90,365.359
10011,90,180.446
10142,90,238.487
10143,90,692.436
10144,90,697.51
10145,90,697.51
10146,90,629.572
10147,90,49.595
10277,90,565.394
10278,90,696.1
10279,90,696.1
10280,90,696.1
10281,90,189.0
10410,90,315.645
10411,90,517.052
10412,90,651.849
10413,90,694.676
10414,90,694.676
10415,90,671.382
10416,90,233.174
10544,90,71.31
10545,90,690.251
10546,90,693.239
10547,90,693.233
10548,90,633.727
10549,90,693.239
10550,90,359.175
10679,90,0.528
10680,90,62.139
10681,90,168.23
10682,90,104.03
10683,90,224.347
10684,90,663.146
10685,90,635.165
10686,90,126.846
10819,90,148.379
10820,90,301.715
10821,90,20.505
10977,91,7.997
10978,91,213.198
10979,91,103.902
11112,91,317.032
11113,91,687.361
11114,91,537.085
11115,91,67.957
11247,91,128.095
11248,91,384.018
11249,91,416.697
11250,91,31.52
10021,92,77.649
10024,92,9.166
10025,92,199.823
10026,92,64.015
10155,92,164.448
10156,92,686.892
10157,92,567.111
10158,92,329.674
10159,92,424.386
10160,92,650.329
10161,92,128.778
10290,92,163.672
10291,92,696.1
10292,92,576.751
10293,92,146.675
10294,92,50.518
10295,92,35.456
10425,92,26.904
10426,92,351.098
10427,92,620.912
10428,92,198.066
10562,92,72.472
10563,92,56.322
11232,93,280.452
11233,93,94.715
11363,93,134.674
11364,93,102.991
11365,93,213.178
11366,93,569.206
11367,93,684.278
11368,93,540.182
11369,93,263.374
11370,93,7.656
11497,93,14.632
11498,93,502.566
11499,93,682.816
11500,93,682.816
11501,93,682.816
11502,93,682.816
11503,93,682.816
11504,93,673.742
11505,93,280.446
11506,93,80.923
11632,93,501.952
11633,93,680.407
11634,93,681.275
11635,93,681.275
11636,93,681.275
11637,93,681.275
11638,93,681.275
11639,93,681.275
11640,93,681.275
11641,93,368.083
11767,93,219.985
11768,93,645.293
11769,93,640.544
11770,93,679.721
11771,93,679.721
11772,93,674.865
11773,93,679.721
11774,93,679.721
11775,93,647.424
11776,93,361.827
11903,93,13.522
11904,93,70.3
11905,93,627.689
11906,93,426.401
11907,93,120.179
11908,93,650.483
11909,93,678.154
11910,93,524.737
12040,93,98.487
12041,93,17.313
12042,93,56.076
12043,93,628.276
12044,93,676.574
12045,93,629.898
12046,93,41.111
12178,93,200.225
12179,93,360.099
12180,93,198.531
12181,93,0.55
10026,94,233.671
10027,94,96.172
10160,94,30.034
10161,94,568.763
10162,94,529.557
10163,94,237.545
10164,94,9.162
10295,94,94.984
10296,94,672.308
10297,94,696.1
10298,94,696.1
10299,94,273.337
10431,94,189.168
10432,94,460.421
10433,94,598.609
10434,94,389.687
10567,94,0.056
10568,94,1.05
9616,95,18.34
9617,95,198.414
9751,95,282.659
9752,95,587.177
9753,95,198.211
9885,95,18.055
9886,95,631.871
9887,95,700.292
9888,95,592.025
9889,95,199.522
9890,95,241.175
9891,95,493.121
9892,95,285.484
10020,95,1.164
10021,95,374.175
10022,95,698.907
10023,95,659.003
10024,95,653.289
10025,95,184.384
10026,95,397.497
10027,95,83.532
10156,95,9.163
10157,95,130.399
10158,95,146.052
10159,95,31.007
11370,96,327.126
11371,96,224.804
11504,96,9.074
11505,96,402.375
11506,96,566.411
11507,96,522.852
11508,96,312.616
11641,96,313.196
11642,96,681.275
11643,96,456.037
11775,96,32.244
11776,96,317.942
11777,96,679.721
11778,96,675.315
11779,96,424.82
11780,96,33.468
11781,96,42.565
11910,96,153.443
11911,96,678.154
11912,96,678.154
11913,96,678.154
11914,96,678.154
11915,96,588.338
11916,96,618.665
11917,96,15.406
12045,96,22.851
12046,96,466.23
12047,96,563.564
12048,96,606.603
12049,96,664.103
12050,96,662.307
12051,96,411.731
12182,96,2.366
12183,96,61.518
12184,96,76.856
12185,96,97.503
12186,96,103.475
10839,97,406.191
10840,97,161.936
10974,97,482.856
10975,97,428.681
10976,97,45.805
10977,97,13.209
11109,97,276.817
11110,97,650.008
11111,97,522.787
11112,97,301.02
11245,97,40.223
11246,97,42.056
11247,97,44.103
10708,98,0.208
10709,98,10.728
10843,98,225.436
10844,98,590.524
10845,98,250.232
10846,98,2.903
10978,98,17.228
10979,98,427.543
10980,98,672.917
10981,98,531.344
10982,98,70.406
11115,98,72.039
11116,98,68.729
11117,98,94.177
9074,99,0.172
9075,99,24.327
9208,99,4.314
9209,99,507.52
9210,99,429.34
9342,99,6.71
9343,99,453.445
9344,99,703.653
9345,99,704.292
9346,99,140.955
9478,99,102.999
9479,99,196.167
9480,99,289.112
9481,99,206.661
9482,99,0.629
12178,100,188.469
12179,100,314.882
12180,100,398.261
12181,100,14.838
12313,100,117.18
12314,100,578.791
12315,100,551.247
12316,100,168.607
12448,100,31.396
12449,100,524.562
12450,100,147.714
12582,100,41.304
12583,100,608.484
12584,100,656.761
12585,100,450.971
12586,100,145.887
12718,100,282.706
12719,100,498.688
12720,100,323.522
12721,100,141.369
12855,100,36.086
12045,101,23.851
12046,101,169.228
12047,101,112.975
12048,101,69.917
12049,101,12.416
12050,101,14.211
12180,101,78.189
12181,101,659.573
12182,101,672.65
12183,101,613.517
12184,101,598.18
12185,101,577.534
12186,101,139.662
12315,101,122.068
12316,101,504.795
12317,101,661.859
12318,101,641.181
12319,101,459.608
12320,101,340.407
12321,101,35.647
12449,101,7.539
12450,101,524.105
12451,101,671.758
12452,101,549.591
12453,101,16.306
12454,101,3.15
12584,101,13.379
12585,101,219.155
12586,101,524.181
12587,101,471.92
12721,101,81.59
12722,101,119.665
10971,102,186.627
10972,102,449.0
10973,102,74.59
11106,102,292.516
11107,102,681.504
11108,102,165.062
11241,102,29.456
11242,102,64.854
11243,102,181.621
10545,103,0.344
10548,103,59.46
10680,103,523.919
10681,103,523.56
10682,103,587.76
10683,103,467.495
10684,103,28.603
10686,103,30.488
10687,103,106.181
10814,103,100.511
10815,103,574.827
10816,103,690.326
10817,103,690.326
10818,103,690.326
10819,103,541.988
10820,103,388.612
10821,103,669.878
10822,103,534.027
10947,103,220.622
10948,103,630.074
10949,103,688.85
10950,103,688.85
10951,103,688.85
10952,103,688.85
10953,103,688.85
10954,103,688.85
10955,103,688.85
10956,103,688.85
10957,103,537.037
11082,103,286.179
11083,103,687.361
11084,103,687.361
11085,103,687.361
11086,103,687.361
11087,103,687.361
11088,103,687.361
11089,103,687.361
11090,103,687.361
11091,103,687.361
11092,103,479.788
11217,103,38.095
11218,103,511.36
11219,103,685.859
11220,103,685.859
11221,103,685.859
11222,103,685.859
11223,103,685.859
11224,103,685.859
11225,103,685.859
11226,103,642.949
11227,103,92.418
11353,103,9.99
11354,103,470.759
11355,103,684.344
11356,103,684.344
11357,103,684.344
11358,103,684.344
11359,103,684.344
11360,103,684.344
11361,103,616.137
11362,103,153.082
11363,103,212.653
11489,103,62.644
11490,103,649.636
11491,103,682.816
11492,103,394.692
11493,103,340.111
11494,103,592.168
11495,103,680.455
11496,103,682.816
11497,103,668.142
11498,103,180.278
11625,103,122.049
11626,103,391.822
11630,103,1.822
11631,103,95.342
11632,103,110.836
11633,103,0.882
9739,104,1.943
9741,104,2.949
9743,104,3.479
9874,104,325.126
9875,104,581.694
9876,104,620.369
9877,104,562.274
9878,104,616.802
9879,104,148.351
10009,104,36.425
10010,104,333.549
10011,104,518.424
10012,104,698.907
10013,104,698.907
10014,104,599.488
10015,104,80.783
10146,104,34.705
10147,104,621.672
10148,104,697.51
10149,104,697.51
10150,104,532.117
10151,104,151.892
10282,104,135.898
10283,104,119.407
10284,104,370.535
10285,104,678.149
10286,104,468.53
10420,104,256.643
10421,104,49.257
9351,105,51.19
9352,105,100.838
9486,105,209.935
9487,105,429.691
9488,105,370.236
9489,105,0.811
9491,105,1.895
9622,105,276.871
9623,105,699.04
9624,105,370.948
9625,105,474.577
9626,105,523.423
9627,105,57.666
9757,105,90.844
9758,105,509.69
9759,105,701.663
9760,105,531.552
9761,105,133.5
9893,105,80.598
9894,105,518.334
9895,105,209.763
11510,106,200.131
11511,106,193.729
11512,106,15.233
11644,106,14.076
11645,106,588.291
11646,106,672.818
11647,106,174.545
11648,106,37.536
11779,106,94.215
11780,106,645.769
11781,106,637.103
11782,106,679.721
11783,106,357.038
11915,106,89.861
11916,106,47.334
11917,106,221.403
11918,106,2.858
10690,107,196.673
10691,107,399.746
10692,107,383.108
10693,107,0.626
10825,107,94.541
10826,107,267.14
10827,107,211.661
10571,108,63.26
10572,108,36.082
10705,108,61.719
10706,108,605.798
10707,108,615.745
10708,108,276.358
10709,108,0.031
10841,108,164.804
10842,108,604.421
10843,108,464.895
10844,108,1.599
10976,108,1.021
10977,108,470.707
10978,108,458.424
10979,108,2.08
9757,109,9.822
9758,109,138.989
9892,109,155.12
9893,109,619.74
9894,109,181.957
9895,109,34.499
10026,109,0.674
10027,109,519.204
10028,109,698.907
10029,109,474.432
10030,109,106.508
10162,109,168.006
10163,109,459.965
10164,109,391.11
10299,109,416.178
10300,109,388.575
10434,109,76.431
10435,109,249.597
10829,110,225.436
10830,110,549.806
10831,110,492.932
10832,110,192.313
10962,110,19.821
10963,110,21.466
10964,110,603.031
10965,110,688.85
10966,110,688.85
10967,110,274.087
11096,110,19.083
11097,110,649.339
11098,110,677.371
11099,110,687.361
11100,110,687.361
11101,110,651.827
11102,110,6.757
11231,110,30.474
11232,110,401.821
11233,110,591.089
11234,110,685.859
11235,110,685.859
11236,110,476.118
11368,110,144.217
11369,110,420.97
11370,110,349.556
11371,110,85.106
9881,111,11.808
9882,111,109.73
10016,111,191.369
10017,111,623.204
10018,111,52.755
10151,111,417.282
10152,111,697.51
10153,111,617.53
10154,111,34.877
10286,111,227.574
10287,111,696.1
10288,111,696.1
10289,111,467.829
10420,111,73.317
10421,111,645.472
10422,111,694.676
10423,111,694.676
10424,111,690.829
10425,111,138.659
10555,111,7.042
10556,111,212.291
10557,111,509.277
10558,111,643.256
10559,111,558.01
10560,111,180.212
10692,111,1.883
10693,111,13.143
10694,111,3.087
9883,112,0.355
9884,112,201.054
9885,112,10.568
10018,112,292.585
10019,112,682.624
10020,112,655.109
10021,112,245.585
10153,112,80.038
10154,112,662.582
10155,112,533.006
10156,112,1.504
10289,112,228.307
10290,112,532.474
10424,112,3.862
10425,112,266.591
10426,112,104.735
10561,112,120.833
10562,112,7.111
10434,113,123.577
10435,113,150.413
10436,113,0.011
10568,113,72.621
10569,113,545.997
10570,113,693.252
10571,113,433.743
10703,113,169.048
10704,113,682.337
10705,113,516.269
10706,113,66.318
10839,113,202.273
10840,113,4.134
11105,114,0.603
11238,114,1.738
11239,114,86.748
11240,114,580.959
11241,114,64.438
11373,114,256.344
11374,114,679.073
11375,114,684.344
11376,114,567.467
11377,114,78.471
11508,114,340.762
11509,114,682.816
11510,114,482.63
11511,114,147.359
11512,114,5.575
11643,114,225.268
11644,114,667.198
11645,114,93.035
11778,114,4.431
11779,114,160.686
11780,114,0.443
9610,115,13.627
9611,115,25.102
9743,115,71.039
9744,115,410.72
9745,115,633.759
9746,115,400.326
9878,115,70.322
9879,115,551.883
9880,115,700.292
9881,115,678.559
9882,115,60.091
10014,115,99.478
10015,115,618.068
10016,115,507.513
10017,115,3.051
10150,115,165.451
10151,115,128.347
10430,116,70.961
10431,116,410.52
10432,116,234.243
10433,116,96.003
10434,116,104.981
10565,116,144.705
10566,116,199.127
10567,116,616.963
10568,116,619.566
10569,116,147.294
10699,116,3.822
10700,116,470.646
10701,116,501.756
10702,116,685.092
10703,116,522.807
10704,116,9.448
10835,116,359.151
10836,116,274.114
10837,116,306.585
10838,116,378.844
10839,116,40.089
9342,117,8.745
9343,117,54.692
9477,117,169.949
9478,117,544.195
9479,117,434.599
9480,117,8.96
9611,117,52.866
9612,117,657.536
9613,117,703.02
9614,117,239.652
9615,117,56.268
9616,117,23.732
9746,117,158.659
9747,117,701.605
9748,117,701.663
9749,117,614.608
9750,117,700.865
9751,117,408.15
9881,117,9.91
9882,117,530.416
9883,117,699.921
9884,117,499.176
9885,117,671.599
9886,117,68.474
10017,117,72.707
10018,117,353.525
10019,117,16.346
10020,117,42.704
10021,117,1.461
10979,118,155.288
10980,118,15.876
10981,118,3.606
10982,118,49.33
10983,118,243.111
10984,118,212.247
11114,118,150.31
11115,118,547.422
11116,118,618.69
11117,118,530.834
11118,118,305.873
11119,118,44.855
11249,118,8.903
11250,118,324.008
11251,118,521.725
11252,118,279.023
11386,118,4.11
11387,118,32.609
11385,119,9.348
11386,119,33.892
11520,119,178.022
11521,119,498.657
11522,119,416.734
11523,119,77.649
11654,119,204.081
11655,119,554.391
11656,119,620.326
11657,119,620.636
11658,119,450.634
11790,119,39.834
11791,119,0.565
11792,119,7.366
9917,120,78.142
9918,120,0.454
10050,120,9.477
10051,120,256.381
10052,120,650.979
10053,120,389.064
10185,120,137.24
10186,120,680.899
10187,120,697.51
10188,120,376.656
10320,120,4.462
10321,120,615.145
10322,120,696.1
10323,120,449.313
10455,120,6.652
10456,120,179.539
10457,120,236.213
10458,120,9.285
10729,121,236.038
10730,121,424.044
10731,121,110.582
10732,121,0.034
10863,121,180.307
10864,121,605.499
10865,121,536.216
10866,121,226.236
10867,121,0.623
10999,121,8.614
10717,122,1.166
10851,122,296.728
10852,122,550.24
10853,122,22.054
10986,122,131.862
10987,122,684.318
10988,122,234.122
11121,122,21.752
11122,122,69.146
11123,122,6.958
10460,123,103.142
10461,123,475.189
10462,123,338.491
10595,123,407.606
10596,123,693.239
10597,123,598.567
10598,123,13.822
10730,123,191.259
10731,123,581.152
10732,123,658.035
10733,123,113.388
10866,123,16.728
10867,123,24.166
12058,124,110.761
12059,124,28.855
12193,124,508.285
12194,124,199.122
12328,124,359.63
12329,124,116.083
11130,125,42.061
11265,125,514.426
11266,125,267.291
11267,125,23.396
11399,125,143.144
11400,125,681.673
11401,125,510.605
11402,125,116.497
11534,125,243.984
11535,125,677.728
11536,125,107.016
11669,125,403.988
11670,125,553.385
11671,125,112.961
11803,125,115.41
11804,125,383.902
11805,125,39.187
11938,125,10.878
10330,126,38.692
10464,126,108.946
10465,126,539.879
10466,126,497.119
10467,126,401.95
10468,126,1.483
10599,126,353.969
10600,126,651.891
10601,126,298.131
10602,126,41.765
10734,126,52.614
10735,126,4.073
11133,127,45.701
11134,127,27.447
11267,127,0.121
11268,127,411.744
11269,127,326.894
11402,127,183.738
11403,127,684.344
11404,127,655.491
11405,127,274.03
11537,127,22.459
11538,127,431.546
11539,127,185.972
11540,127,93.117
10045,128,55.361
10046,128,198.95
10047,128,44.3
10179,128,4.076
10180,128,84.52
10181,128,652.387
10182,128,297.964
10314,128,0.61
10315,128,434.265
10316,128,696.1
10317,128,694.243
10318,128,262.628
10450,128,195.709
10451,128,528.922
10452,128,198.992
10453,128,48.725
10585,128,9.48
10586,128,45.443
10859,129,115.28
10860,129,133.42
10993,129,12.634
10994,129,552.391
10995,129,566.599
10996,129,42.354
11128,129,252.909
11129,129,687.361
11130,129,567.79
11131,129,124.543
11263,129,212.269
11264,129,435.081
11265,129,142.866
11662,130,91.086
11663,130,14.664
11795,130,76.038
11796,130,513.191
11797,130,640.794
11798,130,188.699
11930,130,142.365
11931,130,606.771
11932,130,678.123
11933,130,273.503
12066,130,147.188
12067,130,641.983
12068,130,90.543
12202,130,15.497
10864,131,15.729
10865,131,121.43
10866,131,4.179
10998,131,219.156
10999,131,656.471
11000,131,671.483
11001,131,128.606
11133,131,105.473
11134,131,268.914
11135,131,563.153
11136,131,30.816
12196,132,21.623
12197,132,243.404
12198,132,182.194
12199,132,3.496
12331,132,79.403
12332,132,673.376
12333,132,673.376
12334,132,267.572
12335,132,0.386
12466,132,292.179
12467,132,671.758
12468,132,637.653
12469,132,318.797
12470,132,28.582
12601,132,9.25
12602,132,300.7
12603,132,199.145
11525,133,64.012
11526,133,397.012
11527,133,42.315
11658,133,43.728
11659,133,431.059
11660,133,669.269
11661,133,681.275
11662,133,300.915
11793,133,26.602
11794,133,618.081
11795,133,603.64
11796,133,166.53
11797,133,38.982
11929,133,69.107
11930,133,102.878
11656,134,60.89
11657,134,60.599
11658,134,33.99
11790,134,400.81
11791,134,679.215
11792,134,573.344
11793,134,51.023
11924,134,0.09
11925,134,489.923
11926,134,678.154
11927,134,329.958
12060,134,9.68
12061,134,141.392
12062,134,9.078
9921,135,35.473
9922,135,370.13
9923,135,16.261
10056,135,116.968
10057,135,620.787
10191,135,112.887
10192,135,630.181
10193,135,213.571
10327,135,309.706
10328,135,123.363
10047,136,100.911
10048,136,515.23
10049,136,255.83
10050,136,30.313
10182,136,366.815
10183,136,684.608
10184,136,603.948
10185,136,257.401
10317,136,1.866
10318,136,307.406
10319,136,68.023
10600,137,16.148
10733,137,16.001
10734,137,370.748
10735,137,569.503
10736,137,67.334
10868,137,190.157
10869,137,688.776
10870,137,325.402
10871,137,1.33
11004,137,223.917
11005,137,67.674
11252,138,0.101
11253,138,13.131
11254,138,39.276
11256,138,33.552
11387,138,298.858
11388,138,497.121
11389,138,598.001
11390,138,396.479
11391,138,255.375
11523,138,174.69
11524,138,112.206
11525,138,4.445
10850,139,185.852
10851,139,253.961
10984,139,95.631
10985,139,601.063
10986,139,557.016
11119,139,99.368
11120,139,275.193
11121,139,257.981
10861,140,197.956
10862,140,357.978
10863,140,424.929
10864,140,68.753
10995,140,105.36
10996,140,611.037
10997,140,491.871
10998,140,407.029
10999,140,23.833
11256,141,143.967
11257,141,492.948
11258,141,179.74
11391,141,386.713
11392,141,642.282
11393,141,154.474
11525,141,0.306
11526,141,163.047
11527,141,14.484
11528,141,3.063
10318,142,125.996
10319,142,186.295
10451,142,165.705
10452,142,495.684
10453,142,646.021
10454,142,361.094
10585,142,265.629
10586,142,647.845
10587,142,562.09
10588,142,451.602
10589,142,83.403
10720,142,2.984
10721,142,168.153
10722,142,6.696
11117,143,62.341
11118,143,381.488
11119,143,380.623
11252,143,405.127
11253,143,672.673
11254,143,312.988
11387,143,10.809
11388,143,147.078
11389,143,46.753
11654,144,40.357
11655,144,26.654
11789,144,318.385
11790,144,239.091
11923,144,67.043
11924,144,594.556
11925,144,99.272
12058,144,0.018
12059,144,28.627
11923,145,3.654
11924,145,0.269
12058,145,190.761
12059,145,562.102
12060,145,108.092
12194,145,45.001
12195,145,1.521
10193,146,54.4
10194,146,15.412
10326,146,62.767
10327,146,331.936
10328,146,572.791
10329,146,602.68
10330,146,60.179
10461,146,19.622
10462,146,324.325
10463,146,639.6
10464,146,580.713
10465,146,106.564
10598,146,2.335
10599,146,7.059
10996,147,31.529
10997,147,196.979
10998,147,62.609
11130,147,77.445
11131,147,562.875
11132,147,687.361
11133,147,536.188
11134,147,365.299
11265,147,6.035
11266,147,418.568
11267,147,662.305
11268,147,274.17
11269,147,16.589
11402,147,83.289
10732,148,33.663
10733,148,268.742
10734,148,22.475
10866,148,43.853
10867,148,624.204
10868,148,500.225
10869,148,1.543
11001,148,31.212
11002,148,676.988
11003,148,609.662
11004,148,2.222
11136,148,0.344
11137,148,403.621
11138,148,111.014
10311,149,0.885
10312,149,333.849
10313,149,148.298
10314,149,99.501
10315,149,143.956
10446,149,7.895
10447,149,567.418
10448,149,690.313
10449,149,690.696
10450,149,499.001
10582,149,26.193
10583,149,83.662
10584,149,460.069
10585,149,132.356
10719,149,11.398
11124,150,267.597
11125,150,384.956
11126,150,392.189
11127,150,85.966
11258,150,342.313
11259,150,672.52
11260,150,685.859
11261,150,527.902
11262,150,199.118
11393,150,431.387
11394,150,684.344
11395,150,603.601
11396,150,52.651
11528,150,102.74
11529,150,304.296
11530,150,250.36
10445,151,11.054
10446,151,220.914
10447,151,111.125
10448,151,4.301
10580,151,375.458
10581,151,693.239
10582,151,667.102
10583,151,590.108
10584,151,87.024
10715,151,207.582
10716,151,690.078
10717,151,575.624
10718,151,113.776
10850,151,11.969
10851,151,138.699
10852,151,65.859
10323,152,162.397
10324,152,430.774
10325,152,354.446
10326,152,154.959
10457,152,0.109
10458,152,514.677
10459,152,694.676
10460,152,591.477
10461,152,199.906
10593,152,34.466
10594,152,536.568
10595,152,285.658
10729,152,53.169
10730,152,20.908
10038,153,0.091
10040,153,0.085
10041,153,14.101
10172,153,56.478
10173,153,381.528
10174,153,81.759
10175,153,404.727
10176,153,436.42
10307,153,30.356
10308,153,454.702
10309,153,463.13
10310,153,567.633
10311,153,651.801
10312,153,22.261
10444,153,172.904
10445,153,683.087
10446,153,465.872
10447,153,16.077
10580,153,120.039
11927,154,289.251
11928,154,83.749
12061,154,1.082
12062,154,574.47
12063,154,296.953
12064,154,14.046
12196,154,94.684
12197,154,431.577
12198,154,492.788
12199,154,169.267
12334,154,9.719
10987,155,4.47
10988,155,165.827
10989,155,28.779
11121,155,15.391
11122,155,577.108
11123,155,680.432
11124,155,267.436
11257,155,173.506
11258,155,163.763
11259,155,13.384
10583,156,19.474
10584,156,17.561
10717,156,114.938
10718,156,578.07
10719,156,464.903
10720,156,30.668
10852,156,74.289
10853,156,668.233
10854,156,656.129
10855,156,41.192
10988,156,288.911
10989,156,202.972
10584,157,128.531
10585,157,285.767
10719,157,215.543
10720,157,658.15
10721,157,378.644
10854,157,34.142
10855,157,558.612
10856,157,58.537
10989,157,454.509
10990,157,132.0
11124,157,94.613
10184,158,55.49
10185,158,235.36
10186,158,16.475
10319,158,441.768
10320,158,653.427
10321,158,78.125
10454,158,255.014
10455,158,54.157
11529,159,80.046
11530,159,378.587
11531,159,306.627
11532,159,165.48
11533,159,110.42
11534,159,225.794
11664,159,68.995
11665,159,564.427
11666,159,681.275
11667,159,681.275
11668,159,670.598
11669,159,277.298
11800,159,164.299
11801,159,679.327
11802,159,679.721
11803,159,564.261
11804,159,15.186
11935,159,43.039
11936,159,585.493
11937,159,507.723
11938,159,149.632
12070,159,14.176
12071,159,69.014
12072,159,6.716
10870,160,54.69
10871,160,24.737
10872,160,1.628
11003,160,79.138
11004,160,462.719
11005,160,617.15
11006,160,443.221
11007,160,20.248
11138,160,40.105
11139,160,443.658
11140,160,438.655
11141,160,2.72
11274,160,105.393
11275,160,141.094
9632,161,28.012
9633,161,125.461
9634,161,412.17
9635,161,90.269
9767,161,275.141
9768,161,696.913
9769,161,674.399
9770,161,196.2
9902,161,401.599
9903,161,700.292
9904,161,403.461
9905,161,2.473
10037,161,201.988
10038,161,684.537
10039,161,72.674
10173,161,78.879
10857,162,0.342
10858,162,196.338
10859,162,20.768
10992,162,393.361
10993,162,675.856
10994,162,136.496
11126,162,54.308
11127,162,589.993
11128,162,434.42
11262,162,0.034
11263,162,28.175
11251,163,98.128
11252,163,1.618
11385,163,0.022
11386,163,580.135
11387,163,342.126
11388,163,40.144
11521,163,184.213
11522,163,266.082
11523,163,269.823
11137,164,140.348
11138,164,536.293
11139,164,243.658
11271,164,0.582
11272,164,407.789
11273,164,685.33
11274,164,561.405
11275,164,23.314
11408,164,249.911
11409,164,95.782
10041,165,7.999
10042,165,54.733
10043,165,14.419
10176,165,100.487
10177,165,592.647
10178,165,671.628
10179,165,220.721
10311,165,43.459
10312,165,339.99
10313,165,547.802
10314,165,595.93
10315,165,73.617
10449,165,4.042
11119,166,162.52
11120,166,412.168
11121,166,392.262
11122,166,41.149
11254,166,333.584
11255,166,685.859
11256,166,508.276
11257,166,19.425
11389,166,17.038
11390,166,160.079
11391,166,5.451
11249,167,53.095
11250,167,330.331
11251,167,65.948
11383,167,43.615
11384,167,606.928
11385,167,674.962
11386,167,66.209
11518,167,132.168
11519,167,673.522
11520,167,504.751
11654,167,89.728
11655,167,100.23
10462,168,31.822
10463,168,55.038
10464,168,4.956
10597,168,94.711
10598,168,677.086
10599,168,332.225
10733,168,293.636
10734,168,246.0
12060,169,187.631
12061,169,32.266
12194,169,430.858
12195,169,673.5
12196,169,554.953
12329,169,169.587
12330,169,251.011
12331,169,293.413
9783,170,13.472
9784,170,14.169
9917,170,19.601
9918,170,465.013
9919,170,445.585
9920,170,150.205
9921,170,35.858
10052,170,0.026
10053,170,309.804
10054,170,698.907
10055,170,698.907
10056,170,528.59
10057,170,5.639
10188,170,141.044
10189,170,324.0
10190,170,293.327
10191,170,242.398
10192,170,29.224
11929,171,190.382
11930,171,35.177
12063,171,0.534
12064,171,577.902
12065,171,193.367
12199,171,502.22
12200,171,158.184
12334,171,263.615
12335,171,27.342
12328,172,79.427
12329,172,384.612
12330,172,422.365
12331,172,300.537
12464,172,441.318
12465,172,640.807
12466,172,345.542
12599,172,5.541
12600,172,43.403
12601,172,75.214
11664,173,11.485
11798,173,307.476
11799,173,306.503
11800,173,122.433
11801,173,0.393
11932,173,0.031
11933,173,404.7
11934,173,677.633
11935,173,635.101
11936,173,62.363
12067,173,0.271
12068,173,535.223
12069,173,415.076
12070,173,280.785
12203,173,4.427
10320,174,38.156
10321,174,2.822
10454,174,34.698
10455,174,633.922
10456,174,515.197
10457,174,458.353
10458,174,170.674
10589,174,1.451
10590,174,302.747
10591,174,548.57
10592,174,530.431
10593,174,416.459
10594,174,28.339
10725,174,20.279
10726,174,9.931
10454,175,43.869
10587,175,126.683
10588,175,241.637
10589,175,608.439
10590,175,390.442
10722,175,181.336
10723,175,627.85
10724,175,678.74
10725,175,278.267
10858,175,202.813
10859,175,538.711
10860,175,11.229
11930,176,323.102
11931,176,71.328
12064,176,6.855
12065,176,483.184
12066,176,529.441
12067,176,14.811
12200,176,511.88
12201,176,364.503
12202,176,32.698
12335,176,27.613
12336,176,0.725
12464,177,1.655
12465,177,30.896
12597,177,0.756
12598,177,471.68
12599,177,626.452
12600,177,397.658
12733,177,262.433
12734,177,653.544
12735,177,385.176
12869,177,277.481
12870,177,530.258
12871,177,53.264
13004,177,13.025
13005,177,12.464
10865,178,32.68
10866,178,399.348
10867,178,41.39
11000,178,17.344
11001,178,529.072
11002,178,11.835
11135,178,8.442
11136,178,461.391
11137,178,140.182
10188,179,179.816
10189,179,373.51
10190,179,90.974
10323,179,84.42
10324,179,265.326
10325,179,20.961
11392,180,42.006
11393,180,98.485
11526,180,49.637
11527,180,626.022
11528,180,577.054
11529,180,298.427
11662,180,289.269
11663,180,666.591
11664,180,600.781
11665,180,116.792
11798,180,183.515
11799,180,373.22
11800,180,393.038
11934,180,0.579
11401,181,173.692
11402,181,300.823
11535,181,5.088
11536,181,575.453
11537,181,649.966
11538,181,69.542
11671,181,76.199
11672,181,80.362
11134,182,25.634
11135,182,115.79
11136,182,194.81
11137,182,3.225
11269,182,342.394
11270,182,685.859
11271,182,685.277
11272,182,238.405
11404,182,28.903
11405,182,229.772
11406,182,254.54
11407,182,91.281
11127,183,8.223
11261,183,157.908
11262,183,486.753
11263,183,445.47
11264,183,250.778
11265,183,22.574
11395,183,80.697
11396,183,631.741
11397,183,684.344
11398,183,684.344
11399,183,541.146
11400,183,2.694
11530,183,53.916
11531,183,376.189
11532,183,517.336
11533,183,572.333
11534,183,213.039
11668,183,10.741
9381,184,2.937
9515,184,233.547
9516,184,683.603
9517,184,343.264
9650,184,355.82
9651,184,703.02
9652,184,695.229
9653,184,57.726
9785,184,352.732
9786,184,701.663
9787,184,701.663
9788,184,229.471
9919,184,141.292
9920,184,485.017
9921,184,628.895
9922,184,328.324
9923,184,188.464
10056,184,53.416
10592,185,46.795
10593,185,242.365
10594,185,128.287
10726,185,27.983
10727,185,528.301
10728,185,691.789
10729,185,402.62
10730,185,55.61
10861,185,133.923
10862,185,331.472
10863,185,85.09
10864,185,0.287
10587,186,4.418
10721,186,144.935
10722,186,503.806
10723,186,63.891
10855,186,90.483
10856,186,631.847
10857,186,689.981
10858,186,291.223
10989,186,2.599
10990,186,556.905
10991,186,688.85
10992,186,295.472
10993,186,0.338
11124,186,57.718
11125,186,302.405
11126,186,240.864
11127,186,3.154
10190,187,313.158
10191,187,342.226
10192,187,24.087
10325,187,320.744
10326,187,478.332
10327,187,54.496
10612,188,47.923
10613,188,447.374
10614,188,384.468
10615,188,38.233
10747,188,123.435
10748,188,680.696
10749,188,689.975
10750,188,120.966
10882,188,74.807
10883,188,60.856
10884,188,116.407
10885,188,5.223
9790,189,85.105
9791,189,272.601
9792,189,201.596
9925,189,147.763
9926,189,675.65
9927,189,691.906
9928,189,180.528
10061,189,208.222
10062,189,618.615
10063,189,223.886
10197,189,0.245
9800,190,4.668
9801,190,116.306
9802,190,35.495
9935,190,190.994
9936,190,700.292
9937,190,560.066
9938,190,3.204
10070,190,127.108
10071,190,598.13
10072,190,628.269
10073,190,61.109
10203,191,47.664
10204,191,224.664
10205,191,1.684
10337,191,80.369
10338,191,625.544
10339,191,580.266
10340,191,104.04
10472,191,6.901
10473,191,156.609
10474,191,95.245
10071,192,34.673
10072,192,70.639
10073,192,82.902
10206,192,373.321
10207,192,697.51
10208,192,635.444
10209,192,236.698
10341,192,41.932
10342,192,265.105
10343,192,108.42
10344,192,9.91
10196,193,119.208
10197,193,489.73
10198,193,100.348
10331,193,118.874
10332,193,696.1
10333,193,427.054
10466,193,27.882
10467,193,228.816
10468,193,181.726
10194,194,27.842
10195,194,183.933
10196,194,22.405
10329,194,71.678
10330,194,597.208
10331,194,577.253
10465,194,48.298
10466,194,169.701
10467,194,2.361
10474,195,182.203
10475,195,33.329
10607,195,153.98
10608,195,503.388
10609,195,627.372
10610,195,18.504
10742,195,382.116
10743,195,368.361
10744,195,180.603
10877,195,67.584
9657,196,67.875
9659,196,1.052
9791,196,68.741
9792,196,477.875
9793,196,438.991
9794,196,643.142
9795,196,356.093
9796,196,4.494
9927,196,8.408
9928,196,519.728
9929,196,700.292
9930,196,512.865
10063,196,332.434
10064,196,400.924
10065,196,431.383
10066,196,4.112
10736,197,100.965
10737,197,97.623
10738,197,285.35
10739,197,6.184
10870,197,310.17
10871,197,664.244
10872,197,486.192
10873,197,76.685
11005,197,4.089
11006,197,3.689
11007,197,1.252
9665,198,0.905
9798,198,0.4
9799,198,219.81
9800,198,401.767
9933,198,170.25
9934,198,698.668
9935,198,509.257
10067,198,26.321
10068,198,316.773
10069,198,510.627
10070,198,235.131
10204,198,3.942
10205,198,7.388
10063,199,13.639
10064,199,297.984
10065,199,45.191
10198,199,42.249
10199,199,445.512
10200,199,93.111
9788,200,89.472
9789,200,100.853
9922,200,1.828
9923,200,495.617
9924,200,352.462
10057,200,72.477
10058,200,698.907
10059,200,504.839
10192,200,13.994
10193,200,429.484
10194,200,576.305
10195,200,11.495
10329,200,21.81
10208,201,1.76
10209,201,63.714
10210,201,219.405
10343,201,363.428
10344,201,686.233
10345,201,604.409
10346,201,203.934
10478,201,96.441
10479,201,151.305
10480,201,402.304
10481,201,249.696
10615,201,1.383
10205,202,0.045
10206,202,201.389
10339,202,115.782
10340,202,434.874
10341,202,574.509
10474,202,45.956
10475,202,91.835
10476,202,28.104
10615,203,58.034
10616,203,65.501
10749,203,1.814
10750,203,570.856
10751,203,602.382
10752,203,158.225
10885,203,148.817
10886,203,143.938
10887,203,179.556
10068,204,247.103
10069,204,188.253
10203,204,371.46
10204,204,411.005
10205,204,2.88
10341,205,74.305
10342,205,315.079
10476,205,91.0
10477,205,423.254
10610,205,2.474
10611,205,497.676
10612,205,403.777
10613,205,0.068
10609,206,24.312
10610,206,67.675
10742,206,52.084
10743,206,323.428
10744,206,511.224
10745,206,404.586
10746,206,12.549
10877,206,191.0
10878,206,671.962
10879,206,648.969
10880,206,462.597
10881,206,78.896
11013,206,51.36
11014,206,0.667
10070,207,336.693
10071,207,66.065
10204,207,57.926
10205,207,685.52
10206,207,122.81
10340,207,137.715
10341,207,4.785
10604,208,266.519
10605,208,386.846
10606,208,555.582
10607,208,108.108
10738,208,0.191
10739,208,506.975
10740,208,565.923
10741,208,584.838
10742,208,199.107
10876,208,4.767
10065,209,216.93
10066,209,337.375
10067,209,9.552
10200,209,561.577
10201,209,697.215
10202,209,318.087
10203,209,23.516
10335,209,66.085
10336,209,138.074
10337,209,0.038
9795,210,46.352
9796,210,202.204
9797,210,26.065
9930,210,187.441
9931,210,700.292
9932,210,327.065
9933,210,175.955
10065,210,5.409
10066,210,353.442
10067,210,461.761
10068,210,5.713
10872,211,16.677
11006,211,241.97
11007,211,620.22
11008,211,185.277
11140,211,248.655
11141,211,684.659
11142,211,687.361
11143,211,192.497
11274,211,10.148
11275,211,520.602
11276,211,685.611
11277,211,633.256
11278,211,102.41
11409,211,16.514
11410,211,221.357
11411,211,162.619
11412,211,0.012
10198,212,241.872
10199,212,251.999
10200,212,42.808
10202,212,153.617
10203,212,136.939
10333,212,269.066
10334,212,696.1
10335,212,484.748
10336,212,196.058
10337,212,387.56
10338,212,61.978
10468,212,38.761
10469,212,233.014
10470,212,0.573
10738,213,100.077
10739,213,141.299
10740,213,94.859
10872,213,185.761
10873,213,613.697
10874,213,690.326
10875,213,294.265
11007,213,47.198
11008,213,503.526
11009,213,672.9
11010,213,275.867
11143,213,231.557
11144,213,120.807
10342,214,115.865
10343,214,224.253
10477,214,271.418
10478,214,598.292
10479,214,543.371
10480,214,288.882
10612,214,106.558
10613,214,245.798
10614,214,308.771
10615,214,526.201
9788,215,32.667
9789,215,198.078
9790,215,84.709
9924,215,347.83
9925,215,547.263
9926,215,24.596
10059,215,194.081
10060,215,698.907
10061,215,490.731
10062,215,37.835
10194,215,77.928
10195,215,502.032
10196,215,555.844
10197,215,54.139
10340,216,19.433
10341,216,0.526
10474,216,13.584
10475,216,566.809
10476,216,575.593
10609,216,19.687
10610,216,421.668
10611,216,51.048
10336,217,137.639
10337,217,228.106
10338,217,8.577
10471,217,74.122
10472,217,687.3
10473,217,538.132
10474,217,357.674
10475,217,2.764
10606,217,0.573
10607,217,427.237
10608,217,189.851
10609,217,21.898
10335,218,0.153
10467,218,61.488
10468,218,472.745
10469,218,460.106
10470,218,139.556
10602,218,329.656
10603,218,644.992
10604,218,382.945
10738,218,112.097
10739,218,37.372
10066,219,3.964
10067,219,201.237
10068,219,129.318
10201,219,0.31
10202,219,225.842
10203,219,117.918
10740,220,29.217
10741,220,2.153
10875,220,374.411
10876,220,9.504
11010,220,29.276
10740,221,1.738
10741,221,104.733
10742,221,58.473
10875,221,21.645
10876,221,676.121
10877,221,409.777
11010,221,136.107
11011,221,521.628
11012,221,259.425
10600,222,25.129
10601,222,395.108
10602,222,321.879
10603,222,48.194
10735,222,118.285
10736,222,523.459
10737,222,594.166
10738,222,194.072
10610,223,182.855
10611,223,144.566
10612,223,135.008
10745,223,287.267
10746,223,679.192
10747,223,568.346
10881,223,122.759
10882,223,301.488
10335,224,145.113
10336,224,224.276
10469,224,1.546
10470,224,554.591
10471,224,620.597
10472,224,0.502
10604,224,43.744
10605,224,306.393
10606,224,137.094
10607,224,3.858
11293,225,270.392
11294,225,191.892
11428,225,9.38
11429,225,71.438
11293,226,3.299
11426,226,2.716
11427,226,208.739
11428,226,613.614
11429,226,393.132
11561,226,1.404
11562,226,572.097
11563,226,682.816
11564,226,623.676
11696,226,0.717
11697,226,234.274
11698,226,448.858
11699,226,469.711
11833,226,0.397
11834,226,0.015
11157,227,13.268
11158,227,37.894
11292,227,188.582
11293,227,299.725
11427,227,102.345
11428,227,61.417
11291,228,110.396
11292,228,259.927
11426,228,156.858
11427,228,373.279
11186,229,3.225
11187,229,437.145
11321,229,2.316
11322,229,357.131
11323,229,485.515
11326,229,103.593
11327,229,455.655
11457,229,12.795
11458,229,478.37
11459,229,574.572
11460,229,684.344
11461,229,683.047
11462,229,123.939
11594,229,2.888
11595,229,58.76
11596,229,31.79
11597,229,0.042
11861,230,0.352
11862,230,112.957
11863,230,0.759
11995,230,0.503
11996,230,326.985
11997,230,670.933
11998,230,398.246
11999,230,299.76
12000,230,40.932
12130,230,47.425
12131,230,673.511
12132,230,676.574
12133,230,676.574
12134,230,676.574
12135,230,480.949
12265,230,170.002
12266,230,584.21
12267,230,674.981
12268,230,673.543
12269,230,319.86
12270,230,233.385
12401,230,120.139
12402,230,544.854
12403,230,673.376
12404,230,347.371
12405,230,1.667
12537,230,4.91
12538,230,126.41
12539,230,7.344
11310,231,139.351
11311,231,360.294
11312,231,53.837
11444,231,22.722
11445,231,488.382
11446,231,684.344
11447,231,520.738
11579,231,324.053
11580,231,682.816
11581,231,581.609
11582,231,210.185
11714,231,4.02
11715,231,185.837
11716,231,33.586
11589,232,2.353
11590,232,83.168
11591,232,24.726
11724,232,61.971
11725,232,594.307
11726,232,440.818
11860,232,196.301
11861,232,333.882
11447,233,18.038
11448,233,19.016
11581,233,101.168
11582,233,470.142
11583,233,473.755
11715,233,311.927
11716,233,647.728
11717,233,681.275
11718,233,521.087
11850,233,95.592
11851,233,383.483
11852,233,581.476
11853,233,139.461
11459,234,33.746
11592,234,54.388
11593,234,124.593
11594,234,458.724
11595,234,624.056
11596,234,191.962
11728,234,429.31
11729,234,588.673
11730,234,265.845
11731,234,0.931
11863,234,108.782
11864,234,348.181
11865,234,18.354
11999,234,4.804
11726,235,178.873
11727,235,435.527
11728,235,184.041
11860,235,7.889
11861,235,345.441
11862,235,566.734
11863,235,570.231
11864,235,253.077
11995,235,50.153
11996,235,333.509
11997,235,7.251
11998,235,279.908
11999,235,272.608
11313,236,22.264
11314,236,162.084
11448,236,148.628
11449,236,652.675
11450,236,111.566
11583,236,0.616
11584,236,477.396
11585,236,141.881
11719,236,51.222
11720,236,12.466
11177,237,100.233
11178,237,385.987
11179,237,146.118
11312,237,278.383
11313,237,587.391
11314,237,431.404
11315,237,156.673
11447,237,141.717
11448,237,504.896
11449,237,31.705
11450,237,302.126
11451,237,56.66
11582,237,2.554
11583,237,1.515
11441,238,391.497
11442,238,403.008
11443,238,72.942
11575,238,61.069
11576,238,491.856
11577,238,372.414
11578,238,521.024
11579,238,97.796
11185,239,4.366
11186,239,659.225
11187,239,63.682
11321,239,208.99
11322,239,17.188
11859,240,50.175
11860,240,406.879
11861,240,0.055
11993,240,83.136
11994,240,275.553
11995,240,627.519
11996,240,17.689
12127,240,96.647
12128,240,533.118
12129,240,676.574
12130,240,629.12
12131,240,3.063
12261,240,208.4
12262,240,640.041
12263,240,674.981
12264,240,673.239
12265,240,382.565
12396,240,24.005
12397,240,281.298
12398,240,347.273
12399,240,70.211
11585,241,12.102
11586,241,183.722
11587,241,107.539
11720,241,446.016
11721,241,681.275
11722,241,322.728
11852,241,42.03
11853,241,261.815
11854,241,285.37
11855,241,679.405
11856,241,661.431
11857,241,17.772
11987,241,314.969
11988,241,678.154
11989,241,678.154
11990,241,565.121
11991,241,117.903
12122,241,8.656
12123,241,99.92
12124,241,144.947
12125,241,87.914
11172,242,111.196
11173,242,599.862
11174,242,440.567
11175,242,8.513
11307,242,173.717
11308,242,685.859
11309,242,681.952
11310,242,421.769
11442,242,109.523
11443,242,611.348
11444,242,661.571
11445,242,196.005
11578,242,53.479
11579,242,161.094
11722,243,180.316
11723,243,307.679
11724,243,54.418
11856,243,6.558
11857,243,645.744
11858,243,366.196
11859,243,20.317
11992,243,45.203
11993,243,10.189
10504,244,21.486
10639,244,66.744
10370,245,151.124
10371,245,73.902
10505,245,429.391
10506,245,304.594
10640,245,39.001
10641,245,12.979
10776,246,32.621
10777,246,383.749
10778,246,13.389
10911,246,71.213
10912,246,654.781
10913,246,216.731
11047,246,127.989
11048,246,111.81
10779,247,150.335
10913,247,5.838
10914,247,583.033
11048,247,184.758
11049,247,688.85
11050,247,236.659
11183,247,6.62
11184,247,173.978
11185,247,128.399
10371,248,242.463
10372,248,170.043
10506,248,249.519
10507,248,474.951
10508,248,352.375
10643,249,249.215
10644,249,48.281
10777,249,62.145
10778,249,614.976
10779,249,96.111
10913,249,93.025
10914,249,0.742
10640,250,287.905
10641,250,340.593
10642,250,6.444
10775,250,180.801
10776,250,623.421
10777,250,2.355
10911,250,193.532
10506,251,132.504
10507,251,178.574
10508,251,33.509
10641,251,157.011
10642,251,660.121
10643,251,84.664
10776,251,15.327
10777,251,243.55
10778,251,63.193
9694,252,15.612
9829,252,329.017
9964,252,95.224
9965,252,7.487
9559,253,238.157
9560,253,592.822
9694,253,60.563
9695,253,669.736
9696,253,100.627
9830,253,158.412
9558,254,355.715
9559,254,181.232
9693,254,491.259
9694,254,603.348
9695,254,0.188
9827,254,2.105
9828,254,500.732
9829,254,269.712
9965,255,325.225
10100,255,136.077
10101,255,4.092
9829,256,46.07
9830,256,24.06
9964,256,171.35
9965,256,131.529
10099,256,41.027
10100,256,71.094
10235,256,2.991
10235,257,346.677
10236,257,398.08
10237,257,0.27
10369,257,108.087
10370,257,494.679
10371,257,379.587
10372,257,88.344
9962,258,322.232
9963,258,128.532
9964,258,78.068
10097,258,294.175
10098,258,698.907
10099,258,384.161
10232,258,22.966
10233,258,352.208
10234,258,539.168
10235,258,52.619
10369,258,85.222
10370,258,18.516
9830,259,190.828
9965,259,139.507
9966,259,1.03
10100,260,1.765
10101,260,559.681
10102,260,267.107
10236,260,269.053
10237,260,643.951
10371,260,0.096
10372,260,437.65
10507,260,28.512
9150,261,72.27
9285,261,458.567
9286,261,152.005
9419,261,16.666
9420,261,635.143
9421,261,405.306
9554,261,2.079
9555,261,125.91
9556,261,317.742
9690,261,10.848
9691,261,359.963
9826,261,34.16
9152,262,501.564
9287,262,246.422
9422,262,225.1
9420,263,31.762
9554,263,72.32
9555,263,563.972
9689,263,125.854
9690,263,666.181
9691,263,22.524
9825,263,111.56
9826,263,4.626
8609,264,108.319
8610,264,607.635
8611,264,3.819
8744,264,230.171
8745,264,609.872
8746,264,274.898
8879,264,126.949
8880,264,7.889
8881,264,308.014
8745,265,102.221
8746,265,48.092
8879,265,253.035
8880,265,697.27
8881,265,79.7
9014,265,666.132
9015,265,697.97
9016,265,13.522
9148,265,22.642
9149,265,600.307
9150,265,374.843
9284,265,21.212
9285,265,6.302
9148,266,2.553
9149,266,94.09
9283,266,150.168
9284,266,685.872
9285,266,84.085
9418,266,279.562
9419,266,689.019
9420,266,38.762
9553,266,160.799
9554,266,629.925
9555,266,14.541
9688,266,83.118
9689,266,114.41
8476,267,202.389
8610,267,93.63
8611,267,641.369
8746,267,382.53
8881,267,2.499
9016,268,120.557
9150,268,255.162
9151,268,504.132
9152,268,34.992
9285,268,158.083
9286,268,334.124
9281,269,187.934
9416,269,279.526
9417,269,589.499
9418,269,57.635
9551,269,310.419
9552,269,565.025
9553,269,8.689
9686,269,121.333
9687,269,6.265
9418,270,217.338
9552,270,30.193
9553,270,505.069
9687,270,54.785
9688,270,362.741
9822,270,2.44
9823,270,156.503
9010,271,183.227
9144,271,93.583
9145,271,550.494
9146,271,337.759
9280,271,68.833
9281,271,5.749
9414,272,212.326
9415,272,250.276
9549,272,146.589
9550,272,333.885
10355,273,30.332
10356,273,499.539
10357,273,262.191
10358,273,1.069
10491,273,280.076
10492,273,459.981
10493,273,75.159
10224,274,7.732
10225,274,417.555
10226,274,610.785
10227,274,354.021
10360,274,146.21
10361,274,580.882
10362,274,652.005
10363,274,1.373
10496,274,19.322
10497,274,75.357
10498,274,10.292
10093,275,0.428
10227,275,193.249
10228,275,216.061
10362,275,44.107
10363,275,654.542
10364,275,437.7
10365,275,15.459
10498,275,213.488
10499,275,109.393
10494,276,10.98
10495,276,174.435
10496,276,307.143
10497,276,619.319
10498,276,75.887
10630,276,161.221
10631,276,420.069
10632,276,431.844
10633,276,167.969
10220,277,205.339
10221,277,585.97
10222,277,535.033
10223,277,107.935
10355,277,48.77
10356,277,184.651
10357,277,188.684
10220,278,278.735
10354,278,79.382
10355,278,558.555
10356,278,11.895
10489,278,472.405
10490,278,673.71
10491,278,52.711
10624,278,52.667
10625,278,256.083
10626,278,47.58
10222,279,37.175
10223,279,121.025
10224,279,0.374
10357,279,245.282
10358,279,691.745
10359,279,495.409
10360,279,3.865
10493,279,398.321
10494,279,459.763
10495,279,120.186
10627,280,9.378
10628,280,36.691
10762,280,403.879
10763,280,665.126
10764,280,270.762
10897,280,96.517
10898,280,298.359
10899,280,95.417
11033,280,0.026
10760,281,1.157
10761,281,414.138
10762,281,221.208
10896,281,224.528
10897,281,113.034
9690,282,0.036
9825,282,299.531
9826,282,446.873
9959,282,7.064
9960,282,613.755
9961,282,639.558
9962,282,63.819
10094,282,423.027
10095,282,623.655
10096,282,507.183
10097,282,155.476
10230,282,3.789
10766,283,153.529
10767,283,265.689
10901,283,147.999
10902,283,509.304
10903,283,425.561
10904,283,1.384
11037,283,6.682
11038,283,26.159
11316,284,42.61
11317,284,84.504
11318,284,15.894
11451,284,251.949
11452,284,593.235
11453,284,458.319
11454,284,25.746
11586,284,3.184
11587,284,0.076
11588,284,131.756
11589,284,340.005
11590,284,426.989
11591,284,92.037
11726,284,0.395
10623,285,138.406
10624,285,410.421
10625,285,44.744
10758,285,348.373
10759,285,116.415
10760,285,418.441
10761,285,105.426
10893,285,1.136
11183,286,13.045
11185,286,2.481
11186,286,7.409
11317,286,64.483
11318,286,467.227
11319,286,582.451
11320,286,568.201
11321,286,235.176
11453,286,225.99
11454,286,658.549
11455,286,400.461
11456,286,6.614
11589,286,65.853
11590,286,97.395
10624,287,1.048
10625,287,348.075
10626,287,428.068
10627,287,511.799
10628,287,334.976
10760,287,78.871
10761,287,149.037
10762,287,66.738
10504,288,38.339
10505,288,6.803
10639,288,223.947
10640,288,257.489
10774,288,53.91
10775,288,501.534
10776,288,9.361
10907,288,38.862
10908,288,102.956
10909,288,315.307
10910,288,632.658
10911,288,0.138
11042,288,72.601
11043,288,317.152
11044,288,431.582
11045,288,290.968
9689,289,338.465
9690,289,25.894
9824,289,332.707
9825,289,290.594
9959,289,254.51
9960,289,86.58
10094,289,0.557
10775,290,0.03
10776,290,11.01
10910,290,55.829
10911,290,425.494
10912,290,35.502
11045,290,277.565
11046,290,688.85
11047,290,389.407
11180,290,9.306
11181,290,83.917
11182,290,73.985
10493,291,51.302
10494,291,223.933
10495,291,30.133
10628,291,249.621
10629,291,693.239
10630,291,498.358
10631,291,134.482
10763,291,26.726
10764,291,114.963
10765,291,479.462
10766,291,324.327
10900,291,122.903
10901,291,168.76
10367,292,164.51
10368,292,12.522
10502,292,478.675
10503,292,530.1
10504,292,41.497
10636,292,60.311
10637,292,618.613
10638,292,693.239
10639,292,402.577
10770,292,56.646
10771,292,583.332
10772,292,691.789
10773,292,691.789
10774,292,637.918
10775,292,9.474
10906,292,180.776
10907,292,507.051
10908,292,587.37
10909,292,375.02
10910,292,1.818
9688,293,183.463
9689,293,124.285
9823,293,376.115
9824,293,368.955
9958,293,304.007
9959,293,422.434
10093,293,33.341
10094,293,0.723
10758,294,5.017
10759,294,575.375
10760,294,193.365
10761,294,23.148
10893,294,38.344
10894,294,689.191
10895,294,683.179
10896,294,78.33
11028,294,8.382
11029,294,291.822
11030,294,522.517
11031,294,0.516
11044,295,36.952
11045,295,2.981
11179,295,306.672
11180,295,511.233
11181,295,195.81
11182,295,20.739
11314,295,40.254
11315,295,529.147
11316,295,643.193
11317,295,483.234
11318,295,0.211
11450,295,21.088
11451,295,203.786
11452,295,0.062
10633,296,116.18
10634,296,6.136
10767,296,185.559
10768,296,672.869
10769,296,269.703
10903,296,203.111
10904,296,87.077
10634,297,106.203
10635,297,126.511
10769,297,411.01
10770,297,526.652
10771,297,43.625
10904,297,280.961
10905,297,460.155
10906,297,437.645
10907,297,127.216
11042,297,57.256
10764,298,306.001
10765,298,190.221
10899,298,209.471
10900,298,354.31
10094,299,20.071
10095,299,75.148
10096,299,191.725
10097,299,249.288
10229,299,4.516
10230,299,372.751
10231,299,697.51
10232,299,674.569
10233,299,100.544
10364,299,35.23
10365,299,593.093
10366,299,696.1
10367,299,512.096
10368,299,77.057
10500,299,108.248
10501,299,439.029
10502,299,36.743
11047,300,171.441
11048,300,253.699
11182,300,382.248
11183,300,520.177
11184,300,21.373
11317,300,18.677
11318,300,200.945
10903,301,11.197
10904,301,318.536
10905,301,230.171
10906,301,18.474
11038,301,89.181
11039,301,682.799
11040,301,676.938
11041,301,33.068
11173,301,27.282
11174,301,220.226
11175,301,382.73
11176,301,85.296
11321,302,239.37
11322,302,311.54
11323,302,99.655
11455,302,283.837
11456,302,677.781
11457,302,618.8
11458,302,67.681
11590,302,73.391
11591,302,565.994
11592,302,489.309
11593,302,7.32
11726,302,61.208
11727,302,245.748
11728,302,67.903
8460,303,0.283
8594,303,75.831
8595,303,257.422
8727,303,0.728
8728,303,146.155
8729,303,571.237
8730,303,273.504
8862,303,48.273
8863,303,709.145
8864,303,710.887
8865,303,192.027
8998,303,139.705
8999,303,560.494
9134,303,208.628
8321,304,139.924
8322,304,530.875
8323,304,438.336
8324,304,409.278
8325,304,454.715
8456,304,1.806
8457,304,530.077
8458,304,671.131
8459,304,607.977
8460,304,446.726
8591,304,68.14
8592,304,649.055
8593,304,713.402
8594,304,637.512
8595,304,191.846
8726,304,4.968
8727,304,334.789
8728,304,499.652
8729,304,140.973
8855,305,3.484
8856,305,377.993
8857,305,475.617
8858,305,7.397
8991,305,436.643
8992,305,709.609
8993,305,610.834
8994,305,585.143
8995,305,183.535
9126,305,278.621
9127,305,708.318
9128,305,708.318
9129,305,596.172
9130,305,51.714
9261,305,33.283
9262,305,656.037
9263,305,408.376
9264,305,45.324
9397,305,8.833
8995,306,272.118
8996,306,389.645
8997,306,18.751
9129,306,84.137
9130,306,656.667
9131,306,708.318
9132,306,608.021
9133,306,10.545
9264,306,215.262
9265,306,601.943
9266,306,656.077
9267,306,582.611
9268,306,2.776
9401,306,346.745
9402,306,56.304
9264,307,37.493
9265,307,105.071
9266,307,50.886
9397,307,8.085
9398,307,341.656
9399,307,671.123
9400,307,704.252
9401,307,152.024
9533,307,178.406
9534,307,507.922
9535,307,675.065
9536,307,22.149
9669,307,14.145
9670,307,483.488
9671,307,276.151
9805,307,153.038
9806,307,168.629
10622,308,312.11
10623,308,7.22
10754,308,134.27
10755,308,180.995
10756,308,659.735
10757,308,679.42
10758,308,254.87
10889,308,14.695
10890,308,279.049
10891,308,339.677
10892,308,223.077
10893,308,164.801
10886,309,7.609
10887,309,326.024
10888,309,5.253
11022,309,554.385
11023,309,156.066
11156,309,127.349
11157,309,653.438
11158,309,140.914
11291,309,74.232
11292,309,5.251
10212,310,139.616
10213,310,412.429
10214,310,494.471
10347,310,260.571
10348,310,504.255
10349,310,279.262
10211,311,11.849
10212,311,78.448
10346,311,162.345
10347,311,435.572
10348,311,24.171
10480,311,3.443
10481,311,431.244
10482,311,418.846
10615,311,69.39
10616,311,603.959
10617,311,61.049
10751,311,84.901
10752,311,369.558
10887,311,152.799
10888,311,130.785
8725,312,13.435
8726,312,4.452
8859,312,24.351
8860,312,441.466
8861,312,512.551
8862,312,545.432
8863,312,1.765
8994,312,42.336
8995,312,253.891
8996,312,319.964
8997,312,690.809
8998,312,177.451
9132,312,44.146
9133,312,80.842
8591,313,221.664
8725,313,19.324
8726,313,654.403
8727,313,257.523
8861,313,198.356
8862,313,117.192
10754,314,58.139
10888,314,279.602
10889,314,646.307
10890,314,294.316
11023,314,529.063
11024,314,688.85
11025,314,559.394
11158,314,12.0
11159,314,213.193
11160,314,149.944
8727,315,119.102
8728,315,66.298
9941,316,322.395
10075,316,58.792
10076,316,591.109
10077,316,571.809
10210,316,200.984
10211,316,685.649
10212,316,479.403
10213,316,147.062
10345,316,91.746
10346,316,329.78
8319,317,470.955
8320,317,527.996
8321,317,67.632
8454,317,364.245
8455,317,700.537
8456,317,535.272
8457,317,39.877
8590,317,505.27
8591,317,384.282
8592,317,23.352
8725,317,288.809
8726,317,45.804
8318,318,103.759
8319,318,81.701
8453,318,487.103
8454,318,350.447
8455,318,14.052
8588,318,546.538
8589,318,713.402
8590,318,208.163
8722,318,55.501
8723,318,665.899
8724,318,712.151
8725,318,390.559
8726,318,2.564
8857,318,102.652
8858,318,703.459
8859,318,686.479
8860,318,269.466
8993,318,98.805
8994,318,82.187
9400,319,1.431
9401,319,206.976
9402,319,248.101
9403,319,56.817
9535,319,29.311
9536,319,682.194
9537,319,704.365
9538,319,510.497
9671,319,426.835
9672,319,702.624
9673,319,621.98
9806,319,473.682
9807,319,188.839
9808,319,2.623
9940,319,20.107
9941,319,187.006
8998,320,392.416
8999,320,136.646
9132,320,56.167
9133,320,616.99
9134,320,273.377
9267,320,124.405
9268,320,695.009
9269,320,260.984
9402,320,401.321
9403,320,517.541
9538,320,193.756
8855,321,283.972
8856,321,24.263
8988,321,26.7
8989,321,321.247
8990,321,568.964
8991,321,272.961
9122,321,49.311
9123,321,649.819
9124,321,708.318
9125,321,708.318
9126,321,429.723
9257,321,5.397
9258,321,386.686
9259,321,238.651
9260,321,669.102
9261,321,673.761
9262,321,23.866
9395,321,37.802
9396,321,169.859
9397,321,8.228
9257,322,71.797
9258,322,311.725
9259,322,468.362
9260,322,37.86
9391,322,35.895
9392,322,645.087
9393,322,705.213
9394,322,321.867
9395,322,38.77
9526,322,4.03
9527,322,125.918
9528,322,113.522
9389,323,295.902
9390,323,2.298
9522,323,94.284
9523,323,358.345
9524,323,543.877
9525,323,178.614
9657,323,316.443
9658,323,703.02
9659,323,685.345
9660,323,289.761
9661,323,0.629
9792,323,20.162
9793,323,262.672
9794,323,54.379
9531,324,92.367
9532,324,78.509
9665,324,344.137
9666,324,691.514
9667,324,327.958
9800,324,282.691
9801,324,585.357
9802,324,82.892
9393,325,0.477
9394,325,383.828
9395,325,629.175
9396,325,376.25
9528,325,2.099
9529,325,231.559
9530,325,363.879
9531,325,50.555
9532,326,26.619
9533,326,273.584
9534,326,196.413
9667,326,366.808
9668,326,703.02
9669,326,635.928
9670,326,48.262
9802,326,583.146
9803,326,600.507
9804,326,308.647
9937,326,17.068
9938,326,0.237
8584,327,8.127
8585,327,172.452
8586,327,360.821
8587,327,6.167
8718,327,43.252
8719,327,525.207
8720,327,712.151
8721,327,390.686
8854,327,583.179
8855,327,368.252
8856,327,7.006
8989,327,237.43
8990,327,140.696
9249,328,36.278
9250,328,32.672
9383,328,9.763
9384,328,448.66
9385,328,374.559
9517,328,8.874
9518,328,368.528
9519,328,666.118
9520,328,97.859
9652,328,7.809
9653,328,645.246
9654,328,631.483
9655,328,56.913
9788,328,350.051
9789,328,366.908
9527,329,85.615
9528,329,555.634
9529,329,472.805
9530,329,166.324
9662,329,199.405
9663,329,703.02
9664,329,703.02
9665,329,348.732
9797,329,112.04
9798,329,701.257
9799,329,481.853
9800,329,12.576
9932,329,78.67
9933,329,341.415
9934,329,1.623
9802,330,0.098
9803,330,101.15
9804,330,79.087
9937,330,123.231
9938,330,696.835
9939,330,260.33
10073,330,554.868
10074,330,298.352
10208,330,60.295
10209,330,108.979
8846,331,73.979
8847,331,274.2
8848,331,346.11
8849,331,140.623
8980,331,14.421
8981,331,395.74
8982,331,698.194
8983,331,708.73
8984,331,191.701
9115,331,168.522
9116,331,656.2
9117,331,655.104
9118,331,525.404
9119,331,84.49
9251,331,206.282
9252,331,220.209
9389,332,96.792
9390,332,522.33
9391,332,221.544
9392,332,16.078
9524,332,106.651
9525,332,525.715
9526,332,667.174
9527,332,481.862
9528,332,33.114
9659,332,16.553
9660,332,412.725
9661,332,608.87
9662,332,300.424
9794,332,4.212
9795,332,276.503
9796,332,47.22
9396,333,54.036
9397,333,92.313
9398,333,46.966
9530,333,174.119
9531,333,561.45
9532,333,597.542
9533,333,252.44
9665,333,9.236
9666,333,11.555
9667,333,8.282
9660,334,0.57
9661,334,93.487
9662,334,203.224
9795,334,22.667
9796,334,447.78
9797,334,563.511
9932,334,294.623
9933,334,12.626
9115,335,34.995
9116,335,52.058
9250,335,346.84
9251,335,500.791
9252,335,7.74
9253,335,97.814
9254,335,50.892
9385,335,257.309
9386,335,703.016
9387,335,641.859
9388,335,688.641
9389,335,173.951
9520,335,4.745
9521,335,94.757
9522,335,187.763
9523,335,346.02
9524,335,53.906
9117,336,53.145
9118,336,182.914
9119,336,18.164
9252,336,479.076
9253,336,609.133
9254,336,82.793
9387,336,63.894
9388,336,17.121
9669,337,52.938
9670,337,171.218
9804,337,313.918
9805,337,548.676
9806,337,16.942
9939,337,323.856
9940,337,339.271
9941,337,34.452
9385,338,70.33
9386,338,2.62
9519,338,38.246
9520,338,601.76
9521,338,609.666
9522,338,422.282
9654,338,71.497
9655,338,646.165
9656,338,703.02
9657,338,318.674
9789,338,35.805
9790,338,531.782
9791,338,360.321
9792,338,2.073
9925,338,5.331
8983,339,0.879
8984,339,135.885
8986,339,55.248
8987,339,464.989
8988,339,0.06
9119,339,515.019
9120,339,416.935
9121,339,650.034
9122,339,652.079
9123,339,5.72
9254,339,573.291
9255,339,626.459
9256,339,463.466
9257,339,216.874
9258,339,6.609
9389,339,139.029
9390,339,63.333
9939,340,116.099
9940,340,340.913
9941,340,14.431
10074,340,400.553
10075,340,640.059
10076,340,107.826
10209,340,288.133
10210,340,277.121
8717,341,0.661
8718,341,233.931
8719,341,2.007
8851,341,51.734
8852,341,382.904
8853,341,710.687
8854,341,127.672
8986,341,21.281
8987,341,234.755
8988,341,682.801
8989,341,150.987
9122,341,6.959
9123,341,52.827
8576,342,35.763
8577,342,15.653
8710,342,140.454
8711,342,676.106
8712,342,627.721
8713,342,550.224
8714,342,378.579
8845,342,6.533
8846,342,253.118
8847,342,436.66
8848,342,364.776
8849,342,292.514
8444,343,31.678
8445,343,133.857
8446,343,43.787
8447,343,233.249
8448,343,141.082
8579,343,158.688
8580,343,707.58
8581,343,682.347
8582,343,713.402
8583,343,380.053
8714,343,135.877
8715,343,712.151
8716,343,712.151
8717,343,711.484
8718,343,198.036
8849,343,15.387
8850,343,613.971
8851,343,566.839
8852,343,327.989
8853,343,0.2
8985,343,3.833
7633,344,94.675
7634,344,114.899
7635,344,0.255
7766,344,45.412
7767,344,480.208
7768,344,720.311
7769,344,717.571
7770,344,208.256
7901,344,81.693
7902,344,508.848
7903,344,693.7
7904,344,719.455
7905,344,304.727
8038,344,72.627
8039,344,492.221
8040,344,561.968
8041,344,5.456
8174,344,111.947
8175,344,400.255
8310,344,38.746
7490,345,113.217
7491,345,567.78
7492,345,369.039
7493,345,17.925
7494,345,2.524
7625,345,476.247
7626,345,721.782
7627,345,721.782
7628,345,590.282
7629,345,23.922
7760,345,353.116
7761,345,691.782
7762,345,707.728
7763,345,689.973
7764,345,43.776
7895,345,2.15
7896,345,22.526
7897,345,93.162
7898,345,337.616
7899,345,2.438
7910,346,12.031
7911,346,19.237
8044,346,10.728
8045,346,569.185
8046,346,522.59
8180,346,144.179
8181,346,623.752
8182,346,522.728
8316,346,0.259
8317,346,137.802
8318,346,583.896
8319,346,150.048
8452,346,15.634
8453,346,104.033
7760,347,155.556
7761,347,28.785
7762,347,12.829
7895,347,563.855
7896,347,687.782
7897,347,622.405
7898,347,178.056
7899,347,16.806
8030,347,92.844
8031,347,67.607
8032,347,398.872
8033,347,707.867
8034,347,699.259
8035,347,38.181
8167,347,34.419
8168,347,700.922
8169,347,595.945
8170,347,2.566
8303,347,143.929
8304,347,88.111
7774,348,9.54
7775,348,57.683
7776,348,306.644
7777,348,108.405
7909,348,222.062
7910,348,707.387
7911,348,680.524
8044,348,72.775
8045,348,108.366
8046,348,144.758
7628,349,31.91
7629,349,399.336
7630,349,117.261
7631,349,57.917
7632,349,518.29
7633,349,235.004
7764,349,273.455
7765,349,600.397
7766,349,611.226
7767,349,240.417
7768,349,0.324
7901,349,16.9
7368,350,33.683
7369,350,39.099
7500,350,44.164
7501,350,246.634
7502,350,38.911
7503,350,314.537
7504,350,38.365
7633,350,7.129
7634,350,370.56
7635,350,477.737
7636,350,406.981
7637,350,599.868
7638,350,687.777
7639,350,397.91
7772,350,62.433
7773,350,75.304
7774,350,13.569
8037,351,85.914
8038,351,420.384
8039,351,225.99
8172,351,472.507
8173,351,716.977
8174,351,577.414
8175,351,100.627
8307,351,101.145
8308,351,173.937
8309,351,81.014
7635,352,236.866
7636,352,314.801
7637,352,52.892
7769,352,3.054
7770,352,512.311
7771,352,720.625
7772,352,658.249
7773,352,217.468
7905,352,414.728
7906,352,716.621
7907,352,412.815
7908,352,25.799
8040,352,61.578
8041,352,65.451
8042,352,45.612
6684,353,6.771
6685,353,209.994
6686,353,224.898
6819,353,79.459
6820,353,560.451
6821,353,709.243
6822,353,47.692
6955,353,344.776
6956,353,722.976
6957,353,86.659
7090,353,491.158
7091,353,607.455
7092,353,29.055
7225,353,11.085
7226,353,0.828
6821,354,15.923
6822,354,308.336
6956,354,4.385
6957,354,639.38
6958,354,654.649
7091,354,78.522
7092,354,697.232
7093,354,726.272
7094,354,710.131
7226,354,523.55
7227,354,691.061
7228,354,725.17
7229,354,576.356
7230,354,57.2
7361,354,32.844
7362,354,602.321
7363,354,656.868
7364,354,60.205
7497,354,80.912
7498,354,271.974
7369,355,238.172
7503,355,133.344
7504,355,663.603
7505,355,510.792
7638,355,11.369
7639,355,0.945
7638,356,22.577
7639,356,49.475
7640,356,5.472
7773,356,427.887
7774,356,697.24
7775,356,453.624
7907,356,272.162
7908,356,586.504
7909,356,335.769
8042,356,14.423
8043,356,32.802
8169,357,56.559
8170,357,52.291
8303,357,224.893
8304,357,513.334
8305,357,440.829
8306,357,264.368
8439,357,18.88
8440,357,206.211
8441,357,361.058
8442,357,2.805
6950,358,136.661
6951,358,96.045
7084,358,74.382
7085,358,648.472
7086,358,440.968
7087,358,265.697
7219,358,101.036
7220,358,672.941
7221,358,725.17
7222,358,724.969
7223,358,148.103
7355,358,393.7
7356,358,724.054
7357,358,724.054
7358,358,380.247
7359,358,25.681
7490,358,24.363
7491,358,155.145
7492,358,353.886
7493,358,704.94
7494,358,304.574
7628,358,71.0
7629,358,2.066
7090,359,0.687
7091,359,40.234
7223,359,55.629
7224,359,537.289
7225,359,680.746
7226,359,200.786
7227,359,34.054
7358,359,225.042
7359,359,698.317
7360,359,724.054
7361,359,691.279
7362,359,121.747
7494,359,415.837
7495,359,722.925
7496,359,722.925
7497,359,453.428
7629,359,219.511
7630,359,604.521
7631,359,663.805
7632,359,149.356
7766,359,57.875
7504,360,20.912
7505,360,105.241
7639,360,273.45
7640,360,716.286
7641,360,474.077
7774,360,0.316
7775,360,209.341
7776,360,413.982
7777,360,203.61
7906,361,2.764
7907,361,34.406
7908,361,107.114
7909,361,161.601
8040,361,94.752
8041,361,647.433
8042,361,658.308
8043,361,665.683
8044,361,473.132
8175,361,205.815
8176,361,717.074
8177,361,717.074
8178,361,590.336
8179,361,19.276
8310,361,368.285
8311,361,715.864
8312,361,660.734
8313,361,269.911
8445,361,218.411
8446,361,670.584
8447,361,266.63
8580,361,5.864
8581,361,31.114
7229,362,148.767
7230,362,356.592
7231,362,26.626
7364,362,80.375
7365,362,133.436
7366,362,506.921
7367,362,31.755
7368,362,28.473
7500,362,164.803
7501,362,469.273
7502,362,601.17
7503,362,262.882
7637,362,69.017
7638,362,0.063
6409,363,34.741
6410,363,124.96
6411,363,8.861
6543,363,42.922
6544,363,424.339
6545,363,668.98
6546,363,489.624
6677,363,14.592
6678,363,636.277
6679,363,729.497
6680,363,729.497
6681,363,636.035
6682,363,260.955
6683,363,14.342
6813,363,456.417
6814,363,728.436
6815,363,728.436
6816,363,664.709
6817,363,518.127
6818,363,7.295
6948,363,63.426
6949,363,174.38
6950,363,150.633
6951,363,51.175
6952,363,31.102
6135,364,134.035
6136,364,11.668
6270,364,440.779
6271,364,628.149
6272,364,285.648
6273,364,231.155
6405,364,199.199
6406,364,681.957
6407,364,731.579
6408,364,652.841
6409,364,9.621
6541,364,116.155
6542,364,671.054
6543,364,686.248
6544,364,55.846
6677,364,196.367
6678,364,50.005
6679,364,0.017
8043,365,19.85
8044,365,161.628
8045,365,40.699
8178,365,126.701
8179,365,697.861
8180,365,572.954
8181,365,93.32
8182,365,45.772
8312,365,55.079
8313,365,445.992
8314,365,715.864
8315,365,715.864
8316,365,715.607
8317,365,572.437
8318,365,28.149
8447,365,214.811
8448,365,573.498
8449,365,714.64
8450,365,714.64
8451,365,700.18
8452,365,334.868
8583,365,333.351
8584,365,705.242
8585,365,540.95
8586,365,148.445
8718,365,236.991
8719,365,184.952
6813,366,3.072
6948,366,537.417
6949,366,552.981
6950,366,439.634
7082,366,117.938
7083,366,686.526
7084,366,651.833
7085,366,77.858
7217,366,280.275
7218,366,708.608
7219,366,581.047
7351,366,27.448
7352,366,519.238
7353,366,229.004
7354,366,41.738
7363,367,67.145
7364,367,583.52
7365,367,590.552
7366,367,90.215
7497,367,188.566
7498,367,450.992
7499,367,722.925
7500,367,513.969
7501,367,7.051
7632,367,54.196
7633,367,384.963
7634,367,236.323
7635,367,6.976
7354,368,267.376
7355,368,199.721
7489,368,615.545
7490,368,585.315
7623,368,29.566
7624,368,657.049
7625,368,245.547
7758,368,65.414
7759,368,685.315
7760,368,211.961
7893,368,2.09
7894,368,136.729
7895,368,144.562
7230,369,311.42
7231,369,591.692
7366,369,126.961
7367,369,692.259
7368,369,661.836
7369,369,336.66
7502,369,82.831
7503,369,12.157
6816,370,63.665
6817,370,165.767
6818,370,255.55
6819,370,289.771
6820,370,167.925
6950,370,0.375
6951,370,580.152
6952,370,696.338
6953,370,723.08
6954,370,722.297
6955,370,382.584
7086,370,285.356
7087,370,460.573
7088,370,726.267
7089,370,726.272
7090,370,234.41
7222,370,0.203
7223,370,521.366
7224,370,187.881
7225,370,33.418
7358,370,118.837
7900,371,118.224
7901,371,490.258
7902,371,210.607
7903,371,25.714
8034,371,0.643
8035,371,638.782
8036,371,718.271
8037,371,632.287
8038,371,225.3
8169,371,64.51
8170,371,662.163
8171,371,717.074
8172,371,244.572
8305,371,275.092
8306,371,451.463
8307,371,505.79
8308,371,11.669
8441,371,131.925
8442,371,386.674
8576,371,8.421
8577,371,61.711
7628,372,28.64
7629,372,76.934
7763,372,30.625
7764,372,403.454
7765,372,120.228
7766,372,6.104
7898,372,203.799
7899,372,700.135
7900,372,601.171
7901,372,130.674
8033,372,0.849
8034,372,18.447
8035,372,41.366
8173,373,0.034
8174,373,27.718
8175,373,10.342
8303,373,18.294
8304,373,114.433
8307,373,108.937
8308,373,530.32
8309,373,634.906
8310,373,308.892
8438,373,169.028
8439,373,695.805
8440,373,508.429
8441,373,221.645
8442,373,325.158
8443,373,714.64
8444,373,682.905
8445,373,362.34
8446,373,0.209
8573,373,15.39
8574,373,397.865
8575,373,684.059
8576,373,669.204
8577,373,636.054
8578,373,713.402
8579,373,554.737
8710,373,152.633
8711,373,36.106
8712,373,84.475
8713,373,161.927
8714,373,184.497
6675,374,18.744
6676,374,242.24
6677,374,403.42
6678,374,43.243
6810,374,358.37
6811,374,728.436
6812,374,728.436
6813,374,268.913
6944,374,15.878
6945,374,313.826
6946,374,674.767
6947,374,727.361
6948,374,126.546
7081,374,119.865
7082,374,415.509
7083,374,39.786
8297,375,14.389
8298,375,296.103
8299,375,28.404
8431,375,0.294
8432,375,445.057
8433,375,571.677
8566,375,154.773
8567,375,660.162
8568,375,567.991
8569,375,112.358
8701,375,45.11
8702,375,562.139
8703,375,85.487
6539,376,341.748
6540,376,135.707
6674,376,549.645
6675,376,615.927
6676,376,219.18
6809,376,471.918
6810,376,370.053
6944,376,49.389
6945,376,40.226
7351,377,11.567
7352,377,119.056
7486,377,230.287
7487,377,689.307
7488,377,40.434
7620,377,229.919
7621,377,565.463
7622,377,484.114
7755,377,369.346
7756,377,720.625
7757,377,211.97
7890,377,90.708
7891,377,317.41
7892,377,6.46
7755,378,18.64
7889,378,183.08
7890,378,520.554
8024,378,544.399
8025,378,543.079
8159,378,339.731
8160,378,148.062
8295,379,24.147
8296,379,243.31
8297,379,39.79
8298,379,21.276
8299,379,394.431
8300,379,282.755
8430,379,126.208
8431,379,189.31
8432,379,4.002
8433,379,142.982
8434,379,714.64
8435,379,403.689
8568,379,2.995
8569,379,230.478
8570,379,32.994
8574,380,83.413
8575,380,29.283
8708,380,297.995
8709,380,695.952
8710,380,419.084
8843,380,130.761
8844,380,646.969
8845,380,704.393
8846,380,383.79
8847,380,0.024
8978,380,272.645
8979,380,709.609
8980,380,695.141
8981,380,313.869
8982,380,11.417
9113,380,53.05
9114,380,298.921
9115,380,104.394
7211,381,172.843
7212,381,210.006
7213,381,227.725
7214,381,310.657
7215,381,9.393
7346,381,301.633
7347,381,669.187
7348,381,695.424
7349,381,641.178
7350,381,28.396
7481,381,40.474
7482,381,410.137
7483,381,722.925
7484,381,722.925
7485,381,614.99
7486,381,426.559
7617,381,1.908
7618,381,141.431
7619,381,275.457
7620,381,411.095
7621,381,156.38
8292,382,14.964
8293,382,323.281
8294,382,348.723
8295,382,10.699
8427,382,41.723
8428,382,658.91
8429,382,714.64
8430,382,294.565
8563,382,161.081
8564,382,713.402
8565,382,459.036
8698,382,13.057
8699,382,307.891
8700,382,133.22
8435,383,60.539
8436,383,0.125
8568,383,142.415
8569,383,370.566
8570,383,651.797
8571,383,458.642
8703,383,571.53
8704,383,712.151
8705,383,712.151
8706,383,637.352
8838,383,581.6
8839,383,677.952
8840,383,469.659
8841,383,139.867
8973,383,181.755
8974,383,229.71
9108,384,13.445
9109,384,535.934
9110,384,222.776
9243,384,183.369
9244,384,655.052
9245,384,38.83
9378,384,107.902
9379,384,373.653
7758,385,1.237
7759,385,35.204
7892,385,117.691
7893,385,546.279
7894,385,582.79
7895,385,8.92
7896,385,9.152
7897,385,3.933
8027,385,179.738
8028,385,554.304
8029,385,541.424
8030,385,590.388
8031,385,650.719
8032,385,304.901
8163,385,32.371
8165,385,287.442
8166,385,286.631
8167,385,18.947
8302,386,297.144
8303,386,283.665
8436,386,228.928
8437,386,669.3
8438,386,545.617
8571,386,241.93
8572,386,713.402
8573,386,698.045
8574,386,232.065
8706,386,74.794
8707,386,712.151
8708,386,414.13
8709,386,16.07
8841,386,12.972
8842,386,387.975
8843,386,22.053
7890,387,42.047
7891,387,401.482
7892,387,133.843
8025,387,135.211
8026,387,718.264
8027,387,538.578
8028,387,31.264
8160,387,2.672
8161,387,597.9
8162,387,301.53
8163,387,1.741
8296,387,0.017
7751,388,24.122
7752,388,96.985
7753,388,84.18
7886,388,447.255
7887,388,719.455
7888,388,485.134
7889,388,42.589
8021,388,145.59
8022,388,572.602
8023,388,481.434
8024,388,161.368
8709,389,0.15
8840,389,149.655
8841,389,558.072
8842,389,322.912
8843,389,558.06
8844,389,63.956
8975,389,106.459
8976,389,632.977
8977,389,704.046
8978,389,436.954
9111,389,4.723
9112,389,223.888
9113,389,248.447
8834,390,11.494
8835,390,260.649
8836,390,241.698
8969,390,410.661
8970,390,563.791
8971,390,698.367
8972,390,205.286
8973,390,2.316
9103,390,0.012
9104,390,218.056
9105,390,42.379
9106,390,311.245
9107,390,663.463
9108,390,106.147
9242,390,37.924
9629,391,1.615
9630,391,176.401
9631,391,294.422
9632,391,7.744
9764,391,354.346
9765,391,666.334
9766,391,701.663
9767,391,333.846
9899,391,266.972
9900,391,687.028
9901,391,650.28
9902,391,280.986
10034,391,48.331
10035,391,123.152
10036,391,143.298
8021,392,30.107
8022,392,27.913
8152,392,80.422
8153,392,148.452
8154,392,207.745
8155,392,82.131
8156,392,654.5
8157,392,278.522
8287,392,34.433
8288,392,520.856
8289,392,715.864
8290,392,712.583
8291,392,715.864
8292,392,449.143
8423,392,22.654
8424,392,549.153
8425,392,714.64
8426,392,714.64
8427,392,672.942
8428,392,55.67
8559,392,132.583
8560,392,563.369
8561,392,377.197
8562,392,480.258
8563,392,297.279
8697,392,10.399
8001,393,0.675
8133,393,13.065
8134,393,157.077
8135,393,611.368
8136,393,420.933
8137,393,0.165
8267,393,248.116
8268,393,695.172
8269,393,714.361
8270,393,445.877
8271,393,44.23
8402,393,270.817
8403,393,523.456
8404,393,608.819
8405,393,620.724
8406,393,52.535
8540,393,1.574
8009,394,4.625
8010,394,5.964
8144,394,340.708
8145,394,680.881
8146,394,601.311
8147,394,190.01
8277,394,43.634
8278,394,364.738
8279,394,465.313
8280,394,715.864
8281,394,715.864
8282,394,715.496
8283,394,238.331
8413,394,149.863
8414,394,576.167
8415,394,714.64
8416,394,714.64
8417,394,663.688
8418,394,140.845
8549,394,383.975
8550,394,588.853
8551,394,598.49
8552,394,405.337
8687,394,34.225
10579,395,156.255
10580,395,192.067
10712,395,40.245
10713,395,340.01
10714,395,492.086
10715,395,484.237
10716,395,1.711
10847,395,245.558
10848,395,673.175
10849,395,690.326
10850,395,492.471
10851,395,0.886
10983,395,184.993
10984,395,380.918
10985,395,87.844
8953,396,41.96
8954,396,57.371
9088,396,465.339
9089,396,590.425
9090,396,0.146
9223,396,276.841
9224,396,414.298
9358,396,480.737
9359,396,405.147
9360,396,9.887
9493,396,24.899
9494,396,0.309
7869,397,110.645
7870,397,28.118
8003,397,27.718
8004,397,671.072
8005,397,604.575
8006,397,45.898
8138,397,308.628
8139,397,556.786
8140,397,579.057
8141,397,292.616
9500,398,1.451
9501,398,9.369
9635,398,92.888
9636,398,553.679
9637,398,40.908
9638,398,8.159
9639,398,0.286
9770,398,276.592
9771,398,627.773
9772,398,629.331
9773,398,651.427
9774,398,6.683
9905,398,2.029
9906,398,221.479
9907,398,700.292
9908,398,696.941
9909,398,366.66
10041,398,97.264
10042,398,644.103
10043,398,684.419
10044,398,640.703
10045,398,284.067
10176,398,139.513
10177,398,104.934
10178,398,25.952
10179,398,472.711
10180,398,612.919
10181,398,40.405
10315,398,44.266
8147,399,16.145
8148,399,281.495
8149,399,410.578
8150,399,123.244
8282,399,0.391
8283,399,477.481
8284,399,715.864
8285,399,715.838
8286,399,335.863
8417,399,50.895
8418,399,573.846
8419,399,714.64
8420,399,714.64
8421,399,664.777
8422,399,21.157
8552,399,307.959
8553,399,713.402
8554,399,713.402
8555,399,713.402
8556,399,602.943
8687,399,49.605
8688,399,307.093
8689,399,709.153
8690,399,712.151
8691,399,539.363
8823,399,47.444
8824,399,97.975
8825,399,199.052
8826,399,281.321
9096,400,310.284
9097,400,365.685
9098,400,34.85
9231,400,311.425
9232,400,707.013
9233,400,537.94
9234,400,30.763
9365,400,0.244
9366,400,326.169
9367,400,705.696
9368,400,641.232
9369,400,46.943
9500,400,34.921
9501,400,640.269
9502,400,704.365
9503,400,536.573
9636,400,64.041
9637,400,662.093
9638,400,544.505
9772,400,72.351
9773,400,25.579
10037,401,25.333
10038,401,5.677
10172,401,59.385
10173,401,42.325
10307,401,10.649
10308,401,164.279
10309,401,65.887
10442,401,162.479
10443,401,682.512
10444,401,521.814
10445,401,0.477
10578,401,212.26
10579,401,531.052
10580,401,5.682
10713,401,1.035
10714,401,195.774
8544,402,134.044
8545,402,28.79
8546,402,97.388
8678,402,51.682
8679,402,630.042
8680,402,655.28
8681,402,641.268
8682,402,353.358
8683,402,1.433
8813,402,125.35
8814,402,639.662
8815,402,607.738
8816,402,567.311
8817,402,436.699
8948,402,438.979
8949,402,709.609
8950,402,274.59
8951,402,0.462
8952,402,2.402
9083,402,204.467
9084,402,285.812
9085,402,125.913
8402,403,128.518
8403,403,191.183
8404,403,105.82
8405,403,21.526
8537,403,153.593
8538,403,692.232
8539,403,713.402
8540,403,702.491
8541,403,375.414
8673,403,411.761
8674,403,712.151
8675,403,712.151
8676,403,590.986
8677,403,42.621
8808,403,138.852
8809,403,615.264
8810,403,693.513
8811,403,306.818
8812,403,14.633
8944,403,319.406
8945,403,509.428
9080,403,4.631
8698,404,76.838
8699,404,342.146
8700,404,335.467
8701,404,19.397
8831,404,11.167
8832,404,112.523
8833,404,605.403
8834,404,699.35
8835,404,450.238
8836,404,144.117
8966,404,216.529
8967,404,709.609
8968,404,709.609
8969,404,279.644
9101,404,207.525
9102,404,473.179
9103,404,313.274
9104,404,39.913
8138,405,28.333
8139,405,160.288
8140,405,138.017
8141,405,139.647
8142,405,11.825
8273,405,60.104
8274,405,695.304
8275,405,715.864
8276,405,715.864
8277,405,539.048
8278,405,55.29
8408,405,14.195
8409,405,595.722
8410,405,714.64
8411,405,688.272
8412,405,331.101
8413,405,92.637
8543,405,49.419
8544,405,465.792
8545,405,684.563
8546,405,513.407
8547,405,3.363
8680,405,56.92
9492,406,125.827
9493,406,329.352
9626,406,31.798
9627,406,644.883
9628,406,593.782
9629,406,302.012
9630,406,12.95
9761,406,67.044
9762,406,428.022
9763,406,701.663
9764,406,347.287
9765,406,35.364
9896,406,49.878
9897,406,459.671
9898,406,700.292
9899,406,432.62
10031,406,6.29
10032,406,486.236
10033,406,557.979
10034,406,67.579
10440,407,68.091
10441,407,389.826
10442,407,285.926
10443,407,10.466
10575,407,441.532
10576,407,693.239
10577,407,693.239
10578,407,480.998
10579,407,5.874
10710,407,133.216
10711,407,438.811
10712,407,567.289
10713,407,350.758
10714,407,3.98
8411,408,26.348
8412,408,383.538
8413,408,472.19
8414,408,138.416
8546,408,102.569
8547,408,710.039
8548,408,670.72
8549,408,68.472
8681,408,70.939
8682,408,351.303
8683,408,346.88
8548,409,42.642
8549,409,261.011
8550,409,124.55
8551,409,114.912
8552,409,0.106
8683,409,230.503
8684,409,705.056
8685,409,712.151
8686,409,712.151
8687,409,628.38
8688,409,404.998
8819,409,93.971
8820,409,477.471
8821,409,530.928
8822,409,695.294
8823,409,642.272
8824,409,60.877
8957,409,44.483
8958,409,204.211
8541,410,10.264
8542,410,33.468
8676,410,120.946
8677,410,654.4
8678,410,445.413
8679,410,15.373
8811,410,399.918
8812,410,696.309
8813,410,585.478
8814,410,71.291
8946,410,323.778
8947,410,433.417
8948,410,118.125
8828,411,34.184
8829,411,19.155
8961,411,4.665
8962,411,58.826
8963,411,628.283
8964,411,418.328
8965,411,72.832
8966,411,20.754
9096,411,5.994
9097,411,330.531
9098,411,673.413
9099,411,708.318
9100,411,635.304
9101,411,422.994
9233,411,169.129
9234,411,584.627
9235,411,298.051
9236,411,8.515
8672,412,159.823
8673,412,85.253
8807,412,577.95
8808,412,572.089
8809,412,95.564
8941,412,57.311
8942,412,620.21
8943,412,709.609
8944,412,366.34
9077,412,12.753
9078,412,152.868
9079,412,33.564
9100,413,52.508
9101,413,32.022
9234,413,91.574
9235,413,409.015
9236,413,526.114
9237,413,0.944
9368,413,56.189
9369,413,612.261
9370,413,705.696
9371,413,705.696
9372,413,516.069
9373,413,61.728
9504,413,150.004
9505,413,210.145
9506,413,396.327
9507,413,500.004
9508,413,26.843
9642,413,1.341
8002,414,0.012
8003,414,0.361
8136,414,270.336
8137,414,696.924
8138,414,364.926
8270,414,269.929
8271,414,671.691
8272,414,715.864
8273,414,655.798
8274,414,20.552
8405,414,72.377
8406,414,662.104
8407,414,714.64
8408,414,700.445
8409,414,118.915
8540,414,9.407
8541,414,327.66
8542,414,679.878
8543,414,663.983
8544,414,113.517
8676,414,0.284
8677,414,15.131
8678,414,215.056
8679,414,66.728
8559,415,17.923
8560,415,150.033
8561,415,336.205
8562,415,233.091
8563,415,255.086
8694,415,226.598
8695,415,693.195
8696,415,712.151
8697,415,701.806
8698,415,622.212
8699,415,62.114
8829,415,155.482
8830,415,495.757
8831,415,699.658
8832,415,598.363
8833,415,105.543
8964,415,291.336
8965,415,636.707
8966,415,472.314
9100,415,20.524
9101,415,25.936
9349,416,178.165
9350,416,103.383
9351,416,0.201
9484,416,532.45
9485,416,704.365
9486,416,458.293
9487,416,258.735
9619,416,490.55
9620,416,549.978
9621,416,672.225
9622,416,426.149
9756,416,224.227
9757,416,601.028
9758,416,52.937
9891,416,39.379
9892,416,259.662
10573,417,22.504
10574,417,176.426
10575,417,191.934
10707,417,0.973
10708,417,359.957
10709,417,667.418
10710,417,558.63
10711,417,252.978
10712,417,84.2
10844,417,98.235
10845,417,440.094
10846,417,687.405
10847,417,444.823
10848,417,17.107
10981,417,153.862
10982,417,569.055
10983,417,260.791
8689,418,2.929
8691,418,3.207
8823,418,21.197
8824,418,552.104
8825,418,511.834
8826,418,421.335
8827,418,309.565
8958,418,145.865
8959,418,562.625
8960,418,709.609
8961,418,704.925
8962,418,636.848
8963,418,3.268
9094,418,88.593
9095,418,233.768
9096,418,215.754
9097,418,12.169
9618,419,146.437
9619,419,186.327
9620,419,153.042
9621,419,30.745
9753,419,263.439
9754,419,701.663
9755,419,701.663
9756,419,477.447
9888,419,108.293
9889,419,500.703
9890,419,459.048
9891,419,167.792
10023,419,39.931
10024,419,36.444
10025,419,314.769
10026,419,3.057
9368,420,8.263
9369,420,46.486
9503,420,167.748
9504,420,554.415
9505,420,491.692
9506,420,128.551
9638,420,150.341
9639,420,702.385
9640,420,703.02
9641,420,555.593
9642,420,5.409
9773,420,24.713
9774,420,693.594
9775,420,691.001
9776,420,201.565
9908,420,3.365
9909,420,333.585
9910,420,694.579
9911,420,268.489
9912,420,0.778
10044,420,58.251
10045,420,359.461
10046,420,255.674
10047,420,0.139
10180,420,0.03
8819,421,8.858
8820,421,19.335
8821,421,84.984
8822,421,15.518
8953,421,11.178
8954,421,545.687
8955,421,624.268
8956,421,586.008
8957,421,665.201
8958,421,359.566
8959,421,146.931
9089,421,117.901
9090,421,708.172
9091,421,694.001
9092,421,708.318
9093,421,708.318
9094,421,398.592
9224,421,145.352
9225,421,350.643
9226,421,166.688
9227,421,563.543
9228,421,605.104
9229,421,104.211
9362,421,57.098
9363,421,82.014
9220,422,153.832
9221,422,367.73
9222,422,367.002
9223,422,9.186
9354,422,18.314
9355,422,645.924
9356,422,705.696
9357,422,705.696
9358,422,189.483
9489,422,321.658
9490,422,704.365
9491,422,702.415
9492,422,578.535
9493,422,140.877
9624,422,179.367
9625,422,228.444
9626,422,147.83
9627,422,0.474
8944,423,23.864
8945,423,36.907
9077,423,91.998
9078,423,475.404
9079,423,674.813
9080,423,336.387
9212,423,39.203
9213,423,406.235
9214,423,700.386
9215,423,266.81
9216,423,98.748
9349,423,401.799
9350,423,602.162
9351,423,608.845
9352,423,57.651
9486,423,36.194
9644,424,43.558
9645,424,3.205
9779,424,479.533
9780,424,584.916
9781,424,336.74
9782,424,155.668
9783,424,45.572
9913,424,58.613
9914,424,652.128
9915,424,700.292
9916,424,700.292
9917,424,602.505
9918,424,234.866
10048,424,1.469
10049,424,443.007
10050,424,659.049
10051,424,442.526
10052,424,47.946
10184,424,38.096
10185,424,67.578
10186,424,0.084
9094,425,221.182
9095,425,474.55
9096,425,176.258
9228,425,101.851
9229,425,602.806
9230,425,707.013
9231,425,395.585
9362,425,229.432
9363,425,623.74
9364,425,705.696
9365,425,705.445
9366,425,379.577
9496,425,12.22
9497,425,410.945
9498,425,704.365
9499,425,704.365
9500,425,667.976
9501,425,54.677
9631,425,58.486
9632,425,662.398
9633,425,577.493
9634,425,290.851
9635,425,519.814
9636,425,85.286
9767,425,92.651
9768,425,4.815
9770,425,31.508
9771,425,66.72
9505,426,2.528
9506,426,179.451
9507,426,182.403
9508,426,104.334
9509,426,5.467
9639,426,0.321
9641,426,147.399
9642,426,696.333
9643,426,701.656
9644,426,507.078
9645,426,3.179
9774,426,1.413
9775,426,10.661
9776,426,500.126
9777,426,701.663
9778,426,701.663
9779,426,222.154
9910,426,5.713
9911,426,431.778
9912,426,699.508
9913,426,641.666
9914,426,48.197
10046,426,244.324
10047,426,553.489
10048,426,182.218
10181,426,4.738
10182,426,32.795
10183,426,12.905
8682,427,7.459
8683,427,133.376
8684,427,7.051
8815,427,103.09
8816,427,143.558
8817,427,274.149
8818,427,710.887
8819,427,608.045
8820,427,214.036
8821,427,94.916
8950,427,431.226
8951,427,702.256
8952,427,706.971
8953,427,656.413
8954,427,106.553
8955,427,85.386
8956,427,123.659
9085,427,3.893
9086,427,89.871
9087,427,520.147
9088,427,242.976
9222,427,146.148
9223,427,420.99
9358,427,35.476
8152,428,10.694
8286,428,227.916
8287,428,598.048
8288,428,194.969
8421,428,49.904
8422,428,693.482
8423,428,692.025
8424,428,165.434
8556,428,110.409
8557,428,713.402
8558,428,713.402
8559,428,562.906
8691,428,169.587
8692,428,712.151
8693,428,712.151
8694,428,485.581
8695,428,18.901
8826,428,8.283
8827,428,401.322
8828,428,676.644
8829,428,536.207
8830,428,215.185
8962,428,13.868
8963,428,78.116
8969,429,19.279
8970,429,145.764
9104,429,174.631
9105,429,665.992
9106,429,397.073
9107,429,41.9
9239,429,230.214
9240,429,674.686
9241,429,441.738
9242,429,154.884
9374,429,420.382
9375,429,696.622
9376,429,77.667
9508,429,154.02
9509,429,668.578
9510,429,448.037
9643,429,1.385
9644,429,103.54
9645,429,164.279
8950,430,3.795
8951,430,6.862
8952,430,0.296
9083,430,0.376
9084,430,319.256
9085,430,578.57
9086,430,618.495
9087,430,188.121
9219,430,467.784
9220,430,553.132
9221,430,339.284
9222,430,193.923
9354,430,149.989
9355,430,42.236
10166,431,105.192
10167,431,141.024
10300,431,217.359
10301,431,694.882
10302,431,679.815
10303,431,224.181
10435,431,294.695
10436,431,694.664
10437,431,694.676
10438,431,557.047
10439,431,95.444
10440,431,1.515
10570,431,0.015
10571,431,196.181
10572,431,657.102
10573,431,670.668
10574,431,510.708
10575,431,36.495
10707,431,75.127
10708,431,55.329
10709,431,13.603
9899,432,0.692
9900,432,13.198
9901,432,49.957
9902,432,17.728
10033,432,68.967
10034,432,580.057
10035,432,575.82
10036,432,555.665
10037,432,471.574
10167,432,39.978
10168,432,84.05
10169,432,658.127
10170,432,697.51
10171,432,697.51
10172,432,581.648
10173,432,6.614
10302,432,16.342
10303,432,420.9
10304,432,696.1
10305,432,696.1
10306,432,696.1
10307,432,655.14
10308,432,61.54
10438,432,137.683
10439,432,599.18
10440,432,625.01
10441,432,304.85
10442,432,246.271
10443,432,1.671
10574,432,6.121
10575,432,23.281
9376,433,92.105
9377,433,92.114
9378,433,47.144
9510,433,250.788
9511,433,674.788
9512,433,455.325
9513,433,117.885
9644,433,48.846
9645,433,532.386
9646,433,703.02
9647,433,340.193
9648,433,6.789
9780,433,116.777
9781,433,364.922
9782,433,545.995
9783,433,386.48
9784,433,0.176
9769,434,27.203
9770,434,197.383
9771,434,7.18
9904,434,296.834
9905,434,695.84
9906,434,478.836
10039,434,520.473
10040,434,698.822
10041,434,579.498
10174,434,0.814
10175,434,199.076
10176,434,21.117
8810,435,17.34
8811,435,4.105
8945,435,163.24
8946,435,385.876
8947,435,276.192
8948,435,152.492
9080,435,367.328
9081,435,708.318
9082,435,708.318
9083,435,503.547
9084,435,103.191
9215,435,440.212
9216,435,608.207
9217,435,684.569
9218,435,530.075
9219,435,172.309
9350,435,0.183
9351,435,45.461
9352,435,230.588
9101,436,19.842
9102,436,235.139
9103,436,395.032
9104,436,275.752
9236,436,172.453
9237,436,706.056
9238,436,707.013
9239,436,476.773
9372,436,189.633
9373,436,643.968
9374,436,285.319
9507,436,21.902
9508,436,419.146
9509,436,30.314
9091,437,14.247
9224,437,147.369
9225,437,356.37
9226,437,540.395
9227,437,143.413
9359,437,300.587
9360,437,695.809
9361,437,705.696
9362,437,419.166
9493,437,209.239
9494,437,704.059
9495,437,704.365
9496,437,692.14
9497,437,293.471
9628,437,109.29
9629,437,399.365
9630,437,513.633
9631,437,350.116
9632,437,4.839
8392,438,52.636
8393,438,306.025
8394,438,3.781
8526,438,27.851
8527,438,483.293
8528,438,666.938
8529,438,10.707
8661,438,3.978
8662,438,275.074
8663,438,650.173
8664,438,130.193
8797,438,211.929
8798,438,710.887
8799,438,492.252
8932,438,413.065
8933,438,640.144
8934,438,622.739
8935,438,413.076
9066,438,1.01
9067,438,612.524
9068,438,209.575
9069,438,21.913
9201,438,0.349
9202,438,181.446
9203,438,100.492
7848,439,21.03
7849,439,635.803
7850,439,592.204
7982,439,58.04
7983,439,604.293
7984,439,718.271
7985,439,467.673
8117,439,51.78
8118,439,703.575
8119,439,717.074
8120,439,447.485
8252,439,126.091
8253,439,441.527
8254,439,715.864
8255,439,472.617
8388,439,31.778
8389,439,324.352
8390,439,66.737
8394,440,4.493
8528,440,46.464
8529,440,535.317
8530,440,399.312
8531,440,199.891
8663,440,12.089
8664,440,471.946
8665,440,615.954
8666,440,620.855
8667,440,44.246
8800,440,5.127
8801,440,154.165
8802,440,64.552
9336,441,47.158
9337,441,0.234
9469,441,112.768
9470,441,432.748
9471,441,621.665
9472,441,408.484
9473,441,160.832
9474,441,467.977
9475,441,164.968
9476,441,59.54
9604,441,198.794
9605,441,701.69
9606,441,703.02
9607,441,697.215
9608,441,688.538
9609,441,703.02
9610,441,689.338
9611,441,282.003
9739,441,169.344
9740,441,701.663
9741,441,698.667
9742,441,701.663
9743,441,627.068
9744,441,290.943
9745,441,67.958
9874,441,16.527
9875,441,118.598
9876,441,79.97
9877,441,138.017
9878,441,13.244
8124,442,46.357
8125,442,386.053
8126,442,360.746
8127,442,351.999
8128,442,101.184
8259,442,97.012
8260,442,626.723
8261,442,705.599
8262,442,619.176
8263,442,129.369
8394,442,193.045
8395,442,644.954
8396,442,345.276
8397,442,38.007
8529,442,62.087
8530,442,209.447
8531,442,11.897
7850,443,4.349
7985,443,250.559
7986,443,718.271
7987,443,609.765
8120,443,269.598
8121,443,717.074
8122,443,717.074
8255,443,36.936
8256,443,688.692
8257,443,715.864
8258,443,375.119
8391,443,280.375
8392,443,635.304
8393,443,133.13
8527,443,0.376
7588,444,1.24
7589,444,100.526
7723,444,356.124
7724,444,678.274
7725,444,99.223
7858,444,149.522
7859,444,356.024
7860,444,25.392
8669,445,54.727
8670,445,239.619
8671,445,91.413
8804,445,115.524
8805,445,710.887
8806,445,692.899
8807,445,132.284
8939,445,0.073
8940,445,602.8
8941,445,602.742
8942,445,35.535
9075,445,283.676
9076,445,80.007
8933,446,10.312
8934,446,81.965
8935,446,160.594
8936,446,73.692
9068,446,0.04
9069,446,501.589
9070,446,655.126
9071,446,207.333
9204,446,124.408
9205,446,287.655
8248,447,54.028
8249,447,244.096
8250,447,0.086
8383,447,45.969
8384,447,657.903
8385,447,435.09
8386,447,198.134
8518,447,298.263
8519,447,713.402
8520,447,713.402
8521,447,455.289
8653,447,75.128
8654,447,325.073
8655,447,630.171
8656,447,438.478
8790,447,160.41
8791,447,472.363
7844,448,9.907
7845,448,287.473
7846,448,96.693
7847,448,290.259
7848,448,388.647
7849,448,10.038
7979,448,350.116
7980,448,718.271
7981,448,685.631
7982,448,660.225
7983,448,114.026
8114,448,362.385
8115,448,642.426
8116,448,716.312
8117,448,658.082
8118,448,13.5
8249,448,20.907
8250,448,12.398
8251,448,69.706
8252,448,39.611
8788,449,133.215
8789,449,0.864
8919,449,87.518
8920,449,494.349
8921,449,709.575
8922,449,709.609
8923,449,709.609
8924,449,567.093
8925,449,170.866
8927,449,0.044
8928,449,0.165
8931,449,9.317
9053,449,1.3
9054,449,551.854
9055,449,708.318
9056,449,708.318
9057,449,708.318
9058,449,708.318
9059,449,708.318
9060,449,568.814
9061,449,502.928
9062,449,434.762
9063,449,562.706
9064,449,572.516
9065,449,638.508
9066,449,137.148
9187,449,103.929
9188,449,299.653
9189,449,707.013
9190,449,707.013
9191,449,707.013
9192,449,707.013
9193,449,707.013
9194,449,707.013
9195,449,707.013
9196,449,707.013
9197,449,707.013
9198,449,699.158
9199,449,707.013
9200,449,328.126
9322,449,503.29
9323,449,445.318
9324,449,661.503
9325,449,705.696
9326,449,705.696
9327,449,705.696
9328,449,705.696
9329,449,705.696
9330,449,705.696
9331,449,705.696
9332,449,705.696
9333,449,511.555
9334,449,134.861
9335,449,1.56
9457,449,95.805
9458,449,270.68
9459,449,473.793
9460,449,704.365
9461,449,704.365
9462,449,704.365
9463,449,704.365
9464,449,704.365
9465,449,704.365
9466,449,704.365
9467,449,704.365
9468,449,692.512
9469,449,411.39
9594,449,191.834
9595,449,374.558
9596,449,380.58
9597,449,424.267
9598,449,186.281
9599,449,194.429
9600,449,572.38
9601,449,624.305
9602,449,279.855
9603,449,625.448
9604,449,504.273
9605,449,1.33
9736,449,50.271
9738,449,286.819
9739,449,530.306
9873,449,45.445
9874,449,35.321
8664,450,109.954
8665,450,96.134
8666,450,18.945
8799,450,218.675
8800,450,705.824
8801,450,556.763
8802,450,421.612
8803,450,3.047
8934,450,2.258
8935,450,135.939
8936,450,635.86
8937,450,432.199
8938,450,13.324
9071,450,55.447
9072,450,36.049
8933,451,59.104
8934,451,2.593
9068,451,498.694
9069,451,184.83
9202,451,234.007
9203,451,591.864
9204,451,582.664
9205,451,225.047
9337,451,0.328
9338,451,209.887
9339,451,704.305
9340,451,518.819
9473,451,2.312
9474,451,140.299
9475,451,463.858
8128,452,265.442
8129,452,485.082
8130,452,76.116
8262,452,49.044
8263,452,586.554
8264,452,634.475
8265,452,22.95
8397,452,20.122
8398,452,352.96
8399,452,302.569
8400,452,22.959
7586,453,16.701
7587,453,79.965
7588,453,2.384
7720,453,74.366
7721,453,512.62
7722,453,658.343
7723,453,178.414
7855,453,246.818
7856,453,416.768
7857,453,18.249
8533,454,61.78
8534,454,69.042
8667,454,0.098
8668,454,597.588
8669,454,398.007
8802,454,11.137
8803,454,659.686
8804,454,595.407
8937,454,1.836
8938,454,296.714
8939,454,542.506
8940,454,50.055
9198,455,7.805
9200,455,289.224
9201,455,477.94
9202,455,165.725
9203,455,14.641
9333,455,194.157
9334,455,570.835
9335,455,704.174
9336,455,658.484
9337,455,705.171
9338,455,495.845
9339,455,1.368
9468,455,11.888
9469,455,180.159
9470,455,271.617
9471,455,82.754
9472,455,295.878
9473,455,541.2
9474,455,96.111
9607,455,5.832
9608,455,14.54
7978,456,3.83
7979,456,112.766
8112,456,0.555
8113,456,398.464
8114,456,354.689
8246,456,0.173
8247,456,439.626
8248,456,508.985
8249,456,347.37
8250,456,5.647
8382,456,85.448
8383,456,56.538
8115,457,74.581
8116,457,0.711
8117,457,7.147
8249,457,86.882
8250,457,697.799
8251,457,646.209
8252,457,550.234
8253,457,274.28
8384,457,0.09
8385,457,279.55
8386,457,516.463
8387,457,714.64
8388,457,682.918
8389,457,390.157
8390,457,168.866
8521,457,258.093
8522,457,713.402
8523,457,597.503
8524,457,252.505
8525,457,131.985
8656,457,255.714
8657,457,299.646
8658,457,90.244
9070,458,53.132
9071,458,238.825
9205,458,194.334
9206,458,704.181
9207,458,102.522
9340,458,186.867
9341,458,705.696
9342,458,235.627
9475,458,75.586
9476,458,644.778
9477,458,515.118
9478,458,56.863
9611,458,343.034
9612,458,45.432
9746,458,142.711
9747,458,0.109
7722,459,48.836
7855,459,151.574
7856,459,302.687
7857,459,322.918
7989,459,30.939
7990,459,705.624
7991,459,718.271
7992,459,622.321
7993,459,90.634
8124,459,5.581
8125,459,197.986
8126,459,356.329
8127,459,365.076
8128,459,345.649
8129,459,67.453
8389,460,0.113
8523,460,115.841
8524,460,460.915
8525,460,207.872
8526,460,11.7
8658,460,109.661
8659,460,689.763
8660,460,712.151
8661,460,679.038
8662,460,437.032
8663,460,49.889
8793,460,7.985
8794,460,627.562
8795,460,710.887
8796,460,710.887
8797,460,498.944
8929,460,209.471
8930,460,709.609
8931,460,700.224
8932,460,296.58
9064,460,49.286
9065,460,69.766
9066,460,570.225
9067,460,95.818
9200,460,89.669
9201,460,228.728
9202,460,125.774
8261,461,0.136
8262,461,47.572
8395,461,0.165
8396,461,369.392
8397,461,656.583
8398,461,275.859
8530,461,17.263
8531,461,501.567
8532,461,713.402
8533,461,394.415
8666,461,72.359
8667,461,667.75
8668,461,114.611
8802,461,213.643
8803,461,48.158
7315,462,0.035
7317,462,0.95
7450,462,262.292
7451,462,316.453
7452,462,553.657
7453,462,83.283
7585,462,7.139
7586,462,667.446
7587,462,641.816
7588,462,195.572
7720,462,14.814
7721,462,205.834
7723,462,0.262
7450,463,2.64
7451,463,0.6
7585,463,54.969
7586,463,13.248
7712,464,0.556
7713,464,37.776
7316,465,56.346
7317,465,54.777
7451,465,302.786
7452,465,76.235
6378,466,29.657
6379,466,7.397
6512,466,126.63
6513,466,583.438
6514,466,616.812
6515,466,275.429
6516,466,75.176
6646,466,27.054
6647,466,570.174
6648,466,729.497
6649,466,465.286
6650,466,327.129
6651,466,287.5
6781,466,434.921
6782,466,728.436
6783,466,690.633
6784,466,164.551
6785,466,213.552
6786,466,43.294
6914,466,6.604
6915,466,202.335
6916,466,573.948
6917,466,727.361
6918,466,727.361
6919,466,726.412
6920,466,719.846
6921,466,292.358
7048,466,1.198
7049,466,521.887
7050,466,726.272
7051,466,726.272
7052,466,726.272
7053,466,726.272
7054,466,708.419
7055,466,453.548
7056,466,55.552
7184,466,96.878
7185,466,141.14
7186,466,375.119
7187,466,703.717
7188,466,321.656
7189,466,25.783
7321,466,110.563
7322,466,276.162
7323,466,26.329
7466,467,129.689
7467,467,34.647
7601,467,389.373
7602,467,654.338
7603,467,503.13
7604,467,33.572
7736,467,354.663
7737,467,720.625
7738,467,658.56
7739,467,474.252
7871,467,294.51
7872,467,719.455
7873,467,86.433
7874,467,0.58
8006,467,70.961
8007,467,253.311
8008,467,62.064
7605,468,155.061
7606,468,39.897
7738,468,62.058
7739,468,107.232
7740,468,700.842
7741,468,678.628
7742,468,384.075
7873,468,632.979
7874,468,718.937
7875,468,719.455
7876,468,719.455
7877,468,100.602
8005,468,0.121
8006,468,378.928
8007,468,464.961
8008,468,656.257
8009,468,713.575
8010,468,712.238
8011,468,612.166
8012,468,81.554
8141,468,284.852
8142,468,705.208
8143,468,717.074
8144,468,376.398
8145,468,36.262
8146,468,115.764
8147,468,506.635
8148,468,143.967
8277,468,133.223
8278,468,295.784
8279,468,250.59
7054,469,17.784
7055,469,272.724
7056,469,610.239
7057,469,29.9
7187,469,21.453
7188,469,403.496
7189,469,699.457
7190,469,725.17
7191,469,713.806
7192,469,30.403
7323,469,534.395
7324,469,724.054
7325,469,724.054
7326,469,676.335
7327,469,49.886
7458,469,161.05
7459,469,460.248
7460,469,722.925
7461,469,722.925
7462,469,184.825
7594,469,6.585
7595,469,442.867
7596,469,548.657
7597,469,520.113
7598,469,94.729
7732,469,18.911
7733,469,5.203
6518,470,68.077
6519,470,157.675
6520,470,32.755
6649,470,264.192
6650,470,402.369
6651,470,381.495
6652,470,602.093
6653,470,712.712
6654,470,729.497
6655,470,695.776
6656,470,142.79
6783,470,37.803
6784,470,563.836
6785,470,514.858
6786,470,685.074
6787,470,728.436
6788,470,728.436
6789,470,717.977
6790,470,314.419
6919,470,1.018
6920,470,7.542
6921,470,434.953
6922,470,706.934
6923,470,539.852
6924,470,380.863
6925,470,0.649
7056,470,34.178
7057,470,15.105
7058,470,5.946
7747,471,160.035
7748,471,545.469
7749,471,198.872
7882,471,73.883
7883,471,695.037
7884,471,488.186
8017,471,228.774
8018,471,642.801
8019,471,244.221
8152,471,279.76
8153,471,544.329
8154,471,36.041
7193,472,5.028
7194,472,23.179
7195,472,34.847
7196,472,3.01
7328,472,243.753
7329,472,706.844
7330,472,658.002
7331,472,66.163
7463,472,121.086
7464,472,670.712
7465,472,722.925
7466,472,421.21
7598,472,416.636
7599,472,721.782
7600,472,721.782
7601,472,332.403
7733,472,284.248
7734,472,720.625
7735,472,720.625
7736,472,365.961
7868,472,30.3
7869,472,314.677
7870,472,675.442
7871,472,424.95
8005,472,113.629
8006,472,222.5
7070,473,165.331
7071,473,241.077
7072,473,279.39
7073,473,70.514
7204,473,30.702
7205,473,467.169
7206,473,724.111
7207,473,725.17
7208,473,412.892
7340,473,122.93
7341,473,718.613
7342,473,724.054
7343,473,572.42
7344,473,172.191
7474,473,81.368
7475,473,605.181
7476,473,722.925
7477,473,722.925
7478,473,722.925
7479,473,225.341
7609,473,27.261
7610,473,225.412
7611,473,545.732
7612,473,721.782
7613,473,721.782
7614,473,204.053
7746,473,16.117
7747,473,181.588
7748,473,175.156
7749,473,38.259
7725,474,67.45
7726,474,64.384
7727,474,160.372
7728,474,567.167
7729,474,235.4
7859,474,10.026
7860,474,593.156
7861,474,719.455
7862,474,719.455
7863,474,714.298
7864,474,103.752
7995,474,51.758
7996,474,309.223
7997,474,556.902
7998,474,718.271
7999,474,510.121
8000,474,14.531
8132,474,60.409
8133,474,416.151
8134,474,559.973
8135,474,33.643
8268,474,1.275
8269,474,1.528
6669,475,290.499
6670,475,366.209
6803,475,11.227
6804,475,581.208
6805,475,512.99
6939,475,534.647
6940,475,709.524
6941,475,182.927
6942,475,159.635
7073,475,74.349
7074,475,610.02
7075,475,726.272
7076,475,715.561
7077,475,566.2
7078,475,15.727
7208,475,312.277
7209,475,725.17
7210,475,725.17
7211,475,552.265
7212,475,46.813
7343,475,151.692
7344,475,551.809
7345,475,724.054
7346,475,421.392
7479,475,497.582
7480,475,722.925
7481,475,330.415
7482,475,0.096
7614,475,517.737
7615,475,721.782
7616,475,646.76
7617,475,0.394
7749,475,142.04
7750,475,255.227
7751,475,403.642
7749,476,341.443
7750,476,465.398
7751,476,109.647
7884,476,231.287
7885,476,719.455
7886,476,272.2
8018,476,75.418
8019,476,474.091
8020,476,718.271
8021,476,542.551
8022,476,34.77
8153,476,24.346
8154,476,473.288
8155,476,634.884
8156,476,62.648
8290,476,3.341
6927,477,263.682
6928,477,236.482
6929,477,10.021
7061,477,14.282
7062,477,672.516
7063,477,726.272
7064,477,255.034
7195,477,38.698
7196,477,420.591
7197,477,719.821
7198,477,710.33
7199,477,110.41
7331,477,95.106
7332,477,299.208
7333,477,138.8
7458,478,20.198
7459,478,204.704
7593,478,209.107
7594,478,715.202
7595,478,278.915
7596,478,173.125
7597,478,67.923
7598,478,60.072
7728,478,6.972
7729,478,485.168
7730,478,720.625
7731,478,720.625
7732,478,701.766
7733,478,431.218
7863,478,5.157
7864,478,615.752
7865,478,719.455
7866,478,719.455
7867,478,719.455
7868,478,689.178
7869,478,294.125
7870,478,15.842
7999,478,208.159
8000,478,703.728
8001,478,717.537
8002,478,718.222
8003,478,690.131
8004,478,47.208
8135,478,72.075
8136,478,25.808
8137,478,20.023
8138,478,15.211
6921,479,0.059
6922,479,20.353
6923,479,187.472
6924,479,119.291
7056,479,26.332
7057,479,681.34
7058,479,720.363
7059,479,638.31
7060,479,69.624
7191,479,11.395
7192,479,694.746
7193,479,720.111
7194,479,701.923
7195,479,328.862
7326,479,47.72
7327,479,674.182
7328,479,480.309
7329,479,17.278
7330,479,60.977
7462,479,538.046
7463,479,601.804
7464,479,52.212
7597,479,133.756
7598,479,150.334
5025,480,42.22
5026,480,274.909
5027,480,6.333
5159,480,11.045
5160,480,266.904
5161,480,736.321
5162,480,145.663
5294,480,26.287
5295,480,652.218
5296,480,682.634
5297,480,188.337
5429,480,72.394
5430,480,734.875
5431,480,608.745
5432,480,96.048
5433,480,15.912
5564,480,214.108
5565,480,737.495
5566,480,733.399
5567,480,616.04
5568,480,87.079
5699,480,242.961
5700,480,353.52
5701,480,53.921
5702,480,1.167
5834,480,75.858
5835,480,0.022
6116,481,0.651
6249,481,40.35
6250,481,265.147
6251,481,599.921
6252,481,136.952
6384,481,237.138
6385,481,731.579
6386,481,731.579
6387,481,624.716
6388,481,127.837
6519,481,274.726
6520,481,697.711
6521,481,730.545
6522,481,730.545
6523,481,399.276
6655,481,29.742
6656,481,348.576
6657,481,447.093
6658,481,49.675
6775,482,62.512
6776,482,1.517
6775,483,44.097
6776,483,147.897
6910,483,136.051
6911,483,103.705
7611,484,58.392
7744,484,7.098
7745,484,336.583
7746,484,684.489
7747,484,378.986
7878,484,20.944
7879,484,493.02
7880,484,719.455
7881,484,719.455
7882,484,645.527
7883,484,24.418
8012,484,116.743
8013,484,552.873
8014,484,718.271
8015,484,718.271
8016,484,718.271
8017,484,489.499
8147,484,4.29
8148,484,291.612
8149,484,306.496
8150,484,593.829
8151,484,717.074
8152,484,346.195
8285,484,0.027
8286,484,152.035
8287,484,83.446
6388,485,2.766
6389,485,157.434
6523,485,232.212
6524,485,608.16
6525,485,107.022
6657,485,214.868
6658,485,679.88
6659,485,729.497
6660,485,540.901
6661,485,34.607
6792,485,247.043
6793,485,707.218
6794,485,728.436
6795,485,555.434
6796,485,5.734
6928,485,421.314
6929,485,717.305
6930,485,694.989
6931,485,254.757
6932,485,90.837
7064,485,471.215
7065,485,353.094
7066,485,333.664
7067,485,364.606
7199,485,67.6
7200,485,16.522
7201,485,525.841
7202,485,543.499
7336,485,71.568
7337,485,54.336
7858,486,0.46
7859,486,147.189
7860,486,88.066
7993,486,12.321
7994,486,166.725
7995,486,590.901
7996,486,409.049
7997,486,161.308
8129,486,76.331
8130,486,370.504
8131,486,540.594
8132,486,656.726
8133,486,287.796
8264,486,81.446
8265,486,692.651
8266,486,715.864
8267,486,467.687
8268,486,19.481
8400,486,81.392
8401,486,212.897
8402,486,179.767
7048,487,16.051
7049,487,36.071
7183,487,409.2
7184,487,628.355
7185,487,584.03
7186,487,350.019
7317,487,81.651
7318,487,628.973
7319,487,724.054
7320,487,724.054
7321,487,613.524
7322,487,447.892
7323,487,163.295
7452,487,91.346
7453,487,639.615
7454,487,722.925
7455,487,722.925
7456,487,722.925
7457,487,722.925
7458,487,541.711
7459,487,57.967
7588,487,522.567
7589,487,621.224
7590,487,721.782
7591,487,721.782
7592,487,721.782
7593,487,512.649
7723,487,104.339
7724,487,42.383
7725,487,553.913
7726,487,656.241
7727,487,560.253
7728,487,146.533
6112,488,2.737
6113,488,204.941
6114,488,488.25
6115,488,511.752
6116,488,232.577
6247,488,48.435
6248,488,552.673
6249,488,692.19
6250,488,467.452
6251,488,107.615
6380,488,4.549
6381,488,480.066
6382,488,63.185
6383,488,579.804
6384,488,494.429
6515,488,140.357
6516,488,655.301
6517,488,684.945
6518,488,662.417
6519,488,298.215
6651,488,60.57
6652,488,127.404
6653,488,16.837
6655,489,4.023
6656,489,238.132
6657,489,67.463
6789,489,10.421
6790,489,414.04
6791,489,728.436
6792,489,481.467
6793,489,21.176
6924,489,227.188
6925,489,726.725
6926,489,727.361
6927,489,463.664
6928,489,69.607
7059,489,88.02
7060,489,656.595
7061,489,711.983
7062,489,53.739
7195,489,322.756
7196,489,289.38
7197,489,5.383
6238,490,14.175
6239,490,259.798
6240,490,2.832
6241,490,90.049
6242,490,192.313
6243,490,305.109
6244,490,497.891
6245,490,13.111
6373,490,315.442
6374,490,717.638
6375,490,663.853
6376,490,731.482
6377,490,731.579
6378,490,645.877
6379,490,298.294
6507,490,46.258
6508,490,688.223
6509,490,730.545
6510,490,730.545
6511,490,730.545
6512,490,603.852
6513,490,147.158
6642,490,24.954
6643,490,704.977
6644,490,729.497
6645,490,729.497
6646,490,702.391
6647,490,159.386
6778,490,374.264
6779,490,728.436
6780,490,728.436
6781,490,293.502
6913,490,69.161
6914,490,563.509
6915,490,525.026
6916,490,153.479
7049,490,8.551
6103,491,16.24
6236,491,200.887
6237,491,264.324
6238,491,652.281
6239,491,19.017
6371,491,486.053
6372,491,731.579
6373,491,416.116
6374,491,11.545
6506,491,640.725
6507,491,684.269
6508,491,42.361
6640,491,29.374
6641,491,660.774
6642,491,704.561
6643,491,24.476
6776,491,369.766
6777,491,660.623
6778,491,353.918
6912,491,1.503
6913,491,10.183
5427,492,41.038
5428,492,306.491
5429,492,48.928
5562,492,184.663
5563,492,737.495
5564,492,490.379
5697,492,270.551
5698,492,736.543
5699,492,493.285
5832,492,411.639
5833,492,735.578
5834,492,204.411
5967,492,607.203
5968,492,734.599
5969,492,241.007
6101,492,40.699
6102,492,727.782
6103,492,638.573
6104,492,58.317
6236,492,102.798
6237,492,468.275
6238,492,12.629
5566,493,4.068
5567,493,107.171
5568,493,375.401
5569,493,45.241
5570,493,25.793
5699,493,0.29
5700,493,352.372
5701,493,680.794
5702,493,735.411
5703,493,736.543
5704,493,602.864
5705,493,642.433
5706,493,438.008
5707,493,78.482
5834,493,159.738
5835,493,24.668
5836,493,335.713
5837,493,735.578
5838,493,732.379
5839,493,370.454
5840,493,283.775
5841,493,390.119
5842,493,39.876
5971,493,52.31
5972,493,98.007
5973,493,252.56
5974,493,305.585
6109,493,0.323
5700,494,30.588
5701,494,1.832
5834,494,295.598
5835,494,710.951
5836,494,399.826
5969,494,493.578
5970,494,734.599
5971,494,682.352
5972,494,636.592
5973,494,482.039
5974,494,5.578
6103,494,78.713
6104,494,675.348
6105,494,733.606
6106,494,733.606
6107,494,729.424
6108,494,465.79
6109,494,13.223
6238,494,53.575
6239,494,453.784
6240,494,729.716
6241,494,642.546
6242,494,540.287
6243,494,83.861
6374,494,2.397
6375,494,67.777
6376,494,0.102
4890,495,7.944
5023,495,3.781
5024,495,360.383
5025,495,561.395
5026,495,51.521
5158,495,357.268
5159,495,729.197
5160,495,473.396
5292,495,0.731
5293,495,613.788
5294,495,713.083
5295,495,87.139
5427,495,61.277
5428,495,431.942
5429,495,617.044
5430,495,3.558
5564,495,33.023
5838,496,3.199
5839,496,365.06
5840,496,451.803
5841,496,321.489
5842,496,1.884
5843,496,83.537
5844,496,80.071
5845,496,15.903
5974,496,423.47
5975,496,734.599
5976,496,717.615
5977,496,614.888
5978,496,725.682
5979,496,672.868
5980,496,12.582
6107,496,4.182
6108,496,267.805
6109,496,720.09
6110,496,733.606
6111,496,733.606
6112,496,730.85
6113,496,528.665
6114,496,245.356
6115,496,19.415
6243,496,343.64
6244,496,234.679
6245,496,719.488
6246,496,732.599
6247,496,684.183
6248,496,179.877
6378,496,55.994
6379,496,425.885
6380,496,727.004
6381,496,251.513
6382,496,668.321
6383,496,151.824
6514,496,113.765
6515,496,314.785
6517,496,45.673
6776,497,134.901
6777,497,67.747
6778,497,0.226
6910,497,64.835
6911,497,557.021
6912,497,725.924
6913,497,648.09
6914,497,157.187
7046,497,184.405
7047,497,628.348
7048,497,708.977
7049,497,159.762
7182,497,72.671
7183,497,164.243
7474,498,102.376
7607,498,100.866
7608,498,391.864
7609,498,669.342
7610,498,496.37
7611,498,117.6
7742,498,255.588
7743,498,720.625
7744,498,713.512
7745,498,384.042
7746,498,20.077
7877,498,618.904
7878,498,698.46
7879,498,226.45
8011,498,106.106
8012,498,519.953
8013,498,165.449
7196,499,12.128
7330,499,5.136
7331,499,562.795
7332,499,424.846
7333,499,473.178
7334,499,165.564
7335,499,26.355
7466,499,172.032
7467,499,688.218
7468,499,722.925
7469,499,670.859
7470,499,57.7
7602,499,67.503
7603,499,218.652
7604,499,652.263
7605,499,53.535
7739,499,139.136
7740,499,19.805
7065,500,373.178
7066,500,392.608
7067,500,59.128
7198,500,14.815
7199,500,547.217
7200,500,708.649
7201,500,199.31
7202,500,24.612
7203,500,162.491
7204,500,278.76
7205,500,221.845
7206,500,1.049
7333,500,112.101
7334,500,558.49
7335,500,697.661
7336,500,652.505
7337,500,653.456
7338,500,723.578
7339,500,724.054
7340,500,601.057
7341,500,5.451
7469,500,52.027
7470,500,665.263
7471,500,722.925
7472,500,722.925
7473,500,722.925
7474,500,539.113
7475,500,117.811
7604,500,35.928
7605,500,513.164
7606,500,681.817
7607,500,620.854
7608,500,329.917
7609,500,25.246
7741,500,42.065
7742,500,80.964
6932,501,258.228
6933,501,423.84
6934,501,255.991
7067,501,302.508
7068,501,726.272
7069,501,690.577
7070,501,150.801
7202,501,157.06
7203,501,562.671
7204,501,415.708
7205,501,36.211
7337,501,16.333
7338,501,0.484
4227,502,333.996
4228,502,141.955
4361,502,116.74
4362,502,663.265
4363,502,683.676
4364,502,359.031
4365,502,160.47
4366,502,82.785
4496,502,204.586
4497,502,744.61
4498,502,744.61
4499,502,744.61
4500,502,738.982
4501,502,631.359
4502,502,4.225
4631,502,138.569
4632,502,454.533
4633,502,735.272
4634,502,743.769
4635,502,739.341
4636,502,531.225
4637,502,3.398
4768,502,86.476
4769,502,254.811
4770,502,117.638
4771,502,26.326
3288,503,0.011
3422,503,322.244
3423,503,523.16
3557,503,25.994
3558,503,491.161
3559,503,228.279
3560,503,189.126
3561,503,93.948
3693,503,254.167
3694,503,749.363
3695,503,749.363
3696,503,719.328
3697,503,235.675
3698,503,180.242
3828,503,186.624
3829,503,543.474
3830,503,567.855
3831,503,252.78
3832,503,189.829
3833,503,31.488
3964,503,15.018
3965,503,146.337
4098,504,2.847
4232,504,165.941
4233,504,561.014
4234,504,249.783
4235,504,254.165
4236,504,18.601
4366,504,233.946
4367,504,744.421
4368,504,745.437
4369,504,745.437
4370,504,745.437
4371,504,371.092
4501,504,97.548
4502,504,740.385
4503,504,744.61
4504,504,744.61
4505,504,744.61
4506,504,119.092
4636,504,15.94
4637,504,388.615
4638,504,334.957
4639,504,498.581
4640,504,637.15
4774,504,103.318
4775,504,143.153
5595,505,3.231
5596,505,195.326
5597,505,11.635
5729,505,63.948
5730,505,559.44
5731,505,685.777
5732,505,428.722
5865,505,130.793
5866,505,368.358
5867,505,157.287
5185,506,129.018
5186,506,301.674
5319,506,0.206
5320,506,386.668
5321,506,662.687
5322,506,260.283
5455,506,110.703
5456,506,493.045
5457,506,77.31
5852,507,0.071
5853,507,61.252
5987,507,0.337
5988,507,129.773
6395,508,15.447
6396,508,618.109
6397,508,394.347
6530,508,416.01
6531,508,423.43
6532,508,77.923
6665,508,50.563
6666,508,7.998
5590,509,7.421
5591,509,169.519
5724,509,180.581
5725,509,445.469
5726,509,321.13
5727,509,151.312
5728,509,0.172
5858,509,45.804
5859,509,667.593
5860,509,735.578
5861,509,710.65
5862,509,597.577
5863,509,38.077
5994,509,16.432
5995,509,378.239
5996,509,212.603
5052,510,46.082
5187,510,6.03
5188,510,657.399
5322,510,216.478
5323,510,739.357
5457,510,536.067
5458,510,562.968
5459,510,103.651
5460,510,44.002
5592,510,19.421
5593,510,109.658
4767,511,41.723
4768,511,602.019
4769,511,488.104
4770,511,90.2
4902,511,302.688
4903,511,742.046
4904,511,742.046
4905,511,611.667
4906,511,428.128
4907,511,67.742
5037,511,172.624
5038,511,740.714
5039,511,741.163
5040,511,741.059
5041,511,714.282
5042,511,223.081
5172,511,35.984
5173,511,230.711
5174,511,163.102
5175,511,32.805
5176,511,29.623
5310,512,0.39
5445,512,293.968
5446,512,211.827
5447,512,1.127
5580,512,396.976
5581,512,728.826
5582,512,485.277
5583,512,112.431
5715,512,163.116
5716,512,216.376
5717,512,191.663
6121,513,49.377
6122,513,396.773
6123,513,294.7
6255,513,15.994
6256,513,575.997
6257,513,704.638
6258,513,533.749
6392,513,118.01
6393,513,58.203
5316,514,6.139
5449,514,192.259
5450,514,422.327
5451,514,374.718
5452,514,33.162
5584,514,355.022
5585,514,737.495
5586,514,737.495
5587,514,702.318
5588,514,108.828
5719,514,249.249
5720,514,695.722
5721,514,736.543
5722,514,677.728
5723,514,5.231
5855,514,244.379
5856,514,570.576
5857,514,353.854
4102,515,3.186
4103,515,10.368
4236,515,2.796
4237,515,540.403
4238,515,613.377
4239,515,552.677
4371,515,255.088
4372,515,745.437
4373,515,745.437
4374,515,745.437
4506,515,625.566
4507,515,744.61
4508,515,744.61
4509,515,694.41
4640,515,78.501
4641,515,656.247
4642,515,529.432
4643,515,740.772
4644,515,549.46
4777,515,0.322
4778,515,274.163
4779,515,305.531
6525,516,179.093
6526,516,410.423
6527,516,436.899
6528,516,383.309
6529,516,13.221
6660,516,188.66
6661,516,680.581
6662,516,729.497
6663,516,602.515
6664,516,22.137
6796,516,72.312
6797,516,314.539
6798,516,177.917
4640,517,28.075
4641,517,87.514
4642,517,214.337
4643,517,2.993
4774,517,290.148
4775,517,599.805
4776,517,742.914
4777,517,742.593
4778,517,468.755
4779,517,327.371
4909,517,310.288
4910,517,742.046
4911,517,742.046
4912,517,742.046
4913,517,742.046
4914,517,742.046
5044,517,256.948
5045,517,741.163
5046,517,741.163
5047,517,741.163
5048,517,717.185
5049,517,299.392
5050,517,85.836
5179,517,26.14
5180,517,646.697
5181,517,740.267
5182,517,590.672
5183,517,96.911
5184,517,12.942
5315,517,243.085
5316,517,253.515
5317,517,335.349
5582,518,47.855
5583,518,219.129
5584,518,205.318
5716,518,262.235
5717,518,544.932
5718,518,736.543
5719,518,455.881
5851,518,271.093
5852,518,735.503
5853,518,669.751
5854,518,415.31
5986,518,95.401
5987,518,284.666
5988,518,32.309
5989,518,20.702
6278,519,0.421
6413,519,29.454
6414,519,622.816
6548,519,2.313
6549,519,196.6
6550,519,698.46
6684,519,40.306
6685,519,510.286
6686,519,504.559
6821,519,3.31
6822,519,365.311
6957,519,1.338
6958,519,18.41
6141,520,3.0
6142,520,524.981
6277,520,228.367
6278,520,132.777
6142,521,20.342
6276,521,171.725
6277,521,503.457
6278,521,405.291
6411,521,9.848
6412,521,543.769
6413,521,702.106
6414,521,62.373
6547,521,422.531
6548,521,655.341
6549,521,388.728
6682,521,7.335
6683,521,42.064
6684,521,0.027
5992,522,1.622
5993,522,0.25
6127,522,256.986
6128,522,553.178
6129,522,69.978
6262,522,82.663
6263,522,504.003
6264,522,281.548
5459,523,46.51
5460,523,685.072
5461,523,525.279
5594,523,16.034
5595,523,406.256
5596,523,277.746
5730,523,90.206
5731,523,0.461
5031,524,58.335
5032,524,113.636
5033,524,4.537
5165,524,7.9
5166,524,571.203
5167,524,693.733
5168,524,553.323
5169,524,423.431
5299,524,50.575
5300,524,491.953
5301,524,739.104
5302,524,721.879
5303,524,454.841
5304,524,71.933
5434,524,199.762
5435,524,676.824
5436,524,399.099
5437,524,62.788
5570,524,120.203
5571,524,148.561
3418,525,2.66
3419,525,288.405
3420,525,391.412
3553,525,52.067
3554,525,717.384
3555,525,467.848
3689,525,188.581
3690,525,87.832
3420,526,2.589
3553,526,100.85
3554,526,32.63
3555,526,263.167
3556,526,50.044
3688,526,387.433
3689,526,560.814
3690,526,523.16
3691,526,118.282
3823,526,27.353
3824,526,226.605
3825,526,5.205
4757,527,3.758
4758,527,1.099
4891,527,145.727
4892,527,611.036
4893,527,445.811
4894,527,2.678
5025,527,7.202
5026,527,361.866
5027,527,734.81
5028,527,741.163
5029,527,688.557
5030,527,486.432
5031,527,53.305
5161,527,3.958
5162,527,594.559
5163,527,740.267
5164,527,740.267
5165,527,732.302
5166,527,167.294
5296,527,56.678
5297,527,551.085
5298,527,739.357
5299,527,688.722
5300,527,247.469
5301,527,0.287
5431,527,129.733
5432,527,642.308
5433,527,722.479
5434,527,538.731
5435,527,61.544
5567,527,14.325
5568,527,275.057
5569,527,692.207
5570,527,588.713
5571,527,9.847
5704,527,133.726
5705,527,54.422
4495,528,9.468
4629,528,1.792
4630,528,584.165
4631,528,359.506
4632,528,289.236
4633,528,8.468
4765,528,266.066
4766,528,741.224
4767,528,701.133
4768,528,54.449
4900,528,38.356
4901,528,400.278
4902,528,439.355
5036,528,9.902
5037,528,349.087
5038,528,0.449
5982,529,4.854
5983,529,30.956
5984,529,33.471
6116,529,371.762
6117,529,630.595
6118,529,717.781
6119,529,406.798
6251,529,25.139
6252,529,595.61
6253,529,732.599
6254,529,655.197
6255,529,13.641
6387,529,106.9
6388,529,600.913
6389,529,412.627
6523,529,99.063
6524,529,10.727
5302,530,17.418
5303,530,284.515
5304,530,470.698
5436,530,339.276
5437,530,675.704
5438,530,738.433
5439,530,707.748
5440,530,114.814
5570,530,2.77
5571,530,579.146
5572,530,737.495
5573,530,737.495
5574,530,729.995
5575,530,116.715
5705,530,39.769
5706,530,298.535
5707,530,658.038
5708,530,736.543
5709,530,734.026
5710,530,143.202
5841,530,23.93
5842,530,693.778
5843,530,598.841
5844,530,166.722
5845,530,3.943
5976,530,17.024
5977,530,119.774
5978,530,8.935
2740,531,8.233
2741,531,37.494
2875,531,465.824
2876,531,722.457
2877,531,294.082
2878,531,255.19
2879,531,93.504
3010,531,78.692
3011,531,381.577
3012,531,709.445
3013,531,752.94
3014,531,641.869
3015,531,196.708
3146,531,18.659
3147,531,77.804
3148,531,505.279
3149,531,313.171
3150,531,94.792
3546,532,249.867
3547,532,129.553
3679,532,28.27
3680,532,596.067
3681,532,731.526
3682,532,574.03
3683,532,225.183
3815,532,517.398
3816,532,747.244
3817,532,748.606
3818,532,737.965
3819,532,348.735
3950,532,0.07
3951,532,304.744
3952,532,449.622
3953,532,654.066
3954,532,152.389
4088,532,7.676
3819,533,41.475
3820,533,38.641
3953,533,16.609
3954,533,595.509
3955,533,656.385
3956,533,201.604
4088,533,229.022
4089,533,747.049
4090,533,747.049
4091,533,621.007
4092,533,56.315
4223,533,102.47
4224,533,724.666
4225,533,746.25
4226,533,746.25
4227,533,188.114
4359,533,153.217
4360,533,438.943
4361,533,628.632
4362,533,82.182
4495,533,16.653
4496,533,427.381
4631,533,230.638
3275,534,174.439
3276,534,369.6
3277,534,40.319
3408,534,48.627
3409,534,417.828
3410,534,731.928
3411,534,739.246
3412,534,40.224
3543,534,237.092
3544,534,739.528
3545,534,750.019
3546,534,438.025
3678,534,1.455
3679,534,42.503
3680,534,69.762
3681,534,17.87
3952,535,4.128
3953,535,76.844
4086,535,97.024
4087,535,222.817
4088,535,510.357
4221,535,274.694
4222,535,744.388
4223,535,643.843
4224,535,21.559
4357,535,426.86
4358,535,474.808
4359,535,584.051
4360,535,213.112
4492,535,2.854
4493,535,7.405
4494,535,178.968
4495,535,5.049
4623,536,5.855
4624,536,146.659
4625,536,59.692
4626,536,39.108
4758,536,48.402
4759,536,714.524
4760,536,721.854
4761,536,150.147
4893,536,245.761
4894,536,739.291
4895,536,742.046
4896,536,383.7
5029,536,52.683
5030,536,121.212
5031,536,87.72
4626,537,264.281
4627,537,397.764
4628,537,20.714
4761,537,592.74
4762,537,742.914
4763,537,104.62
4896,537,358.363
4897,537,681.547
4898,537,17.18
5030,537,133.52
5031,537,541.788
5032,537,610.744
5033,537,188.861
5166,537,1.806
5574,538,7.5
5575,538,342.669
5576,538,185.803
5577,538,57.221
5709,538,2.514
5710,538,593.39
5711,538,732.231
5712,538,670.53
5713,538,577.677
5714,538,276.147
5843,538,53.181
5844,538,488.721
5845,538,715.73
5846,538,735.578
5847,538,735.578
5848,538,732.328
5849,538,138.742
5979,538,61.798
5980,538,721.977
5981,538,734.599
5982,538,729.686
5983,538,703.565
5984,538,478.599
5985,538,29.771
6115,538,202.481
6116,538,128.541
6117,538,103.07
6118,538,15.904
3278,539,140.508
3279,539,60.794
3411,539,11.539
3412,539,520.579
3413,539,582.511
3414,539,673.825
3415,539,118.166
3546,539,62.233
3547,539,620.486
3548,539,750.107
3549,539,750.107
3550,539,626.109
3551,539,2.822
3682,539,175.401
3683,539,524.118
3684,539,714.363
3685,539,62.824
3818,539,10.703
3819,539,349.635
3820,539,56.77
4220,540,0.304
4221,540,168.077
4222,540,1.859
4355,540,219.213
4356,540,743.675
4357,540,308.789
4489,540,198.831
4490,540,740.694
4491,540,744.61
4492,540,317.11
4624,540,133.942
4625,540,684.006
4626,540,440.335
4627,540,97.126
4759,540,3.367
4760,540,21.131
3007,541,187.642
3008,541,526.687
3009,541,72.272
3141,541,356.688
3142,541,747.318
3143,541,524.763
3144,541,16.829
3275,541,3.886
3276,541,352.722
3277,541,711.214
3278,541,244.202
3412,541,190.052
3413,541,168.382
3420,542,0.701
3421,542,106.162
3422,542,162.624
3423,542,0.201
3555,542,19.065
3556,542,696.113
3557,542,724.164
3558,542,256.194
3691,542,346.652
3692,542,737.374
3693,542,422.708
3826,542,0.249
3827,542,484.073
3828,542,22.455
4763,543,565.434
4764,543,419.815
4765,543,60.868
4897,543,60.499
4898,543,724.868
4899,543,742.046
4900,543,703.305
4901,543,249.639
5032,543,16.747
5033,543,547.719
5034,543,739.421
5035,543,360.657
5036,543,26.676
5167,543,46.571
5168,543,187.012
5169,543,110.577
5170,543,14.494
3145,544,4.53
3146,544,49.711
3147,544,264.717
3148,544,193.325
3279,544,3.241
3280,544,487.382
3281,544,724.783
3282,544,711.316
3283,544,199.476
3414,544,59.785
3415,544,632.635
3416,544,750.836
3417,544,429.918
3550,544,23.861
3551,544,412.559
3552,544,7.493
2873,545,2.83
2874,545,195.647
2875,545,129.933
3008,545,15.827
3009,545,680.631
3010,545,674.303
3011,545,371.328
3012,545,43.427
3143,545,227.44
3144,545,735.461
3145,545,747.675
3146,545,683.843
3147,545,409.749
3148,545,2.549
3278,545,366.836
3279,545,687.431
3280,545,264.218
3281,545,26.844
3282,545,32.139
3414,545,17.312
4901,546,92.058
5034,546,1.711
5035,546,380.466
5036,546,704.656
5037,546,219.459
5169,546,206.225
5170,546,725.814
5171,546,740.267
5172,546,704.338
5173,546,509.556
5174,546,287.334
5304,546,92.406
5305,546,498.295
5306,546,732.47
5307,546,739.357
5308,546,739.357
5309,546,436.327
5441,546,103.256
5442,546,390.781
5443,546,131.345
5444,546,7.255
3814,547,119.655
3815,547,210.793
3816,547,1.344
3948,547,3.175
3949,547,479.246
3950,547,747.77
3951,547,443.108
3952,547,294.066
3953,547,0.249
4083,547,537.466
4084,547,747.049
4085,547,747.049
4086,547,650.001
4087,547,524.251
4218,547,244.364
4219,547,637.926
4220,547,745.938
4221,547,303.504
4354,547,482.43
4355,547,526.17
4356,547,1.762
4489,547,23.383
4490,547,3.979
3417,548,252.497
3418,548,21.545
3550,548,100.109
3551,548,334.726
3552,548,676.799
3553,548,28.865
3684,548,35.001
3685,548,686.589
3686,548,749.363
3687,548,739.795
3688,548,285.694
3819,548,8.697
3820,548,653.141
3821,548,748.606
3822,548,748.606
3823,548,715.611
3824,548,9.582
3955,548,91.517
3956,548,546.165
3957,548,565.988
3958,548,657.748
3959,548,157.939
4091,548,126.108
4092,548,366.584
4093,548,349.681
4094,548,64.053
4227,548,145.908
4228,548,545.538
4229,548,186.269
3543,549,13.977
3544,549,10.515
3545,549,0.013
3678,549,433.315
3679,549,678.655
3680,549,83.601
3813,549,567.057
3814,549,628.887
3815,549,20.414
3947,549,9.081
3948,549,705.568
3949,549,268.653
4082,549,25.61
4083,549,136.886
4082,550,261.675
4083,550,72.696
4217,550,552.317
4218,550,501.906
4219,550,108.269
4351,550,101.202
4352,550,729.093
4353,550,745.434
4354,550,263.001
4486,550,527.06
4487,550,744.61
4488,550,744.61
4489,550,522.413
4620,550,14.157
4621,550,420.443
4622,550,743.769
4623,550,737.884
4624,550,463.199
4756,550,219.039
4757,550,739.131
4758,550,693.396
4759,550,25.037
4891,550,171.089
4892,550,131.035
4893,550,50.521
4755,551,95.788
4889,551,270.47
4890,551,677.689
4891,551,273.314
5024,551,242.682
5025,551,130.39
5026,551,52.924
4620,552,324.028
4621,552,323.265
4754,552,6.668
4755,552,518.846
4756,552,523.885
4889,552,48.631
4890,552,56.407
4891,552,151.899
1390,554,5.341
1524,554,6.255
1525,554,579.526
1526,554,80.114
1659,554,171.625
1660,554,287.538
1794,554,259.986
1795,554,23.866
1929,554,6.022
1794,555,21.841
1795,555,121.935
1796,555,1.915
1929,555,457.032
1930,555,757.934
1931,555,394.749
1932,555,1.639
2064,555,188.931
2065,555,487.899
2066,555,453.469
2067,555,172.655
1528,556,85.483
1662,556,448.535
1663,556,529.021
1664,556,20.703
1796,556,214.713
1797,556,720.193
1798,556,269.666
1931,556,363.198
1932,556,756.282
1933,556,343.925
2067,556,238.008
2068,556,367.459
2870,557,5.138
2871,557,361.328
2872,557,212.407
2873,557,18.048
3005,557,385.665
3006,557,752.94
3007,557,565.278
3008,557,48.786
3140,557,262.11
3141,557,350.413
3142,557,4.956
3005,558,14.677
3139,558,85.116
3140,558,480.367
3141,558,45.112
3274,558,442.347
3275,558,573.166
3276,558,29.27
3408,558,1.802
3409,558,302.015
3410,558,18.969
1255,559,6.002
1256,559,183.93
1257,559,207.875
1258,559,133.492
1390,559,320.391
1391,559,684.654
1392,559,740.477
1393,559,168.603
1525,559,9.428
1526,559,1.866
1527,559,27.255
1660,560,399.793
1661,560,495.936
1662,560,113.976
1794,560,3.139
1795,560,612.717
1796,560,541.855
1797,560,38.353
2467,561,0.035
2602,561,296.078
2603,561,313.713
2736,561,54.837
2737,561,675.05
2738,561,497.81
2739,561,8.037
2871,561,67.727
2872,561,409.475
2873,561,25.669
2333,562,305.826
2467,562,49.314
2468,562,747.362
2469,562,564.495
2470,562,6.726
2602,562,17.467
2603,562,441.18
2604,562,754.919
2605,562,305.722
2738,562,10.326
2739,562,299.018
2740,562,52.556
2066,563,44.682
2200,563,393.583
2201,563,618.293
2333,563,124.52
2334,563,385.104
2335,563,640.068
2336,563,723.229
2337,563,29.824
2468,563,0.821
2469,563,191.055
2470,563,748.792
2471,563,276.057
2605,563,204.244
2606,563,102.473
1391,564,75.425
1392,564,19.527
1393,564,51.32
1525,564,56.969
1526,564,677.61
1527,564,732.408
1528,564,399.495
1660,564,71.758
1661,564,263.107
1662,564,196.48
1663,564,106.818
987,565,76.01
988,565,24.597
1121,565,51.783
1122,565,655.271
1123,565,321.257
1256,565,358.532
1257,565,552.723
1258,565,152.906
2063,566,10.074
2064,566,509.386
2065,566,269.46
2066,566,222.378
2067,566,2.379
2198,566,240.358
2199,566,756.77
2200,566,363.142
2201,566,3.024
2333,566,157.59
2334,566,371.063
2335,566,116.144
2738,567,246.14
2739,567,255.899
2740,567,1.815
2872,567,131.731
2873,567,707.046
2874,567,557.966
2875,567,68.784
3008,567,161.683
3700,568,122.747
2066,569,36.77
2067,569,316.583
2201,569,135.461
2202,569,614.254
2203,569,22.618
2336,569,32.94
2337,569,726.343
2338,569,211.099
2471,569,479.474
2472,569,755.55
2473,569,211.27
2606,569,312.654
2607,569,739.657
2608,569,97.113
2742,569,28.101
2743,569,0.156
2616,570,0.71
2617,570,310.786
2618,570,97.402
2750,570,469.586
2751,570,666.493
2752,570,748.333
2753,570,467.477
2885,570,1.466
2886,570,46.301
2887,570,517.258
2888,570,365.625
3023,570,10.295
2882,571,28.209
2883,571,128.477
2884,571,0.311
3015,571,401.065
3016,571,615.981
3017,571,552.162
3018,571,752.118
3019,571,242.368
3150,571,131.366
3151,571,711.821
3152,571,533.048
3153,571,161.499
3154,571,10.466
3286,571,219.242
3287,571,7.97
1933,572,1.243
1935,572,148.951
1936,572,36.331
1937,572,52.964
2068,572,193.092
2069,572,630.546
2070,572,679.534
2071,572,660.862
2072,572,532.268
2203,572,51.81
2204,572,722.702
2205,572,756.77
2206,572,756.77
2207,572,277.187
2339,572,53.098
2340,572,132.684
2341,572,286.275
2342,572,78.026
2474,573,17.539
2475,573,145.624
2476,573,30.276
2607,573,1.219
2608,573,172.339
2609,573,508.398
2610,573,601.58
2611,573,3.932
2741,573,28.495
2742,573,553.155
2743,573,754.123
2744,573,692.754
2745,573,277.012
2876,573,31.184
2877,573,459.532
2878,573,498.424
2879,573,229.796
2880,573,104.014
3293,574,109.903
3427,574,30.315
3428,574,602.583
3429,574,232.609
3562,574,22.95
3563,574,303.614
3564,574,339.115
987,575,8.491
988,575,564.846
989,575,534.245
1123,575,339.652
1124,575,157.79
2207,576,96.721
2340,576,151.01
2341,576,466.5
2342,576,566.482
2343,576,406.486
2475,576,220.93
2476,576,591.403
2477,576,311.319
2478,576,92.53
3149,577,195.943
3150,577,526.162
3151,577,40.375
3152,577,219.188
3153,577,560.272
3154,577,38.812
3284,577,61.333
3285,577,747.069
3286,577,532.366
3287,577,743.599
3288,577,185.187
3419,577,13.615
3420,577,356.096
3421,577,644.628
3422,577,265.917
3423,577,0.781
3556,577,3.939
1664,578,18.486
1799,578,103.609
1800,578,623.214
1801,578,616.364
1802,578,53.728
1935,578,421.995
1936,578,721.544
1937,578,659.255
1938,578,156.083
2071,578,96.557
2072,578,173.4
2073,578,62.661
2213,579,573.465
2348,579,506.776
2483,579,69.013
2476,580,133.863
2477,580,183.064
2610,580,153.271
2611,580,750.994
2612,580,750.67
2613,580,153.293
2745,580,163.622
2746,580,373.783
2747,580,552.828
2748,580,203.545
2479,581,72.106
2480,581,86.634
2614,581,538.799
2615,581,681.763
2616,581,19.728
2749,581,214.575
2750,581,137.282
2751,581,5.254
1940,582,447.439
2073,582,194.578
2074,582,590.703
2075,582,742.445
2076,582,82.355
2208,582,339.228
2209,582,756.77
2210,582,756.192
2211,582,91.411
2343,582,69.961
2344,582,184.359
2345,582,144.578
2346,582,0.873
1532,583,221.74
1533,583,735.753
1534,583,489.661
1536,583,96.993
1667,583,155.553
1668,583,641.56
1669,583,643.87
1670,583,147.072
1803,583,1.143
1804,583,183.915
1939,583,0.157
1940,583,82.326
2613,584,43.966
2614,584,10.989
2744,584,61.439
2745,584,313.636
2746,584,380.49
2747,584,201.446
2748,584,538.266
2749,584,460.444
2879,584,430.331
2880,584,649.668
2881,584,753.614
2882,584,725.393
2883,584,625.091
2884,584,204.383
3014,584,111.135
3015,584,155.101
3016,584,136.959
3017,584,200.79
3018,584,0.868
1668,585,95.285
1669,585,115.11
1801,585,0.078
1802,585,391.901
1803,585,751.165
1804,585,574.643
1937,585,45.721
1938,585,601.793
1939,585,757.778
1940,585,227.348
2073,585,475.636
2074,585,166.656
2075,585,11.299
2208,585,19.793
2075,586,3.686
2076,586,454.879
2210,586,0.556
2211,586,651.663
2212,586,198.422
2344,586,27.699
2345,586,600.825
2346,586,609.101
2347,586,3.616
2480,586,59.442
2481,586,273.013
2482,586,395.825
2617,586,58.822
2605,587,244.916
2606,587,339.86
2607,587,12.778
2739,587,191.319
2740,587,691.68
2741,587,688.257
2742,587,173.101
2875,587,89.076
1663,588,92.209
1664,588,109.092
1798,588,488.807
1799,588,599.083
1800,588,0.588
1933,588,412.749
1934,588,757.934
1935,588,186.959
2068,588,15.123
2069,588,126.813
2070,588,77.866
3561,589,47.348
3562,589,30.223
3563,589,198.285
3564,589,304.618
3696,589,8.673
3697,589,459.258
3698,589,391.296
3699,589,724.486
3700,589,492.226
3834,589,255.234
3835,589,293.431
2211,590,13.685
2212,590,558.422
2213,590,141.144
2346,590,146.16
2347,590,752.477
2348,590,162.47
2481,590,51.869
2482,590,158.181
2483,590,138.233
2072,591,51.705
2073,591,24.46
2207,591,382.851
2208,591,397.766
2342,591,111.736
2343,591,279.729
2344,591,544.109
2345,591,10.735
2477,591,261.14
2478,591,663.077
2479,591,683.392
2480,591,301.689
2612,591,4.276
2613,591,557.579
2614,591,205.134
2748,591,12.543
2749,591,0.898
989,592,214.255
990,592,528.857
1123,592,100.144
1124,592,603.363
1125,592,606.2
1258,592,472.398
1259,592,574.045
1260,592,603.508
1393,592,2.812
1394,592,36.336
1395,592,100.156
3019,593,238.277
3020,593,252.237
3021,593,123.376
3154,593,591.823
3155,593,752.253
3156,593,347.841
3157,593,26.992
3158,593,9.911
3289,593,230.523
3290,593,751.552
3291,593,635.036
3292,593,713.097
3293,593,264.506
3424,593,2.537
3425,593,237.659
3426,593,393.927
3427,593,480.616
3428,593,146.687
990,594,8.19
1125,594,154.857
1126,594,697.84
1260,594,157.087
1261,594,760.598
1395,594,478.556
1396,594,760.094
1530,594,243.349
1531,594,483.704
1532,594,383.866
3423,595,6.172
3424,595,107.147
3425,595,501.949
3426,595,99.667
3558,595,2.754
3559,595,518.868
3560,595,549.883
3561,595,299.731
3696,595,21.445
2887,596,48.21
2888,596,40.009
3021,596,366.34
3022,596,727.829
3023,596,478.011
3156,596,404.409
3157,596,725.194
3158,596,584.342
3291,596,116.583
3292,596,38.522
1529,597,78.671
1530,597,325.228
1531,597,275.871
1532,597,153.927
1663,597,14.981
1664,597,594.886
1665,597,759.042
1666,597,759.042
1667,597,603.568
1668,597,22.127
1799,597,55.88
1800,597,134.684
1801,597,142.053
1802,597,312.782
1803,597,6.259
2348,598,16.55
2483,598,142.221
2871,599,8.97
2887,600,3.266
2888,600,87.591
3022,600,5.708
3023,600,201.992
5598,601,37.813
11517,604,332.498
11518,604,158.922
11652,604,495.475
11653,604,125.998
11786,604,6.27
11787,604,357.15
11788,604,38.741
12860,605,49.109
12861,605,509.733
12862,605,86.912
12995,605,142.054
12996,605,539.518
12997,605,96.98
8714,606,13.184
8849,606,262.352
8850,606,96.862
8851,606,92.261
8984,606,382.028
8985,606,705.829
8986,606,633.075
8987,606,9.834
9119,606,90.689
9120,606,291.383
9121,606,58.343
9255,607,80.502
9256,607,243.547
9257,607,412.881
9258,607,1.994
9390,607,117.787
9391,607,448.217
9392,607,44.547
9526,607,33.2
9527,607,10.965
12867,608,3.687
13001,608,281.717
13002,608,104.369
13135,608,162.686
13136,608,459.054
13137,608,4.051
13270,608,3.988
13271,608,73.298
13262,609,23.569
13263,609,19.403
13397,609,252.294
13398,609,647.846
13399,609,473.723
13400,609,18.395
13532,609,20.089
13533,609,441.969
13534,609,386.276
13535,609,131.507
2480,610,307.787
2481,610,430.734
2482,610,32.428
2615,610,73.206
2616,610,734.401
2617,610,297.873
2751,610,52.946
2752,610,5.957
10062,611,42.406
10063,611,128.958
10197,611,153.447
10198,611,313.01
10895,612,7.14
10896,612,387.509
10897,612,480.312
10898,612,0.67
11030,612,46.421
11031,612,600.084
11032,612,419.008
11033,612,69.05
11165,612,6.891
11166,612,20.251
10233,613,244.704
10234,613,67.042
10367,613,19.449
10368,613,606.541
10369,613,502.846
10370,613,31.786
10503,613,89.475
10504,613,154.362
10505,613,7.602
10507,614,12.678
10508,614,308.814
10509,614,350.702
10642,614,26.689
10643,614,358.873
10644,614,65.796
10778,615,0.232
10779,615,0.246
10913,615,374.708
10914,615,53.357
11048,615,138.63
10897,616,0.475
10898,616,236.135
10899,616,183.427
10900,616,115.721
11033,616,390.736
11034,616,486.892
11035,616,198.613
10901,617,131.112
10902,617,180.989
10903,617,50.388
10904,617,2.417
11036,617,365.423
11037,617,652.113
11038,617,573.554
11039,617,6.074
11171,617,12.622
11172,617,32.746
11173,617,60.244
10630,618,33.684
10631,618,138.688
10632,618,261.396
10633,618,31.5
10765,618,22.096
10766,618,213.894
10767,618,240.541
10768,618,18.947
11518,619,12.424
11519,619,9.242
11652,619,0.259
11653,619,555.313
11654,619,347.105
11788,619,284.817
11789,619,150.551
14347,620,0.719
14348,620,21.961
14349,620,68.844
14481,620,61.103
14482,620,454.021
14483,620,638.538
14484,620,616.053
14485,620,481.325
14486,620,219.356
14616,620,327.834
14617,620,644.146
14618,620,644.146
14619,620,574.281
14620,620,325.217
14621,620,8.32
14751,620,378.874
14752,620,642.315
14753,620,642.315
14754,620,246.144
14886,620,442.155
14887,620,466.841
14888,620,180.492
14889,620,0.837
15021,620,43.392
15022,620,47.266
14345,621,49.543
14479,621,259.136
14480,621,599.363
14481,621,17.184
14614,621,131.189
14615,621,232.758
14616,621,0.034
14612,622,116.431
14613,622,334.805
14614,622,319.87
14615,622,26.992
14747,622,60.476
14748,622,124.393
14749,622,280.734
14750,622,2.015
15017,623,168.98
15018,623,187.773
15019,623,2.916
15020,623,26.06
15152,623,275.79
15153,623,636.746
15154,623,521.858
15155,623,533.706
15286,623,4.404
15287,623,251.308
15288,623,585.693
15289,623,530.944
15290,623,252.108
15422,623,24.705
15423,623,17.544
15424,623,23.537
15425,623,1.566
14073,624,0.158
14074,624,353.316
14075,624,286.56
14209,624,199.774
14210,624,88.628
14747,625,20.227
14748,625,313.405
14749,625,172.306
14883,626,3.258
14884,626,111.112
14885,626,5.112
15018,626,323.559
15019,626,605.823
15020,626,368.244
15021,626,83.344
15154,626,114.921
15155,626,5.181
15156,626,0.343
14342,627,26.37
14343,627,246.916
14344,627,233.559
14477,627,38.116
14478,627,559.959
14479,627,354.773
14612,627,3.622
14613,627,277.391
14614,627,193.133
11461,628,1.234
11462,628,2.416
11596,628,459.111
11597,628,490.037
11729,628,92.564
11730,628,415.43
11731,628,680.36
11732,628,681.275
11733,628,609.337
11864,628,77.562
11865,628,644.484
11866,628,667.09
11867,628,577.031
11868,628,373.463
12000,628,113.7
12001,628,85.323
12002,628,0.422
9213,629,96.915
9214,629,6.588
9347,629,236.489
9348,629,678.095
9349,629,125.748
9481,629,252.528
9482,629,650.358
9483,629,704.365
9484,629,171.915
9616,629,104.376
9617,629,474.533
9618,629,556.537
9619,629,26.167
9752,629,114.542
9753,629,240.007
3690,630,138.405
3691,630,284.483
3692,630,10.565
3823,630,5.659
3824,630,512.419
3825,630,743.434
3826,630,748.358
3827,630,185.933
3958,630,1.549
3959,630,243.587
3960,630,566.707
3961,630,673.078
3962,630,19.214
4095,630,39.807
4096,630,70.473
3148,631,51.056
3149,631,243.131
3282,631,8.143
3283,631,552.12
3284,631,690.202
3285,631,4.482
3417,631,68.406
3418,631,726.595
3419,631,448.793
3552,631,65.788
3553,631,568.29
3554,631,0.109
3687,631,9.614
3688,631,76.276
11389,633,22.562
11390,633,127.724
11391,633,36.846
11523,633,160.654
11524,633,570.66
11525,633,614.082
11526,633,73.142
11658,633,91.035
11659,633,250.216
11660,633,12.039
2067,634,27.712
2068,634,181.717
2202,634,142.551
2203,634,682.348
2204,634,33.984
2338,634,545.044
2339,634,703.153
2340,634,472.404
2341,634,3.392
2473,634,544.28
2474,634,737.939
2475,634,389.057
2607,634,1.181
2608,634,485.53
2609,634,246.593
2610,634,0.012
5304,635,104.333
5305,635,241.062
5306,635,6.849
5439,635,30.736
5440,635,623.591
5441,635,635.215
5442,635,347.652
5443,635,489.511
5444,635,72.644
5575,635,278.09
5576,635,551.668
5577,635,680.203
5578,635,737.495
5579,635,232.939
5711,635,4.337
5712,635,66.084
5713,635,158.867
5714,635,13.123
6402,636,269.299
6403,636,433.252
6535,636,11.265
6536,636,83.914
6537,636,627.065
6538,636,478.573
6539,636,54.805
6670,636,197.454
6671,636,728.108
6672,636,729.497
6673,636,729.497
6674,636,179.828
6805,636,215.446
6806,636,728.436
6807,636,728.436
6808,636,728.436
6809,636,256.518
6940,636,17.874
6941,636,544.374
6942,636,562.81
6943,636,431.76
6944,636,465.17
6945,636,62.223
7076,636,10.771
6942,637,4.884
6943,637,295.601
6944,637,193.453
6945,637,9.997
7077,637,160.072
7078,637,710.545
7079,637,725.497
7080,637,228.54
7212,637,468.321
7213,637,497.399
7214,637,413.324
7215,637,109.352
7347,637,54.93
7348,637,28.676
9378,638,116.191
9379,638,189.16
9380,638,11.693
9512,638,249.036
9513,638,586.535
9514,638,704.365
9515,638,328.952
9647,638,362.83
9648,638,696.204
9649,638,703.02
9650,638,347.165
9783,638,256.118
9784,638,687.29
9785,638,348.941
9919,638,113.442
9920,638,65.126
8400,639,9.048
8401,639,467.873
8402,639,135.542
8535,639,99.592
8536,639,667.901
8537,639,559.865
8538,639,21.123
8670,639,70.725
8671,639,519.091
8672,639,552.321
8673,639,215.13
8806,639,18.047
8807,639,0.603
10591,640,144.646
10592,640,115.964
10724,640,13.049
10725,640,393.281
10726,640,653.895
10727,640,163.538
10859,640,15.53
10860,640,545.643
10861,640,358.422
10862,640,0.877
10995,640,16.937
10996,640,3.904
7722,641,13.375
7723,641,81.47
7857,641,378.292
7858,641,569.526
7859,641,206.216
7860,641,12.812
7992,641,96.018
7993,641,615.252
7994,641,551.547
7995,641,75.63
8128,641,4.813
8129,641,88.152
8130,641,270.504
8131,641,176.48
6133,642,113.517
6134,642,145.383
6135,642,17.874
6268,642,435.581
6269,642,732.599
6270,642,291.777
6403,642,269.716
6404,642,731.579
6405,642,532.443
6406,642,49.559
6538,642,252.014
6539,642,333.96
6540,642,594.783
6541,642,614.453
6542,642,59.456
6675,642,94.834
6676,642,268.078
6677,642,115.153
6944,643,3.519
6945,643,301.087
6946,643,52.519
7079,643,0.784
7080,643,497.739
7081,643,606.482
7082,643,192.775
7214,643,1.19
7215,643,606.455
7216,643,725.17
7217,643,444.9
7349,643,82.877
7350,643,695.657
7351,643,685.015
7352,643,7.711
7485,643,107.962
7486,643,66.042
8027,644,0.016
8028,644,132.634
8029,644,176.848
8030,644,35.009
8161,644,52.865
8162,644,415.545
8163,644,683.032
8164,644,716.018
8165,644,152.297
8296,644,279.604
8297,644,613.215
8298,644,398.44
8299,644,290.384
8300,644,16.668
8432,644,2.231
7218,645,16.517
7219,645,43.092
7220,645,52.169
7352,645,78.084
7353,645,495.095
7354,645,414.973
7355,645,130.649
7487,645,33.594
7488,645,682.491
7489,645,107.368
7622,645,237.64
7623,645,692.209
7624,645,64.765
7757,645,508.704
7758,645,653.949
7759,645,0.042
7891,645,0.563
7892,645,461.413
7893,645,171.118
7618,646,326.34
7619,646,446.325
7620,646,80.702
7752,646,66.079
7753,646,602.07
7754,646,720.625
7755,646,332.642
7888,646,234.382
7889,646,493.731
7890,646,66.174
8297,647,48.403
8430,647,158.71
8431,647,525.028
8432,647,263.413
8565,647,254.368
8566,647,558.636
8567,647,53.188
8700,647,243.523
8701,647,592.016
8702,647,61.091
8836,647,18.534
8839,648,32.894
8840,648,91.511
8974,648,122.209
8975,648,603.212
8976,648,76.576
8977,648,5.537
9109,648,6.824
9110,648,485.506
9111,648,703.652
9112,648,180.426
9244,648,51.923
9245,648,668.219
9246,648,707.013
9247,648,421.192
9379,648,142.92
9380,648,612.568
9381,648,410.826
9382,648,78.951
9515,648,25.089
9112,649,303.961
9113,649,406.869
9114,649,409.397
9115,649,400.382
9247,649,285.839
9248,649,707.013
9249,649,670.677
9250,649,327.503
9380,649,81.368
9381,649,291.858
9382,649,626.795
9383,649,695.898
9384,649,257.094
9385,649,3.51
9515,649,116.811
9516,649,20.836
9517,649,352.208
9518,649,335.871
8025,650,39.951
8159,650,242.784
8160,650,566.404
8161,650,66.238
8294,650,313.662
8295,650,680.96
8296,650,193.004
8430,650,135.154
12720,651,344.91
12721,651,444.219
12722,651,71.643
12855,651,468.147
12856,651,536.151
12857,651,1.058
12990,651,309.792
12991,651,593.641
12992,651,7.043
13126,651,99.157
9415,652,76.137
9416,652,238.489
9550,652,267.023
9551,652,389.969
9686,652,57.809
9144,653,75.353
9145,653,11.781
9279,653,421.904
9280,653,59.818
9414,653,271.734
9415,653,218.563
9145,654,2.12
9146,654,139.83
9280,654,578.372
9281,654,500.325
9415,654,160.719
9416,654,187.689
9552,655,109.115
9553,655,29.809
9687,655,486.08
9688,655,73.695
9822,655,6.817
10490,656,20.967
10491,656,361.893
10492,656,234.695
10493,656,169.85
10626,656,217.602
10627,656,172.015
10628,656,71.943
10093,657,90.157
10094,657,109.237
10095,657,0.041
10228,657,473.016
10229,657,693.053
10230,657,320.974
10363,657,40.229
10364,657,167.061
10365,657,34.226
10222,658,2.23
10223,658,316.072
10224,658,503.41
10225,658,199.718
10358,658,3.276
10359,658,139.965
10360,658,93.787
11658,659,61.88
11792,659,98.993
11793,659,602.159
11794,659,61.579
11927,659,58.953
11928,659,594.378
11929,659,418.681
11930,659,74.656
12063,659,379.114
12064,659,77.781
12327,660,0.076
12328,660,184.623
12329,660,3.111
12462,660,26.622
12463,660,657.403
12464,660,228.743
12597,660,2.323
12598,660,122.593
12599,660,38.2
11924,661,1.288
11925,661,88.955
12059,661,57.014
12060,661,371.175
12061,661,501.776
12062,661,93.075
12196,661,3.75
13806,662,10.73
13807,662,0.592
13940,662,34.965
13941,662,472.859
13942,662,228.796
14076,662,0.732
14077,662,173.106
14078,662,28.075
10220,663,0.443
10353,663,47.958
10354,663,532.439
10355,663,58.498
10890,664,34.861
10891,664,350.646
10892,664,467.25
10893,664,486.066
10894,664,1.136
11025,664,117.385
11026,664,558.546
11027,664,521.335
11028,664,261.126
11029,664,0.069
6910,665,56.015
6911,665,66.642
7045,665,409.206
7046,665,541.919
7047,665,97.857
7180,665,560.334
7181,665,725.17
7182,665,652.567
7183,665,151.728
7315,665,489.872
7316,665,667.639
7317,665,586.605
7318,665,95.127
7450,665,65.266
7451,665,103.141
7452,665,1.757
11050,666,368.156
11185,666,339.801
11186,666,17.523
9217,667,22.413
9218,667,176.939
9219,667,66.924
9352,667,316.577
9353,667,705.696
9354,667,537.411
9355,667,17.584
9487,667,15.954
9488,667,334.129
9489,667,381.873
9623,667,3.98
9624,667,152.764
8265,668,0.212
8398,668,85.76
8399,668,412.07
8400,668,601.291
8401,668,33.868
8533,668,257.211
8534,668,644.291
8535,668,613.81
8536,668,45.445
8669,668,259.439
8670,668,401.807
8671,668,101.644
8937,669,209.097
8938,669,399.574
8939,669,167.032
8940,669,56.697
9072,669,17.353
9073,669,497.09
9074,669,708.145
9075,669,285.443
9208,669,6.31
9209,669,164.908
9210,669,0.228
11923,670,101.413
12058,671,34.375
8937,672,66.411
9071,672,206.731
9072,672,654.981
9073,672,211.2
9206,672,2.871
9207,672,604.429
9208,672,696.353
9209,672,34.567
9342,672,454.605
9343,672,197.567
9344,672,2.062
9477,672,19.368
9478,672,0.366
8656,673,17.982
8657,673,412.505
8658,673,512.283
8659,673,22.388
8791,673,173.492
8792,673,710.887
8793,673,702.923
8794,673,83.266
8926,673,201.707
8927,673,679.881
8928,673,709.438
8929,673,500.136
9062,673,36.838
9063,673,131.02
9064,673,86.578
8246,674,19.973
8247,674,24.434
8248,674,152.822
8249,674,16.625
8380,674,24.872
8381,674,534.263
8382,674,629.256
8383,674,612.118
8384,674,56.679
8515,674,423.909
8516,674,436.137
8517,674,628.994
8518,674,409.38
8650,674,82.04
8651,674,27.802
8652,674,12.587
8653,674,66.975
7712,675,429.637
7713,675,393.19
7845,675,117.915
7846,675,615.76
7847,675,429.196
7848,675,309.73
7849,675,73.66
7981,675,32.703
8255,676,206.308
8256,676,27.109
8390,676,479.027
8391,676,434.327
8392,676,26.628
8525,676,373.605
8526,676,673.78
8527,676,229.804
8661,676,29.206
11448,677,11.77
11583,677,206.978
11584,677,205.378
11718,677,160.158
11719,677,630.094
11720,677,99.854
11853,677,278.495
11854,677,394.35
11855,677,0.317
11457,678,52.696
11458,678,138.348
11459,678,75.97
11592,678,139.172
11593,678,550.874
11594,678,221.259
11724,679,200.63
11725,679,86.915
11858,679,313.488
11859,679,609.228
11860,679,68.677
11992,679,264.691
11993,679,584.811
11994,679,402.639
12127,679,388.969
12128,679,143.511
12262,679,26.616
6661,680,14.245
6795,680,172.971
6796,680,650.454
6797,680,413.897
6798,680,430.479
6799,680,276.094
6800,680,50.033
6930,680,32.403
6931,680,472.604
6932,680,378.253
6933,680,303.521
6934,680,448.022
6935,680,71.75
6529,681,27.607
6530,681,56.39
6663,681,126.925
6664,681,699.129
6665,681,671.855
6666,681,222.484
6798,681,120.097
6799,681,452.342
6800,681,491.121
6801,681,17.189
6530,682,0.317
6531,682,304.502
6532,682,601.745
6533,682,189.625
6665,682,7.145
6666,682,415.36
6667,682,517.422
6668,682,157.756
6393,683,133.13
6394,683,388.587
6395,683,205.068
6528,683,170.928
6529,683,689.646
6530,683,212.674
6664,683,8.303
6666,684,83.659
6667,684,212.076
6668,684,438.478
6669,684,37.678
6800,684,187.272
6801,684,603.911
6802,684,728.436
6803,684,717.209
6804,684,147.284
6935,684,218.781
6936,684,42.747
6937,684,253.067
6938,684,169.884
6939,684,15.807
6256,685,86.104
6257,685,27.917
6258,685,0.501
6389,685,86.067
6390,685,420.347
6391,685,705.846
6392,685,613.613
6393,685,459.646
6524,685,111.728
6525,685,444.367
6526,685,320.122
6527,685,293.646
6528,685,176.367
6127,686,97.092
6261,686,228.626
6262,686,621.251
6263,686,209.208
6396,686,14.894
6397,686,265.366
6398,686,220.669
6397,687,71.826
6398,687,466.623
6399,687,44.678
6400,687,8.551
6532,687,50.918
6533,687,540.871
6534,687,656.764
6535,687,333.209
6668,687,133.314
6669,687,401.264
6670,687,165.835
5858,688,43.968
5859,688,31.665
5992,688,49.709
5993,688,594.345
5994,688,718.241
5995,688,215.992
6127,688,2.985
6128,688,180.444
6129,688,663.566
6130,688,355.66
6264,688,356.313
6265,688,328.859
5991,689,361.078
5992,689,294.973
6124,689,1.496
6125,689,326.159
6126,689,727.87
6127,689,376.523
6260,689,13.009
6261,689,266.669
6262,689,28.759
5861,690,12.087
5862,690,137.116
5863,690,480.556
5864,690,172.168
5995,690,140.312
5996,690,522.047
5997,690,734.599
5998,690,565.049
5999,690,156.24
6130,690,377.941
6131,690,733.606
6132,690,733.606
6133,690,263.112
6265,690,155.125
6266,690,560.355
6267,690,719.106
6268,690,297.027
6401,690,0.037
6402,690,118.14
6403,690,28.624
5984,691,138.126
5985,691,160.564
5986,691,327.587
5987,691,438.019
5988,691,5.929
6119,691,326.822
6120,691,730.219
6121,691,684.153
6122,691,336.833
6123,691,40.367
6254,691,77.418
6255,691,702.964
6256,691,70.539
6389,691,75.408
6390,691,311.233
6391,691,25.769
6123,692,221.937
6124,692,502.929
6125,692,32.328
6258,692,198.319
6259,692,732.599
6260,692,719.672
6261,692,237.249
6393,692,80.619
6394,692,342.992
6395,692,511.002
6396,692,98.607
6530,692,45.15
6531,692,2.593
5176,693,157.095
5177,693,237.874
5310,693,174.563
5311,693,672.53
5312,693,291.647
5445,693,70.444
5446,693,509.819
5447,693,111.848
5581,693,0.048
5177,694,157.073
5178,694,177.576
5179,694,218.805
5180,694,14.778
5312,694,447.725
5313,694,739.357
5314,694,728.724
5315,694,495.986
5316,694,179.548
5446,694,16.726
5447,694,625.501
5448,694,738.433
5449,694,546.13
5450,694,316.105
5451,694,9.586
5582,694,204.316
5583,694,405.936
5584,694,177.124
5040,695,0.049
5041,695,26.805
5042,695,13.888
5174,695,289.766
5175,695,707.517
5176,695,553.573
5177,695,85.216
5309,695,270.848
5310,695,557.793
5311,695,66.878
5588,696,410.209
5589,696,420.215
5722,696,58.77
5723,696,731.331
5724,696,445.446
5857,696,358.977
5858,696,645.745
5859,696,36.304
5991,696,1.954
5992,696,345.105
5993,696,140.049
5719,697,31.437
5720,697,40.768
5854,697,320.255
5855,697,491.252
5856,697,165.002
5857,697,22.753
5989,697,458.49
5990,697,734.599
5991,697,371.543
5992,697,43.176
6124,697,168.654
6125,697,375.037
6126,697,5.759
5581,698,8.615
5714,698,334.885
5715,698,358.902
5716,698,257.935
5848,698,3.25
5849,698,596.805
5850,698,735.578
5851,698,464.488
5984,698,84.407
5985,698,544.192
5986,698,311.672
6120,698,3.459
6801,699,107.326
6934,699,23.307
6935,699,436.84
6936,699,684.665
6937,699,474.295
6938,699,557.478
6939,699,176.848
7069,699,35.736
7070,699,410.085
7071,699,485.195
7072,699,446.883
7073,699,581.354
7074,699,116.312
5853,700,4.511
5987,700,11.581
5988,700,566.636
5989,700,255.42
6123,700,176.569
6124,700,60.577
11917,701,49.347
11918,701,511.417
11919,701,393.113
11920,701,35.609
12053,701,40.712
12054,701,297.402
12055,701,55.938
11023,702,2.585
11158,702,496.561
11159,702,465.11
11160,702,1.773
11293,702,68.014
11294,702,59.241
8317,703,5.628
8451,703,14.412
8452,703,364.198
8453,703,123.552
8586,703,204.156
8587,703,707.235
8588,703,166.825
8721,703,321.48
8722,703,656.624
8723,703,46.303
8855,703,55.127
8856,703,301.586
8857,703,132.644
9129,704,27.939
9262,704,27.047
9263,704,298.637
9264,704,408.96
9396,704,105.493
9397,704,588.261
9398,704,317.009
9399,704,34.616
9532,704,1.663
10906,705,53.427
10907,705,17.129
11040,705,11.912
11041,705,655.8
11042,705,559.061
11043,705,371.699
11044,705,144.027
11176,705,95.454
11177,705,202.287
11178,705,207.073
11179,705,135.26
11044,706,76.236
11045,706,117.309
11180,706,166.88
11181,706,407.634
11182,706,210.376
11317,706,35.002
10353,707,16.916
10354,707,82.461
10488,707,88.908
10489,707,221.179
10623,707,2.394
10624,707,227.431
10625,707,44.292
11183,708,147.484
11184,708,492.01
11185,708,212.333
11318,708,1.608
11319,708,103.409
11320,708,117.689
10500,709,0.749
10501,709,123.851
10502,709,179.25
10635,709,270.657
10636,709,632.92
10637,709,74.678
10770,709,108.541
10771,709,64.855
10364,710,56.051
10365,710,53.324
10498,710,394.981
10499,710,585.34
10500,710,585.728
10501,710,131.739
10633,710,377.6
10634,710,580.831
10635,710,296.03
10769,710,11.073
9694,711,23.505
9695,711,30.701
9829,711,31.774
9830,711,203.869
9829,712,0.178
9831,712,1.784
9964,712,242.446
9965,712,94.267
9966,712,100.234
10099,712,273.733
10100,712,489.954
10101,712,49.289
10234,712,91.299
10235,712,295.253
10236,712,30.393
9826,713,29.304
9827,713,13.432
9961,713,60.771
9962,713,77.189
9827,714,164.108
9828,714,170.229
9829,714,24.893
9962,714,163.951
9963,714,571.76
9964,714,113.204
9556,715,61.438
9557,715,170.599
9558,715,8.918
9691,715,320.527
9692,715,703.02
9693,715,211.72
9826,715,186.727
9827,715,521.965
9828,715,30.758
9962,715,73.097
9695,716,2.361
9696,716,411.155
9830,716,124.483
9831,716,624.644
9965,716,2.276
9966,716,2.711
9831,717,74.492
9966,717,596.356
9967,717,617.779
10101,717,85.842
10102,717,431.8
11450,718,249.563
11451,718,123.953
11585,718,528.809
11586,718,373.785
11720,718,123.003
11451,719,47.988
11452,719,91.07
11453,719,0.055
11586,719,122.189
11587,719,573.245
11588,719,374.665
11589,719,254.311
11590,719,1.919
11723,719,1.847
11724,719,346.233
6263,720,19.353
6264,720,94.802
6265,720,248.678
6266,720,172.245
6267,720,13.422
6398,720,44.324
6399,720,686.879
6400,720,722.973
6401,720,731.542
6402,720,344.15
6534,720,73.803
6535,720,386.09
6536,720,646.56
6537,720,103.542
6671,720,1.46
5309,721,32.169
5310,721,6.561
5443,721,117.576
5444,721,658.554
5445,721,374.015
5579,721,504.552
5580,721,340.511
5714,721,112.42
5715,721,214.588
10038,722,8.543
10039,722,105.81
10173,722,188.193
10174,722,614.876
10175,722,93.644
10308,722,15.604
10309,722,167.109
10310,722,128.53
11174,723,26.553
11175,723,296.119
11176,723,506.631
11177,723,384.791
11178,723,2.776
11309,723,3.923
11310,723,124.696
11311,723,325.565
11312,723,353.633
11447,723,3.842
11587,724,1.936
11588,724,176.404
11589,724,20.316
11722,724,178.244
11723,724,371.748
11724,724,18.011
11856,725,11.689
11857,725,16.176
11990,725,112.978
11991,725,560.294
11992,725,368.25
12125,725,333.623
12126,725,676.574
12127,725,190.958
12260,725,19.877
12261,725,318.714
12262,725,8.375
8880,726,5.767
8881,726,262.969
9015,726,11.644
9016,726,575.109
9150,726,5.997
9151,726,47.571
9421,727,257.38
9422,727,310.568
9556,727,325.187
9557,727,466.855
9558,727,9.752
9151,728,156.617
9152,728,159.711
9286,728,220.879
9287,728,460.601
9421,728,43.007
9422,728,170.087
2749,729,78.344
2750,729,147.356
2751,729,29.597
2884,729,548.972
2885,729,752.197
2886,729,707.375
2887,729,184.815
3019,729,272.229
3020,729,500.704
3021,729,263.16
3022,729,19.468
3158,730,157.962
3293,730,377.114
3294,730,743.017
3428,730,1.633
3429,730,518.173
3564,730,106.428
3426,731,257.188
3427,731,239.852
3561,731,309.051
3562,731,696.903
3563,731,248.141
3697,731,26.651
3698,731,72.187
3153,732,30.437
3154,732,111.161
3288,732,566.333
3289,732,521.077
3423,732,220.521
3424,732,641.139
3425,732,11.197
3559,732,2.99
3560,732,11.129
1258,733,1.793
1259,733,186.509
1393,733,537.366
1394,733,723.802
1395,733,181.394
1528,733,274.591
1529,733,680.82
1530,733,191.043
1663,733,16.051
1664,733,15.884
8701,734,55.564
8702,734,88.977
8703,734,55.099
8836,734,306.544
8837,734,710.887
8838,734,129.321
8971,734,11.298
8972,734,504.279
8973,734,132.284
2482,735,169.11
2483,735,344.6
2617,735,87.5
2618,735,568.107
2753,735,7.635
10643,736,0.445
10644,736,449.848
10779,736,353.018
12997,737,281.859
12998,737,342.021
13132,737,52.898
13133,737,5.233
4357,738,9.74
4358,738,270.63
4359,738,8.177
4360,738,93.338
4492,738,424.632
4493,738,737.205
4494,738,565.659
4495,738,713.403
4496,738,112.641
4627,738,248.944
4628,738,723.031
4629,738,741.977
4630,738,159.632
4631,738,15.124
4763,738,72.861
4764,738,323.1
4765,738,415.971
4766,738,1.69
4900,738,0.447
10898,739,155.144
10899,739,202.075
10359,740,60.736
10360,740,452.267
10361,740,115.151
10495,740,369.878
10496,740,368.278
11293,741,44.421
11294,741,302.489
11156,742,0.158
11157,742,5.925
11291,742,79.098
11292,742,232.152
6411,743,14.259
6412,743,13.242
6546,743,212.129
6547,743,307.994
6548,743,72.834
6549,743,145.272
6550,743,32.066
6681,743,93.526
6682,743,461.272
6683,743,673.138
6684,743,682.369
6685,743,9.237
6817,743,44.464
6818,743,465.597
6819,743,359.207
6953,743,4.305
6954,743,5.09
5869,744,100.989
6003,744,40.512
6004,744,419.392
6005,744,706.8
6138,744,13.398
6139,744,286.469
6140,744,701.781
6141,744,730.606
6142,744,74.344
6275,744,152.751
6276,744,338.466
6277,744,0.348
5865,745,7.669
5866,745,312.282
5867,745,177.144
5868,745,32.343
5998,745,24.782
5999,745,241.53
6000,745,515.018
6001,745,734.599
6002,745,723.136
6003,745,524.169
6004,745,30.832
6133,745,356.469
6134,745,588.223
6135,745,581.677
6136,745,721.875
6137,745,733.606
6138,745,720.208
6139,745,447.195
6140,745,31.769
6271,745,104.513
6272,745,446.951
6273,745,501.411
6274,745,732.599
6275,745,579.905
6276,745,222.398
6277,745,0.494
6408,745,78.771
6409,745,687.19
6410,745,606.562
6411,745,698.542
6412,745,174.524
6543,745,1.313
6544,745,250.371
6545,745,61.623
6546,745,28.808
5597,746,26.346
5598,746,361.315
5732,746,215.876
5733,746,508.422
5867,746,401.13
5868,746,703.186
5869,746,370.23
6002,746,11.517
6003,746,169.966
6004,746,284.372
5461,747,212.581
5462,747,587.574
5596,747,264.369
5597,747,699.433
5598,747,225.161
5731,747,50.381
5732,747,91.99
5457,748,4.394
5458,748,175.402
5459,748,588.232
5460,748,9.434
5592,748,382.833
5593,748,627.9
5594,748,721.501
5595,748,327.948
5727,748,117.731
5728,748,736.372
5729,748,672.595
5730,748,86.897
5862,748,0.217
5863,748,216.945
5864,748,563.368
5865,748,597.158
5866,748,54.939
5998,748,144.699
5999,748,336.872
6000,748,219.6
6133,748,0.514
5455,749,30.616
5456,749,189.52
5457,749,120.642
5589,749,59.776
5590,749,687.038
5591,749,567.934
5592,749,335.269
5724,749,110.522
5725,749,291.104
5726,749,415.399
5727,749,467.532
5861,749,12.848
5862,749,0.691
5049,750,441.727
5050,750,523.584
5052,750,98.419
5183,750,4.948
5184,750,613.839
5185,750,479.738
5186,750,438.548
5187,750,728.469
5188,750,38.253
5318,750,1.375
5319,750,33.659
5321,750,76.715
5322,750,262.545
5048,751,23.904
5182,751,149.538
5183,751,638.481
5184,751,113.461
5185,751,131.448
5316,751,300.093
5317,751,404.065
5318,751,737.983
5319,751,705.562
5320,751,352.69
5451,751,354.19
5452,751,705.207
5453,751,738.433
5454,751,738.433
5455,751,597.117
5456,751,55.868
5587,751,35.241
5588,751,218.439
5589,751,257.439
5590,751,43.066
3697,752,27.8
3698,752,105.633
3699,752,24.821
3830,752,139.671
3831,752,495.826
3832,752,558.84
3833,752,717.189
3834,752,493.428
3835,752,211.325
3965,752,194.032
3966,752,466.146
3967,752,654.45
3968,752,747.835
3969,752,747.835
3970,752,339.014
4100,752,9.001
4102,752,527.687
4103,752,736.612
4104,752,747.049
4237,752,82.721
4238,752,132.943
4239,752,193.574
3692,753,1.402
3693,753,72.489
3827,753,78.565
3828,753,539.593
3829,753,205.089
3830,753,40.999
3961,753,40.416
3962,753,584.99
3963,753,747.835
3964,753,732.86
3965,753,407.482
3966,753,281.689
3967,753,93.336
4097,753,56.007
4098,753,595.215
4099,753,747.049
4100,753,738.113
4101,753,747.049
4102,753,216.16
4233,753,101.243
4234,753,496.467
4235,753,492.086
4236,753,724.803
4237,753,123.191
4371,753,119.258
3957,754,181.781
3958,754,88.474
3959,754,346.309
3960,754,181.086
3961,754,34.261
3962,754,143.623
4092,754,324.138
4093,754,397.422
4094,754,682.975
4095,754,707.284
4096,754,676.657
4097,754,691.108
4098,754,148.906
4227,754,78.301
4228,754,58.735
4229,754,560.003
4230,754,746.25
4231,754,746.25
4232,754,580.293
4233,754,84.074
4363,754,61.807
4364,754,386.406
4365,754,584.946
4366,754,428.632
4367,754,1.033
4500,754,5.649
4501,754,15.748
4635,755,4.359
4636,755,196.559
4637,755,351.756
4638,755,408.812
4639,755,245.123
4770,755,535.105
4771,755,716.663
4772,755,742.914
4773,755,742.914
4774,755,349.448
4905,755,130.42
4906,755,313.918
4907,755,674.24
4908,755,742.046
4909,755,431.76
5042,755,504.216
5043,755,741.163
5044,755,484.232
5177,755,260.083
5178,755,562.691
5179,755,495.336
5180,755,78.751
5314,755,10.667
5315,755,0.326
10900,756,97.389
10901,756,242.438
11035,756,303.772
11036,756,215.523
10506,757,8.053
10640,757,91.916
10641,757,182.714
10503,758,75.135
10504,758,414.021
10505,758,209.96
10640,758,0.623
8022,759,82.939
8023,759,236.837
8024,759,12.51
8157,759,438.54
8158,759,717.074
8159,759,134.566
8292,759,251.79
8293,759,392.583
8294,759,53.521
8972,760,0.043
8973,760,393.269
8974,760,357.694
9107,760,2.891
9108,760,588.725
9109,760,165.596
9240,760,32.319
9241,760,265.276
9242,760,514.269
9243,760,523.605
9375,760,9.074
9376,760,535.871
9377,760,613.582
9378,760,434.452
9510,760,5.489
9511,760,29.628
7346,761,1.033
7481,761,352.08
7482,761,312.676
7616,761,74.974
7617,761,719.495
7618,761,253.953
7751,761,183.226
7752,761,557.561
7753,761,34.372
8300,762,167.631
8301,762,438.093
8302,762,207.695
8435,762,250.406
8436,762,485.542
8437,762,45.392
8570,762,28.674
8571,762,12.856
8032,763,14.453
8033,763,9.553
8164,763,1.048
8165,763,277.387
8166,763,430.443
8167,763,663.777
8168,763,16.113
8299,763,2.653
8300,763,248.751
8301,763,277.771
8302,763,210.973
8303,763,45.104
10504,764,24.904
10505,764,40.875
10640,764,16.314
10644,765,42.894
10779,765,86.383
11178,766,91.469
11179,766,99.298
11313,766,76.227
11314,766,52.147
11247,767,3.246
11248,767,267.271
11249,767,207.126
11382,767,370.454
11383,767,640.697
11384,767,77.472
11517,767,219.955
11518,767,379.297
10832,768,49.657
10833,768,21.326
10967,768,414.584
10968,768,286.751
11101,768,35.518
11102,768,680.627
11103,768,638.423
11104,768,496.768
11105,768,233.366
11236,768,209.704
11237,768,685.859
11238,768,684.105
11239,768,599.062
11240,768,50.223
11371,768,374.434
11372,768,684.344
11373,768,427.969
11374,768,5.321
11506,768,35.481
11507,768,159.964
11508,768,29.43
10834,769,45.367
10835,769,290.315
10836,769,416.213
10837,769,283.686
10969,769,309.718
10970,769,417.039
10971,769,500.093
10972,769,163.841
11105,769,0.052
11106,769,31.432
11514,770,8.283
11515,770,295.89
11516,770,424.47
11517,770,55.136
11650,770,287.515
11651,770,621.418
11652,770,185.531
11786,770,84.014
11787,770,44.057
10705,771,113.777
10706,771,19.689
10840,771,524.239
10841,771,525.563
10842,771,85.854
10975,771,260.211
10976,771,641.967
10977,771,196.924
11111,771,118.203
11112,771,69.321
10822,772,7.256
10823,772,118.507
10957,772,151.824
10958,772,638.709
10959,772,96.899
10960,772,111.787
10961,772,33.225
11092,772,207.539
11093,772,687.361
11094,772,653.122
11095,772,644.395
11096,772,592.492
11097,772,2.731
11226,772,42.871
11227,772,593.497
11228,772,685.859
11229,772,685.859
11230,772,685.859
11231,772,655.399
11232,772,3.585
11361,772,68.246
11362,772,531.262
11363,772,336.974
11364,772,581.353
11365,772,471.166
11366,772,115.138
11367,772,0.067
11241,773,137.342
11242,773,26.147
11376,773,116.945
11377,773,579.395
11378,773,151.507
11511,773,341.691
11512,773,662.014
11513,773,403.656
11646,773,8.494
11647,773,506.772
11648,773,238.639
10425,774,262.477
10426,774,238.775
10427,774,57.349
10559,774,70.746
10560,774,513.082
10561,774,572.476
10562,774,592.218
10563,774,79.96
10694,774,203.721
10695,774,691.789
10696,774,583.087
10697,774,249.582
10698,774,17.722
10829,774,14.661
10830,774,140.52
10831,774,123.011
10146,775,33.23
10147,775,26.196
10281,775,507.094
10282,775,560.249
10283,775,576.692
10284,775,325.565
10285,775,17.897
10415,775,23.257
10416,775,461.549
10417,775,694.676
10418,775,694.676
10419,775,694.676
10420,775,356.319
10550,775,334.046
10551,775,693.239
10552,775,693.239
10553,775,693.239
10554,775,690.459
10555,775,165.63
10685,775,56.68
10686,775,534.398
10687,775,558.84
10688,775,332.073
10689,775,408.185
10690,775,59.547
11768,776,10.595
11769,776,39.123
11772,776,4.791
11903,776,347.52
11904,776,607.908
11905,776,50.412
11906,776,251.721
11907,776,557.997
11908,776,27.671
12038,776,75.432
12039,776,540.196
12040,776,578.14
12041,776,659.293
12042,776,620.541
12043,776,48.253
12174,776,2.431
12175,776,204.635
12176,776,566.628
12177,776,674.981
12178,776,286.28
12311,776,125.684
12312,776,657.889
12313,776,556.248
12314,776,94.549
12447,776,367.864
12448,776,640.308
12449,776,139.679
12582,776,58.129
12583,776,61.69
9479,777,73.538
9480,777,406.293
9481,777,238.131
9614,777,463.369
9615,777,646.723
9616,777,556.557
9617,777,30.017
9749,777,87.114
9750,777,0.826
9751,777,10.861
10420,778,8.396
10554,778,2.78
10555,778,520.576
10556,778,480.948
10557,778,183.944
10558,778,49.921
10559,778,64.427
10687,778,26.733
10688,778,359.716
10689,778,283.604
10690,778,435.558
10691,778,292.043
10692,778,306.781
10693,778,678.083
10694,778,485.015
10822,778,149.048
10823,778,571.763
10824,778,690.326
10825,778,595.842
10826,778,423.186
10827,778,478.701
10828,778,690.326
10829,778,450.208
10958,778,50.198
10959,778,591.896
10960,778,577.008
10961,778,655.56
10962,778,668.981
10963,778,667.317
10964,778,85.863
11094,778,34.294
11095,778,43.021
11096,778,75.837
11097,778,35.34
11098,778,10.057
9739,779,1.943
9741,779,2.949
9743,779,3.479
9874,779,325.126
9875,779,581.694
9876,779,620.369
9877,779,562.274
9878,779,518.033
10009,779,36.425
10010,779,333.549
10011,779,518.424
10012,779,554.098
10013,779,248.657
10146,779,34.705
10147,779,450.15
10148,779,23.737
10282,779,17.5
10158,780,221.731
10159,780,242.159
10160,780,17.078
10292,780,119.318
10293,780,549.478
10294,780,645.615
10295,780,565.729
10296,780,23.752
10427,780,16.4
10428,780,495.891
10429,780,533.476
10430,780,273.806
10431,780,95.028
10563,780,6.931
10564,780,1.502
10428,781,0.651
10429,781,161.161
10430,781,349.852
10562,781,21.484
10563,781,550.074
10564,781,691.776
10565,781,548.591
10566,781,494.112
10567,781,76.21
10698,781,161.515
10699,781,404.237
10700,781,211.115
10701,781,190.033
10702,781,6.72
11243,782,90.289
11244,782,50.239
11378,782,390.855
11379,782,500.891
11380,782,141.863
11513,782,230.238
11514,782,621.096
11515,782,252.679
11649,782,395.845
11650,782,201.318
11784,782,25.11
11785,782,19.475
10837,783,100.001
10838,783,311.483
10839,783,41.738
10969,783,110.364
10970,783,271.81
10971,783,2.074
10972,783,76.063
10973,783,614.219
10974,783,205.977
11104,783,90.065
11105,783,453.274
11106,783,363.415
11107,783,5.788
11108,783,522.283
11109,783,340.654
11240,783,54.746
11241,783,454.611
11242,783,594.874
11243,783,410.735
11244,783,68.244
11377,783,26.481
11378,783,141.96
